Cation	Anion	Cationic family	Anionic family	T / K	σ / mN/m
dabco-6	ntf2	bicyclic	bistriflamide derivatives	313,15	35,62
dabco-6	ntf2	bicyclic	bistriflamide derivatives	318,15	35,33
dabco-6	ntf2	bicyclic	bistriflamide derivatives	323,15	35,05
dabco-6	ntf2	bicyclic	bistriflamide derivatives	328,15	34,83
dabco-6	ntf2	bicyclic	bistriflamide derivatives	333,15	34,51
dbu-10	dca	bicyclic	dicyanamides	293,15	30,65
dbu-10	dca	bicyclic	dicyanamides	303,15	30,24
dbu-10	dca	bicyclic	dicyanamides	313,15	29,12
dbu-10	dca	bicyclic	dicyanamides	323,15	28,97
dbu-10	dca	bicyclic	dicyanamides	333,15	28,13
dbu-10	dca	bicyclic	dicyanamides	343,15	27,88
dbu-10	dca	bicyclic	dicyanamides	353,15	27,41
dbu-10	scn	bicyclic	inorganics	293,15	32,94
dbu-10	scn	bicyclic	inorganics	303,15	32,68
dbu-10	scn	bicyclic	inorganics	313,15	32,41
dbu-10	scn	bicyclic	inorganics	323,15	32,14
dbu-10	scn	bicyclic	inorganics	333,15	31,87
dbu-10	scn	bicyclic	inorganics	343,15	31,59
dbu-10	scn	bicyclic	inorganics	353,15	31,32
dbu-14	dca	bicyclic	dicyanamides	293,15	30,25
dbu-14	dca	bicyclic	dicyanamides	303,15	30,08
dbu-14	dca	bicyclic	dicyanamides	313,15	29,58
dbu-14	dca	bicyclic	dicyanamides	323,15	28,87
dbu-14	dca	bicyclic	dicyanamides	333,15	28,70
dbu-14	dca	bicyclic	dicyanamides	343,15	28,19
dbu-14	dca	bicyclic	dicyanamides	353,15	28,08
dbu-2	dca	bicyclic	dicyanamides	293,15	42,90
dbu-2	dca	bicyclic	dicyanamides	303,15	42,10
dbu-2	dca	bicyclic	dicyanamides	313,15	41,55
dbu-2	dca	bicyclic	dicyanamides	323,15	41,03
dbu-2	dca	bicyclic	dicyanamides	333,15	40,21
dbu-2	dca	bicyclic	dicyanamides	343,15	39,82
dbu-2	dca	bicyclic	dicyanamides	353,15	39,11
dbu-4	dca	bicyclic	dicyanamides	293,15	40,09
dbu-4	dca	bicyclic	dicyanamides	303,15	39,46
dbu-4	dca	bicyclic	dicyanamides	313,15	39,22
dbu-4	dca	bicyclic	dicyanamides	323,15	39,16
dbu-4	dca	bicyclic	dicyanamides	333,15	38,86
dbu-4	dca	bicyclic	dicyanamides	343,15	38,56
dbu-4	dca	bicyclic	dicyanamides	353,15	38,06
dbu-6	dca	bicyclic	dicyanamides	293,15	32,57
dbu-6	dca	bicyclic	dicyanamides	303,15	32,42
dbu-6	dca	bicyclic	dicyanamides	313,15	32,26
dbu-6	dca	bicyclic	dicyanamides	323,15	32,12
dbu-6	dca	bicyclic	dicyanamides	333,15	31,99
dbu-6	dca	bicyclic	dicyanamides	343,15	31,87
dbu-6	dca	bicyclic	dicyanamides	353,15	31,61
dbu-6	scn	bicyclic	inorganics	293,15	37,98
dbu-6	scn	bicyclic	inorganics	303,15	37,37
dbu-6	scn	bicyclic	inorganics	313,15	37,20
dbu-6	scn	bicyclic	inorganics	323,15	36,82
dbu-6	scn	bicyclic	inorganics	333,15	36,03
dbu-6	scn	bicyclic	inorganics	343,15	35,94
dbu-6	scn	bicyclic	inorganics	353,15	35,59
dbu-8	dca	bicyclic	dicyanamides	293,15	31,61
dbu-8	dca	bicyclic	dicyanamides	303,15	31,15
dbu-8	dca	bicyclic	dicyanamides	313,15	30,69
dbu-8	dca	bicyclic	dicyanamides	323,15	30,25
dbu-8	dca	bicyclic	dicyanamides	333,15	29,79
dbu-8	dca	bicyclic	dicyanamides	343,15	29,39
dbu-8	dca	bicyclic	dicyanamides	353,15	29,15
dbu-8	scn	bicyclic	inorganics	293,15	31,85
dbu-8	scn	bicyclic	inorganics	303,15	31,19
dbu-8	scn	bicyclic	inorganics	313,15	30,64
dbu-8	scn	bicyclic	inorganics	323,15	29,88
dbu-8	scn	bicyclic	inorganics	333,15	29,44
dbu-8	scn	bicyclic	inorganics	343,15	29,18
dbu-8	scn	bicyclic	inorganics	353,15	28,86
dbu	ac	bicyclic	carboxylates	293,15	36,88
dbu	ac	bicyclic	carboxylates	303,15	35,94
dbu	ac	bicyclic	carboxylates	313,15	34,60
dbu	ac	bicyclic	carboxylates	323,15	33,47
dbu	ac	bicyclic	carboxylates	333,15	32,38
dbu	ac	bicyclic	carboxylates	343,15	31,46
dbu	ac	bicyclic	carboxylates	353,15	30,63
dbu	otf	bicyclic	sulfonates	293,15	30,39
dbu	otf	bicyclic	sulfonates	303,15	29,80
dbu	otf	bicyclic	sulfonates	313,15	29,27
dbu	otf	bicyclic	sulfonates	323,15	28,83
dbu	otf	bicyclic	sulfonates	333,15	28,31
dbu	otf	bicyclic	sulfonates	343,15	27,71
dbu	otf	bicyclic	sulfonates	353,15	27,15
dbu	so3-1	bicyclic	sulfonates	293,15	41,84
dbu	so3-1	bicyclic	sulfonates	303,15	41,35
dbu	so3-1	bicyclic	sulfonates	313,15	40,49
dbu	so3-1	bicyclic	sulfonates	323,15	39,58
dbu	so3-1	bicyclic	sulfonates	333,15	38,79
dbu	so3-1	bicyclic	sulfonates	343,15	38,23
dbu	so3-1	bicyclic	sulfonates	353,15	37,54
dbu	tfa	bicyclic	carboxylates	293,15	32,47
dbu	tfa	bicyclic	carboxylates	303,15	31,98
dbu	tfa	bicyclic	carboxylates	313,15	31,52
dbu	tfa	bicyclic	carboxylates	323,15	31,05
dbu	tfa	bicyclic	carboxylates	333,15	30,65
dbu	tfa	bicyclic	carboxylates	343,15	30,15
dbu	tfa	bicyclic	carboxylates	353,15	29,74
guad-(6,6),(6,6),(1,1)	cl	guanidinium	inorganics	293,15	28,95
guad-(6,6),(6,6),(1,1)	dca	guanidinium	dicyanamides	293,15	21,35
im-1,1	dca	imidazolium	dicyanamides	296,70	61,60
im-1,1	ntf2	imidazolium	bistriflamide derivatives	298,30	39,00
im-1,1	ntf2	imidazolium	bistriflamide derivatives	308,10	38,60
im-1,1	ntf2	imidazolium	bistriflamide derivatives	317,80	37,90
im-1,1	ntf2	imidazolium	bistriflamide derivatives	328,80	37,30
im-1,1	ntf2	imidazolium	bistriflamide derivatives	338,20	36,80
im-1,1	ntf2	imidazolium	bistriflamide derivatives	342,70	36,60
im-1,1	ntf2	imidazolium	bistriflamide derivatives	298,15	36,30
im-1,1	ntf2	imidazolium	bistriflamide derivatives	298,20	38,83
im-1,1	ntf2	imidazolium	bistriflamide derivatives	330,00	36,70
im-1,1	po2-o1,o1	imidazolium	phosphates	293,15	46,23
im-1,1	po2-o1,o1	imidazolium	phosphates	301,15	45,95
im-1,1	po2-o1,o1	imidazolium	phosphates	303,15	45,87
im-1,1	po2-o1,o1	imidazolium	phosphates	313,15	45,56
im-1,1	po2-o1,o1	imidazolium	phosphates	323,15	45,12
im-1,1	po2-o1,o1	imidazolium	phosphates	333,15	44,81
im-1,1	po2-o1,o1	imidazolium	phosphates	343,15	44,45
im-1,1	po2-o1,o1	imidazolium	phosphates	293,15	47,78
im-1,1	po2-o1,o1	imidazolium	phosphates	298,15	46,98
im-1,1	po2-o1,o1	imidazolium	phosphates	303,15	46,21
im-1,1	po2-o1,o1	imidazolium	phosphates	313,15	44,89
im-1,1	po2-o1,o1	imidazolium	phosphates	323,15	42,67
im-1,1	po2-o1,o1	imidazolium	phosphates	333,15	41,99
im-1,1	po2-o1,o1	imidazolium	phosphates	293,15	47,42
im-1,1	po2-o1,o1	imidazolium	phosphates	298,15	47,09
im-1,1	po2-o1,o1	imidazolium	phosphates	303,15	47,11
im-1,1	po2-o1,o1	imidazolium	phosphates	308,15	46,28
im-1,1	po2-o1,o1	imidazolium	phosphates	313,15	45,11
im-1,1	po2-o1,o1	imidazolium	phosphates	318,15	44,44
im-1,1	po2-o1,o1	imidazolium	phosphates	323,15	43,01
im-1,1	po2-o1,o1	imidazolium	phosphates	328,15	42,58
im-1,1	po2-o1,o1	imidazolium	phosphates	333,15	41,88
im-1,1	po2-o1,o1	imidazolium	phosphates	338,15	41,33
im-1,1	so3-1	imidazolium	sulfonates	298,15	56,46
im-1,1	so4-1	imidazolium	sulfates	298,15	58,50
im-1,1	so4-1	imidazolium	sulfates	303,15	58,20
im-1,1	so4-1	imidazolium	sulfates	308,15	57,90
im-1,1	so4-1	imidazolium	sulfates	313,15	57,60
im-1,1	so4-1	imidazolium	sulfates	288,15	60,90
im-1,1	so4-1	imidazolium	sulfates	293,15	60,30
im-1,1	so4-1	imidazolium	sulfates	298,15	59,80
im-1,1	so4-1	imidazolium	sulfates	303,15	59,50
im-1,1	so4-1	imidazolium	sulfates	308,15	59,10
im-1,1	so4-1	imidazolium	sulfates	313,15	58,90
im-1,1	so4-1	imidazolium	sulfates	298,15	59,42
im-1,1	so4-1	imidazolium	sulfates	313,15	58,99
im-1,1	so4-1	imidazolium	sulfates	296,70	65,10
im-1,1	so4-2	imidazolium	sulfates	296,70	58,30
im-1,1	so4-3	imidazolium	sulfates	296,70	51,90
im-1,1	so4-4	imidazolium	sulfates	296,70	41,80
im-10,1,1	ntf2	imidazolium	bistriflamide derivatives	298,15	33,30
im-10,10	ntf2	imidazolium	bistriflamide derivatives	298,30	29,60
im-10,10	ntf2	imidazolium	bistriflamide derivatives	308,20	28,90
im-10,10	ntf2	imidazolium	bistriflamide derivatives	317,70	28,20
im-10,10	ntf2	imidazolium	bistriflamide derivatives	327,90	27,60
im-10,10	ntf2	imidazolium	bistriflamide derivatives	338,20	27,10
im-10,10	ntf2	imidazolium	bistriflamide derivatives	343,40	26,70
im-10,1	bf4	imidazolium	tetrafluoroborate derivatives	293,15	23,65
im-10,1	bf4	imidazolium	tetrafluoroborate derivatives	288,03	30,17
im-10,1	bf4	imidazolium	tetrafluoroborate derivatives	293,46	29,96
im-10,1	bf4	imidazolium	tetrafluoroborate derivatives	298,28	29,80
im-10,1	bf4	imidazolium	tetrafluoroborate derivatives	303,20	29,62
im-10,1	bf4	imidazolium	tetrafluoroborate derivatives	308,07	29,48
im-10,1	bf4	imidazolium	tetrafluoroborate derivatives	313,16	29,27
im-10,1	bf4	imidazolium	tetrafluoroborate derivatives	318,14	29,09
im-10,1	bf4	imidazolium	tetrafluoroborate derivatives	322,90	28,89
im-10,1	bf4	imidazolium	tetrafluoroborate derivatives	328,39	28,66
im-10,1	bf4	imidazolium	tetrafluoroborate derivatives	333,13	28,48
im-10,1	bf4	imidazolium	tetrafluoroborate derivatives	338,26	28,28
im-10,1	bf4	imidazolium	tetrafluoroborate derivatives	343,25	28,12
im-10,1	bf4	imidazolium	tetrafluoroborate derivatives	348,56	27,89
im-10,1	bf4	imidazolium	tetrafluoroborate derivatives	353,03	27,70
im-10,1	bf4	imidazolium	tetrafluoroborate derivatives	357,72	27,55
im-10,1	bf4	imidazolium	tetrafluoroborate derivatives	363,98	27,32
im-10,1	bf4	imidazolium	tetrafluoroborate derivatives	283,21	30,74
im-10,1	bf4	imidazolium	tetrafluoroborate derivatives	287,98	30,53
im-10,1	bf4	imidazolium	tetrafluoroborate derivatives	293,33	30,27
im-10,1	bf4	imidazolium	tetrafluoroborate derivatives	298,21	30,11
im-10,1	bf4	imidazolium	tetrafluoroborate derivatives	303,14	29,86
im-10,1	bf4	imidazolium	tetrafluoroborate derivatives	308,05	29,66
im-10,1	bf4	imidazolium	tetrafluoroborate derivatives	313,12	29,45
im-10,1	bf4	imidazolium	tetrafluoroborate derivatives	318,22	29,18
im-10,1	bf4	imidazolium	tetrafluoroborate derivatives	322,91	28,87
im-10,1	bf4	imidazolium	tetrafluoroborate derivatives	328,39	28,69
im-10,1	bf4	imidazolium	tetrafluoroborate derivatives	333,20	28,44
im-10,1	bf4	imidazolium	tetrafluoroborate derivatives	338,28	28,26
im-10,1	bf4	imidazolium	tetrafluoroborate derivatives	343,17	28,02
im-10,1	bf4	imidazolium	tetrafluoroborate derivatives	348,57	27,79
im-10,1	bf4	imidazolium	tetrafluoroborate derivatives	353,07	27,52
im-10,1	bf4	imidazolium	tetrafluoroborate derivatives	357,75	27,31
im-10,1	bf4	imidazolium	tetrafluoroborate derivatives	363,98	27,11
im-10,1	br	imidazolium	inorganics	303,43	27,64
im-10,1	br	imidazolium	inorganics	323,02	26,87
im-10,1	br	imidazolium	inorganics	328,08	26,65
im-10,1	br	imidazolium	inorganics	332,76	26,45
im-10,1	br	imidazolium	inorganics	337,48	26,22
im-10,1	br	imidazolium	inorganics	343,19	25,97
im-10,1	br	imidazolium	inorganics	347,47	25,82
im-10,1	br	imidazolium	inorganics	352,93	25,57
im-10,1	br	imidazolium	inorganics	358,41	25,36
im-10,1	br	imidazolium	inorganics	361,50	25,22
im-10,1	br	imidazolium	inorganics	303,38	28,04
im-10,1	br	imidazolium	inorganics	308,15	27,97
im-10,1	br	imidazolium	inorganics	313,47	27,73
im-10,1	br	imidazolium	inorganics	318,26	27,54
im-10,1	br	imidazolium	inorganics	322,99	27,14
im-10,1	br	imidazolium	inorganics	328,01	27,01
im-10,1	br	imidazolium	inorganics	332,75	26,87
im-10,1	br	imidazolium	inorganics	338,06	26,74
im-10,1	br	imidazolium	inorganics	343,15	26,07
im-10,1	br	imidazolium	inorganics	347,35	26,14
im-10,1	br	imidazolium	inorganics	352,46	25,77
im-10,1	br	imidazolium	inorganics	358,38	25,28
im-10,1	br	imidazolium	inorganics	361,45	25,51
im-10,1	cl	imidazolium	inorganics	303,15	34,00
im-10,1	cl	imidazolium	inorganics	313,15	30,20
im-10,1	cl	imidazolium	inorganics	323,15	28,40
im-10,1	cl	imidazolium	inorganics	333,15	27,80
im-10,1	cl	imidazolium	inorganics	343,15	27,00
im-10,1	cl	imidazolium	inorganics	353,15	26,20
im-10,1	cl	imidazolium	inorganics	363,15	25,50
im-10,1	cl	imidazolium	inorganics	303,15	31,10
im-10,1	cl	imidazolium	inorganics	313,15	30,00
im-10,1	cl	imidazolium	inorganics	323,15	28,80
im-10,1	cl	imidazolium	inorganics	333,15	27,70
im-10,1	cl	imidazolium	inorganics	343,15	26,90
im-10,1	cl	imidazolium	inorganics	353,15	26,10
im-10,1	cl	imidazolium	inorganics	363,15	25,30
im-10,1	cl	imidazolium	inorganics	323,12	26,44
im-10,1	cl	imidazolium	inorganics	328,25	26,12
im-10,1	cl	imidazolium	inorganics	333,10	25,87
im-10,1	cl	imidazolium	inorganics	338,32	25,57
im-10,1	cl	imidazolium	inorganics	342,90	25,37
im-10,1	cl	imidazolium	inorganics	348,09	25,15
im-10,1	cl	imidazolium	inorganics	353,32	24,85
im-10,1	cl	imidazolium	inorganics	358,44	24,59
im-10,1	cl	imidazolium	inorganics	317,84	27,09
im-10,1	cl	imidazolium	inorganics	323,14	26,85
im-10,1	cl	imidazolium	inorganics	328,26	26,45
im-10,1	cl	imidazolium	inorganics	333,13	26,14
im-10,1	cl	imidazolium	inorganics	338,37	25,54
im-10,1	cl	imidazolium	inorganics	342,95	25,70
im-10,1	cl	imidazolium	inorganics	348,13	25,61
im-10,1	cl	imidazolium	inorganics	353,33	24,76
im-10,1	cl	imidazolium	inorganics	358,57	24,50
im-10,1	cohfac3	imidazolium	metal complexes	323,15	25,84
im-10,1	cohfac3	imidazolium	metal complexes	328,15	22,97
im-10,1	cohfac3	imidazolium	metal complexes	333,15	22,15
im-10,1	cohfac3	imidazolium	metal complexes	338,15	21,44
im-10,1	cohfac3	imidazolium	metal complexes	343,15	20,70
im-10,1	cuhfac3	imidazolium	metal complexes	323,15	25,65
im-10,1	cuhfac3	imidazolium	metal complexes	328,15	22,76
im-10,1	cuhfac3	imidazolium	metal complexes	333,15	22,01
im-10,1	cuhfac3	imidazolium	metal complexes	338,15	21,22
im-10,1	cuhfac3	imidazolium	metal complexes	343,15	20,54
im-10,1	dca	imidazolium	dicyanamides	293,15	31,15
im-10,1	nihfac3	imidazolium	metal complexes	323,15	25,98
im-10,1	nihfac3	imidazolium	metal complexes	328,15	23,21
im-10,1	nihfac3	imidazolium	metal complexes	333,15	22,32
im-10,1	nihfac3	imidazolium	metal complexes	338,15	21,65
im-10,1	nihfac3	imidazolium	metal complexes	343,15	20,92
im-10,1	ntf2	imidazolium	bistriflamide derivatives	298,20	32,20
im-10,1	ntf2	imidazolium	bistriflamide derivatives	307,80	31,40
im-10,1	ntf2	imidazolium	bistriflamide derivatives	318,10	30,70
im-10,1	ntf2	imidazolium	bistriflamide derivatives	328,20	30,10
im-10,1	ntf2	imidazolium	bistriflamide derivatives	339,30	29,50
im-10,1	ntf2	imidazolium	bistriflamide derivatives	293,15	32,12
im-10,1	ntf2	imidazolium	bistriflamide derivatives	303,15	31,34
im-10,1	ntf2	imidazolium	bistriflamide derivatives	313,15	30,70
im-10,1	ntf2	imidazolium	bistriflamide derivatives	323,15	30,10
im-10,1	ntf2	imidazolium	bistriflamide derivatives	333,15	29,50
im-10,1	ntf2	imidazolium	bistriflamide derivatives	343,15	28,68
im-10,1	ntf2	imidazolium	bistriflamide derivatives	298,15	29,50
im-10,1	ntf2	imidazolium	bistriflamide derivatives	298,20	30,85
im-10,1	ntf2	imidazolium	bistriflamide derivatives	314,10	27,70
im-10,1	ntf2	imidazolium	bistriflamide derivatives	333,00	26,70
im-10,1	ntf2	imidazolium	bistriflamide derivatives	353,20	25,40
im-10,1	ntf2	imidazolium	bistriflamide derivatives	373,40	24,50
im-10,1	ntf2	imidazolium	bistriflamide derivatives	393,30	23,50
im-10,1	ntf2	imidazolium	bistriflamide derivatives	413,50	22,40
im-10,1	ntf2	imidazolium	bistriflamide derivatives	433,30	21,50
im-10,1	ntf2	imidazolium	bistriflamide derivatives	453,20	20,40
im-10,1	ntf2	imidazolium	bistriflamide derivatives	473,30	19,30
im-10,1	ntf2	imidazolium	bistriflamide derivatives	493,10	18,50
im-10,1	ntf2	imidazolium	bistriflamide derivatives	513,80	17,50
im-10,1	ntf2	imidazolium	bistriflamide derivatives	533,20	16,90
im-10,1	ntf2	imidazolium	bistriflamide derivatives	298,15	29,80
im-10,1	ntf2	imidazolium	bistriflamide derivatives	303,15	29,20
im-10,1	ntf2	imidazolium	bistriflamide derivatives	313,15	28,30
im-10,1	ntf2	imidazolium	bistriflamide derivatives	323,15	27,50
im-10,1	ntf2	imidazolium	bistriflamide derivatives	333,15	26,90
im-10,1	ntf2	imidazolium	bistriflamide derivatives	343,15	26,30
im-10,1	ntf2	imidazolium	bistriflamide derivatives	353,15	25,70
im-10,1	ntf2	imidazolium	bistriflamide derivatives	363,15	25,20
im-10,1	otf	imidazolium	sulfonates	293,20	29,55
im-10,1	otf	imidazolium	sulfonates	298,20	29,31
im-10,1	otf	imidazolium	sulfonates	303,20	29,09
im-10,1	otf	imidazolium	sulfonates	308,20	28,87
im-10,1	otf	imidazolium	sulfonates	313,20	28,66
im-10,1	otf	imidazolium	sulfonates	318,20	28,44
im-10,1	otf	imidazolium	sulfonates	323,20	28,22
im-10,1	phen	imidazolium	alcoholates	293,15	28,15
im-10,1	phen	imidazolium	alcoholates	303,15	27,85
im-10,1	phen	imidazolium	alcoholates	313,15	27,52
im-10,1	phen	imidazolium	alcoholates	323,15	27,19
im-10,1	phen	imidazolium	alcoholates	333,15	26,86
im-10,1	phen	imidazolium	alcoholates	343,15	26,56
im-10,1	phen	imidazolium	alcoholates	353,15	26,13
im-10,1	so3-4[f]	imidazolium	sulfonates	313,20	22,05
im-10,1	so3-4[f]	imidazolium	sulfonates	323,20	21,86
im-10,1	so3-4[f]	imidazolium	sulfonates	334,00	21,60
im-10,1	so3-4[f]	imidazolium	sulfonates	343,20	21,39
im-10,1	so3-4[f]	imidazolium	sulfonates	353,30	21,04
im-10,1	tcb	imidazolium	tetrafluoroborate derivatives	283,19	35,44
im-10,1	tcb	imidazolium	tetrafluoroborate derivatives	293,24	34,74
im-10,1	tcb	imidazolium	tetrafluoroborate derivatives	303,28	33,67
im-10,1	tcb	imidazolium	tetrafluoroborate derivatives	313,26	33,07
im-10,1	tcb	imidazolium	tetrafluoroborate derivatives	323,17	32,05
im-10,1	tcb	imidazolium	tetrafluoroborate derivatives	333,17	31,37
im-10,1	tcb	imidazolium	tetrafluoroborate derivatives	343,13	30,60
im-10,1	tcb	imidazolium	tetrafluoroborate derivatives	353,24	29,98
im-10,1	tcb	imidazolium	tetrafluoroborate derivatives	294,05	34,70
im-11,1	ntf2	imidazolium	bistriflamide derivatives	298,00	32,30
im-11,1	ntf2	imidazolium	bistriflamide derivatives	308,10	31,60
im-11,1	ntf2	imidazolium	bistriflamide derivatives	318,00	31,00
im-11,1	ntf2	imidazolium	bistriflamide derivatives	328,00	30,30
im-11,1	ntf2	imidazolium	bistriflamide derivatives	338,50	29,40
im-12,12	ntf2	imidazolium	bistriflamide derivatives	327,80	27,50
im-12,12	ntf2	imidazolium	bistriflamide derivatives	338,80	27,00
im-12,12	ntf2	imidazolium	bistriflamide derivatives	343,30	26,70
im-12,1	bf4	imidazolium	tetrafluoroborate derivatives	333,17	25,79
im-12,1	bf4	imidazolium	tetrafluoroborate derivatives	338,00	25,54
im-12,1	bf4	imidazolium	tetrafluoroborate derivatives	342,73	25,40
im-12,1	bf4	imidazolium	tetrafluoroborate derivatives	347,11	25,26
im-12,1	bf4	imidazolium	tetrafluoroborate derivatives	353,61	25,03
im-12,1	bf4	imidazolium	tetrafluoroborate derivatives	359,02	24,82
im-12,1	bf4	imidazolium	tetrafluoroborate derivatives	363,47	24,64
im-12,1	bf4	imidazolium	tetrafluoroborate derivatives	327,20	25,89
im-12,1	bf4	imidazolium	tetrafluoroborate derivatives	333,20	25,61
im-12,1	bf4	imidazolium	tetrafluoroborate derivatives	338,06	25,59
im-12,1	bf4	imidazolium	tetrafluoroborate derivatives	343,23	25,40
im-12,1	bf4	imidazolium	tetrafluoroborate derivatives	347,11	25,22
im-12,1	bf4	imidazolium	tetrafluoroborate derivatives	353,66	25,11
im-12,1	bf4	imidazolium	tetrafluoroborate derivatives	359,84	24,78
im-12,1	bf4	imidazolium	tetrafluoroborate derivatives	363,69	24,63
im-12,1	bf4	imidazolium	tetrafluoroborate derivatives	336,00	25,20
im-12,1	ntf2	imidazolium	bistriflamide derivatives	298,00	32,30
im-12,1	ntf2	imidazolium	bistriflamide derivatives	308,40	31,50
im-12,1	ntf2	imidazolium	bistriflamide derivatives	318,40	31,00
im-12,1	ntf2	imidazolium	bistriflamide derivatives	328,00	30,30
im-12,1	ntf2	imidazolium	bistriflamide derivatives	338,90	29,50
im-12,1	ntf2	imidazolium	bistriflamide derivatives	298,15	29,80
im-12,1	ntf2	imidazolium	bistriflamide derivatives	333,30	26,40
im-12,1	ntf2	imidazolium	bistriflamide derivatives	353,60	25,40
im-12,1	ntf2	imidazolium	bistriflamide derivatives	373,70	24,50
im-12,1	ntf2	imidazolium	bistriflamide derivatives	393,60	23,60
im-12,1	ntf2	imidazolium	bistriflamide derivatives	413,70	22,50
im-12,1	ntf2	imidazolium	bistriflamide derivatives	433,60	21,40
im-12,1	ntf2	imidazolium	bistriflamide derivatives	453,80	20,40
im-12,1	ntf2	imidazolium	bistriflamide derivatives	473,70	19,50
im-12,1	ntf2	imidazolium	bistriflamide derivatives	493,30	18,80
im-12,1	ntf2	imidazolium	bistriflamide derivatives	512,90	17,80
im-12,1	ntf2	imidazolium	bistriflamide derivatives	532,60	16,90
im-12,1	ntf2	imidazolium	bistriflamide derivatives	298,15	28,10
im-12,1	ntf2	imidazolium	bistriflamide derivatives	303,15	27,70
im-12,1	ntf2	imidazolium	bistriflamide derivatives	313,15	26,90
im-12,1	ntf2	imidazolium	bistriflamide derivatives	323,15	25,90
im-12,1	ntf2	imidazolium	bistriflamide derivatives	333,15	24,90
im-12,1	ntf2	imidazolium	bistriflamide derivatives	343,15	24,10
im-12,1	ntf2	imidazolium	bistriflamide derivatives	353,15	23,30
im-12,1	ntf2	imidazolium	bistriflamide derivatives	363,15	22,50
im-12,1	pf6	imidazolium	hexafluorophosphate derivatives	336,00	23,60
im-12,1	so3-4[f]	imidazolium	sulfonates	313,20	23,42
im-12,1	so3-4[f]	imidazolium	sulfonates	323,50	23,16
im-12,1	so3-4[f]	imidazolium	sulfonates	333,20	22,74
im-12,1	so3-4[f]	imidazolium	sulfonates	342,90	22,27
im-12,1	so3-4[f]	imidazolium	sulfonates	353,40	21,78
im-14,1	ntf2	imidazolium	bistriflamide derivatives	328,70	30,00
im-14,1	ntf2	imidazolium	bistriflamide derivatives	338,00	29,50
im-14,1	ntf2	imidazolium	bistriflamide derivatives	343,10	29,00
im-14,1	ntf2	imidazolium	bistriflamide derivatives	312,80	26,30
im-14,1	ntf2	imidazolium	bistriflamide derivatives	333,20	23,50
im-14,1	ntf2	imidazolium	bistriflamide derivatives	353,30	23,50
im-14,1	ntf2	imidazolium	bistriflamide derivatives	373,50	22,10
im-14,1	ntf2	imidazolium	bistriflamide derivatives	393,60	21,50
im-14,1	ntf2	imidazolium	bistriflamide derivatives	413,50	20,90
im-14,1	ntf2	imidazolium	bistriflamide derivatives	433,60	18,70
im-14,1	ntf2	imidazolium	bistriflamide derivatives	453,60	17,50
im-14,1	ntf2	imidazolium	bistriflamide derivatives	473,50	16,60
im-14,1	ntf2	imidazolium	bistriflamide derivatives	493,40	15,90
im-14,1	ntf2	imidazolium	bistriflamide derivatives	512,90	15,50
im-14,1	ntf2	imidazolium	bistriflamide derivatives	323,30	24,90
im-14,1	ntf2	imidazolium	bistriflamide derivatives	333,90	24,10
im-14,1	ntf2	imidazolium	bistriflamide derivatives	354,00	23,70
im-14,1	ntf2	imidazolium	bistriflamide derivatives	374,00	22,60
im-14,1	ntf2	imidazolium	bistriflamide derivatives	394,70	21,30
im-14,1	ntf2	imidazolium	bistriflamide derivatives	414,90	19,70
im-14,1	ntf2	imidazolium	bistriflamide derivatives	434,80	19,60
im-14,1	ntf2	imidazolium	bistriflamide derivatives	454,50	17,90
im-14,1	ntf2	imidazolium	bistriflamide derivatives	474,50	17,00
im-14,1	ntf2	imidazolium	bistriflamide derivatives	308,15	29,39
im-14,1	ntf2	imidazolium	bistriflamide derivatives	303,15	26,30
im-14,1	ntf2	imidazolium	bistriflamide derivatives	313,15	25,30
im-14,1	ntf2	imidazolium	bistriflamide derivatives	323,15	24,50
im-14,1	ntf2	imidazolium	bistriflamide derivatives	333,15	23,70
im-14,1	ntf2	imidazolium	bistriflamide derivatives	343,15	22,90
im-14,1	ntf2	imidazolium	bistriflamide derivatives	353,15	22,30
im-14,1	ntf2	imidazolium	bistriflamide derivatives	363,15	21,70
im-16,1	ntf2	imidazolium	bistriflamide derivatives	328,60	30,00
im-16,1	ntf2	imidazolium	bistriflamide derivatives	338,90	29,40
im-16,1	ntf2	imidazolium	bistriflamide derivatives	342,30	29,00
im-1	br	imidazolium	inorganics	323,07	68,35
im-1	br	imidazolium	inorganics	328,84	67,81
im-1	br	imidazolium	inorganics	332,74	67,37
im-1	br	imidazolium	inorganics	338,02	66,81
im-1	br	imidazolium	inorganics	344,42	66,16
im-1	br	imidazolium	inorganics	347,25	65,85
im-1	br	imidazolium	inorganics	353,08	65,23
im-1	br	imidazolium	inorganics	358,33	64,67
im-1	br	imidazolium	inorganics	364,75	63,96
im-1	br	imidazolium	inorganics	323,07	67,99
im-1	br	imidazolium	inorganics	328,84	67,68
im-1	br	imidazolium	inorganics	332,76	67,45
im-1	br	imidazolium	inorganics	337,93	67,14
im-1	br	imidazolium	inorganics	344,29	66,00
im-1	br	imidazolium	inorganics	347,21	65,60
im-1	br	imidazolium	inorganics	353,02	64,60
im-1	br	imidazolium	inorganics	358,29	64,85
im-1	br	imidazolium	inorganics	364,65	64,42
im-1	cl	imidazolium	inorganics	333,67	66,84
im-1	cl	imidazolium	inorganics	338,70	66,50
im-1	cl	imidazolium	inorganics	343,19	66,13
im-1	cl	imidazolium	inorganics	348,11	65,78
im-1	cl	imidazolium	inorganics	352,35	65,40
im-1	cl	imidazolium	inorganics	359,17	64,87
im-1	cl	imidazolium	inorganics	364,00	64,58
im-1	cl	imidazolium	inorganics	333,66	67,02
im-1	cl	imidazolium	inorganics	338,70	66,37
im-1	cl	imidazolium	inorganics	343,24	66,48
im-1	cl	imidazolium	inorganics	348,10	66,18
im-1	cl	imidazolium	inorganics	352,38	65,96
im-1	cl	imidazolium	inorganics	359,12	65,47
im-1	cl	imidazolium	inorganics	363,94	65,12
im-1	hso4	imidazolium	sulfates	293,15	53,94
im-1	hso4	imidazolium	sulfates	303,15	53,20
im-1	hso4	imidazolium	sulfates	313,15	52,27
im-1	hso4	imidazolium	sulfates	323,15	51,27
im-1	hso4	imidazolium	sulfates	333,15	50,32
im-1	hso4	imidazolium	sulfates	343,15	49,03
im-1	hso4	imidazolium	sulfates	353,15	47,90
im-1	ntf2	imidazolium	bistriflamide derivatives	330,00	36,20
im-1ch,1	ntf2	imidazolium	bistriflamide derivatives	293,15	35,10
im-1cooh,1	bf4	imidazolium	tetrafluoroborate derivatives	298,15	56,33
im-1cooh,1	pf6	imidazolium	hexafluorophosphate derivatives	298,15	52,90
im-1ph,1	ntf2	imidazolium	bistriflamide derivatives	298,00	40,80
im-1ph,1	ntf2	imidazolium	bistriflamide derivatives	298,15	41,50
im-1ph,1	ntf2	imidazolium	bistriflamide derivatives	293,15	39,00
im-2(so2)2,1	otf	imidazolium	sulfonates	303,15	53,70
im-2,1,1	hso4	imidazolium	sulfates	288,15	50,40
im-2,1,1	hso4	imidazolium	sulfates	293,15	50,10
im-2,1,1	hso4	imidazolium	sulfates	298,15	49,80
im-2,1,1	hso4	imidazolium	sulfates	303,15	49,50
im-2,1,1	hso4	imidazolium	sulfates	308,15	49,30
im-2,1,1	hso4	imidazolium	sulfates	313,15	49,00
im-2,1,1	hso4	imidazolium	sulfates	318,15	48,70
im-2,1,1	hso4	imidazolium	sulfates	323,15	48,40
im-2,1,1	hso4	imidazolium	sulfates	328,15	48,10
im-2,1,1	hso4	imidazolium	sulfates	333,15	47,80
im-2,1,1	hso4	imidazolium	sulfates	338,15	47,50
im-2,1,1	hso4	imidazolium	sulfates	343,15	47,20
im-2,1,1	ntf2	imidazolium	bistriflamide derivatives	298,15	98,98
im-2,1,1	ntf2	imidazolium	bistriflamide derivatives	298,15	33,50
im-2,1,1	ntf2	imidazolium	bistriflamide derivatives	303,15	33,30
im-2,1,1	ntf2	imidazolium	bistriflamide derivatives	308,15	33,00
im-2,1,1	ntf2	imidazolium	bistriflamide derivatives	313,15	32,80
im-2,1,1	ntf2	imidazolium	bistriflamide derivatives	318,15	32,60
im-2,1,1	ntf2	imidazolium	bistriflamide derivatives	323,15	32,40
im-2,1,1	ntf2	imidazolium	bistriflamide derivatives	328,15	32,20
im-2,1,1	ntf2	imidazolium	bistriflamide derivatives	333,15	32,00
im-2,1,1	ntf2	imidazolium	bistriflamide derivatives	338,15	31,80
im-2,1,1	ph-coo[1],oh[2]	imidazolium	carboxylates	293,15	49,20
im-2,1,1	ph-coo[1],oh[2]	imidazolium	carboxylates	298,15	48,70
im-2,1,1	ph-coo[1],oh[2]	imidazolium	carboxylates	303,15	48,00
im-2,1,1	ph-coo[1],oh[2]	imidazolium	carboxylates	308,15	47,40
im-2,1,1	ph-coo[1],oh[2]	imidazolium	carboxylates	313,15	46,80
im-2,1,1	ph-coo[1],oh[2]	imidazolium	carboxylates	318,15	46,20
im-2,1,1	ph-coo[1],oh[2]	imidazolium	carboxylates	323,15	45,60
im-2,1,1	ph-coo[1],oh[2]	imidazolium	carboxylates	328,15	45,00
im-2,1,1	ph-coo[1],oh[2]	imidazolium	carboxylates	333,15	44,40
im-2,1,1	ph-coo[1],oh[2]	imidazolium	carboxylates	338,15	43,80
im-2,1,1	ph-coo[1],oh[2]	imidazolium	carboxylates	343,15	43,20
im-2,1	ac	imidazolium	carboxylates	298,15	36,50
im-2,1	ac	imidazolium	carboxylates	288,15	47,70
im-2,1	ac	imidazolium	carboxylates	298,15	47,10
im-2,1	ac	imidazolium	carboxylates	308,15	46,60
im-2,1	ac	imidazolium	carboxylates	318,15	46,10
im-2,1	ac	imidazolium	carboxylates	328,15	45,90
im-2,1	ac	imidazolium	carboxylates	338,15	45,40
im-2,1	ac	imidazolium	carboxylates	348,15	45,10
im-2,1	ac	imidazolium	carboxylates	298,15	38,10
im-2,1	ac	imidazolium	carboxylates	303,15	37,80
im-2,1	ac	imidazolium	carboxylates	308,15	37,50
im-2,1	ac	imidazolium	carboxylates	313,15	37,10
im-2,1	ac	imidazolium	carboxylates	318,15	36,60
im-2,1	ac	imidazolium	carboxylates	323,15	36,30
im-2,1	ac	imidazolium	carboxylates	328,15	35,90
im-2,1	ac	imidazolium	carboxylates	333,15	35,50
im-2,1	ac	imidazolium	carboxylates	338,15	35,20
im-2,1	ac	imidazolium	carboxylates	298,15	42,90
im-2,1	ala	imidazolium	aminoacids	298,15	51,10
im-2,1	alcl4	imidazolium	metal complexes	283,15	53,50
im-2,1	alcl4	imidazolium	metal complexes	288,15	53,20
im-2,1	alcl4	imidazolium	metal complexes	293,15	52,90
im-2,1	alcl4	imidazolium	metal complexes	298,15	52,40
im-2,1	alcl4	imidazolium	metal complexes	303,15	52,20
im-2,1	alcl4	imidazolium	metal complexes	308,15	51,90
im-2,1	alcl4	imidazolium	metal complexes	313,15	51,60
im-2,1	alcl4	imidazolium	metal complexes	318,15	51,30
im-2,1	alcl4	imidazolium	metal complexes	323,15	50,70
im-2,1	alcl4	imidazolium	metal complexes	328,15	50,50
im-2,1	alcl4	imidazolium	metal complexes	333,15	50,20
im-2,1	alcl4	imidazolium	metal complexes	338,15	49,80
im-2,1	bf3-1	imidazolium	tetrafluoroborate derivatives	298,15	45,20
im-2,1	bf3-2[f]	imidazolium	tetrafluoroborate derivatives	298,15	42,50
im-2,1	bf3-3	imidazolium	tetrafluoroborate derivatives	298,15	38,00
im-2,1	bf3-4	imidazolium	tetrafluoroborate derivatives	298,15	34,20
im-2,1	bf3-5	imidazolium	tetrafluoroborate derivatives	298,15	33,80
im-2,1	bf3-v	imidazolium	tetrafluoroborate derivatives	298,15	44,30
im-2,1	bf4	imidazolium	tetrafluoroborate derivatives	298,00	46,70
im-2,1	bf4	imidazolium	tetrafluoroborate derivatives	293,15	53,00
im-2,1	bf4	imidazolium	tetrafluoroborate derivatives	298,15	53,90
im-2,1	bf4	imidazolium	tetrafluoroborate derivatives	296,70	44,30
im-2,1	bf4	imidazolium	tetrafluoroborate derivatives	298,15	53,04
im-2,1	bf4	imidazolium	tetrafluoroborate derivatives	297,00	54,40
im-2,1	bf4	imidazolium	tetrafluoroborate derivatives	298,15	50,10
im-2,1	bf4	imidazolium	tetrafluoroborate derivatives	303,15	49,70
im-2,1	bf4	imidazolium	tetrafluoroborate derivatives	308,15	49,30
im-2,1	bf4	imidazolium	tetrafluoroborate derivatives	313,15	49,00
im-2,1	bf4	imidazolium	tetrafluoroborate derivatives	318,15	48,70
im-2,1	bf4	imidazolium	tetrafluoroborate derivatives	323,15	48,40
im-2,1	bf4	imidazolium	tetrafluoroborate derivatives	328,15	48,00
im-2,1	bf4	imidazolium	tetrafluoroborate derivatives	333,15	47,60
im-2,1	bf4	imidazolium	tetrafluoroborate derivatives	338,15	47,30
im-2,1	bf4	imidazolium	tetrafluoroborate derivatives	298,15	54,40
im-2,1	bf4	imidazolium	tetrafluoroborate derivatives	283,15	48,28
im-2,1	bf4	imidazolium	tetrafluoroborate derivatives	293,15	48,17
im-2,1	bf4	imidazolium	tetrafluoroborate derivatives	303,15	48,07
im-2,1	bf4	imidazolium	tetrafluoroborate derivatives	313,15	47,86
im-2,1	bf4	imidazolium	tetrafluoroborate derivatives	323,15	47,75
im-2,1	bf4	imidazolium	tetrafluoroborate derivatives	333,15	47,30
im-2,1	bf4	imidazolium	tetrafluoroborate derivatives	343,15	46,80
im-2,1	bf4	imidazolium	tetrafluoroborate derivatives	353,15	46,65
im-2,1	bf4	imidazolium	tetrafluoroborate derivatives	363,15	46,41
im-2,1	bf4	imidazolium	tetrafluoroborate derivatives	298,15	52,05
im-2,1	bf4	imidazolium	tetrafluoroborate derivatives	308,15	51,65
im-2,1	bf4	imidazolium	tetrafluoroborate derivatives	318,15	51,25
im-2,1	bf4	imidazolium	tetrafluoroborate derivatives	328,15	50,85
im-2,1	bf4	imidazolium	tetrafluoroborate derivatives	338,15	50,45
im-2,1	br	imidazolium	inorganics	348,32	61,40
im-2,1	br	imidazolium	inorganics	352,84	61,03
im-2,1	br	imidazolium	inorganics	358,28	60,65
im-2,1	br	imidazolium	inorganics	364,11	60,34
im-2,1	br	imidazolium	inorganics	343,14	62,01
im-2,1	br	imidazolium	inorganics	348,29	61,86
im-2,1	br	imidazolium	inorganics	352,84	61,28
im-2,1	br	imidazolium	inorganics	358,28	61,25
im-2,1	br	imidazolium	inorganics	364,10	60,53
im-2,1	ccn3	imidazolium	methanides	298,30	51,10
im-2,1	ccn3	imidazolium	methanides	308,10	50,70
im-2,1	ccn3	imidazolium	methanides	317,90	49,90
im-2,1	ccn3	imidazolium	methanides	328,00	49,10
im-2,1	ccn3	imidazolium	methanides	338,90	48,50
im-2,1	ccn3	imidazolium	methanides	343,00	47,90
im-2,1	ccn3	imidazolium	methanides	298,15	50,94
im-2,1	ccn3	imidazolium	methanides	308,15	49,91
im-2,1	ccn3	imidazolium	methanides	318,15	48,87
im-2,1	ccn3	imidazolium	methanides	328,15	47,65
im-2,1	ccn3	imidazolium	methanides	338,15	46,77
im-2,1	ccn3	imidazolium	methanides	283,18	51,10
im-2,1	ccn3	imidazolium	methanides	293,25	50,40
im-2,1	ccn3	imidazolium	methanides	303,24	49,39
im-2,1	ccn3	imidazolium	methanides	313,10	48,62
im-2,1	ccn3	imidazolium	methanides	323,08	47,83
im-2,1	ccn3	imidazolium	methanides	333,17	47,19
im-2,1	ccn3	imidazolium	methanides	343,09	46,55
im-2,1	ccn3	imidazolium	methanides	353,36	44,68
im-2,1	ccn3	imidazolium	methanides	296,70	47,90
im-2,1	ccn3	imidazolium	methanides	283,22	50,62
im-2,1	ccn3	imidazolium	methanides	288,01	50,33
im-2,1	ccn3	imidazolium	methanides	293,19	49,74
im-2,1	ccn3	imidazolium	methanides	298,15	49,40
im-2,1	ccn3	imidazolium	methanides	303,07	48,89
im-2,1	ccn3	imidazolium	methanides	308,19	48,42
im-2,1	ccn3	imidazolium	methanides	313,19	48,06
im-2,1	ccn3	imidazolium	methanides	318,16	47,48
im-2,1	ccn3	imidazolium	methanides	323,30	47,14
im-2,1	ccn3	imidazolium	methanides	327,90	46,70
im-2,1	ccn3	imidazolium	methanides	333,40	46,16
im-2,1	ccn3	imidazolium	methanides	338,24	45,83
im-2,1	ccn3	imidazolium	methanides	343,21	45,31
im-2,1	ccn3	imidazolium	methanides	347,98	44,86
im-2,1	ccn3	imidazolium	methanides	352,89	44,44
im-2,1	ccn3	imidazolium	methanides	358,44	43,93
im-2,1	ccn3	imidazolium	methanides	365,23	43,29
im-2,1	ccn3	imidazolium	methanides	283,25	50,71
im-2,1	ccn3	imidazolium	methanides	288,03	50,29
im-2,1	ccn3	imidazolium	methanides	293,17	49,61
im-2,1	ccn3	imidazolium	methanides	298,13	49,45
im-2,1	ccn3	imidazolium	methanides	303,06	48,87
im-2,1	ccn3	imidazolium	methanides	308,18	48,37
im-2,1	ccn3	imidazolium	methanides	313,27	47,99
im-2,1	ccn3	imidazolium	methanides	318,18	47,44
im-2,1	ccn3	imidazolium	methanides	323,26	46,86
im-2,1	ccn3	imidazolium	methanides	328,44	46,65
im-2,1	ccn3	imidazolium	methanides	333,28	46,24
im-2,1	ccn3	imidazolium	methanides	338,25	45,72
im-2,1	ccn3	imidazolium	methanides	343,18	45,39
im-2,1	ccn3	imidazolium	methanides	347,97	44,69
im-2,1	ccn3	imidazolium	methanides	352,81	44,55
im-2,1	ccn3	imidazolium	methanides	358,17	44,06
im-2,1	ccn3	imidazolium	methanides	365,18	43,30
im-2,1	ccn3	imidazolium	methanides	298,14	43,82
im-2,1	ccn3	imidazolium	methanides	308,05	42,29
im-2,1	ccn3	imidazolium	methanides	318,49	41,08
im-2,1	ccn3	imidazolium	methanides	327,95	39,89
im-2,1	ccn3	imidazolium	methanides	339,09	38,88
im-2,1	cl	imidazolium	inorganics	333,20	62,60
im-2,1	cl	imidazolium	inorganics	338,24	62,26
im-2,1	cl	imidazolium	inorganics	343,38	61,82
im-2,1	cl	imidazolium	inorganics	348,57	61,51
im-2,1	cl	imidazolium	inorganics	353,32	61,10
im-2,1	cl	imidazolium	inorganics	358,50	60,64
im-2,1	cl	imidazolium	inorganics	364,96	60,20
im-2,1	cl	imidazolium	inorganics	333,20	62,56
im-2,1	cl	imidazolium	inorganics	338,15	62,12
im-2,1	cl	imidazolium	inorganics	343,38	62,16
im-2,1	cl	imidazolium	inorganics	348,58	61,59
im-2,1	cl	imidazolium	inorganics	353,30	61,45
im-2,1	cl	imidazolium	inorganics	358,44	60,80
im-2,1	cl	imidazolium	inorganics	364,76	60,05
im-2,1	conco4	imidazolium	metal complexes	288,15	62,60
im-2,1	conco4	imidazolium	metal complexes	293,15	62,20
im-2,1	conco4	imidazolium	metal complexes	298,15	61,70
im-2,1	conco4	imidazolium	metal complexes	303,15	61,30
im-2,1	conco4	imidazolium	metal complexes	308,15	60,80
im-2,1	conco4	imidazolium	metal complexes	313,15	60,40
im-2,1	conco4	imidazolium	metal complexes	318,15	59,90
im-2,1	coscn4	imidazolium	metal complexes	288,16	56,39
im-2,1	coscn4	imidazolium	metal complexes	293,16	55,88
im-2,1	coscn4	imidazolium	metal complexes	298,16	55,37
im-2,1	coscn4	imidazolium	metal complexes	303,16	54,85
im-2,1	coscn4	imidazolium	metal complexes	308,17	54,36
im-2,1	coscn4	imidazolium	metal complexes	313,16	53,92
im-2,1	coscn4	imidazolium	metal complexes	318,19	53,39
im-2,1	dca	imidazolium	dicyanamides	298,00	42,60
im-2,1	dca	imidazolium	dicyanamides	293,15	64,00
im-2,1	dca	imidazolium	dicyanamides	293,15	44,14
im-2,1	dca	imidazolium	dicyanamides	278,18	61,74
im-2,1	dca	imidazolium	dicyanamides	282,17	61,23
im-2,1	dca	imidazolium	dicyanamides	288,32	60,67
im-2,1	dca	imidazolium	dicyanamides	292,96	60,47
im-2,1	dca	imidazolium	dicyanamides	298,31	60,00
im-2,1	dca	imidazolium	dicyanamides	303,06	59,62
im-2,1	dca	imidazolium	dicyanamides	308,37	59,40
im-2,1	dca	imidazolium	dicyanamides	313,30	58,84
im-2,1	dca	imidazolium	dicyanamides	318,40	58,54
im-2,1	dca	imidazolium	dicyanamides	323,52	58,18
im-2,1	dca	imidazolium	dicyanamides	328,38	57,96
im-2,1	dca	imidazolium	dicyanamides	333,33	57,50
im-2,1	dca	imidazolium	dicyanamides	338,11	56,98
im-2,1	dca	imidazolium	dicyanamides	343,19	56,71
im-2,1	dca	imidazolium	dicyanamides	348,45	56,36
im-2,1	dca	imidazolium	dicyanamides	278,16	61,96
im-2,1	dca	imidazolium	dicyanamides	282,21	61,63
im-2,1	dca	imidazolium	dicyanamides	288,28	61,07
im-2,1	dca	imidazolium	dicyanamides	292,96	61,27
im-2,1	dca	imidazolium	dicyanamides	298,30	60,62
im-2,1	dca	imidazolium	dicyanamides	303,07	60,56
im-2,1	dca	imidazolium	dicyanamides	308,32	60,13
im-2,1	dca	imidazolium	dicyanamides	313,38	59,89
im-2,1	dca	imidazolium	dicyanamides	318,38	58,88
im-2,1	dca	imidazolium	dicyanamides	323,62	58,93
im-2,1	dca	imidazolium	dicyanamides	328,35	58,26
im-2,1	dca	imidazolium	dicyanamides	333,33	57,82
im-2,1	dca	imidazolium	dicyanamides	338,21	57,31
im-2,1	dca	imidazolium	dicyanamides	343,25	56,85
im-2,1	dca	imidazolium	dicyanamides	348,34	57,03
im-2,1	dca	imidazolium	dicyanamides	356,46	55,62
im-2,1	dca	imidazolium	dicyanamides	296,70	42,60
im-2,1	dca	imidazolium	dicyanamides	298,15	40,30
im-2,1	fap	imidazolium	hexafluorophosphate derivatives	283,15	35,30
im-2,1	fap	imidazolium	hexafluorophosphate derivatives	288,15	35,10
im-2,1	fap	imidazolium	hexafluorophosphate derivatives	293,15	34,90
im-2,1	fap	imidazolium	hexafluorophosphate derivatives	298,15	34,80
im-2,1	fap	imidazolium	hexafluorophosphate derivatives	303,15	34,60
im-2,1	fap	imidazolium	hexafluorophosphate derivatives	308,15	34,40
im-2,1	fap	imidazolium	hexafluorophosphate derivatives	313,15	34,20
im-2,1	fap	imidazolium	hexafluorophosphate derivatives	318,15	34,10
im-2,1	fap	imidazolium	hexafluorophosphate derivatives	323,15	34,00
im-2,1	fap	imidazolium	hexafluorophosphate derivatives	328,15	33,80
im-2,1	fap	imidazolium	hexafluorophosphate derivatives	333,15	33,60
im-2,1	fap	imidazolium	hexafluorophosphate derivatives	338,15	33,40
im-2,1	fap	imidazolium	hexafluorophosphate derivatives	272,63	36,38
im-2,1	fap	imidazolium	hexafluorophosphate derivatives	279,65	36,02
im-2,1	fap	imidazolium	hexafluorophosphate derivatives	283,24	35,85
im-2,1	fap	imidazolium	hexafluorophosphate derivatives	288,24	35,53
im-2,1	fap	imidazolium	hexafluorophosphate derivatives	293,11	35,30
im-2,1	fap	imidazolium	hexafluorophosphate derivatives	298,17	35,07
im-2,1	fap	imidazolium	hexafluorophosphate derivatives	303,04	34,80
im-2,1	fap	imidazolium	hexafluorophosphate derivatives	307,95	34,54
im-2,1	fap	imidazolium	hexafluorophosphate derivatives	313,07	34,27
im-2,1	fap	imidazolium	hexafluorophosphate derivatives	318,06	33,96
im-2,1	fap	imidazolium	hexafluorophosphate derivatives	323,03	33,67
im-2,1	fap	imidazolium	hexafluorophosphate derivatives	328,47	33,44
im-2,1	fap	imidazolium	hexafluorophosphate derivatives	332,20	33,23
im-2,1	fap	imidazolium	hexafluorophosphate derivatives	337,63	32,98
im-2,1	fap	imidazolium	hexafluorophosphate derivatives	342,92	32,72
im-2,1	fap	imidazolium	hexafluorophosphate derivatives	347,61	32,44
im-2,1	fap	imidazolium	hexafluorophosphate derivatives	353,94	32,07
im-2,1	fap	imidazolium	hexafluorophosphate derivatives	272,61	36,49
im-2,1	fap	imidazolium	hexafluorophosphate derivatives	279,70	36,10
im-2,1	fap	imidazolium	hexafluorophosphate derivatives	283,21	35,90
im-2,1	fap	imidazolium	hexafluorophosphate derivatives	288,30	35,61
im-2,1	fap	imidazolium	hexafluorophosphate derivatives	293,17	35,37
im-2,1	fap	imidazolium	hexafluorophosphate derivatives	298,30	35,11
im-2,1	fap	imidazolium	hexafluorophosphate derivatives	303,04	34,84
im-2,1	fap	imidazolium	hexafluorophosphate derivatives	307,97	34,52
im-2,1	fap	imidazolium	hexafluorophosphate derivatives	313,09	34,23
im-2,1	fap	imidazolium	hexafluorophosphate derivatives	318,06	33,86
im-2,1	fap	imidazolium	hexafluorophosphate derivatives	322,99	33,42
im-2,1	fap	imidazolium	hexafluorophosphate derivatives	328,51	33,29
im-2,1	fap	imidazolium	hexafluorophosphate derivatives	332,30	33,04
im-2,1	fap	imidazolium	hexafluorophosphate derivatives	337,84	32,72
im-2,1	fap	imidazolium	hexafluorophosphate derivatives	343,07	32,43
im-2,1	fap	imidazolium	hexafluorophosphate derivatives	347,77	31,89
im-2,1	fap	imidazolium	hexafluorophosphate derivatives	354,27	31,74
im-2,1	fecl4	imidazolium	metal complexes	296,70	47,70
im-2,1	gacl4	imidazolium	metal complexes	296,70	50,00
im-2,1	gacl4	imidazolium	metal complexes	288,15	52,94
im-2,1	gacl4	imidazolium	metal complexes	293,15	52,17
im-2,1	gacl4	imidazolium	metal complexes	298,15	51,51
im-2,1	gacl4	imidazolium	metal complexes	303,15	51,04
im-2,1	gacl4	imidazolium	metal complexes	308,15	50,82
im-2,1	gacl4	imidazolium	metal complexes	313,15	50,40
im-2,1	gacl4	imidazolium	metal complexes	318,15	49,82
im-2,1	gacl4	imidazolium	metal complexes	323,15	48,92
im-2,1	gacl4	imidazolium	metal complexes	328,15	48,39
im-2,1	gacl4	imidazolium	metal complexes	333,15	47,72
im-2,1	gacl4	imidazolium	metal complexes	338,15	47,19
im-2,1	gacl4	imidazolium	metal complexes	343,15	46,79
im-2,1	gly	imidazolium	aminoacids	288,15	49,60
im-2,1	gly	imidazolium	aminoacids	298,15	49,20
im-2,1	gly	imidazolium	aminoacids	303,15	49,00
im-2,1	gly	imidazolium	aminoacids	313,15	48,80
im-2,1	gly	imidazolium	aminoacids	323,15	48,70
im-2,1	gly	imidazolium	aminoacids	333,15	48,30
im-2,1	gly	imidazolium	aminoacids	343,15	48,00
im-2,1	incl4	imidazolium	metal complexes	293,15	52,78
im-2,1	incl4	imidazolium	metal complexes	298,15	52,62
im-2,1	incl4	imidazolium	metal complexes	303,15	52,32
im-2,1	incl4	imidazolium	metal complexes	308,15	51,87
im-2,1	incl4	imidazolium	metal complexes	313,15	51,59
im-2,1	incl4	imidazolium	metal complexes	318,15	51,31
im-2,1	incl4	imidazolium	metal complexes	323,15	50,91
im-2,1	incl4	imidazolium	metal complexes	328,15	50,55
im-2,1	incl4	imidazolium	metal complexes	333,15	50,11
im-2,1	incl4	imidazolium	metal complexes	338,15	49,93
im-2,1	incl4	imidazolium	metal complexes	343,15	49,49
im-2,1	la	imidazolium	aminoacids	298,15	48,80
im-2,1	la	imidazolium	aminoacids	283,15	53,37
im-2,1	la	imidazolium	aminoacids	293,15	52,90
im-2,1	la	imidazolium	aminoacids	298,15	52,38
im-2,1	la	imidazolium	aminoacids	303,15	51,49
im-2,1	la	imidazolium	aminoacids	308,15	51,05
im-2,1	la	imidazolium	aminoacids	313,15	50,60
im-2,1	la	imidazolium	aminoacids	318,15	49,98
im-2,1	la	imidazolium	aminoacids	323,15	49,72
im-2,1	la	imidazolium	aminoacids	328,15	48,97
im-2,1	la	imidazolium	aminoacids	333,15	48,63
im-2,1	npf2	imidazolium	bistriflamide derivatives	297,00	33,90
im-2,1	ntf2	imidazolium	bistriflamide derivatives	293,00	39,60
im-2,1	ntf2	imidazolium	bistriflamide derivatives	283,15	40,20
im-2,1	ntf2	imidazolium	bistriflamide derivatives	293,15	39,80
im-2,1	ntf2	imidazolium	bistriflamide derivatives	298,15	39,40
im-2,1	ntf2	imidazolium	bistriflamide derivatives	303,15	39,00
im-2,1	ntf2	imidazolium	bistriflamide derivatives	313,15	38,80
im-2,1	ntf2	imidazolium	bistriflamide derivatives	323,15	38,60
im-2,1	ntf2	imidazolium	bistriflamide derivatives	333,15	38,00
im-2,1	ntf2	imidazolium	bistriflamide derivatives	343,15	37,20
im-2,1	ntf2	imidazolium	bistriflamide derivatives	353,15	36,60
im-2,1	ntf2	imidazolium	bistriflamide derivatives	363,15	36,00
im-2,1	ntf2	imidazolium	bistriflamide derivatives	368,15	35,50
im-2,1	ntf2	imidazolium	bistriflamide derivatives	293,15	36,94
im-2,1	ntf2	imidazolium	bistriflamide derivatives	303,15	36,43
im-2,1	ntf2	imidazolium	bistriflamide derivatives	313,15	35,92
im-2,1	ntf2	imidazolium	bistriflamide derivatives	323,15	35,51
im-2,1	ntf2	imidazolium	bistriflamide derivatives	333,15	34,96
im-2,1	ntf2	imidazolium	bistriflamide derivatives	343,15	34,57
im-2,1	ntf2	imidazolium	bistriflamide derivatives	298,15	38,31
im-2,1	ntf2	imidazolium	bistriflamide derivatives	298,15	39,00
im-2,1	ntf2	imidazolium	bistriflamide derivatives	293,15	35,59
im-2,1	ntf2	imidazolium	bistriflamide derivatives	293,15	36,14
im-2,1	ntf2	imidazolium	bistriflamide derivatives	298,15	35,90
im-2,1	ntf2	imidazolium	bistriflamide derivatives	303,15	35,56
im-2,1	ntf2	imidazolium	bistriflamide derivatives	308,15	35,35
im-2,1	ntf2	imidazolium	bistriflamide derivatives	313,15	35,10
im-2,1	ntf2	imidazolium	bistriflamide derivatives	293,15	36,14
im-2,1	ntf2	imidazolium	bistriflamide derivatives	298,15	35,90
im-2,1	ntf2	imidazolium	bistriflamide derivatives	303,15	35,56
im-2,1	ntf2	imidazolium	bistriflamide derivatives	308,15	35,35
im-2,1	ntf2	imidazolium	bistriflamide derivatives	313,15	35,10
im-2,1	ntf2	imidazolium	bistriflamide derivatives	298,70	41,62
im-2,1	ntf2	imidazolium	bistriflamide derivatives	302,05	41,38
im-2,1	ntf2	imidazolium	bistriflamide derivatives	305,74	41,19
im-2,1	ntf2	imidazolium	bistriflamide derivatives	309,16	41,02
im-2,1	ntf2	imidazolium	bistriflamide derivatives	312,60	40,87
im-2,1	ntf2	imidazolium	bistriflamide derivatives	316,20	40,67
im-2,1	ntf2	imidazolium	bistriflamide derivatives	319,33	40,50
im-2,1	ntf2	imidazolium	bistriflamide derivatives	322,63	40,39
im-2,1	ntf2	imidazolium	bistriflamide derivatives	326,13	40,19
im-2,1	ntf2	imidazolium	bistriflamide derivatives	331,02	39,94
im-2,1	ntf2	imidazolium	bistriflamide derivatives	302,66	35,88
im-2,1	ntf2	imidazolium	bistriflamide derivatives	308,82	35,61
im-2,1	ntf2	imidazolium	bistriflamide derivatives	313,30	35,36
im-2,1	ntf2	imidazolium	bistriflamide derivatives	323,19	34,84
im-2,1	ntf2	imidazolium	bistriflamide derivatives	333,82	34,29
im-2,1	ntf2	imidazolium	bistriflamide derivatives	337,84	34,06
im-2,1	ntf2	imidazolium	bistriflamide derivatives	343,60	33,79
im-2,1	ntf2	imidazolium	bistriflamide derivatives	292,60	36,35
im-2,1	ntf2	imidazolium	bistriflamide derivatives	287,30	36,58
im-2,1	ntf2	imidazolium	bistriflamide derivatives	283,16	36,78
im-2,1	ntf2	imidazolium	bistriflamide derivatives	351,54	33,42
im-2,1	ntf2	imidazolium	bistriflamide derivatives	346,93	33,66
im-2,1	ntf2	imidazolium	bistriflamide derivatives	317,77	35,14
im-2,1	ntf2	imidazolium	bistriflamide derivatives	297,89	36,13
im-2,1	ntf2	imidazolium	bistriflamide derivatives	327,91	34,66
im-2,1	ntf2	imidazolium	bistriflamide derivatives	283,20	37,07
im-2,1	ntf2	imidazolium	bistriflamide derivatives	297,95	36,12
im-2,1	ntf2	imidazolium	bistriflamide derivatives	323,16	34,81
im-2,1	ntf2	imidazolium	bistriflamide derivatives	327,97	34,73
im-2,1	ntf2	imidazolium	bistriflamide derivatives	333,86	34,10
im-2,1	ntf2	imidazolium	bistriflamide derivatives	337,88	34,09
im-2,1	ntf2	imidazolium	bistriflamide derivatives	346,90	33,74
im-2,1	ntf2	imidazolium	bistriflamide derivatives	351,67	33,20
im-2,1	ntf2	imidazolium	bistriflamide derivatives	296,70	35,20
im-2,1	ntf2	imidazolium	bistriflamide derivatives	298,20	36,68
im-2,1	ntf2	imidazolium	bistriflamide derivatives	297,00	38,00
im-2,1	ntf2	imidazolium	bistriflamide derivatives	313,00	35,20
im-2,1	ntf2	imidazolium	bistriflamide derivatives	332,70	34,20
im-2,1	ntf2	imidazolium	bistriflamide derivatives	353,40	33,40
im-2,1	ntf2	imidazolium	bistriflamide derivatives	372,70	32,50
im-2,1	ntf2	imidazolium	bistriflamide derivatives	392,90	31,40
im-2,1	ntf2	imidazolium	bistriflamide derivatives	412,80	30,50
im-2,1	ntf2	imidazolium	bistriflamide derivatives	432,50	29,60
im-2,1	ntf2	imidazolium	bistriflamide derivatives	453,00	28,70
im-2,1	ntf2	imidazolium	bistriflamide derivatives	472,50	25,70
im-2,1	ntf2	imidazolium	bistriflamide derivatives	512,60	24,60
im-2,1	ntf2	imidazolium	bistriflamide derivatives	532,20	23,70
im-2,1	ntf2	imidazolium	bistriflamide derivatives	472,70	26,40
im-2,1	ntf2	imidazolium	bistriflamide derivatives	452,70	27,30
im-2,1	ntf2	imidazolium	bistriflamide derivatives	313,20	33,80
im-2,1	ntf2	imidazolium	bistriflamide derivatives	313,20	34,70
im-2,1	ntf2	imidazolium	bistriflamide derivatives	333,30	33,60
im-2,1	ntf2	imidazolium	bistriflamide derivatives	352,40	33,40
im-2,1	ntf2	imidazolium	bistriflamide derivatives	373,20	31,50
im-2,1	ntf2	imidazolium	bistriflamide derivatives	393,20	31,10
im-2,1	ntf2	imidazolium	bistriflamide derivatives	413,10	30,10
im-2,1	ntf2	imidazolium	bistriflamide derivatives	278,75	37,31
im-2,1	ntf2	imidazolium	bistriflamide derivatives	288,15	36,58
im-2,1	ntf2	imidazolium	bistriflamide derivatives	298,15	35,71
im-2,1	ntf2	imidazolium	bistriflamide derivatives	308,15	35,17
im-2,1	ntf2	imidazolium	bistriflamide derivatives	318,15	34,68
im-2,1	ntf2	imidazolium	bistriflamide derivatives	328,15	34,25
im-2,1	ntf2	imidazolium	bistriflamide derivatives	303,15	40,50
im-2,1	otf	imidazolium	sulfonates	293,20	40,65
im-2,1	otf	imidazolium	sulfonates	298,20	40,37
im-2,1	otf	imidazolium	sulfonates	303,20	40,12
im-2,1	otf	imidazolium	sulfonates	308,20	39,85
im-2,1	otf	imidazolium	sulfonates	313,20	39,58
im-2,1	otf	imidazolium	sulfonates	318,20	39,33
im-2,1	otf	imidazolium	sulfonates	323,20	39,09
im-2,1	otf	imidazolium	sulfonates	293,00	39,20
im-2,1	otf	imidazolium	sulfonates	298,15	41,90
im-2,1	otf	imidazolium	sulfonates	296,28	44,46
im-2,1	otf	imidazolium	sulfonates	300,79	44,36
im-2,1	otf	imidazolium	sulfonates	304,95	44,20
im-2,1	otf	imidazolium	sulfonates	308,14	44,07
im-2,1	otf	imidazolium	sulfonates	312,41	43,90
im-2,1	otf	imidazolium	sulfonates	317,15	43,81
im-2,1	otf	imidazolium	sulfonates	321,93	43,64
im-2,1	otf	imidazolium	sulfonates	328,68	43,37
im-2,1	otf	imidazolium	sulfonates	333,64	43,15
im-2,1	otf	imidazolium	sulfonates	337,82	42,99
im-2,1	otf	imidazolium	sulfonates	343,49	42,82
im-2,1	otf	imidazolium	sulfonates	347,91	42,62
im-2,1	otf	imidazolium	sulfonates	353,56	42,49
im-2,1	otf	imidazolium	sulfonates	296,70	39,20
im-2,1	otf	imidazolium	sulfonates	303,15	47,60
im-2,1	ph-coo[1],oh[2]	imidazolium	carboxylates	293,15	47,40
im-2,1	ph-coo[1],oh[2]	imidazolium	carboxylates	298,15	46,90
im-2,1	ph-coo[1],oh[2]	imidazolium	carboxylates	303,15	46,40
im-2,1	ph-coo[1],oh[2]	imidazolium	carboxylates	308,15	45,80
im-2,1	ph-coo[1],oh[2]	imidazolium	carboxylates	313,15	45,20
im-2,1	ph-coo[1],oh[2]	imidazolium	carboxylates	318,15	44,70
im-2,1	ph-coo[1],oh[2]	imidazolium	carboxylates	323,15	44,10
im-2,1	ph-coo[1],oh[2]	imidazolium	carboxylates	328,15	43,60
im-2,1	ph-coo[1],oh[2]	imidazolium	carboxylates	333,15	43,00
im-2,1	ph-coo[1],oh[2]	imidazolium	carboxylates	338,15	42,50
im-2,1	ph-coo[1],oh[2]	imidazolium	carboxylates	343,15	42,00
im-2,1	phen	imidazolium	alcoholates	293,15	45,30
im-2,1	phen	imidazolium	alcoholates	303,15	44,57
im-2,1	phen	imidazolium	alcoholates	313,15	43,78
im-2,1	phen	imidazolium	alcoholates	323,15	43,14
im-2,1	phen	imidazolium	alcoholates	333,15	42,41
im-2,1	phen	imidazolium	alcoholates	343,15	41,67
im-2,1	phen	imidazolium	alcoholates	353,15	40,34
im-2,1	po2-1,o1	imidazolium	phosphates	293,15	45,49
im-2,1	po2-o2,o2	imidazolium	phosphates	293,15	35,29
im-2,1	po2-o2,o2	imidazolium	phosphates	301,15	35,15
im-2,1	po2-o2,o2	imidazolium	phosphates	303,15	35,12
im-2,1	po2-o2,o2	imidazolium	phosphates	313,15	34,98
im-2,1	po2-o2,o2	imidazolium	phosphates	323,15	34,83
im-2,1	po2-o2,o2	imidazolium	phosphates	333,15	34,64
im-2,1	po2-o2,o2	imidazolium	phosphates	343,15	34,43
im-2,1	po2-o2,o2	imidazolium	phosphates	293,15	34,78
im-2,1	po2-o2,o2	imidazolium	phosphates	298,15	34,46
im-2,1	po2-o2,o2	imidazolium	phosphates	303,15	34,19
im-2,1	po2-o2,o2	imidazolium	phosphates	313,15	33,54
im-2,1	po2-o2,o2	imidazolium	phosphates	323,15	33,15
im-2,1	po2-o2,o2	imidazolium	phosphates	333,15	32,81
im-2,1	po2-o2,o2	imidazolium	phosphates	293,15	36,10
im-2,1	po2-o2,o2	imidazolium	phosphates	298,15	35,88
im-2,1	po2-o2,o2	imidazolium	phosphates	303,15	35,43
im-2,1	po2-o2,o2	imidazolium	phosphates	308,15	35,30
im-2,1	po2-o2,o2	imidazolium	phosphates	313,15	35,07
im-2,1	po2-o2,o2	imidazolium	phosphates	318,15	34,61
im-2,1	po2-o2,o2	imidazolium	phosphates	323,15	34,55
im-2,1	po2-o2,o2	imidazolium	phosphates	328,15	34,21
im-2,1	po2-o2,o2	imidazolium	phosphates	333,15	33,88
im-2,1	po2-o2,o2	imidazolium	phosphates	338,15	33,75
im-2,1	pro	imidazolium	aminoacids	298,15	39,60
im-2,1	reo4	imidazolium	metal complexes	293,15	49,30
im-2,1	reo4	imidazolium	metal complexes	298,15	49,10
im-2,1	reo4	imidazolium	metal complexes	303,15	48,80
im-2,1	reo4	imidazolium	metal complexes	308,15	48,50
im-2,1	reo4	imidazolium	metal complexes	313,15	48,20
im-2,1	reo4	imidazolium	metal complexes	318,15	47,90
im-2,1	reo4	imidazolium	metal complexes	323,15	47,50
im-2,1	reo4	imidazolium	metal complexes	328,15	47,20
im-2,1	reo4	imidazolium	metal complexes	333,15	46,90
im-2,1	reo4	imidazolium	metal complexes	338,15	46,60
im-2,1	reo4	imidazolium	metal complexes	343,15	46,20
im-2,1	scn	imidazolium	inorganics	298,15	57,76
im-2,1	scn	imidazolium	inorganics	308,15	57,58
im-2,1	scn	imidazolium	inorganics	318,15	57,39
im-2,1	scn	imidazolium	inorganics	328,15	57,24
im-2,1	scn	imidazolium	inorganics	338,15	57,04
im-2,1	scn	imidazolium	inorganics	298,15	57,80
im-2,1	scn	imidazolium	inorganics	308,15	57,00
im-2,1	scn	imidazolium	inorganics	318,15	56,20
im-2,1	scn	imidazolium	inorganics	328,15	55,40
im-2,1	scn	imidazolium	inorganics	338,15	54,80
im-2,1	scn	imidazolium	inorganics	296,70	49,00
im-2,1	scn	imidazolium	inorganics	293,15	53,70
im-2,1	scn	imidazolium	inorganics	298,15	53,30
im-2,1	scn	imidazolium	inorganics	303,15	52,90
im-2,1	scn	imidazolium	inorganics	308,15	52,40
im-2,1	scn	imidazolium	inorganics	313,15	52,00
im-2,1	scn	imidazolium	inorganics	318,15	51,50
im-2,1	scn	imidazolium	inorganics	323,15	51,10
im-2,1	scn	imidazolium	inorganics	328,15	50,70
im-2,1	scn	imidazolium	inorganics	333,15	50,20
im-2,1	scn	imidazolium	inorganics	338,15	49,80
im-2,1	scn	imidazolium	inorganics	343,15	49,40
im-2,1	so3-1	imidazolium	sulfonates	298,15	45,10
im-2,1	so3-1	imidazolium	sulfonates	293,15	50,72
im-2,1	so3-1	imidazolium	sulfonates	303,00	47,80
im-2,1	so3-1	imidazolium	sulfonates	308,00	47,40
im-2,1	so3-1	imidazolium	sulfonates	313,00	47,00
im-2,1	so3-1	imidazolium	sulfonates	318,00	46,70
im-2,1	so3-1	imidazolium	sulfonates	323,00	46,10
im-2,1	so3-1	imidazolium	sulfonates	328,00	45,70
im-2,1	so3-1	imidazolium	sulfonates	333,00	45,40
im-2,1	so3-4[f]	imidazolium	sulfonates	298,20	25,96
im-2,1	so3-4[f]	imidazolium	sulfonates	303,20	25,70
im-2,1	so3-4[f]	imidazolium	sulfonates	313,20	25,14
im-2,1	so3-4[f]	imidazolium	sulfonates	323,20	24,72
im-2,1	so3-4[f]	imidazolium	sulfonates	333,10	24,30
im-2,1	so3-4[f]	imidazolium	sulfonates	342,90	23,82
im-2,1	so4-1	imidazolium	sulfates	298,15	52,50
im-2,1	so4-1	imidazolium	sulfates	303,15	52,20
im-2,1	so4-1	imidazolium	sulfates	308,15	51,90
im-2,1	so4-1	imidazolium	sulfates	313,15	51,60
im-2,1	so4-1	imidazolium	sulfates	283,15	53,54
im-2,1	so4-1	imidazolium	sulfates	288,15	53,28
im-2,1	so4-1	imidazolium	sulfates	293,15	52,99
im-2,1	so4-1	imidazolium	sulfates	298,15	52,62
im-2,1	so4-1	imidazolium	sulfates	303,15	52,32
im-2,1	so4-1	imidazolium	sulfates	308,15	52,03
im-2,1	so4-1	imidazolium	sulfates	313,15	51,72
im-2,1	so4-1	imidazolium	sulfates	318,15	51,44
im-2,1	so4-1	imidazolium	sulfates	323,15	51,07
im-2,1	so4-1	imidazolium	sulfates	328,15	50,68
im-2,1	so4-1	imidazolium	sulfates	333,15	50,41
im-2,1	so4-1	imidazolium	sulfates	296,70	62,90
im-2,1	so4-2	imidazolium	sulfates	298,15	47,40
im-2,1	so4-2	imidazolium	sulfates	293,15	46,13
im-2,1	so4-2	imidazolium	sulfates	303,15	47,25
im-2,1	so4-2	imidazolium	sulfates	313,15	46,78
im-2,1	so4-2	imidazolium	sulfates	323,15	46,24
im-2,1	so4-2	imidazolium	sulfates	333,15	45,65
im-2,1	so4-2	imidazolium	sulfates	293,15	46,50
im-2,1	so4-2	imidazolium	sulfates	293,15	47,31
im-2,1	so4-2	imidazolium	sulfates	298,15	49,30
im-2,1	so4-2	imidazolium	sulfates	288,15	47,91
im-2,1	so4-2	imidazolium	sulfates	293,15	47,39
im-2,1	so4-2	imidazolium	sulfates	298,15	46,96
im-2,1	so4-2	imidazolium	sulfates	303,15	46,58
im-2,1	so4-2	imidazolium	sulfates	308,15	46,23
im-2,1	so4-2	imidazolium	sulfates	313,15	45,84
im-2,1	so4-2	imidazolium	sulfates	303,15	47,34
im-2,1	so4-2	imidazolium	sulfates	313,15	46,67
im-2,1	so4-2	imidazolium	sulfates	323,15	46,17
im-2,1	so4-2	imidazolium	sulfates	333,15	45,53
im-2,1	so4-2	imidazolium	sulfates	296,70	42,50
im-2,1	so4-2	imidazolium	sulfates	298,15	46,90
im-2,1	so4-2	imidazolium	sulfates	298,00	47,96
im-2,1	so4-2	imidazolium	sulfates	303,00	47,55
im-2,1	so4-2	imidazolium	sulfates	313,00	46,73
im-2,1	so4-2	imidazolium	sulfates	333,00	45,09
im-2,1	so4-2	imidazolium	sulfates	353,00	43,45
im-2,1	so4-2	imidazolium	sulfates	373,00	41,81
im-2,1	so4-2	imidazolium	sulfates	393,00	40,17
im-2,1	so4-2	imidazolium	sulfates	413,00	38,53
im-2,1	so4-2	imidazolium	sulfates	433,00	36,89
im-2,1	so4-2	imidazolium	sulfates	453,00	35,25
im-2,1	so4-2	imidazolium	sulfates	298,15	47,13
im-2,1	so4-2	imidazolium	sulfates	298,15	47,00
im-2,1	so4-2	imidazolium	sulfates	313,15	46,78
im-2,1	so4-2	imidazolium	sulfates	278,75	46,70
im-2,1	so4-2	imidazolium	sulfates	288,15	46,04
im-2,1	so4-2	imidazolium	sulfates	298,15	45,43
im-2,1	so4-2	imidazolium	sulfates	308,15	44,72
im-2,1	so4-2	imidazolium	sulfates	318,15	43,74
im-2,1	so4-2	imidazolium	sulfates	328,15	43,37
im-2,1	so4-2	imidazolium	sulfates	278,15	50,42
im-2,1	so4-2	imidazolium	sulfates	288,15	49,48
im-2,1	so4-2	imidazolium	sulfates	298,15	48,79
im-2,1	so4-2	imidazolium	sulfates	308,15	47,95
im-2,1	so4-2	imidazolium	sulfates	318,15	47,44
im-2,1	so4-2	imidazolium	sulfates	328,15	47,01
im-2,1	so4-2	imidazolium	sulfates	292,91	47,17
im-2,1	so4-2	imidazolium	sulfates	298,26	46,90
im-2,1	so4-2	imidazolium	sulfates	303,00	46,60
im-2,1	so4-2	imidazolium	sulfates	308,61	46,35
im-2,1	so4-2	imidazolium	sulfates	313,41	46,12
im-2,1	so4-2	imidazolium	sulfates	322,71	45,51
im-2,1	so4-2	imidazolium	sulfates	332,09	45,08
im-2,1	so4-2	imidazolium	sulfates	296,70	50,50
im-2,1	so4-3	imidazolium	sulfates	296,70	44,00
im-2,1	so4-4	imidazolium	sulfates	298,15	39,64
im-2,1	so4-4	imidazolium	sulfates	296,70	40,80
im-2,1	so4-6	imidazolium	sulfates	298,15	34,77
im-2,1	so4-8	imidazolium	sulfates	293,15	31,00
im-2,1	so4-8	imidazolium	sulfates	298,15	31,29
im-2,1	tcb	imidazolium	tetrafluoroborate derivatives	298,10	49,10
im-2,1	tcb	imidazolium	tetrafluoroborate derivatives	307,80	48,30
im-2,1	tcb	imidazolium	tetrafluoroborate derivatives	318,00	47,40
im-2,1	tcb	imidazolium	tetrafluoroborate derivatives	328,70	46,60
im-2,1	tcb	imidazolium	tetrafluoroborate derivatives	338,80	45,80
im-2,1	tcb	imidazolium	tetrafluoroborate derivatives	343,00	45,40
im-2,1	tcb	imidazolium	tetrafluoroborate derivatives	297,04	47,09
im-2,1	tcb	imidazolium	tetrafluoroborate derivatives	313,15	43,29
im-2,1	tcb	imidazolium	tetrafluoroborate derivatives	323,15	41,60
im-2,1	tcb	imidazolium	tetrafluoroborate derivatives	333,15	39,53
im-2,1	tcb	imidazolium	tetrafluoroborate derivatives	343,15	38,33
im-2,1	tcb	imidazolium	tetrafluoroborate derivatives	353,15	36,52
im-2,1	tcb	imidazolium	tetrafluoroborate derivatives	363,15	35,80
im-2,1	tcb	imidazolium	tetrafluoroborate derivatives	283,10	49,66
im-2,1	tcb	imidazolium	tetrafluoroborate derivatives	293,26	48,72
im-2,1	tcb	imidazolium	tetrafluoroborate derivatives	303,35	47,57
im-2,1	tcb	imidazolium	tetrafluoroborate derivatives	313,29	46,45
im-2,1	tcb	imidazolium	tetrafluoroborate derivatives	323,20	45,67
im-2,1	tcb	imidazolium	tetrafluoroborate derivatives	333,09	44,87
im-2,1	tcb	imidazolium	tetrafluoroborate derivatives	343,12	44,04
im-2,1	tcb	imidazolium	tetrafluoroborate derivatives	353,45	43,40
im-2,1	tcb	imidazolium	tetrafluoroborate derivatives	283,15	49,40
im-2,1	tcb	imidazolium	tetrafluoroborate derivatives	288,15	48,90
im-2,1	tcb	imidazolium	tetrafluoroborate derivatives	293,15	48,20
im-2,1	tcb	imidazolium	tetrafluoroborate derivatives	298,15	47,80
im-2,1	tcb	imidazolium	tetrafluoroborate derivatives	303,15	47,60
im-2,1	tcb	imidazolium	tetrafluoroborate derivatives	308,15	47,10
im-2,1	tcb	imidazolium	tetrafluoroborate derivatives	313,15	46,80
im-2,1	tcb	imidazolium	tetrafluoroborate derivatives	318,15	46,40
im-2,1	tcb	imidazolium	tetrafluoroborate derivatives	323,15	46,20
im-2,1	tcb	imidazolium	tetrafluoroborate derivatives	328,15	45,50
im-2,1	tcb	imidazolium	tetrafluoroborate derivatives	333,15	45,00
im-2,1	tcb	imidazolium	tetrafluoroborate derivatives	338,15	44,80
im-2,1	tfa	imidazolium	carboxylates	293,15	49,30
im-2,1	tfa	imidazolium	carboxylates	298,15	49,00
im-2,1	tfa	imidazolium	carboxylates	303,15	48,60
im-2,1	tfa	imidazolium	carboxylates	308,15	48,30
im-2,1	tfa	imidazolium	carboxylates	313,15	48,00
im-2,1	tfa	imidazolium	carboxylates	318,15	47,80
im-2,1	tfa	imidazolium	carboxylates	323,15	47,50
im-2,1	tfa	imidazolium	carboxylates	328,15	47,20
im-2,1	tfa	imidazolium	carboxylates	333,15	46,90
im-2,1	tfa	imidazolium	carboxylates	338,15	46,50
im-2,1	tfa	imidazolium	carboxylates	343,15	46,20
im-2,1	tfes	imidazolium	sulfonates	303,15	43,29
im-2,1	tfes	imidazolium	sulfonates	313,15	42,45
im-2,1	tfes	imidazolium	sulfonates	323,15	42,03
im-2,1	tfes	imidazolium	sulfonates	333,15	41,43
im-2,1	val	imidazolium	aminoacids	303,15	38,80
im-2,1	val	imidazolium	aminoacids	308,15	38,50
im-2,1	val	imidazolium	aminoacids	313,15	38,10
im-2,1	val	imidazolium	aminoacids	318,15	37,80
im-2,1	val	imidazolium	aminoacids	328,15	37,20
im-2,1	val	imidazolium	aminoacids	333,15	36,80
im-2,1	val	imidazolium	aminoacids	338,15	36,50
im-2,2	ntf2	imidazolium	bistriflamide derivatives	298,60	35,60
im-2,2	ntf2	imidazolium	bistriflamide derivatives	307,90	35,10
im-2,2	ntf2	imidazolium	bistriflamide derivatives	318,00	34,60
im-2,2	ntf2	imidazolium	bistriflamide derivatives	328,50	34,10
im-2,2	ntf2	imidazolium	bistriflamide derivatives	338,60	33,60
im-2,2	ntf2	imidazolium	bistriflamide derivatives	342,80	33,40
im-2,2	ntf2	imidazolium	bistriflamide derivatives	293,15	35,76
im-2,2	ntf2	imidazolium	bistriflamide derivatives	303,15	35,37
im-2,2	ntf2	imidazolium	bistriflamide derivatives	313,15	34,94
im-2,2	ntf2	imidazolium	bistriflamide derivatives	323,15	34,56
im-2,2	ntf2	imidazolium	bistriflamide derivatives	333,15	34,15
im-2,2	ntf2	imidazolium	bistriflamide derivatives	343,15	33,70
im-2	ac	imidazolium	carboxylates	298,10	37,80
im-2	ac	imidazolium	carboxylates	307,80	36,70
im-2	ac	imidazolium	carboxylates	318,50	36,10
im-2	ac	imidazolium	carboxylates	328,30	35,00
im-2	ac	imidazolium	carboxylates	339,90	33,70
im-2	ac	imidazolium	carboxylates	344,20	33,30
im-2	ntf2	imidazolium	bistriflamide derivatives	330,00	33,10
im-2cn,2o2	dca	imidazolium	dicyanamides	293,15	22,03
im-2cn,2o2	dca	imidazolium	dicyanamides	313,15	21,29
im-2cn,2o2	dca	imidazolium	dicyanamides	333,15	20,32
im-2cn,2o2	dca	imidazolium	dicyanamides	353,15	19,37
im-2cn,2o2	ntf2	imidazolium	bistriflamide derivatives	293,15	24,05
im-2cn,2o2	ntf2	imidazolium	bistriflamide derivatives	313,15	23,34
im-2cn,2o2	ntf2	imidazolium	bistriflamide derivatives	333,15	22,56
im-2cn,2o2	ntf2	imidazolium	bistriflamide derivatives	353,15	21,54
im-2cn,2o2	tfa	imidazolium	carboxylates	293,15	40,47
im-2cn,2o2	tfa	imidazolium	carboxylates	313,15	39,44
im-2cn,2o2	tfa	imidazolium	carboxylates	333,15	38,70
im-2cn,2o2	tfa	imidazolium	carboxylates	353,15	38,09
im-2nh2,1	bf4	imidazolium	tetrafluoroborate derivatives	298,15	53,42
im-2nh2,1	bf4	imidazolium	tetrafluoroborate derivatives	293,15	53,80
im-2nh2,1	bf4	imidazolium	tetrafluoroborate derivatives	298,15	53,50
im-2nh2,1	bf4	imidazolium	tetrafluoroborate derivatives	303,15	53,20
im-2nh2,1	bf4	imidazolium	tetrafluoroborate derivatives	308,15	52,40
im-2nh2,1	bf4	imidazolium	tetrafluoroborate derivatives	313,15	52,00
im-2nh2,1	bf4	imidazolium	tetrafluoroborate derivatives	318,15	51,50
im-2nh2,1	bf4	imidazolium	tetrafluoroborate derivatives	323,15	51,30
im-2nh2,1	bf4	imidazolium	tetrafluoroborate derivatives	328,15	50,80
im-2nh2,1	bf4	imidazolium	tetrafluoroborate derivatives	333,15	50,30
im-2nh2,1	bf4	imidazolium	tetrafluoroborate derivatives	338,15	50,20
im-2nh2,1	bf4	imidazolium	tetrafluoroborate derivatives	343,15	49,80
im-2nh2,1	bf4	imidazolium	tetrafluoroborate derivatives	348,15	49,40
im-2nh2,1	bf4	imidazolium	tetrafluoroborate derivatives	353,15	48,80
im-2nh2,1	pf6	imidazolium	hexafluorophosphate derivatives	298,15	55,42
im-2nh2,1	pf6	imidazolium	hexafluorophosphate derivatives	293,15	55,86
im-2nh2,1	pf6	imidazolium	hexafluorophosphate derivatives	298,15	55,42
im-2nh2,1	pf6	imidazolium	hexafluorophosphate derivatives	303,15	55,04
im-2nh2,1	pf6	imidazolium	hexafluorophosphate derivatives	308,15	54,59
im-2nh2,1	pf6	imidazolium	hexafluorophosphate derivatives	313,15	54,29
im-2nh2,1	pf6	imidazolium	hexafluorophosphate derivatives	318,15	53,80
im-2nh2,1	pf6	imidazolium	hexafluorophosphate derivatives	323,15	53,63
im-2nh2,1	pf6	imidazolium	hexafluorophosphate derivatives	328,15	53,23
im-2nh2,1	pf6	imidazolium	hexafluorophosphate derivatives	333,15	52,94
im-2nh2,1	pf6	imidazolium	hexafluorophosphate derivatives	338,15	52,57
im-2nh2,1	pf6	imidazolium	hexafluorophosphate derivatives	343,15	52,35
im-2nh2,1	pf6	imidazolium	hexafluorophosphate derivatives	348,15	52,07
im-2nh2,1	pf6	imidazolium	hexafluorophosphate derivatives	353,15	51,86
im-2o1,1	bf4	imidazolium	tetrafluoroborate derivatives	293,15	35,31
im-2o1,1	so3-1	imidazolium	sulfonates	298,15	48,79
im-2o1,1	so3-1	imidazolium	sulfonates	303,15	48,24
im-2o1,1	so3-1	imidazolium	sulfonates	308,15	47,80
im-2o1,1	so3-1	imidazolium	sulfonates	313,15	47,33
im-2o1,1	so3-1	imidazolium	sulfonates	318,15	46,84
im-2o1,1	so3-1	imidazolium	sulfonates	323,15	46,33
im-2o1,1	so3-1	imidazolium	sulfonates	328,15	45,78
im-2o1,1	so3-1	imidazolium	sulfonates	333,15	45,28
im-2o1,1	so3-1	imidazolium	sulfonates	338,15	44,65
im-2o1,1	so3-1	imidazolium	sulfonates	343,15	44,12
im-2oh,1	bf4	imidazolium	tetrafluoroborate derivatives	298,85	64,70
im-2oh,1	bf4	imidazolium	tetrafluoroborate derivatives	304,63	64,60
im-2oh,1	bf4	imidazolium	tetrafluoroborate derivatives	314,40	64,00
im-2oh,1	bf4	imidazolium	tetrafluoroborate derivatives	324,66	63,50
im-2oh,1	bf4	imidazolium	tetrafluoroborate derivatives	334,43	62,70
im-2oh,1	bf4	imidazolium	tetrafluoroborate derivatives	353,36	61,70
im-2oh,1	bf4	imidazolium	tetrafluoroborate derivatives	372,20	59,90
im-2oh,1	bf4	imidazolium	tetrafluoroborate derivatives	392,33	59,10
im-2oh,1	bf4	imidazolium	tetrafluoroborate derivatives	411,27	57,50
im-2oh,1	bf4	imidazolium	tetrafluoroborate derivatives	430,80	56,40
im-2oh,1	bf4	imidazolium	tetrafluoroborate derivatives	452,13	55,40
im-2oh,1	bf4	imidazolium	tetrafluoroborate derivatives	470,56	53,60
im-2oh,1	dca	imidazolium	dicyanamides	293,15	45,75
im-2oh,1	ntf2	imidazolium	bistriflamide derivatives	298,15	34,00
im-3,1,1	hso4	imidazolium	sulfates	288,15	47,70
im-3,1,1	hso4	imidazolium	sulfates	293,15	47,40
im-3,1,1	hso4	imidazolium	sulfates	298,15	47,20
im-3,1,1	hso4	imidazolium	sulfates	303,15	46,90
im-3,1,1	hso4	imidazolium	sulfates	308,15	46,60
im-3,1,1	hso4	imidazolium	sulfates	313,15	46,30
im-3,1,1	hso4	imidazolium	sulfates	318,15	46,10
im-3,1,1	hso4	imidazolium	sulfates	323,15	45,80
im-3,1,1	hso4	imidazolium	sulfates	328,15	45,50
im-3,1,1	hso4	imidazolium	sulfates	333,15	45,20
im-3,1,1	hso4	imidazolium	sulfates	338,15	44,90
im-3,1,1	hso4	imidazolium	sulfates	343,15	44,70
im-3,1,1	ntf2	imidazolium	bistriflamide derivatives	298,15	39,14
im-3,1,1	ntf2	imidazolium	bistriflamide derivatives	293,15	41,00
im-3,1	ac	imidazolium	carboxylates	298,15	36,80
im-3,1	ac	imidazolium	carboxylates	303,15	36,30
im-3,1	ac	imidazolium	carboxylates	308,15	35,80
im-3,1	ac	imidazolium	carboxylates	313,15	35,40
im-3,1	ac	imidazolium	carboxylates	318,15	35,10
im-3,1	ac	imidazolium	carboxylates	323,15	34,70
im-3,1	ac	imidazolium	carboxylates	328,15	34,40
im-3,1	ac	imidazolium	carboxylates	333,15	33,90
im-3,1	ac	imidazolium	carboxylates	338,15	33,40
im-3,1	ala	imidazolium	aminoacids	298,15	48,50
im-3,1	bf4	imidazolium	tetrafluoroborate derivatives	297,00	51,10
im-3,1	bf4	imidazolium	tetrafluoroborate derivatives	273,75	50,71
im-3,1	bf4	imidazolium	tetrafluoroborate derivatives	278,50	50,51
im-3,1	bf4	imidazolium	tetrafluoroborate derivatives	283,29	50,25
im-3,1	bf4	imidazolium	tetrafluoroborate derivatives	288,51	49,99
im-3,1	bf4	imidazolium	tetrafluoroborate derivatives	293,05	49,65
im-3,1	bf4	imidazolium	tetrafluoroborate derivatives	298,19	49,50
im-3,1	bf4	imidazolium	tetrafluoroborate derivatives	303,09	49,11
im-3,1	bf4	imidazolium	tetrafluoroborate derivatives	308,05	48,73
im-3,1	bf4	imidazolium	tetrafluoroborate derivatives	313,06	48,58
im-3,1	bf4	imidazolium	tetrafluoroborate derivatives	318,00	48,32
im-3,1	bf4	imidazolium	tetrafluoroborate derivatives	322,85	47,95
im-3,1	bf4	imidazolium	tetrafluoroborate derivatives	328,24	47,64
im-3,1	bf4	imidazolium	tetrafluoroborate derivatives	333,32	47,28
im-3,1	bf4	imidazolium	tetrafluoroborate derivatives	338,08	47,10
im-3,1	bf4	imidazolium	tetrafluoroborate derivatives	342,74	46,86
im-3,1	bf4	imidazolium	tetrafluoroborate derivatives	348,15	46,48
im-3,1	bf4	imidazolium	tetrafluoroborate derivatives	353,21	46,16
im-3,1	bf4	imidazolium	tetrafluoroborate derivatives	359,05	45,89
im-3,1	bf4	imidazolium	tetrafluoroborate derivatives	362,96	45,51
im-3,1	bf4	imidazolium	tetrafluoroborate derivatives	273,79	51,33
im-3,1	bf4	imidazolium	tetrafluoroborate derivatives	278,59	51,07
im-3,1	bf4	imidazolium	tetrafluoroborate derivatives	283,35	50,80
im-3,1	bf4	imidazolium	tetrafluoroborate derivatives	288,60	50,51
im-3,1	bf4	imidazolium	tetrafluoroborate derivatives	293,08	50,23
im-3,1	bf4	imidazolium	tetrafluoroborate derivatives	298,18	49,96
im-3,1	bf4	imidazolium	tetrafluoroborate derivatives	303,09	49,60
im-3,1	bf4	imidazolium	tetrafluoroborate derivatives	308,08	49,16
im-3,1	bf4	imidazolium	tetrafluoroborate derivatives	313,09	49,02
im-3,1	bf4	imidazolium	tetrafluoroborate derivatives	318,00	48,72
im-3,1	bf4	imidazolium	tetrafluoroborate derivatives	322,87	48,32
im-3,1	bf4	imidazolium	tetrafluoroborate derivatives	328,31	47,95
im-3,1	bf4	imidazolium	tetrafluoroborate derivatives	333,50	47,54
im-3,1	bf4	imidazolium	tetrafluoroborate derivatives	338,14	47,43
im-3,1	bf4	imidazolium	tetrafluoroborate derivatives	342,81	46,80
im-3,1	bf4	imidazolium	tetrafluoroborate derivatives	348,07	46,79
im-3,1	bf4	imidazolium	tetrafluoroborate derivatives	353,02	46,07
im-3,1	bf4	imidazolium	tetrafluoroborate derivatives	358,98	45,94
im-3,1	bf4	imidazolium	tetrafluoroborate derivatives	363,80	45,67
im-3,1	bf4	imidazolium	tetrafluoroborate derivatives	288,15	50,68
im-3,1	bf4	imidazolium	tetrafluoroborate derivatives	298,15	50,31
im-3,1	bf4	imidazolium	tetrafluoroborate derivatives	308,15	49,36
im-3,1	bf4	imidazolium	tetrafluoroborate derivatives	318,15	48,73
im-3,1	bf4	imidazolium	tetrafluoroborate derivatives	328,15	48,38
im-3,1	bf4	imidazolium	tetrafluoroborate derivatives	298,15	47,00
im-3,1	bf4	imidazolium	tetrafluoroborate derivatives	308,15	46,40
im-3,1	bf4	imidazolium	tetrafluoroborate derivatives	313,15	46,10
im-3,1	bf4	imidazolium	tetrafluoroborate derivatives	318,15	45,80
im-3,1	bf4	imidazolium	tetrafluoroborate derivatives	323,15	45,40
im-3,1	bf4	imidazolium	tetrafluoroborate derivatives	328,15	45,00
im-3,1	bf4	imidazolium	tetrafluoroborate derivatives	333,15	44,50
im-3,1	bf4	imidazolium	tetrafluoroborate derivatives	338,15	44,10
im-3,1	br	imidazolium	inorganics	328,53	55,02
im-3,1	br	imidazolium	inorganics	333,09	54,74
im-3,1	br	imidazolium	inorganics	337,75	54,46
im-3,1	br	imidazolium	inorganics	343,80	53,93
im-3,1	br	imidazolium	inorganics	348,01	53,75
im-3,1	br	imidazolium	inorganics	352,22	53,51
im-3,1	br	imidazolium	inorganics	358,17	53,09
im-3,1	br	imidazolium	inorganics	362,89	52,72
im-3,1	br	imidazolium	inorganics	328,55	55,07
im-3,1	br	imidazolium	inorganics	333,10	55,08
im-3,1	br	imidazolium	inorganics	337,75	54,69
im-3,1	br	imidazolium	inorganics	343,78	54,17
im-3,1	br	imidazolium	inorganics	347,98	53,66
im-3,1	br	imidazolium	inorganics	352,34	53,52
im-3,1	br	imidazolium	inorganics	358,15	52,86
im-3,1	br	imidazolium	inorganics	362,78	52,94
im-3,1	cl	imidazolium	inorganics	313,04	55,61
im-3,1	cl	imidazolium	inorganics	318,34	55,41
im-3,1	cl	imidazolium	inorganics	323,54	54,98
im-3,1	cl	imidazolium	inorganics	328,41	54,70
im-3,1	cl	imidazolium	inorganics	333,49	54,42
im-3,1	cl	imidazolium	inorganics	337,95	54,09
im-3,1	cl	imidazolium	inorganics	343,39	53,80
im-3,1	cl	imidazolium	inorganics	348,34	53,59
im-3,1	cl	imidazolium	inorganics	353,07	53,29
im-3,1	cl	imidazolium	inorganics	358,45	52,95
im-3,1	cl	imidazolium	inorganics	364,37	52,57
im-3,1	cl	imidazolium	inorganics	308,21	56,70
im-3,1	cl	imidazolium	inorganics	313,07	56,45
im-3,1	cl	imidazolium	inorganics	318,32	56,27
im-3,1	cl	imidazolium	inorganics	323,54	55,92
im-3,1	cl	imidazolium	inorganics	328,46	55,49
im-3,1	cl	imidazolium	inorganics	333,50	55,37
im-3,1	cl	imidazolium	inorganics	338,00	54,98
im-3,1	cl	imidazolium	inorganics	343,45	54,58
im-3,1	cl	imidazolium	inorganics	348,39	54,30
im-3,1	cl	imidazolium	inorganics	353,11	54,07
im-3,1	cl	imidazolium	inorganics	358,50	53,69
im-3,1	cl	imidazolium	inorganics	363,91	53,27
im-3,1	glu	imidazolium	aminoacids	298,15	60,80
im-3,1	glu	imidazolium	aminoacids	318,15	54,70
im-3,1	glu	imidazolium	aminoacids	323,15	53,20
im-3,1	glu	imidazolium	aminoacids	328,15	51,80
im-3,1	glu	imidazolium	aminoacids	333,15	50,10
im-3,1	glu	imidazolium	aminoacids	338,15	48,70
im-3,1	gly	imidazolium	aminoacids	283,15	46,40
im-3,1	gly	imidazolium	aminoacids	288,15	46,10
im-3,1	gly	imidazolium	aminoacids	293,15	45,90
im-3,1	gly	imidazolium	aminoacids	298,15	45,60
im-3,1	gly	imidazolium	aminoacids	303,15	45,30
im-3,1	gly	imidazolium	aminoacids	308,15	45,00
im-3,1	gly	imidazolium	aminoacids	313,15	44,70
im-3,1	gly	imidazolium	aminoacids	318,15	44,40
im-3,1	gly	imidazolium	aminoacids	323,15	44,00
im-3,1	gly	imidazolium	aminoacids	328,15	43,70
im-3,1	h2po4	imidazolium	phosphates	288,15	46,40
im-3,1	h2po4	imidazolium	phosphates	293,15	46,10
im-3,1	h2po4	imidazolium	phosphates	298,15	45,80
im-3,1	h2po4	imidazolium	phosphates	303,15	45,50
im-3,1	h2po4	imidazolium	phosphates	308,15	45,20
im-3,1	h2po4	imidazolium	phosphates	313,15	44,90
im-3,1	h2po4	imidazolium	phosphates	318,15	44,60
im-3,1	h2po4	imidazolium	phosphates	323,15	44,30
im-3,1	h2po4	imidazolium	phosphates	328,15	44,00
im-3,1	h2po4	imidazolium	phosphates	333,15	43,70
im-3,1	h2po4	imidazolium	phosphates	338,15	43,40
im-3,1	h2po4	imidazolium	phosphates	343,15	43,10
im-3,1	hco3	imidazolium	inorganics	288,15	38,10
im-3,1	hco3	imidazolium	inorganics	293,15	37,70
im-3,1	hco3	imidazolium	inorganics	298,15	37,30
im-3,1	hco3	imidazolium	inorganics	303,15	36,80
im-3,1	hco3	imidazolium	inorganics	308,15	36,40
im-3,1	hco3	imidazolium	inorganics	313,15	36,00
im-3,1	hco3	imidazolium	inorganics	318,15	35,60
im-3,1	hco3	imidazolium	inorganics	323,15	35,20
im-3,1	hco3	imidazolium	inorganics	328,15	34,80
im-3,1	hco3	imidazolium	inorganics	333,15	34,40
im-3,1	hco3	imidazolium	inorganics	338,15	34,00
im-3,1	hco3	imidazolium	inorganics	343,15	33,60
im-3,1	i	imidazolium	inorganics	298,21	56,85
im-3,1	i	imidazolium	inorganics	303,18	56,60
im-3,1	i	imidazolium	inorganics	308,12	56,32
im-3,1	i	imidazolium	inorganics	313,10	56,02
im-3,1	i	imidazolium	inorganics	318,38	55,77
im-3,1	i	imidazolium	inorganics	323,09	55,40
im-3,1	i	imidazolium	inorganics	328,23	54,98
im-3,1	i	imidazolium	inorganics	333,34	54,80
im-3,1	i	imidazolium	inorganics	338,73	54,50
im-3,1	i	imidazolium	inorganics	343,15	54,25
im-3,1	i	imidazolium	inorganics	348,39	53,92
im-3,1	i	imidazolium	inorganics	352,94	53,68
im-3,1	i	imidazolium	inorganics	357,64	53,42
im-3,1	i	imidazolium	inorganics	364,74	52,96
im-3,1	i	imidazolium	inorganics	298,19	57,03
im-3,1	i	imidazolium	inorganics	303,17	56,79
im-3,1	i	imidazolium	inorganics	308,23	56,30
im-3,1	i	imidazolium	inorganics	313,13	55,91
im-3,1	i	imidazolium	inorganics	318,26	55,80
im-3,1	i	imidazolium	inorganics	323,17	55,47
im-3,1	i	imidazolium	inorganics	328,24	54,94
im-3,1	i	imidazolium	inorganics	333,52	54,85
im-3,1	i	imidazolium	inorganics	338,71	54,59
im-3,1	i	imidazolium	inorganics	343,36	54,05
im-3,1	i	imidazolium	inorganics	348,63	53,93
im-3,1	i	imidazolium	inorganics	353,04	53,74
im-3,1	i	imidazolium	inorganics	358,06	53,42
im-3,1	no3	imidazolium	inorganics	297,00	54,50
im-3,1	npf2	imidazolium	bistriflamide derivatives	297,00	32,90
im-3,1	ntf2	imidazolium	bistriflamide derivatives	293,15	34,87
im-3,1	ntf2	imidazolium	bistriflamide derivatives	303,15	34,22
im-3,1	ntf2	imidazolium	bistriflamide derivatives	313,15	33,73
im-3,1	ntf2	imidazolium	bistriflamide derivatives	323,15	33,31
im-3,1	ntf2	imidazolium	bistriflamide derivatives	333,15	32,79
im-3,1	ntf2	imidazolium	bistriflamide derivatives	343,15	32,18
im-3,1	ntf2	imidazolium	bistriflamide derivatives	298,15	36,18
im-3,1	ntf2	imidazolium	bistriflamide derivatives	297,00	35,90
im-3,1	ntf2	imidazolium	bistriflamide derivatives	393,50	29,40
im-3,1	ntf2	imidazolium	bistriflamide derivatives	413,60	28,20
im-3,1	ntf2	imidazolium	bistriflamide derivatives	433,30	27,60
im-3,1	ntf2	imidazolium	bistriflamide derivatives	453,20	26,80
im-3,1	pf6	imidazolium	hexafluorophosphate derivatives	318,33	46,41
im-3,1	pf6	imidazolium	hexafluorophosphate derivatives	352,08	44,31
im-3,1	pf6	imidazolium	hexafluorophosphate derivatives	332,63	45,20
im-3,1	pf6	imidazolium	hexafluorophosphate derivatives	343,25	44,83
im-3,1	pf6	imidazolium	hexafluorophosphate derivatives	323,12	46,09
im-3,1	pf6	imidazolium	hexafluorophosphate derivatives	348,08	44,54
im-3,1	pf6	imidazolium	hexafluorophosphate derivatives	333,28	45,82
im-3,1	pf6	imidazolium	hexafluorophosphate derivatives	338,21	45,14
im-3,1	pf6	imidazolium	hexafluorophosphate derivatives	328,13	45,76
im-3,1	pf6	imidazolium	hexafluorophosphate derivatives	318,39	46,75
im-3,1	pf6	imidazolium	hexafluorophosphate derivatives	352,00	44,38
im-3,1	pf6	imidazolium	hexafluorophosphate derivatives	332,59	45,52
im-3,1	pf6	imidazolium	hexafluorophosphate derivatives	343,26	44,86
im-3,1	pf6	imidazolium	hexafluorophosphate derivatives	323,13	46,33
im-3,1	pf6	imidazolium	hexafluorophosphate derivatives	348,02	44,66
im-3,1	pf6	imidazolium	hexafluorophosphate derivatives	338,14	45,65
im-3,1	pf6	imidazolium	hexafluorophosphate derivatives	328,14	45,93
im-3,1	pf6	imidazolium	hexafluorophosphate derivatives	293,21	48,34
im-3,1	pf6	imidazolium	hexafluorophosphate derivatives	298,20	47,99
im-3,1	pf6	imidazolium	hexafluorophosphate derivatives	303,01	47,68
im-3,1	pf6	imidazolium	hexafluorophosphate derivatives	308,20	47,36
im-3,1	pf6	imidazolium	hexafluorophosphate derivatives	313,17	47,06
im-3,1	pf6	imidazolium	hexafluorophosphate derivatives	318,07	46,74
im-3,1	pf6	imidazolium	hexafluorophosphate derivatives	323,11	46,40
im-3,1	pf6	imidazolium	hexafluorophosphate derivatives	328,25	46,06
im-3,1	pf6	imidazolium	hexafluorophosphate derivatives	333,45	45,73
im-3,1	pf6	imidazolium	hexafluorophosphate derivatives	338,46	45,41
im-3,1	pf6	imidazolium	hexafluorophosphate derivatives	343,30	45,14
im-3,1	pf6	imidazolium	hexafluorophosphate derivatives	348,25	44,78
im-3,1	pf6	imidazolium	hexafluorophosphate derivatives	352,68	44,50
im-3,1	pf6	imidazolium	hexafluorophosphate derivatives	358,24	44,23
im-3,1	pf6	imidazolium	hexafluorophosphate derivatives	364,96	43,78
im-3,1	pf6	imidazolium	hexafluorophosphate derivatives	293,23	47,98
im-3,1	pf6	imidazolium	hexafluorophosphate derivatives	298,23	47,77
im-3,1	pf6	imidazolium	hexafluorophosphate derivatives	303,04	48,03
im-3,1	pf6	imidazolium	hexafluorophosphate derivatives	308,21	47,15
im-3,1	pf6	imidazolium	hexafluorophosphate derivatives	313,22	47,18
im-3,1	pf6	imidazolium	hexafluorophosphate derivatives	318,17	46,99
im-3,1	pf6	imidazolium	hexafluorophosphate derivatives	323,22	46,76
im-3,1	pf6	imidazolium	hexafluorophosphate derivatives	328,22	46,09
im-3,1	pf6	imidazolium	hexafluorophosphate derivatives	333,39	45,83
im-3,1	pf6	imidazolium	hexafluorophosphate derivatives	338,46	45,38
im-3,1	pf6	imidazolium	hexafluorophosphate derivatives	343,28	44,84
im-3,1	pf6	imidazolium	hexafluorophosphate derivatives	348,20	44,80
im-3,1	pf6	imidazolium	hexafluorophosphate derivatives	352,76	44,38
im-3,1	pf6	imidazolium	hexafluorophosphate derivatives	358,22	43,88
im-3,1	pf6	imidazolium	hexafluorophosphate derivatives	365,07	43,64
im-3,1	pro	imidazolium	aminoacids	288,15	37,70
im-3,1	pro	imidazolium	aminoacids	293,15	37,50
im-3,1	pro	imidazolium	aminoacids	298,15	37,30
im-3,1	pro	imidazolium	aminoacids	303,15	37,10
im-3,1	pro	imidazolium	aminoacids	308,15	36,90
im-3,1	pro	imidazolium	aminoacids	313,15	36,70
im-3,1	pro	imidazolium	aminoacids	318,15	36,50
im-3,1	pro	imidazolium	aminoacids	323,15	36,20
im-3,1	pro	imidazolium	aminoacids	328,15	36,00
im-3,1	pro	imidazolium	aminoacids	298,15	38,40
im-3,1	scn	imidazolium	inorganics	293,15	50,60
im-3,1	scn	imidazolium	inorganics	298,15	49,80
im-3,1	scn	imidazolium	inorganics	303,15	49,10
im-3,1	scn	imidazolium	inorganics	308,15	48,30
im-3,1	scn	imidazolium	inorganics	313,15	47,50
im-3,1	scn	imidazolium	inorganics	318,15	46,80
im-3,1	scn	imidazolium	inorganics	323,15	46,00
im-3,1	scn	imidazolium	inorganics	328,15	45,30
im-3,1	scn	imidazolium	inorganics	333,15	44,50
im-3,1	scn	imidazolium	inorganics	338,15	43,80
im-3,1	scn	imidazolium	inorganics	343,15	43,00
im-3,1	ser	imidazolium	aminoacids	298,15	46,80
im-3,1	ser	imidazolium	aminoacids	303,15	46,60
im-3,1	ser	imidazolium	aminoacids	308,15	46,40
im-3,1	ser	imidazolium	aminoacids	313,15	46,10
im-3,1	ser	imidazolium	aminoacids	318,15	45,80
im-3,1	ser	imidazolium	aminoacids	323,15	45,60
im-3,1	ser	imidazolium	aminoacids	328,15	45,40
im-3,1	ser	imidazolium	aminoacids	333,15	45,10
im-3,1	ser	imidazolium	aminoacids	338,15	44,90
im-3,1	so4-1	imidazolium	sulfates	296,70	52,30
im-3,1	so4-2	imidazolium	sulfates	296,70	48,60
im-3,1	so4-3	imidazolium	sulfates	296,70	42,10
im-3,1	so4-4	imidazolium	sulfates	296,70	38,20
im-3,1	tau	imidazolium	sulfonates	288,15	50,40
im-3,1	tau	imidazolium	sulfonates	293,15	50,00
im-3,1	tau	imidazolium	sulfonates	298,15	49,50
im-3,1	tau	imidazolium	sulfonates	303,15	49,10
im-3,1	tau	imidazolium	sulfonates	308,15	48,70
im-3,1	tau	imidazolium	sulfonates	313,15	48,30
im-3,1	tau	imidazolium	sulfonates	318,15	48,00
im-3,1	tau	imidazolium	sulfonates	323,15	47,60
im-3,1	tau	imidazolium	sulfonates	328,15	47,10
im-3,1	tfa	imidazolium	carboxylates	293,15	46,40
im-3,1	tfa	imidazolium	carboxylates	298,15	46,10
im-3,1	tfa	imidazolium	carboxylates	303,15	45,80
im-3,1	tfa	imidazolium	carboxylates	308,15	45,40
im-3,1	tfa	imidazolium	carboxylates	313,15	45,10
im-3,1	tfa	imidazolium	carboxylates	318,15	44,80
im-3,1	tfa	imidazolium	carboxylates	323,15	44,60
im-3,1	tfa	imidazolium	carboxylates	328,15	44,20
im-3,1	tfa	imidazolium	carboxylates	333,15	43,90
im-3,1	tfa	imidazolium	carboxylates	338,15	43,70
im-3,1	tfa	imidazolium	carboxylates	343,15	43,50
im-3,1	thr	imidazolium	aminoacids	288,15	41,40
im-3,1	thr	imidazolium	aminoacids	293,15	41,10
im-3,1	thr	imidazolium	aminoacids	298,15	40,70
im-3,1	thr	imidazolium	aminoacids	303,15	40,40
im-3,1	thr	imidazolium	aminoacids	308,15	40,10
im-3,1	thr	imidazolium	aminoacids	313,15	39,80
im-3,1	thr	imidazolium	aminoacids	318,15	39,40
im-3,1	thr	imidazolium	aminoacids	323,15	39,10
im-3,1	thr	imidazolium	aminoacids	328,15	38,70
im-3,1	val	imidazolium	aminoacids	303,15	37,80
im-3,1	val	imidazolium	aminoacids	308,15	37,30
im-3,1	val	imidazolium	aminoacids	313,15	36,90
im-3,1	val	imidazolium	aminoacids	318,15	36,60
im-3,1	val	imidazolium	aminoacids	323,15	36,20
im-3,1	val	imidazolium	aminoacids	328,15	35,80
im-3,1	val	imidazolium	aminoacids	333,15	35,50
im-3,2	ntf2	imidazolium	bistriflamide derivatives	295,75	33,10
im-3,2	ntf2	imidazolium	bistriflamide derivatives	307,45	32,60
im-3,2	ntf2	imidazolium	bistriflamide derivatives	315,15	32,10
im-3,2	ntf2	imidazolium	bistriflamide derivatives	327,15	31,40
im-3,2	ntf2	imidazolium	bistriflamide derivatives	336,15	31,10
im-3,2	ntf2	imidazolium	bistriflamide derivatives	347,15	30,60
im-3,3	ntf2	imidazolium	bistriflamide derivatives	298,40	32,40
im-3,3	ntf2	imidazolium	bistriflamide derivatives	308,30	31,90
im-3,3	ntf2	imidazolium	bistriflamide derivatives	318,00	31,40
im-3,3	ntf2	imidazolium	bistriflamide derivatives	328,80	30,90
im-3,3	ntf2	imidazolium	bistriflamide derivatives	339,20	30,40
im-3,3	ntf2	imidazolium	bistriflamide derivatives	342,00	30,20
im-3,3	ntf2	imidazolium	bistriflamide derivatives	330,00	32,00
im-3cn,1,1	dca	imidazolium	dicyanamides	298,15	40,50
im-3cn,1,1	ntf2	imidazolium	bistriflamide derivatives	298,15	45,20
im-3cn,1	bf4	imidazolium	tetrafluoroborate derivatives	298,15	48,30
im-3cn,1	bf4	imidazolium	tetrafluoroborate derivatives	288,15	49,10
im-3cn,1	bf4	imidazolium	tetrafluoroborate derivatives	293,15	48,70
im-3cn,1	bf4	imidazolium	tetrafluoroborate derivatives	298,15	48,40
im-3cn,1	bf4	imidazolium	tetrafluoroborate derivatives	303,15	48,10
im-3cn,1	bf4	imidazolium	tetrafluoroborate derivatives	308,15	47,70
im-3cn,1	bf4	imidazolium	tetrafluoroborate derivatives	313,15	47,40
im-3cn,1	bf4	imidazolium	tetrafluoroborate derivatives	318,15	47,10
im-3cn,1	bf4	imidazolium	tetrafluoroborate derivatives	323,15	46,80
im-3cn,1	dca	imidazolium	dicyanamides	298,15	51,40
im-3cn,1	ntf2	imidazolium	bistriflamide derivatives	298,15	52,20
im-3nh2,1	bf4	imidazolium	tetrafluoroborate derivatives	293,15	47,20
im-3nh2,1	bf4	imidazolium	tetrafluoroborate derivatives	298,15	47,10
im-3nh2,1	bf4	imidazolium	tetrafluoroborate derivatives	303,15	46,40
im-3nh2,1	bf4	imidazolium	tetrafluoroborate derivatives	308,15	46,20
im-3nh2,1	bf4	imidazolium	tetrafluoroborate derivatives	313,15	46,10
im-3nh2,1	bf4	imidazolium	tetrafluoroborate derivatives	318,15	45,40
im-3nh2,1	bf4	imidazolium	tetrafluoroborate derivatives	323,15	45,20
im-3nh2,1	bf4	imidazolium	tetrafluoroborate derivatives	328,15	44,80
im-3nh2,1	bf4	imidazolium	tetrafluoroborate derivatives	333,15	44,60
im-3nh2,1	bf4	imidazolium	tetrafluoroborate derivatives	338,15	44,10
im-3nh2,1	bf4	imidazolium	tetrafluoroborate derivatives	343,15	43,80
im-3nh2,1	bf4	imidazolium	tetrafluoroborate derivatives	348,15	43,40
im-3nh2,1	bf4	imidazolium	tetrafluoroborate derivatives	353,15	43,10
im-3nh2,1	pf6	imidazolium	hexafluorophosphate derivatives	293,15	51,06
im-3nh2,1	pf6	imidazolium	hexafluorophosphate derivatives	298,15	50,84
im-3nh2,1	pf6	imidazolium	hexafluorophosphate derivatives	303,15	50,61
im-3nh2,1	pf6	imidazolium	hexafluorophosphate derivatives	308,15	50,25
im-3nh2,1	pf6	imidazolium	hexafluorophosphate derivatives	313,15	50,02
im-3nh2,1	pf6	imidazolium	hexafluorophosphate derivatives	318,15	49,94
im-3nh2,1	pf6	imidazolium	hexafluorophosphate derivatives	323,15	49,70
im-3nh2,1	pf6	imidazolium	hexafluorophosphate derivatives	328,15	49,29
im-3nh2,1	pf6	imidazolium	hexafluorophosphate derivatives	333,15	49,26
im-3nh2,1	pf6	imidazolium	hexafluorophosphate derivatives	338,15	49,04
im-3nh2,1	pf6	imidazolium	hexafluorophosphate derivatives	343,15	48,79
im-3nh2,1	pf6	imidazolium	hexafluorophosphate derivatives	348,15	48,61
im-3nh2,1	pf6	imidazolium	hexafluorophosphate derivatives	353,15	48,49
im-3nhconh4,1	ntf2	imidazolium	bistriflamide derivatives	283,15	32,70
im-3nhconh4,1	ntf2	imidazolium	bistriflamide derivatives	288,15	32,40
im-3nhconh4,1	ntf2	imidazolium	bistriflamide derivatives	293,15	32,20
im-3nhconh4,1	ntf2	imidazolium	bistriflamide derivatives	298,15	31,80
im-3nhconh4,1	ntf2	imidazolium	bistriflamide derivatives	303,15	31,60
im-3nhconh4,1	ntf2	imidazolium	bistriflamide derivatives	308,15	31,00
im-3nhconh4,1	ntf2	imidazolium	bistriflamide derivatives	313,15	30,80
im-3nhconh4,1	ntf2	imidazolium	bistriflamide derivatives	318,15	30,50
im-3nhconh4,1	ntf2	imidazolium	bistriflamide derivatives	323,15	30,30
im-3nhconh4,1	ntf2	imidazolium	bistriflamide derivatives	328,15	29,80
im-3nhconh4,1	ntf2	imidazolium	bistriflamide derivatives	333,15	29,40
im-3nhconh4,1	ntf2	imidazolium	bistriflamide derivatives	338,15	29,00
im-4,1,(im-1)	dca	imidazolium	dicyanamides	296,15	35,80
im-4,1,1	dca	imidazolium	dicyanamides	296,15	48,90
im-4,1,1	hso4	imidazolium	sulfates	288,15	45,30
im-4,1,1	hso4	imidazolium	sulfates	293,15	45,00
im-4,1,1	hso4	imidazolium	sulfates	298,15	44,80
im-4,1,1	hso4	imidazolium	sulfates	303,15	44,50
im-4,1,1	hso4	imidazolium	sulfates	308,15	44,20
im-4,1,1	hso4	imidazolium	sulfates	313,15	43,90
im-4,1,1	hso4	imidazolium	sulfates	318,15	43,70
im-4,1,1	hso4	imidazolium	sulfates	323,15	43,40
im-4,1,1	hso4	imidazolium	sulfates	328,15	43,10
im-4,1,1	hso4	imidazolium	sulfates	333,15	42,80
im-4,1,1	hso4	imidazolium	sulfates	338,15	42,60
im-4,1,1	hso4	imidazolium	sulfates	343,15	42,30
im-4,1,1	ntf2	imidazolium	bistriflamide derivatives	293,15	26,66
im-4,1,1	ntf2	imidazolium	bistriflamide derivatives	293,15	37,40
im-4,1,1	ntf2	imidazolium	bistriflamide derivatives	303,15	35,54
im-4,1,1	ntf2	imidazolium	bistriflamide derivatives	313,15	33,83
im-4,1,1	ntf2	imidazolium	bistriflamide derivatives	323,15	32,20
im-4,1,1	ntf2	imidazolium	bistriflamide derivatives	333,15	30,49
im-4,1,1	ntf2	imidazolium	bistriflamide derivatives	343,15	28,74
im-4,1,1	ntf2	imidazolium	bistriflamide derivatives	298,15	38,21
im-4,1,1	ntf2	imidazolium	bistriflamide derivatives	298,20	34,50
im-4,1,1	ntf2	imidazolium	bistriflamide derivatives	330,00	32,70
im-4,1,1	ntf2	imidazolium	bistriflamide derivatives	298,15	32,50
im-4,1,1	ntf2	imidazolium	bistriflamide derivatives	303,15	32,20
im-4,1,1	ntf2	imidazolium	bistriflamide derivatives	308,15	32,00
im-4,1,1	ntf2	imidazolium	bistriflamide derivatives	313,15	31,80
im-4,1,1	ntf2	imidazolium	bistriflamide derivatives	318,15	31,60
im-4,1,1	ntf2	imidazolium	bistriflamide derivatives	323,15	31,40
im-4,1,1	ntf2	imidazolium	bistriflamide derivatives	328,15	31,20
im-4,1,1	ntf2	imidazolium	bistriflamide derivatives	333,15	31,00
im-4,1,1	ntf2	imidazolium	bistriflamide derivatives	338,15	30,70
im-4,1,1	pf6	imidazolium	hexafluorophosphate derivatives	303,15	44,80
im-4,1,1	pf6	imidazolium	hexafluorophosphate derivatives	313,15	44,07
im-4,1,1	pf6	imidazolium	hexafluorophosphate derivatives	323,15	43,52
im-4,1,1	pf6	imidazolium	hexafluorophosphate derivatives	333,15	42,68
im-4,1,1	pf6	imidazolium	hexafluorophosphate derivatives	343,15	42,02
im-4,1,1	pf6	imidazolium	hexafluorophosphate derivatives	353,15	41,37
im-4,1,1	pf6	imidazolium	hexafluorophosphate derivatives	298,17	44,42
im-4,1,1	pf6	imidazolium	hexafluorophosphate derivatives	313,07	43,73
im-4,1,1	pf6	imidazolium	hexafluorophosphate derivatives	323,27	43,16
im-4,1,1	pf6	imidazolium	hexafluorophosphate derivatives	333,13	42,60
im-4,1,1	pf6	imidazolium	hexafluorophosphate derivatives	338,38	42,38
im-4,1,1	pf6	imidazolium	hexafluorophosphate derivatives	343,51	42,13
im-4,1,1	pf6	imidazolium	hexafluorophosphate derivatives	348,43	41,89
im-4,1,1	pf6	imidazolium	hexafluorophosphate derivatives	353,08	41,68
im-4,1,1	pf6	imidazolium	hexafluorophosphate derivatives	358,76	41,41
im-4,1,1	pf6	imidazolium	hexafluorophosphate derivatives	364,84	41,11
im-4,1,1	pf6	imidazolium	hexafluorophosphate derivatives	323,02	43,24
im-4,1,1	pf6	imidazolium	hexafluorophosphate derivatives	327,60	42,96
im-4,1,1	pf6	imidazolium	hexafluorophosphate derivatives	333,18	42,58
im-4,1,1	pf6	imidazolium	hexafluorophosphate derivatives	338,24	42,24
im-4,1,1	pf6	imidazolium	hexafluorophosphate derivatives	343,75	41,89
im-4,1,1	pf6	imidazolium	hexafluorophosphate derivatives	348,09	41,63
im-4,1,1	pf6	imidazolium	hexafluorophosphate derivatives	353,61	41,30
im-4,1,1	pf6	imidazolium	hexafluorophosphate derivatives	358,09	40,94
im-4,1,1	pf6	imidazolium	hexafluorophosphate derivatives	364,84	40,51
im-4,1	1ac	imidazolium	carboxylates	298,15	36,20
im-4,1	1ac	imidazolium	carboxylates	303,15	35,80
im-4,1	1ac	imidazolium	carboxylates	313,15	35,40
im-4,1	1ac	imidazolium	carboxylates	323,15	35,10
im-4,1	1ac	imidazolium	carboxylates	333,15	34,80
im-4,1	1ac	imidazolium	carboxylates	343,15	34,40
im-4,1	2ac	imidazolium	carboxylates	298,15	34,30
im-4,1	2ac	imidazolium	carboxylates	303,15	33,90
im-4,1	2ac	imidazolium	carboxylates	313,15	33,20
im-4,1	2ac	imidazolium	carboxylates	323,15	32,80
im-4,1	2ac	imidazolium	carboxylates	333,15	32,10
im-4,1	2ac	imidazolium	carboxylates	343,15	31,60
im-4,1	6ac	imidazolium	carboxylates	296,70	25,20
im-4,1	ac	imidazolium	carboxylates	298,00	36,40
im-4,1	ac	imidazolium	carboxylates	307,80	35,90
im-4,1	ac	imidazolium	carboxylates	318,00	35,50
im-4,1	ac	imidazolium	carboxylates	328,60	35,10
im-4,1	ac	imidazolium	carboxylates	339,00	34,70
im-4,1	ac	imidazolium	carboxylates	343,50	34,40
im-4,1	ac	imidazolium	carboxylates	298,15	35,20
im-4,1	ac	imidazolium	carboxylates	303,15	34,90
im-4,1	ac	imidazolium	carboxylates	308,15	34,60
im-4,1	ac	imidazolium	carboxylates	313,15	34,20
im-4,1	ac	imidazolium	carboxylates	318,15	33,90
im-4,1	ac	imidazolium	carboxylates	323,15	33,30
im-4,1	ac	imidazolium	carboxylates	328,15	32,80
im-4,1	ac	imidazolium	carboxylates	333,15	32,60
im-4,1	ac	imidazolium	carboxylates	338,15	32,20
im-4,1	ac	imidazolium	carboxylates	293,20	37,87
im-4,1	ac	imidazolium	carboxylates	298,20	37,61
im-4,1	ac	imidazolium	carboxylates	303,20	37,36
im-4,1	ac	imidazolium	carboxylates	308,20	37,11
im-4,1	ac	imidazolium	carboxylates	313,20	36,88
im-4,1	ac	imidazolium	carboxylates	318,20	36,63
im-4,1	ac	imidazolium	carboxylates	323,20	36,42
im-4,1	ac	imidazolium	carboxylates	328,20	36,20
im-4,1	ac	imidazolium	carboxylates	298,15	39,20
im-4,1	ac	imidazolium	carboxylates	303,15	39,00
im-4,1	ac	imidazolium	carboxylates	313,15	38,70
im-4,1	ac	imidazolium	carboxylates	323,15	38,30
im-4,1	ac	imidazolium	carboxylates	333,15	38,10
im-4,1	ac	imidazolium	carboxylates	343,15	37,70
im-4,1	ac	imidazolium	carboxylates	298,15	39,20
im-4,1	ac	imidazolium	carboxylates	303,15	39,00
im-4,1	ac	imidazolium	carboxylates	313,15	38,70
im-4,1	ac	imidazolium	carboxylates	323,15	38,30
im-4,1	ac	imidazolium	carboxylates	333,15	38,10
im-4,1	ac	imidazolium	carboxylates	343,15	37,70
im-4,1	ala	imidazolium	aminoacids	298,15	46,10
im-4,1	alcl4	imidazolium	metal complexes	278,20	47,00
im-4,1	alcl4	imidazolium	metal complexes	283,20	46,70
im-4,1	alcl4	imidazolium	metal complexes	288,20	46,20
im-4,1	alcl4	imidazolium	metal complexes	293,20	45,90
im-4,1	alcl4	imidazolium	metal complexes	298,20	45,60
im-4,1	alcl4	imidazolium	metal complexes	303,20	45,50
im-4,1	alcl4	imidazolium	metal complexes	308,20	45,20
im-4,1	alcl4	imidazolium	metal complexes	313,20	44,90
im-4,1	alcl4	imidazolium	metal complexes	318,20	44,70
im-4,1	alcl4	imidazolium	metal complexes	323,20	44,40
im-4,1	alcl4	imidazolium	metal complexes	328,20	44,20
im-4,1	alcl4	imidazolium	metal complexes	333,20	43,80
im-4,1	alcl4	imidazolium	metal complexes	338,20	43,50
im-4,1	asp	imidazolium	aminoacids	303,15	53,80
im-4,1	asp	imidazolium	aminoacids	308,15	53,20
im-4,1	asp	imidazolium	aminoacids	313,15	52,20
im-4,1	asp	imidazolium	aminoacids	318,15	51,10
im-4,1	asp	imidazolium	aminoacids	323,15	50,20
im-4,1	asp	imidazolium	aminoacids	328,15	49,70
im-4,1	asp	imidazolium	aminoacids	333,15	48,70
im-4,1	asp	imidazolium	aminoacids	338,15	47,50
im-4,1	asp	imidazolium	aminoacids	343,15	47,00
im-4,1	asp	imidazolium	aminoacids	348,15	46,20
im-4,1	aucn2	imidazolium	metal complexes	296,70	46,60
im-4,1	behss	imidazolium	sulfonates	298,15	25,70
im-4,1	behss	imidazolium	sulfonates	298,15	25,70
im-4,1	bf4	imidazolium	tetrafluoroborate derivatives	298,00	46,60
im-4,1	bf4	imidazolium	tetrafluoroborate derivatives	293,15	44,28
im-4,1	bf4	imidazolium	tetrafluoroborate derivatives	298,55	43,92
im-4,1	bf4	imidazolium	tetrafluoroborate derivatives	293,15	44,81
im-4,1	bf4	imidazolium	tetrafluoroborate derivatives	303,15	44,18
im-4,1	bf4	imidazolium	tetrafluoroborate derivatives	312,65	43,58
im-4,1	bf4	imidazolium	tetrafluoroborate derivatives	322,15	42,90
im-4,1	bf4	imidazolium	tetrafluoroborate derivatives	331,45	42,27
im-4,1	bf4	imidazolium	tetrafluoroborate derivatives	341,35	41,64
im-4,1	bf4	imidazolium	tetrafluoroborate derivatives	298,00	43,60
im-4,1	bf4	imidazolium	tetrafluoroborate derivatives	303,00	43,30
im-4,1	bf4	imidazolium	tetrafluoroborate derivatives	308,00	43,00
im-4,1	bf4	imidazolium	tetrafluoroborate derivatives	313,00	42,70
im-4,1	bf4	imidazolium	tetrafluoroborate derivatives	318,00	42,30
im-4,1	bf4	imidazolium	tetrafluoroborate derivatives	323,00	42,00
im-4,1	bf4	imidazolium	tetrafluoroborate derivatives	328,00	41,80
im-4,1	bf4	imidazolium	tetrafluoroborate derivatives	333,00	41,50
im-4,1	bf4	imidazolium	tetrafluoroborate derivatives	338,00	41,20
im-4,1	bf4	imidazolium	tetrafluoroborate derivatives	343,00	40,90
im-4,1	bf4	imidazolium	tetrafluoroborate derivatives	348,00	40,70
im-4,1	bf4	imidazolium	tetrafluoroborate derivatives	353,00	40,40
im-4,1	bf4	imidazolium	tetrafluoroborate derivatives	358,00	40,20
im-4,1	bf4	imidazolium	tetrafluoroborate derivatives	363,00	39,80
im-4,1	bf4	imidazolium	tetrafluoroborate derivatives	368,00	39,50
im-4,1	bf4	imidazolium	tetrafluoroborate derivatives	373,00	39,20
im-4,1	bf4	imidazolium	tetrafluoroborate derivatives	378,00	39,00
im-4,1	bf4	imidazolium	tetrafluoroborate derivatives	383,00	38,80
im-4,1	bf4	imidazolium	tetrafluoroborate derivatives	388,00	38,50
im-4,1	bf4	imidazolium	tetrafluoroborate derivatives	393,00	38,20
im-4,1	bf4	imidazolium	tetrafluoroborate derivatives	298,15	44,00
im-4,1	bf4	imidazolium	tetrafluoroborate derivatives	303,41	43,84
im-4,1	bf4	imidazolium	tetrafluoroborate derivatives	313,79	43,21
im-4,1	bf4	imidazolium	tetrafluoroborate derivatives	323,03	42,58
im-4,1	bf4	imidazolium	tetrafluoroborate derivatives	333,11	42,15
im-4,1	bf4	imidazolium	tetrafluoroborate derivatives	342,40	41,56
im-4,1	bf4	imidazolium	tetrafluoroborate derivatives	351,23	40,89
im-4,1	bf4	imidazolium	tetrafluoroborate derivatives	293,32	44,56
im-4,1	bf4	imidazolium	tetrafluoroborate derivatives	298,48	44,26
im-4,1	bf4	imidazolium	tetrafluoroborate derivatives	284,17	45,29
im-4,1	bf4	imidazolium	tetrafluoroborate derivatives	288,28	44,98
im-4,1	bf4	imidazolium	tetrafluoroborate derivatives	308,38	43,68
im-4,1	bf4	imidazolium	tetrafluoroborate derivatives	318,15	43,00
im-4,1	bf4	imidazolium	tetrafluoroborate derivatives	327,80	42,46
im-4,1	bf4	imidazolium	tetrafluoroborate derivatives	337,64	41,96
im-4,1	bf4	imidazolium	tetrafluoroborate derivatives	348,74	41,30
im-4,1	bf4	imidazolium	tetrafluoroborate derivatives	284,25	45,44
im-4,1	bf4	imidazolium	tetrafluoroborate derivatives	288,35	45,15
im-4,1	bf4	imidazolium	tetrafluoroborate derivatives	293,48	44,57
im-4,1	bf4	imidazolium	tetrafluoroborate derivatives	298,50	44,41
im-4,1	bf4	imidazolium	tetrafluoroborate derivatives	303,51	44,05
im-4,1	bf4	imidazolium	tetrafluoroborate derivatives	308,42	43,63
im-4,1	bf4	imidazolium	tetrafluoroborate derivatives	313,73	43,21
im-4,1	bf4	imidazolium	tetrafluoroborate derivatives	318,19	43,19
im-4,1	bf4	imidazolium	tetrafluoroborate derivatives	323,01	42,84
im-4,1	bf4	imidazolium	tetrafluoroborate derivatives	327,90	42,62
im-4,1	bf4	imidazolium	tetrafluoroborate derivatives	333,12	42,07
im-4,1	bf4	imidazolium	tetrafluoroborate derivatives	337,65	41,78
im-4,1	bf4	imidazolium	tetrafluoroborate derivatives	342,32	41,71
im-4,1	bf4	imidazolium	tetrafluoroborate derivatives	348,62	41,16
im-4,1	bf4	imidazolium	tetrafluoroborate derivatives	351,44	40,85
im-4,1	bf4	imidazolium	tetrafluoroborate derivatives	298,15	45,74
im-4,1	bf4	imidazolium	tetrafluoroborate derivatives	298,00	46,01
im-4,1	bf4	imidazolium	tetrafluoroborate derivatives	303,00	45,74
im-4,1	bf4	imidazolium	tetrafluoroborate derivatives	313,00	45,20
im-4,1	bf4	imidazolium	tetrafluoroborate derivatives	333,00	44,12
im-4,1	bf4	imidazolium	tetrafluoroborate derivatives	353,00	43,04
im-4,1	bf4	imidazolium	tetrafluoroborate derivatives	373,00	41,96
im-4,1	bf4	imidazolium	tetrafluoroborate derivatives	393,00	40,88
im-4,1	bf4	imidazolium	tetrafluoroborate derivatives	413,00	39,80
im-4,1	bf4	imidazolium	tetrafluoroborate derivatives	433,00	38,72
im-4,1	bf4	imidazolium	tetrafluoroborate derivatives	453,00	37,64
im-4,1	bf4	imidazolium	tetrafluoroborate derivatives	298,15	36,43
im-4,1	bf4	imidazolium	tetrafluoroborate derivatives	298,15	45,33
im-4,1	bf4	imidazolium	tetrafluoroborate derivatives	293,65	44,60
im-4,1	bf4	imidazolium	tetrafluoroborate derivatives	303,35	43,80
im-4,1	bf4	imidazolium	tetrafluoroborate derivatives	312,85	43,30
im-4,1	bf4	imidazolium	tetrafluoroborate derivatives	312,95	43,20
im-4,1	bf4	imidazolium	tetrafluoroborate derivatives	322,55	42,50
im-4,1	bf4	imidazolium	tetrafluoroborate derivatives	322,65	42,50
im-4,1	bf4	imidazolium	tetrafluoroborate derivatives	332,25	42,10
im-4,1	bf4	imidazolium	tetrafluoroborate derivatives	341,95	42,00
im-4,1	bf4	imidazolium	tetrafluoroborate derivatives	351,55	41,00
im-4,1	bf4	imidazolium	tetrafluoroborate derivatives	360,95	40,30
im-4,1	bf4	imidazolium	tetrafluoroborate derivatives	297,00	46,90
im-4,1	bf4	imidazolium	tetrafluoroborate derivatives	283,15	45,42
im-4,1	bf4	imidazolium	tetrafluoroborate derivatives	293,15	44,61
im-4,1	bf4	imidazolium	tetrafluoroborate derivatives	303,15	43,79
im-4,1	bf4	imidazolium	tetrafluoroborate derivatives	313,15	43,08
im-4,1	bf4	imidazolium	tetrafluoroborate derivatives	323,15	42,58
im-4,1	bf4	imidazolium	tetrafluoroborate derivatives	333,15	41,96
im-4,1	bf4	imidazolium	tetrafluoroborate derivatives	288,15	44,97
im-4,1	bf4	imidazolium	tetrafluoroborate derivatives	298,15	44,37
im-4,1	bf4	imidazolium	tetrafluoroborate derivatives	308,15	43,99
im-4,1	bf4	imidazolium	tetrafluoroborate derivatives	318,15	43,36
im-4,1	bf4	imidazolium	tetrafluoroborate derivatives	328,15	42,43
im-4,1	bf4	imidazolium	tetrafluoroborate derivatives	298,15	44,70
im-4,1	bf4	imidazolium	tetrafluoroborate derivatives	303,15	44,30
im-4,1	bf4	imidazolium	tetrafluoroborate derivatives	308,15	44,00
im-4,1	bf4	imidazolium	tetrafluoroborate derivatives	313,15	43,60
im-4,1	bf4	imidazolium	tetrafluoroborate derivatives	318,15	43,30
im-4,1	bf4	imidazolium	tetrafluoroborate derivatives	323,15	42,90
im-4,1	bf4	imidazolium	tetrafluoroborate derivatives	328,15	42,50
im-4,1	bf4	imidazolium	tetrafluoroborate derivatives	333,15	42,10
im-4,1	bf4	imidazolium	tetrafluoroborate derivatives	338,15	41,70
im-4,1	bf4	imidazolium	tetrafluoroborate derivatives	298,15	38,10
im-4,1	bf4	imidazolium	tetrafluoroborate derivatives	336,00	38,40
im-4,1	bf4	imidazolium	tetrafluoroborate derivatives	298,15	46,60
im-4,1	bf4	imidazolium	tetrafluoroborate derivatives	303,00	43,80
im-4,1	bf4	imidazolium	tetrafluoroborate derivatives	333,00	42,10
im-4,1	bf4	imidazolium	tetrafluoroborate derivatives	298,15	44,60
im-4,1	bf4	imidazolium	tetrafluoroborate derivatives	308,15	43,65
im-4,1	bf4	imidazolium	tetrafluoroborate derivatives	318,15	42,95
im-4,1	bf4	imidazolium	tetrafluoroborate derivatives	328,15	42,25
im-4,1	bf4	imidazolium	tetrafluoroborate derivatives	338,15	41,55
im-4,1	br	imidazolium	inorganics	308,39	49,98
im-4,1	br	imidazolium	inorganics	313,11	49,69
im-4,1	br	imidazolium	inorganics	318,48	49,33
im-4,1	br	imidazolium	inorganics	323,54	48,98
im-4,1	br	imidazolium	inorganics	328,10	48,67
im-4,1	br	imidazolium	inorganics	333,02	48,35
im-4,1	br	imidazolium	inorganics	338,01	48,07
im-4,1	br	imidazolium	inorganics	342,75	47,75
im-4,1	br	imidazolium	inorganics	349,16	47,31
im-4,1	br	imidazolium	inorganics	353,41	47,09
im-4,1	br	imidazolium	inorganics	358,30	46,78
im-4,1	br	imidazolium	inorganics	362,92	46,39
im-4,1	br	imidazolium	inorganics	308,39	50,28
im-4,1	br	imidazolium	inorganics	313,11	49,80
im-4,1	br	imidazolium	inorganics	318,48	49,51
im-4,1	br	imidazolium	inorganics	323,57	49,22
im-4,1	br	imidazolium	inorganics	328,14	48,96
im-4,1	br	imidazolium	inorganics	333,03	48,60
im-4,1	br	imidazolium	inorganics	337,99	48,27
im-4,1	br	imidazolium	inorganics	342,75	48,00
im-4,1	br	imidazolium	inorganics	349,14	47,72
im-4,1	br	imidazolium	inorganics	353,12	47,24
im-4,1	br	imidazolium	inorganics	358,27	47,27
im-4,1	br	imidazolium	inorganics	362,90	46,86
im-4,1	ccn3	imidazolium	methanides	298,30	49,20
im-4,1	ccn3	imidazolium	methanides	308,30	48,50
im-4,1	ccn3	imidazolium	methanides	318,30	48,10
im-4,1	ccn3	imidazolium	methanides	329,10	47,30
im-4,1	ccn3	imidazolium	methanides	338,90	46,60
im-4,1	ccn3	imidazolium	methanides	343,00	46,20
im-4,1	ccn3	imidazolium	methanides	283,39	51,00
im-4,1	ccn3	imidazolium	methanides	293,33	49,23
im-4,1	ccn3	imidazolium	methanides	303,19	48,44
im-4,1	ccn3	imidazolium	methanides	313,08	47,34
im-4,1	ccn3	imidazolium	methanides	323,07	46,40
im-4,1	ccn3	imidazolium	methanides	333,02	45,55
im-4,1	ccn3	imidazolium	methanides	343,42	44,87
im-4,1	ccn3	imidazolium	methanides	353,37	44,03
im-4,1	ccn3	imidazolium	methanides	293,51	49,85
im-4,1	ccn3	imidazolium	methanides	298,28	49,63
im-4,1	ccn3	imidazolium	methanides	303,09	49,27
im-4,1	ccn3	imidazolium	methanides	308,20	48,94
im-4,1	ccn3	imidazolium	methanides	313,20	48,61
im-4,1	ccn3	imidazolium	methanides	317,92	48,28
im-4,1	ccn3	imidazolium	methanides	323,24	47,84
im-4,1	ccn3	imidazolium	methanides	327,90	47,61
im-4,1	ccn3	imidazolium	methanides	333,16	47,18
im-4,1	ccn3	imidazolium	methanides	337,74	46,86
im-4,1	ccn3	imidazolium	methanides	342,89	46,50
im-4,1	ccn3	imidazolium	methanides	347,77	46,24
im-4,1	ccn3	imidazolium	methanides	353,74	45,78
im-4,1	ccn3	imidazolium	methanides	357,09	45,52
im-4,1	ccn3	imidazolium	methanides	363,75	45,20
im-4,1	ccn3	imidazolium	methanides	288,96	50,37
im-4,1	ccn3	imidazolium	methanides	293,47	50,15
im-4,1	ccn3	imidazolium	methanides	298,27	49,94
im-4,1	ccn3	imidazolium	methanides	303,08	49,58
im-4,1	ccn3	imidazolium	methanides	308,17	49,21
im-4,1	ccn3	imidazolium	methanides	313,16	48,84
im-4,1	ccn3	imidazolium	methanides	317,88	48,53
im-4,1	ccn3	imidazolium	methanides	323,17	48,19
im-4,1	ccn3	imidazolium	methanides	327,86	47,84
im-4,1	ccn3	imidazolium	methanides	333,09	47,47
im-4,1	ccn3	imidazolium	methanides	337,71	46,98
im-4,1	ccn3	imidazolium	methanides	342,90	46,68
im-4,1	ccn3	imidazolium	methanides	347,72	46,35
im-4,1	ccn3	imidazolium	methanides	353,64	46,19
im-4,1	ccn3	imidazolium	methanides	357,13	45,31
im-4,1	ccn3	imidazolium	methanides	363,91	45,14
im-4,1	ccn3	imidazolium	methanides	298,32	47,04
im-4,1	ccn3	imidazolium	methanides	307,12	46,29
im-4,1	ccn3	imidazolium	methanides	318,81	45,14
im-4,1	ccn3	imidazolium	methanides	328,45	44,30
im-4,1	ccn3	imidazolium	methanides	341,33	43,30
im-4,1	cl	imidazolium	inorganics	298,00	48,20
im-4,1	cl	imidazolium	inorganics	303,00	47,80
im-4,1	cl	imidazolium	inorganics	308,00	47,50
im-4,1	cl	imidazolium	inorganics	313,00	47,20
im-4,1	cl	imidazolium	inorganics	318,00	46,90
im-4,1	cl	imidazolium	inorganics	323,00	46,60
im-4,1	cl	imidazolium	inorganics	328,00	46,30
im-4,1	cl	imidazolium	inorganics	333,00	46,00
im-4,1	cl	imidazolium	inorganics	338,00	45,60
im-4,1	cl	imidazolium	inorganics	343,00	45,30
im-4,1	cl	imidazolium	inorganics	348,00	45,00
im-4,1	cl	imidazolium	inorganics	353,00	44,70
im-4,1	cl	imidazolium	inorganics	358,00	44,40
im-4,1	cl	imidazolium	inorganics	363,00	43,90
im-4,1	cl	imidazolium	inorganics	368,00	43,60
im-4,1	cl	imidazolium	inorganics	373,00	43,20
im-4,1	cl	imidazolium	inorganics	378,00	42,90
im-4,1	cl	imidazolium	inorganics	383,00	42,50
im-4,1	cl	imidazolium	inorganics	388,00	42,20
im-4,1	cl	imidazolium	inorganics	393,00	41,80
im-4,1	cl	imidazolium	inorganics	308,23	49,64
im-4,1	cl	imidazolium	inorganics	313,06	49,26
im-4,1	cl	imidazolium	inorganics	318,07	48,97
im-4,1	cl	imidazolium	inorganics	323,10	48,58
im-4,1	cl	imidazolium	inorganics	327,90	48,24
im-4,1	cl	imidazolium	inorganics	333,82	47,81
im-4,1	cl	imidazolium	inorganics	338,28	47,55
im-4,1	cl	imidazolium	inorganics	343,23	47,16
im-4,1	cl	imidazolium	inorganics	348,85	46,90
im-4,1	cl	imidazolium	inorganics	353,81	46,50
im-4,1	cl	imidazolium	inorganics	357,26	46,29
im-4,1	cl	imidazolium	inorganics	364,90	45,76
im-4,1	cl	imidazolium	inorganics	303,11	50,32
im-4,1	cl	imidazolium	inorganics	308,27	50,30
im-4,1	cl	imidazolium	inorganics	313,07	49,73
im-4,1	cl	imidazolium	inorganics	318,04	49,68
im-4,1	cl	imidazolium	inorganics	323,10	49,23
im-4,1	cl	imidazolium	inorganics	327,96	48,80
im-4,1	cl	imidazolium	inorganics	333,85	48,35
im-4,1	cl	imidazolium	inorganics	338,23	48,24
im-4,1	cl	imidazolium	inorganics	342,85	47,76
im-4,1	cl	imidazolium	inorganics	348,79	47,38
im-4,1	cl	imidazolium	inorganics	353,87	47,16
im-4,1	cl	imidazolium	inorganics	357,34	46,88
im-4,1	cl	imidazolium	inorganics	364,83	46,46
im-4,1	coscn4	imidazolium	metal complexes	288,15	50,18
im-4,1	coscn4	imidazolium	metal complexes	293,15	49,84
im-4,1	coscn4	imidazolium	metal complexes	298,15	49,54
im-4,1	coscn4	imidazolium	metal complexes	303,15	49,19
im-4,1	coscn4	imidazolium	metal complexes	308,15	48,92
im-4,1	coscn4	imidazolium	metal complexes	313,15	48,54
im-4,1	coscn4	imidazolium	metal complexes	318,15	48,28
im-4,1	ctf3	imidazolium	methanides	298,15	35,10
im-4,1	dca	imidazolium	dicyanamides	298,40	50,60
im-4,1	dca	imidazolium	dicyanamides	307,90	50,30
im-4,1	dca	imidazolium	dicyanamides	318,10	49,70
im-4,1	dca	imidazolium	dicyanamides	328,40	48,60
im-4,1	dca	imidazolium	dicyanamides	339,00	48,10
im-4,1	dca	imidazolium	dicyanamides	342,90	47,50
im-4,1	dca	imidazolium	dicyanamides	293,15	38,14
im-4,1	dca	imidazolium	dicyanamides	282,53	46,71
im-4,1	dca	imidazolium	dicyanamides	288,31	46,37
im-4,1	dca	imidazolium	dicyanamides	292,97	46,14
im-4,1	dca	imidazolium	dicyanamides	298,67	45,81
im-4,1	dca	imidazolium	dicyanamides	303,21	45,42
im-4,1	dca	imidazolium	dicyanamides	308,40	45,33
im-4,1	dca	imidazolium	dicyanamides	313,40	45,01
im-4,1	dca	imidazolium	dicyanamides	318,59	44,81
im-4,1	dca	imidazolium	dicyanamides	323,24	44,47
im-4,1	dca	imidazolium	dicyanamides	328,43	44,21
im-4,1	dca	imidazolium	dicyanamides	333,09	43,98
im-4,1	dca	imidazolium	dicyanamides	338,46	43,65
im-4,1	dca	imidazolium	dicyanamides	343,34	43,48
im-4,1	dca	imidazolium	dicyanamides	348,72	43,16
im-4,1	dca	imidazolium	dicyanamides	356,49	42,72
im-4,1	dca	imidazolium	dicyanamides	282,54	46,51
im-4,1	dca	imidazolium	dicyanamides	288,36	46,40
im-4,1	dca	imidazolium	dicyanamides	292,97	46,24
im-4,1	dca	imidazolium	dicyanamides	298,69	45,88
im-4,1	dca	imidazolium	dicyanamides	303,20	45,87
im-4,1	dca	imidazolium	dicyanamides	308,43	45,56
im-4,1	dca	imidazolium	dicyanamides	313,45	44,99
im-4,1	dca	imidazolium	dicyanamides	318,82	45,11
im-4,1	dca	imidazolium	dicyanamides	323,30	44,50
im-4,1	dca	imidazolium	dicyanamides	328,55	44,12
im-4,1	dca	imidazolium	dicyanamides	333,18	43,99
im-4,1	dca	imidazolium	dicyanamides	338,48	43,53
im-4,1	dca	imidazolium	dicyanamides	343,65	43,22
im-4,1	dca	imidazolium	dicyanamides	348,78	43,48
im-4,1	dca	imidazolium	dicyanamides	356,47	42,66
im-4,1	dca	imidazolium	dicyanamides	293,15	48,60
im-4,1	dca	imidazolium	dicyanamides	294,45	48,80
im-4,1	dca	imidazolium	dicyanamides	298,15	48,60
im-4,1	dca	imidazolium	dicyanamides	303,30	48,60
im-4,1	dca	imidazolium	dicyanamides	303,55	48,50
im-4,1	dca	imidazolium	dicyanamides	316,15	47,20
im-4,1	dca	imidazolium	dicyanamides	325,15	46,30
im-4,1	dca	imidazolium	dicyanamides	344,15	45,00
im-4,1	dca	imidazolium	dicyanamides	332,05	45,70
im-4,1	dca	imidazolium	dicyanamides	332,85	45,50
im-4,1	dca	imidazolium	dicyanamides	341,15	45,80
im-4,1	dca	imidazolium	dicyanamides	344,15	45,00
im-4,1	dca	imidazolium	dicyanamides	303,00	47,90
im-4,1	dca	imidazolium	dicyanamides	333,00	45,50
im-4,1	fap	imidazolium	hexafluorophosphate derivatives	279,09	33,55
im-4,1	fap	imidazolium	hexafluorophosphate derivatives	283,18	33,31
im-4,1	fap	imidazolium	hexafluorophosphate derivatives	288,28	33,10
im-4,1	fap	imidazolium	hexafluorophosphate derivatives	293,16	32,83
im-4,1	fap	imidazolium	hexafluorophosphate derivatives	298,15	32,58
im-4,1	fap	imidazolium	hexafluorophosphate derivatives	302,75	32,37
im-4,1	fap	imidazolium	hexafluorophosphate derivatives	307,96	32,18
im-4,1	fap	imidazolium	hexafluorophosphate derivatives	313,27	31,97
im-4,1	fap	imidazolium	hexafluorophosphate derivatives	318,01	31,53
im-4,1	fap	imidazolium	hexafluorophosphate derivatives	322,70	31,32
im-4,1	fap	imidazolium	hexafluorophosphate derivatives	327,98	31,02
im-4,1	fap	imidazolium	hexafluorophosphate derivatives	333,41	30,83
im-4,1	fap	imidazolium	hexafluorophosphate derivatives	338,33	30,61
im-4,1	fap	imidazolium	hexafluorophosphate derivatives	343,27	30,19
im-4,1	fap	imidazolium	hexafluorophosphate derivatives	348,22	30,09
im-4,1	fap	imidazolium	hexafluorophosphate derivatives	354,56	29,50
im-4,1	fap	imidazolium	hexafluorophosphate derivatives	279,12	33,46
im-4,1	fap	imidazolium	hexafluorophosphate derivatives	283,33	33,02
im-4,1	fap	imidazolium	hexafluorophosphate derivatives	288,35	32,96
im-4,1	fap	imidazolium	hexafluorophosphate derivatives	293,26	32,73
im-4,1	fap	imidazolium	hexafluorophosphate derivatives	298,33	32,49
im-4,1	fap	imidazolium	hexafluorophosphate derivatives	302,98	32,25
im-4,1	fap	imidazolium	hexafluorophosphate derivatives	308,07	31,93
im-4,1	fap	imidazolium	hexafluorophosphate derivatives	313,37	31,61
im-4,1	fap	imidazolium	hexafluorophosphate derivatives	318,18	31,35
im-4,1	fap	imidazolium	hexafluorophosphate derivatives	322,84	31,05
im-4,1	fap	imidazolium	hexafluorophosphate derivatives	327,99	30,75
im-4,1	fap	imidazolium	hexafluorophosphate derivatives	333,42	30,47
im-4,1	fap	imidazolium	hexafluorophosphate derivatives	338,35	30,15
im-4,1	fap	imidazolium	hexafluorophosphate derivatives	343,35	29,93
im-4,1	fap	imidazolium	hexafluorophosphate derivatives	348,45	29,52
im-4,1	fap	imidazolium	hexafluorophosphate derivatives	354,54	29,19
im-4,1	fecl4	imidazolium	metal complexes	296,70	44,90
im-4,1	fecl4	imidazolium	metal complexes	283,15	47,15
im-4,1	fecl4	imidazolium	metal complexes	288,15	46,89
im-4,1	fecl4	imidazolium	metal complexes	293,15	46,51
im-4,1	fecl4	imidazolium	metal complexes	298,15	46,03
im-4,1	fecl4	imidazolium	metal complexes	303,15	45,71
im-4,1	fecl4	imidazolium	metal complexes	308,15	45,87
im-4,1	fecl4	imidazolium	metal complexes	313,15	45,59
im-4,1	fecl4	imidazolium	metal complexes	318,15	45,53
im-4,1	fecl4	imidazolium	metal complexes	323,15	44,86
im-4,1	fecl4	imidazolium	metal complexes	328,15	44,63
im-4,1	fecl4	imidazolium	metal complexes	333,15	44,52
im-4,1	fecl4	imidazolium	metal complexes	338,15	43,96
im-4,1	fecl4	imidazolium	metal complexes	343,15	43,50
im-4,1	for	imidazolium	carboxylates	298,15	45,90
im-4,1	for	imidazolium	carboxylates	303,15	45,50
im-4,1	for	imidazolium	carboxylates	313,15	44,70
im-4,1	for	imidazolium	carboxylates	323,15	44,00
im-4,1	for	imidazolium	carboxylates	333,15	43,40
im-4,1	for	imidazolium	carboxylates	343,15	42,80
im-4,1	gacl4	imidazolium	metal complexes	296,70	41,50
im-4,1	gacl4	imidazolium	metal complexes	268,15	46,87
im-4,1	gacl4	imidazolium	metal complexes	278,15	46,53
im-4,1	gacl4	imidazolium	metal complexes	288,15	45,76
im-4,1	gacl4	imidazolium	metal complexes	298,15	45,14
im-4,1	gacl4	imidazolium	metal complexes	308,15	44,63
im-4,1	gacl4	imidazolium	metal complexes	318,15	44,51
im-4,1	gacl4	imidazolium	metal complexes	328,15	44,30
im-4,1	gacl4	imidazolium	metal complexes	338,15	43,39
im-4,1	glu	imidazolium	aminoacids	308,15	49,30
im-4,1	glu	imidazolium	aminoacids	313,15	48,00
im-4,1	glu	imidazolium	aminoacids	318,15	46,20
im-4,1	glu	imidazolium	aminoacids	323,15	44,50
im-4,1	glu	imidazolium	aminoacids	328,15	42,50
im-4,1	glu	imidazolium	aminoacids	333,15	40,20
im-4,1	glu	imidazolium	aminoacids	338,15	38,60
im-4,1	glu	imidazolium	aminoacids	343,15	37,10
im-4,1	gly	imidazolium	aminoacids	283,15	44,30
im-4,1	gly	imidazolium	aminoacids	288,15	44,00
im-4,1	gly	imidazolium	aminoacids	293,15	43,80
im-4,1	gly	imidazolium	aminoacids	298,15	43,50
im-4,1	gly	imidazolium	aminoacids	303,15	43,20
im-4,1	gly	imidazolium	aminoacids	308,15	42,90
im-4,1	gly	imidazolium	aminoacids	313,15	42,60
im-4,1	gly	imidazolium	aminoacids	318,15	42,20
im-4,1	gly	imidazolium	aminoacids	323,15	41,80
im-4,1	gly	imidazolium	aminoacids	328,15	41,50
im-4,1	gly	imidazolium	aminoacids	298,15	54,50
im-4,1	gly	imidazolium	aminoacids	303,15	53,60
im-4,1	gly	imidazolium	aminoacids	313,15	51,90
im-4,1	gly	imidazolium	aminoacids	323,15	50,50
im-4,1	gly	imidazolium	aminoacids	333,15	48,40
im-4,1	gly	imidazolium	aminoacids	343,15	46,80
im-4,1	glyc	imidazolium	carboxylates	298,15	49,70
im-4,1	glyc	imidazolium	carboxylates	303,15	49,20
im-4,1	glyc	imidazolium	carboxylates	313,15	48,40
im-4,1	glyc	imidazolium	carboxylates	323,15	47,60
im-4,1	glyc	imidazolium	carboxylates	333,15	46,80
im-4,1	glyc	imidazolium	carboxylates	343,15	46,10
im-4,1	h2po4	imidazolium	phosphates	288,15	44,20
im-4,1	h2po4	imidazolium	phosphates	293,15	43,90
im-4,1	h2po4	imidazolium	phosphates	298,15	43,60
im-4,1	h2po4	imidazolium	phosphates	303,15	43,20
im-4,1	h2po4	imidazolium	phosphates	308,15	42,90
im-4,1	h2po4	imidazolium	phosphates	313,15	42,60
im-4,1	h2po4	imidazolium	phosphates	318,15	42,30
im-4,1	h2po4	imidazolium	phosphates	323,15	42,00
im-4,1	h2po4	imidazolium	phosphates	328,15	41,70
im-4,1	h2po4	imidazolium	phosphates	333,15	41,40
im-4,1	h2po4	imidazolium	phosphates	338,15	41,10
im-4,1	h2po4	imidazolium	phosphates	343,15	40,80
im-4,1	hco3	imidazolium	inorganics	288,15	34,90
im-4,1	hco3	imidazolium	inorganics	293,15	34,40
im-4,1	hco3	imidazolium	inorganics	298,15	34,00
im-4,1	hco3	imidazolium	inorganics	303,15	33,50
im-4,1	hco3	imidazolium	inorganics	308,15	33,10
im-4,1	hco3	imidazolium	inorganics	313,15	32,60
im-4,1	hco3	imidazolium	inorganics	318,15	32,20
im-4,1	hco3	imidazolium	inorganics	323,15	31,70
im-4,1	hco3	imidazolium	inorganics	328,15	31,20
im-4,1	hco3	imidazolium	inorganics	333,15	30,80
im-4,1	hco3	imidazolium	inorganics	338,15	30,40
im-4,1	hco3	imidazolium	inorganics	343,15	29,90
im-4,1	hso4	imidazolium	sulfates	293,15	49,40
im-4,1	hso4	imidazolium	sulfates	303,15	48,36
im-4,1	hso4	imidazolium	sulfates	313,15	47,42
im-4,1	hso4	imidazolium	sulfates	323,15	46,28
im-4,1	hso4	imidazolium	sulfates	333,15	45,44
im-4,1	hso4	imidazolium	sulfates	343,15	44,50
im-4,1	hso4	imidazolium	sulfates	353,15	43,49
im-4,1	i	imidazolium	inorganics	298,00	53,30
im-4,1	i	imidazolium	inorganics	303,00	52,90
im-4,1	i	imidazolium	inorganics	308,00	52,50
im-4,1	i	imidazolium	inorganics	313,00	52,10
im-4,1	i	imidazolium	inorganics	318,00	51,50
im-4,1	i	imidazolium	inorganics	323,00	51,10
im-4,1	i	imidazolium	inorganics	328,00	50,70
im-4,1	i	imidazolium	inorganics	333,00	50,30
im-4,1	i	imidazolium	inorganics	338,00	49,90
im-4,1	i	imidazolium	inorganics	343,00	49,40
im-4,1	i	imidazolium	inorganics	348,00	49,00
im-4,1	i	imidazolium	inorganics	353,00	48,60
im-4,1	i	imidazolium	inorganics	358,00	48,20
im-4,1	i	imidazolium	inorganics	363,00	47,80
im-4,1	i	imidazolium	inorganics	368,00	47,40
im-4,1	i	imidazolium	inorganics	373,00	47,10
im-4,1	i	imidazolium	inorganics	378,00	46,70
im-4,1	i	imidazolium	inorganics	383,00	46,30
im-4,1	i	imidazolium	inorganics	388,00	46,00
im-4,1	i	imidazolium	inorganics	393,00	45,60
im-4,1	i	imidazolium	inorganics	288,00	50,67
im-4,1	i	imidazolium	inorganics	293,41	50,32
im-4,1	i	imidazolium	inorganics	298,23	50,06
im-4,1	i	imidazolium	inorganics	303,14	49,73
im-4,1	i	imidazolium	inorganics	308,11	49,45
im-4,1	i	imidazolium	inorganics	312,89	49,19
im-4,1	i	imidazolium	inorganics	317,93	48,93
im-4,1	i	imidazolium	inorganics	323,26	48,53
im-4,1	i	imidazolium	inorganics	328,28	48,26
im-4,1	i	imidazolium	inorganics	333,16	47,96
im-4,1	i	imidazolium	inorganics	338,16	47,66
im-4,1	i	imidazolium	inorganics	343,60	47,35
im-4,1	i	imidazolium	inorganics	348,76	47,02
im-4,1	i	imidazolium	inorganics	352,76	46,88
im-4,1	i	imidazolium	inorganics	358,28	46,53
im-4,1	i	imidazolium	inorganics	364,82	46,12
im-4,1	i	imidazolium	inorganics	288,03	50,18
im-4,1	i	imidazolium	inorganics	293,39	49,95
im-4,1	i	imidazolium	inorganics	298,23	49,40
im-4,1	i	imidazolium	inorganics	303,13	49,30
im-4,1	i	imidazolium	inorganics	308,14	48,59
im-4,1	i	imidazolium	inorganics	312,96	48,61
im-4,1	i	imidazolium	inorganics	318,02	48,47
im-4,1	i	imidazolium	inorganics	323,47	47,91
im-4,1	i	imidazolium	inorganics	328,48	47,91
im-4,1	i	imidazolium	inorganics	333,13	47,45
im-4,1	i	imidazolium	inorganics	338,21	47,24
im-4,1	i	imidazolium	inorganics	343,71	46,71
im-4,1	i	imidazolium	inorganics	348,65	46,27
im-4,1	i	imidazolium	inorganics	298,15	54,70
im-4,1	la	imidazolium	aminoacids	293,15	43,14
im-4,1	la	imidazolium	aminoacids	298,15	42,92
im-4,1	la	imidazolium	aminoacids	303,15	42,79
im-4,1	la	imidazolium	aminoacids	308,15	42,37
im-4,1	la	imidazolium	aminoacids	313,15	42,19
im-4,1	la	imidazolium	aminoacids	323,15	41,64
im-4,1	la	imidazolium	aminoacids	333,15	41,04
im-4,1	la	imidazolium	aminoacids	343,15	40,56
im-4,1	la	imidazolium	aminoacids	298,15	42,70
im-4,1	la	imidazolium	aminoacids	303,15	42,30
im-4,1	la	imidazolium	aminoacids	313,15	41,90
im-4,1	la	imidazolium	aminoacids	323,15	41,30
im-4,1	la	imidazolium	aminoacids	333,15	40,60
im-4,1	la	imidazolium	aminoacids	343,15	40,00
im-4,1	no3	imidazolium	inorganics	297,00	50,50
im-4,1	npf2	imidazolium	bistriflamide derivatives	297,00	31,70
im-4,1	ntf2	imidazolium	bistriflamide derivatives	298,00	37,50
im-4,1	ntf2	imidazolium	bistriflamide derivatives	293,15	38,37
im-4,1	ntf2	imidazolium	bistriflamide derivatives	293,15	33,60
im-4,1	ntf2	imidazolium	bistriflamide derivatives	303,15	33,09
im-4,1	ntf2	imidazolium	bistriflamide derivatives	313,15	32,50
im-4,1	ntf2	imidazolium	bistriflamide derivatives	323,15	31,92
im-4,1	ntf2	imidazolium	bistriflamide derivatives	333,15	31,35
im-4,1	ntf2	imidazolium	bistriflamide derivatives	343,15	30,90
im-4,1	ntf2	imidazolium	bistriflamide derivatives	298,15	34,91
im-4,1	ntf2	imidazolium	bistriflamide derivatives	298,25	33,20
im-4,1	ntf2	imidazolium	bistriflamide derivatives	293,15	33,60
im-4,1	ntf2	imidazolium	bistriflamide derivatives	303,15	33,09
im-4,1	ntf2	imidazolium	bistriflamide derivatives	313,15	32,50
im-4,1	ntf2	imidazolium	bistriflamide derivatives	323,15	31,92
im-4,1	ntf2	imidazolium	bistriflamide derivatives	333,15	31,35
im-4,1	ntf2	imidazolium	bistriflamide derivatives	343,15	30,90
im-4,1	ntf2	imidazolium	bistriflamide derivatives	293,15	32,72
im-4,1	ntf2	imidazolium	bistriflamide derivatives	298,15	32,48
im-4,1	ntf2	imidazolium	bistriflamide derivatives	303,15	32,30
im-4,1	ntf2	imidazolium	bistriflamide derivatives	308,15	32,10
im-4,1	ntf2	imidazolium	bistriflamide derivatives	313,15	31,88
im-4,1	ntf2	imidazolium	bistriflamide derivatives	298,15	33,00
im-4,1	ntf2	imidazolium	bistriflamide derivatives	301,96	32,66
im-4,1	ntf2	imidazolium	bistriflamide derivatives	306,81	32,44
im-4,1	ntf2	imidazolium	bistriflamide derivatives	310,81	32,26
im-4,1	ntf2	imidazolium	bistriflamide derivatives	343,28	30,91
im-4,1	ntf2	imidazolium	bistriflamide derivatives	351,56	30,53
im-4,1	ntf2	imidazolium	bistriflamide derivatives	322,99	31,74
im-4,1	ntf2	imidazolium	bistriflamide derivatives	332,97	31,30
im-4,1	ntf2	imidazolium	bistriflamide derivatives	337,12	31,17
im-4,1	ntf2	imidazolium	bistriflamide derivatives	298,35	32,85
im-4,1	ntf2	imidazolium	bistriflamide derivatives	294,20	33,02
im-4,1	ntf2	imidazolium	bistriflamide derivatives	317,94	31,97
im-4,1	ntf2	imidazolium	bistriflamide derivatives	327,92	31,58
im-4,1	ntf2	imidazolium	bistriflamide derivatives	347,82	30,76
im-4,1	ntf2	imidazolium	bistriflamide derivatives	284,15	33,46
im-4,1	ntf2	imidazolium	bistriflamide derivatives	287,81	33,27
im-4,1	ntf2	imidazolium	bistriflamide derivatives	284,19	33,48
im-4,1	ntf2	imidazolium	bistriflamide derivatives	298,41	33,04
im-4,1	ntf2	imidazolium	bistriflamide derivatives	317,93	31,97
im-4,1	ntf2	imidazolium	bistriflamide derivatives	348,05	30,41
im-4,1	ntf2	imidazolium	bistriflamide derivatives	298,15	30,70
im-4,1	ntf2	imidazolium	bistriflamide derivatives	298,20	33,15
im-4,1	ntf2	imidazolium	bistriflamide derivatives	298,20	33,15
im-4,1	ntf2	imidazolium	bistriflamide derivatives	303,15	33,80
im-4,1	ntf2	imidazolium	bistriflamide derivatives	303,15	33,40
im-4,1	ntf2	imidazolium	bistriflamide derivatives	297,00	34,90
im-4,1	ntf2	imidazolium	bistriflamide derivatives	312,60	31,90
im-4,1	ntf2	imidazolium	bistriflamide derivatives	333,10	31,20
im-4,1	ntf2	imidazolium	bistriflamide derivatives	353,70	30,10
im-4,1	ntf2	imidazolium	bistriflamide derivatives	374,10	29,20
im-4,1	ntf2	imidazolium	bistriflamide derivatives	394,20	28,10
im-4,1	ntf2	imidazolium	bistriflamide derivatives	414,40	27,20
im-4,1	ntf2	imidazolium	bistriflamide derivatives	434,50	26,60
im-4,1	ntf2	imidazolium	bistriflamide derivatives	455,00	25,80
im-4,1	ntf2	imidazolium	bistriflamide derivatives	475,20	24,60
im-4,1	ntf2	imidazolium	bistriflamide derivatives	278,75	33,80
im-4,1	ntf2	imidazolium	bistriflamide derivatives	288,15	33,37
im-4,1	ntf2	imidazolium	bistriflamide derivatives	298,15	32,80
im-4,1	ntf2	imidazolium	bistriflamide derivatives	308,15	32,32
im-4,1	ntf2	imidazolium	bistriflamide derivatives	318,15	31,89
im-4,1	ntf2	imidazolium	bistriflamide derivatives	328,15	31,28
im-4,1	ntf2	imidazolium	bistriflamide derivatives	298,15	46,30
im-4,1	ntf2	imidazolium	bistriflamide derivatives	298,15	37,50
im-4,1	ntf2	imidazolium	bistriflamide derivatives	298,15	35,40
im-4,1	otf	imidazolium	sulfonates	293,20	35,08
im-4,1	otf	imidazolium	sulfonates	298,20	34,87
im-4,1	otf	imidazolium	sulfonates	303,20	34,66
im-4,1	otf	imidazolium	sulfonates	308,20	34,44
im-4,1	otf	imidazolium	sulfonates	313,20	34,22
im-4,1	otf	imidazolium	sulfonates	318,20	33,99
im-4,1	otf	imidazolium	sulfonates	323,20	33,77
im-4,1	otf	imidazolium	sulfonates	298,45	33,97
im-4,1	otf	imidazolium	sulfonates	293,20	35,52
im-4,1	otf	imidazolium	sulfonates	303,20	35,05
im-4,1	otf	imidazolium	sulfonates	313,20	34,62
im-4,1	otf	imidazolium	sulfonates	323,20	34,19
im-4,1	otf	imidazolium	sulfonates	333,20	33,71
im-4,1	otf	imidazolium	sulfonates	343,20	33,30
im-4,1	otf	imidazolium	sulfonates	303,15	22,34
im-4,1	otf	imidazolium	sulfonates	313,15	22,05
im-4,1	otf	imidazolium	sulfonates	323,15	21,32
im-4,1	otf	imidazolium	sulfonates	333,15	20,96
im-4,1	otf	imidazolium	sulfonates	343,15	20,27
im-4,1	otf	imidazolium	sulfonates	283,15	23,40
im-4,1	otf	imidazolium	sulfonates	293,15	22,91
im-4,1	otf	imidazolium	sulfonates	303,15	22,40
im-4,1	otf	imidazolium	sulfonates	313,15	22,00
im-4,1	otf	imidazolium	sulfonates	323,15	21,34
im-4,1	otf	imidazolium	sulfonates	333,15	21,00
im-4,1	otf	imidazolium	sulfonates	343,15	20,24
im-4,1	otf	imidazolium	sulfonates	353,15	19,50
im-4,1	otf	imidazolium	sulfonates	363,15	19,15
im-4,1	pf6	imidazolium	hexafluorophosphate derivatives	298,00	48,80
im-4,1	pf6	imidazolium	hexafluorophosphate derivatives	298,15	43,00
im-4,1	pf6	imidazolium	hexafluorophosphate derivatives	293,15	44,10
im-4,1	pf6	imidazolium	hexafluorophosphate derivatives	303,15	43,52
im-4,1	pf6	imidazolium	hexafluorophosphate derivatives	313,15	42,90
im-4,1	pf6	imidazolium	hexafluorophosphate derivatives	323,15	42,21
im-4,1	pf6	imidazolium	hexafluorophosphate derivatives	333,15	41,53
im-4,1	pf6	imidazolium	hexafluorophosphate derivatives	343,15	41,07
im-4,1	pf6	imidazolium	hexafluorophosphate derivatives	298,00	47,50
im-4,1	pf6	imidazolium	hexafluorophosphate derivatives	303,00	47,20
im-4,1	pf6	imidazolium	hexafluorophosphate derivatives	308,00	46,90
im-4,1	pf6	imidazolium	hexafluorophosphate derivatives	313,00	46,50
im-4,1	pf6	imidazolium	hexafluorophosphate derivatives	318,00	46,00
im-4,1	pf6	imidazolium	hexafluorophosphate derivatives	323,00	45,60
im-4,1	pf6	imidazolium	hexafluorophosphate derivatives	328,00	45,30
im-4,1	pf6	imidazolium	hexafluorophosphate derivatives	333,00	44,90
im-4,1	pf6	imidazolium	hexafluorophosphate derivatives	338,00	44,60
im-4,1	pf6	imidazolium	hexafluorophosphate derivatives	343,00	44,30
im-4,1	pf6	imidazolium	hexafluorophosphate derivatives	348,00	43,80
im-4,1	pf6	imidazolium	hexafluorophosphate derivatives	353,00	43,50
im-4,1	pf6	imidazolium	hexafluorophosphate derivatives	358,00	43,10
im-4,1	pf6	imidazolium	hexafluorophosphate derivatives	363,00	42,80
im-4,1	pf6	imidazolium	hexafluorophosphate derivatives	368,00	42,40
im-4,1	pf6	imidazolium	hexafluorophosphate derivatives	373,00	42,10
im-4,1	pf6	imidazolium	hexafluorophosphate derivatives	378,00	41,70
im-4,1	pf6	imidazolium	hexafluorophosphate derivatives	383,00	41,30
im-4,1	pf6	imidazolium	hexafluorophosphate derivatives	388,00	41,10
im-4,1	pf6	imidazolium	hexafluorophosphate derivatives	393,00	40,80
im-4,1	pf6	imidazolium	hexafluorophosphate derivatives	298,15	40,90
im-4,1	pf6	imidazolium	hexafluorophosphate derivatives	298,15	47,92
im-4,1	pf6	imidazolium	hexafluorophosphate derivatives	301,32	47,71
im-4,1	pf6	imidazolium	hexafluorophosphate derivatives	305,79	47,48
im-4,1	pf6	imidazolium	hexafluorophosphate derivatives	309,60	47,29
im-4,1	pf6	imidazolium	hexafluorophosphate derivatives	315,44	46,92
im-4,1	pf6	imidazolium	hexafluorophosphate derivatives	319,95	46,55
im-4,1	pf6	imidazolium	hexafluorophosphate derivatives	325,06	46,15
im-4,1	pf6	imidazolium	hexafluorophosphate derivatives	328,68	46,04
im-4,1	pf6	imidazolium	hexafluorophosphate derivatives	332,22	45,81
im-4,1	pf6	imidazolium	hexafluorophosphate derivatives	335,61	45,41
im-4,1	pf6	imidazolium	hexafluorophosphate derivatives	303,37	43,51
im-4,1	pf6	imidazolium	hexafluorophosphate derivatives	312,88	42,90
im-4,1	pf6	imidazolium	hexafluorophosphate derivatives	322,81	42,21
im-4,1	pf6	imidazolium	hexafluorophosphate derivatives	333,31	41,63
im-4,1	pf6	imidazolium	hexafluorophosphate derivatives	342,86	41,05
im-4,1	pf6	imidazolium	hexafluorophosphate derivatives	352,78	40,47
im-4,1	pf6	imidazolium	hexafluorophosphate derivatives	348,34	40,80
im-4,1	pf6	imidazolium	hexafluorophosphate derivatives	307,96	43,24
im-4,1	pf6	imidazolium	hexafluorophosphate derivatives	317,86	42,58
im-4,1	pf6	imidazolium	hexafluorophosphate derivatives	327,91	41,94
im-4,1	pf6	imidazolium	hexafluorophosphate derivatives	337,97	41,37
im-4,1	pf6	imidazolium	hexafluorophosphate derivatives	298,34	43,82
im-4,1	pf6	imidazolium	hexafluorophosphate derivatives	292,88	44,11
im-4,1	pf6	imidazolium	hexafluorophosphate derivatives	287,60	44,41
im-4,1	pf6	imidazolium	hexafluorophosphate derivatives	288,14	44,47
im-4,1	pf6	imidazolium	hexafluorophosphate derivatives	292,99	44,28
im-4,1	pf6	imidazolium	hexafluorophosphate derivatives	297,86	44,03
im-4,1	pf6	imidazolium	hexafluorophosphate derivatives	303,33	43,64
im-4,1	pf6	imidazolium	hexafluorophosphate derivatives	308,21	43,46
im-4,1	pf6	imidazolium	hexafluorophosphate derivatives	312,44	43,13
im-4,1	pf6	imidazolium	hexafluorophosphate derivatives	318,23	42,75
im-4,1	pf6	imidazolium	hexafluorophosphate derivatives	322,98	42,45
im-4,1	pf6	imidazolium	hexafluorophosphate derivatives	327,89	42,14
im-4,1	pf6	imidazolium	hexafluorophosphate derivatives	332,84	41,86
im-4,1	pf6	imidazolium	hexafluorophosphate derivatives	337,59	41,57
im-4,1	pf6	imidazolium	hexafluorophosphate derivatives	343,06	41,34
im-4,1	pf6	imidazolium	hexafluorophosphate derivatives	348,16	40,95
im-4,1	pf6	imidazolium	hexafluorophosphate derivatives	352,99	40,75
im-4,1	pf6	imidazolium	hexafluorophosphate derivatives	303,15	43,00
im-4,1	pf6	imidazolium	hexafluorophosphate derivatives	303,15	42,60
im-4,1	pf6	imidazolium	hexafluorophosphate derivatives	288,15	43,70
im-4,1	pf6	imidazolium	hexafluorophosphate derivatives	293,15	43,20
im-4,1	pf6	imidazolium	hexafluorophosphate derivatives	298,15	42,90
im-4,1	pf6	imidazolium	hexafluorophosphate derivatives	303,15	42,60
im-4,1	pf6	imidazolium	hexafluorophosphate derivatives	308,15	42,20
im-4,1	pf6	imidazolium	hexafluorophosphate derivatives	313,15	41,80
im-4,1	pf6	imidazolium	hexafluorophosphate derivatives	303,00	45,30
im-4,1	pf6	imidazolium	hexafluorophosphate derivatives	308,00	45,00
im-4,1	pf6	imidazolium	hexafluorophosphate derivatives	313,00	44,70
im-4,1	pf6	imidazolium	hexafluorophosphate derivatives	318,00	44,40
im-4,1	pf6	imidazolium	hexafluorophosphate derivatives	323,00	44,10
im-4,1	pf6	imidazolium	hexafluorophosphate derivatives	328,00	43,80
im-4,1	pf6	imidazolium	hexafluorophosphate derivatives	333,00	43,50
im-4,1	pf6	imidazolium	hexafluorophosphate derivatives	298,15	42,70
im-4,1	pf6	imidazolium	hexafluorophosphate derivatives	283,15	48,60
im-4,1	pf6	imidazolium	hexafluorophosphate derivatives	293,15	48,11
im-4,1	pf6	imidazolium	hexafluorophosphate derivatives	303,15	47,00
im-4,1	pf6	imidazolium	hexafluorophosphate derivatives	313,15	46,79
im-4,1	pf6	imidazolium	hexafluorophosphate derivatives	323,15	46,01
im-4,1	pf6	imidazolium	hexafluorophosphate derivatives	333,15	45,50
im-4,1	pf6	imidazolium	hexafluorophosphate derivatives	298,15	53,10
im-4,1	pf6	imidazolium	hexafluorophosphate derivatives	336,00	42,90
im-4,1	pf6	imidazolium	hexafluorophosphate derivatives	298,15	48,80
im-4,1	pf6	imidazolium	hexafluorophosphate derivatives	298,15	46,80
im-4,1	pf6	imidazolium	hexafluorophosphate derivatives	303,15	47,20
im-4,1	ph-coo	imidazolium	carboxylates	298,15	40,10
im-4,1	ph-coo	imidazolium	carboxylates	303,15	39,70
im-4,1	ph-coo	imidazolium	carboxylates	313,15	39,10
im-4,1	ph-coo	imidazolium	carboxylates	323,15	38,70
im-4,1	ph-coo	imidazolium	carboxylates	333,15	38,30
im-4,1	ph-coo	imidazolium	carboxylates	343,15	37,80
im-4,1	phen	imidazolium	alcoholates	293,15	40,54
im-4,1	phen	imidazolium	alcoholates	303,15	39,76
im-4,1	phen	imidazolium	alcoholates	313,15	39,22
im-4,1	phen	imidazolium	alcoholates	323,15	38,54
im-4,1	phen	imidazolium	alcoholates	333,15	38,37
im-4,1	phen	imidazolium	alcoholates	343,15	37,87
im-4,1	phen	imidazolium	alcoholates	353,15	37,21
im-4,1	pro	imidazolium	aminoacids	288,15	36,50
im-4,1	pro	imidazolium	aminoacids	293,15	36,30
im-4,1	pro	imidazolium	aminoacids	298,15	36,10
im-4,1	pro	imidazolium	aminoacids	303,15	35,90
im-4,1	pro	imidazolium	aminoacids	308,15	35,70
im-4,1	pro	imidazolium	aminoacids	313,15	35,50
im-4,1	pro	imidazolium	aminoacids	318,15	35,20
im-4,1	pro	imidazolium	aminoacids	323,15	35,00
im-4,1	pro	imidazolium	aminoacids	328,15	34,80
im-4,1	pro	imidazolium	aminoacids	298,15	37,00
im-4,1	reo4	imidazolium	metal complexes	293,15	45,00
im-4,1	reo4	imidazolium	metal complexes	298,15	44,80
im-4,1	reo4	imidazolium	metal complexes	303,15	44,60
im-4,1	reo4	imidazolium	metal complexes	308,15	44,30
im-4,1	reo4	imidazolium	metal complexes	313,15	44,00
im-4,1	reo4	imidazolium	metal complexes	318,15	43,70
im-4,1	reo4	imidazolium	metal complexes	323,15	43,30
im-4,1	reo4	imidazolium	metal complexes	328,15	42,90
im-4,1	reo4	imidazolium	metal complexes	333,15	42,70
im-4,1	reo4	imidazolium	metal complexes	338,15	42,40
im-4,1	reo4	imidazolium	metal complexes	343,15	42,00
im-4,1	sbf6	imidazolium	metal complexes	293,15	43,60
im-4,1	sbf6	imidazolium	metal complexes	298,15	43,20
im-4,1	sbf6	imidazolium	metal complexes	303,15	42,90
im-4,1	sbf6	imidazolium	metal complexes	308,15	42,60
im-4,1	sbf6	imidazolium	metal complexes	313,15	42,20
im-4,1	sbf6	imidazolium	metal complexes	318,15	41,90
im-4,1	sbf6	imidazolium	metal complexes	323,15	41,60
im-4,1	sbf6	imidazolium	metal complexes	328,15	41,30
im-4,1	sbf6	imidazolium	metal complexes	333,15	41,00
im-4,1	sbf6	imidazolium	metal complexes	338,15	40,70
im-4,1	sbf6	imidazolium	metal complexes	343,15	40,40
im-4,1	scn	imidazolium	inorganics	298,10	44,60
im-4,1	scn	imidazolium	inorganics	308,20	43,50
im-4,1	scn	imidazolium	inorganics	318,10	43,00
im-4,1	scn	imidazolium	inorganics	328,30	42,40
im-4,1	scn	imidazolium	inorganics	338,50	41,90
im-4,1	scn	imidazolium	inorganics	342,90	41,60
im-4,1	scn	imidazolium	inorganics	295,85	46,90
im-4,1	scn	imidazolium	inorganics	292,35	47,30
im-4,1	scn	imidazolium	inorganics	293,65	47,00
im-4,1	scn	imidazolium	inorganics	303,45	46,10
im-4,1	scn	imidazolium	inorganics	303,35	45,90
im-4,1	scn	imidazolium	inorganics	326,25	39,50
im-4,1	scn	imidazolium	inorganics	330,55	40,00
im-4,1	scn	imidazolium	inorganics	334,95	36,50
im-4,1	scn	imidazolium	inorganics	349,35	36,90
im-4,1	scn	imidazolium	inorganics	350,85	36,60
im-4,1	scn	imidazolium	inorganics	283,15	48,96
im-4,1	scn	imidazolium	inorganics	293,15	47,26
im-4,1	scn	imidazolium	inorganics	303,15	45,41
im-4,1	scn	imidazolium	inorganics	313,15	43,34
im-4,1	scn	imidazolium	inorganics	323,15	41,35
im-4,1	scn	imidazolium	inorganics	333,15	39,23
im-4,1	scn	imidazolium	inorganics	293,15	47,40
im-4,1	scn	imidazolium	inorganics	298,15	46,60
im-4,1	scn	imidazolium	inorganics	303,15	45,50
im-4,1	scn	imidazolium	inorganics	308,15	44,50
im-4,1	scn	imidazolium	inorganics	313,15	43,50
im-4,1	scn	imidazolium	inorganics	318,15	42,50
im-4,1	scn	imidazolium	inorganics	323,15	41,60
im-4,1	scn	imidazolium	inorganics	328,15	40,60
im-4,1	scn	imidazolium	inorganics	333,15	39,60
im-4,1	scn	imidazolium	inorganics	338,15	38,50
im-4,1	scn	imidazolium	inorganics	343,15	37,40
im-4,1	scn	imidazolium	inorganics	298,15	47,45
im-4,1	scn	imidazolium	inorganics	308,15	46,62
im-4,1	scn	imidazolium	inorganics	318,15	45,77
im-4,1	scn	imidazolium	inorganics	328,15	44,84
im-4,1	scn	imidazolium	inorganics	338,15	44,12
im-4,1	ser	imidazolium	aminoacids	298,15	45,40
im-4,1	ser	imidazolium	aminoacids	303,15	45,20
im-4,1	ser	imidazolium	aminoacids	308,15	45,00
im-4,1	ser	imidazolium	aminoacids	313,15	44,70
im-4,1	ser	imidazolium	aminoacids	318,15	44,40
im-4,1	ser	imidazolium	aminoacids	323,15	44,30
im-4,1	ser	imidazolium	aminoacids	328,15	44,00
im-4,1	ser	imidazolium	aminoacids	333,15	43,80
im-4,1	ser	imidazolium	aminoacids	338,15	43,50
im-4,1	so3-4[f]	imidazolium	sulfonates	298,30	23,43
im-4,1	so3-4[f]	imidazolium	sulfonates	303,20	23,13
im-4,1	so3-4[f]	imidazolium	sulfonates	318,00	22,83
im-4,1	so3-4[f]	imidazolium	sulfonates	328,00	22,50
im-4,1	so3-4[f]	imidazolium	sulfonates	338,10	22,20
im-4,1	so3-4[f]	imidazolium	sulfonates	347,70	21,98
im-4,1	so4-1	imidazolium	sulfates	283,15	46,00
im-4,1	so4-1	imidazolium	sulfates	293,15	44,40
im-4,1	so4-1	imidazolium	sulfates	298,15	43,70
im-4,1	so4-1	imidazolium	sulfates	303,15	43,40
im-4,1	so4-1	imidazolium	sulfates	313,15	42,60
im-4,1	so4-1	imidazolium	sulfates	323,15	42,00
im-4,1	so4-1	imidazolium	sulfates	333,15	41,20
im-4,1	so4-1	imidazolium	sulfates	343,15	39,80
im-4,1	so4-1	imidazolium	sulfates	353,15	39,00
im-4,1	so4-1	imidazolium	sulfates	363,15	38,10
im-4,1	so4-1	imidazolium	sulfates	368,15	37,60
im-4,1	so4-1	imidazolium	sulfates	303,15	42,72
im-4,1	so4-1	imidazolium	sulfates	313,15	42,09
im-4,1	so4-1	imidazolium	sulfates	323,15	41,60
im-4,1	so4-1	imidazolium	sulfates	333,15	41,02
im-4,1	so4-1	imidazolium	sulfates	283,15	45,90
im-4,1	so4-1	imidazolium	sulfates	288,15	45,00
im-4,1	so4-1	imidazolium	sulfates	293,15	44,10
im-4,1	so4-1	imidazolium	sulfates	298,15	43,30
im-4,1	so4-1	imidazolium	sulfates	303,15	42,80
im-4,1	so4-1	imidazolium	sulfates	308,15	42,30
im-4,1	so4-1	imidazolium	sulfates	313,15	41,80
im-4,1	so4-1	imidazolium	sulfates	294,55	42,90
im-4,1	so4-1	imidazolium	sulfates	295,45	43,40
im-4,1	so4-1	imidazolium	sulfates	295,55	43,00
im-4,1	so4-1	imidazolium	sulfates	302,85	42,80
im-4,1	so4-1	imidazolium	sulfates	302,75	42,70
im-4,1	so4-1	imidazolium	sulfates	310,65	42,50
im-4,1	so4-1	imidazolium	sulfates	309,65	44,10
im-4,1	so4-1	imidazolium	sulfates	309,75	42,40
im-4,1	so4-1	imidazolium	sulfates	310,15	42,30
im-4,1	so4-1	imidazolium	sulfates	321,55	41,90
im-4,1	so4-1	imidazolium	sulfates	320,45	41,70
im-4,1	so4-1	imidazolium	sulfates	331,55	41,00
im-4,1	so4-1	imidazolium	sulfates	331,55	41,30
im-4,1	so4-1	imidazolium	sulfates	331,45	41,30
im-4,1	so4-1	imidazolium	sulfates	340,35	41,50
im-4,1	so4-1	imidazolium	sulfates	340,45	40,70
im-4,1	so4-1	imidazolium	sulfates	342,65	38,70
im-4,1	so4-1	imidazolium	sulfates	342,35	38,10
im-4,1	so4-1	imidazolium	sulfates	353,75	38,20
im-4,1	so4-1	imidazolium	sulfates	353,15	38,00
im-4,1	so4-1	imidazolium	sulfates	354,35	37,70
im-4,1	so4-1	imidazolium	sulfates	298,15	43,30
im-4,1	so4-1	imidazolium	sulfates	313,15	42,09
im-4,1	so4-1	imidazolium	sulfates	296,70	44,10
im-4,1	so4-12	imidazolium	sulfates	298,15	32,90
im-4,1	so4-12	imidazolium	sulfates	298,15	30,70
im-4,1	so4-2	imidazolium	sulfates	298,15	36,38
im-4,1	so4-2	imidazolium	sulfates	313,15	33,91
im-4,1	so4-2	imidazolium	sulfates	296,70	41,70
im-4,1	so4-3	imidazolium	sulfates	296,70	36,70
im-4,1	so4-4	imidazolium	sulfates	296,70	31,10
im-4,1	so4-8	imidazolium	sulfates	303,00	35,70
im-4,1	so4-8	imidazolium	sulfates	308,00	35,20
im-4,1	so4-8	imidazolium	sulfates	313,00	34,90
im-4,1	so4-8	imidazolium	sulfates	318,00	34,70
im-4,1	so4-8	imidazolium	sulfates	323,00	34,30
im-4,1	so4-8	imidazolium	sulfates	328,00	33,90
im-4,1	so4-8	imidazolium	sulfates	278,75	28,08
im-4,1	so4-8	imidazolium	sulfates	288,15	27,29
im-4,1	so4-8	imidazolium	sulfates	298,15	26,71
im-4,1	so4-8	imidazolium	sulfates	308,15	26,27
im-4,1	so4-8	imidazolium	sulfates	318,15	25,72
im-4,1	so4-8	imidazolium	sulfates	328,15	24,99
im-4,1	tau	imidazolium	sulfonates	288,15	48,60
im-4,1	tau	imidazolium	sulfonates	293,15	48,20
im-4,1	tau	imidazolium	sulfonates	298,15	47,80
im-4,1	tau	imidazolium	sulfonates	303,15	47,30
im-4,1	tau	imidazolium	sulfonates	308,15	46,90
im-4,1	tau	imidazolium	sulfonates	313,15	46,50
im-4,1	tau	imidazolium	sulfonates	318,15	46,10
im-4,1	tau	imidazolium	sulfonates	323,15	45,70
im-4,1	tau	imidazolium	sulfonates	328,15	45,30
im-4,1	tcb	imidazolium	tetrafluoroborate derivatives	283,23	45,23
im-4,1	tcb	imidazolium	tetrafluoroborate derivatives	293,23	44,64
im-4,1	tcb	imidazolium	tetrafluoroborate derivatives	303,30	43,65
im-4,1	tcb	imidazolium	tetrafluoroborate derivatives	313,24	42,62
im-4,1	tcb	imidazolium	tetrafluoroborate derivatives	323,24	41,71
im-4,1	tcb	imidazolium	tetrafluoroborate derivatives	333,20	40,81
im-4,1	tcb	imidazolium	tetrafluoroborate derivatives	343,22	39,87
im-4,1	tcb	imidazolium	tetrafluoroborate derivatives	353,30	39,08
im-4,1	tcb	imidazolium	tetrafluoroborate derivatives	293,38	44,04
im-4,1	tcb	imidazolium	tetrafluoroborate derivatives	333,15	39,50
im-4,1	tcb	imidazolium	tetrafluoroborate derivatives	343,15	38,60
im-4,1	tcb	imidazolium	tetrafluoroborate derivatives	353,15	37,40
im-4,1	tcb	imidazolium	tetrafluoroborate derivatives	363,15	36,30
im-4,1	tdi	imidazolium	heterocyclic amines	298,15	39,19
im-4,1	tdi	imidazolium	heterocyclic amines	308,15	38,54
im-4,1	tdi	imidazolium	heterocyclic amines	318,15	36,99
im-4,1	tdi	imidazolium	heterocyclic amines	328,15	36,04
im-4,1	tdi	imidazolium	heterocyclic amines	338,15	35,18
im-4,1	tehss	imidazolium	sulfonates	298,15	24,80
im-4,1	tehss	imidazolium	sulfonates	298,15	24,80
im-4,1	tfa	imidazolium	carboxylates	293,15	44,10
im-4,1	tfa	imidazolium	carboxylates	298,15	43,80
im-4,1	tfa	imidazolium	carboxylates	303,15	43,50
im-4,1	tfa	imidazolium	carboxylates	308,15	43,20
im-4,1	tfa	imidazolium	carboxylates	313,15	42,90
im-4,1	tfa	imidazolium	carboxylates	318,15	42,60
im-4,1	tfa	imidazolium	carboxylates	323,15	42,20
im-4,1	tfa	imidazolium	carboxylates	328,15	41,90
im-4,1	tfa	imidazolium	carboxylates	333,15	41,60
im-4,1	tfa	imidazolium	carboxylates	338,15	41,20
im-4,1	tfa	imidazolium	carboxylates	343,15	41,00
im-4,1	zn3cl7	imidazolium	metal complexes	318,20	78,30
im-4,1	zn3cl7	imidazolium	metal complexes	323,20	78,00
im-4,1	zn3cl7	imidazolium	metal complexes	328,20	77,70
im-4,1	zn3cl7	imidazolium	metal complexes	333,20	77,20
im-4,1	zn3cl7	imidazolium	metal complexes	338,20	76,80
im-4,1	zn3cl7	imidazolium	metal complexes	343,20	76,40
im-4,1	zncl3	imidazolium	metal complexes	313,20	57,49
im-4,1	zncl3	imidazolium	metal complexes	318,20	56,90
im-4,1	zncl3	imidazolium	metal complexes	323,20	56,62
im-4,1	zncl3	imidazolium	metal complexes	328,20	56,16
im-4,1	zncl3	imidazolium	metal complexes	333,20	55,70
im-4,1	zncl3	imidazolium	metal complexes	338,20	55,40
im-4,1	zncl3	imidazolium	metal complexes	343,20	54,79
im-4,4	ntf2	imidazolium	bistriflamide derivatives	298,10	31,10
im-4,4	ntf2	imidazolium	bistriflamide derivatives	308,00	30,60
im-4,4	ntf2	imidazolium	bistriflamide derivatives	318,10	30,10
im-4,4	ntf2	imidazolium	bistriflamide derivatives	328,70	29,60
im-4,4	ntf2	imidazolium	bistriflamide derivatives	338,80	29,10
im-4,4	ntf2	imidazolium	bistriflamide derivatives	342,90	28,90
im-4,4	ntf2	imidazolium	bistriflamide derivatives	293,15	29,55
im-4	hso4	imidazolium	sulfates	293,15	51,48
im-4	hso4	imidazolium	sulfates	303,15	50,18
im-4	hso4	imidazolium	sulfates	313,15	49,15
im-4	hso4	imidazolium	sulfates	323,15	48,19
im-4	hso4	imidazolium	sulfates	333,15	47,17
im-4	hso4	imidazolium	sulfates	343,15	46,01
im-4	hso4	imidazolium	sulfates	353,15	45,10
im-4i,1	dca	imidazolium	dicyanamides	296,15	45,70
im-4i,1	ntf2	imidazolium	bistriflamide derivatives	298,20	32,72
im-4i,1	ntf2	imidazolium	bistriflamide derivatives	308,20	32,26
im-4i,1	ntf2	imidazolium	bistriflamide derivatives	318,20	31,81
im-4i,1	ntf2	imidazolium	bistriflamide derivatives	328,20	31,35
im-4i,1	ntf2	imidazolium	bistriflamide derivatives	338,20	30,90
im-4i,1	ntf2	imidazolium	bistriflamide derivatives	343,20	30,67
im-4so3h,1	hso4	imidazolium	sulfates	293,15	44,65
im-4so3h,1	hso4	imidazolium	sulfates	303,15	43,18
im-4so3h,1	hso4	imidazolium	sulfates	313,15	41,72
im-4so3h,1	hso4	imidazolium	sulfates	323,15	40,29
im-4so3h,1	hso4	imidazolium	sulfates	333,15	38,89
im-4so3h,1	hso4	imidazolium	sulfates	343,15	37,49
im-4so3h,1	hso4	imidazolium	sulfates	353,15	36,18
im-4so3h,1	otf	imidazolium	sulfonates	293,15	45,29
im-4so3h,1	otf	imidazolium	sulfonates	303,15	44,24
im-4so3h,1	otf	imidazolium	sulfonates	313,15	43,24
im-4so3h,1	otf	imidazolium	sulfonates	323,15	42,27
im-4so3h,1	otf	imidazolium	sulfonates	333,15	41,17
im-4so3h,1	otf	imidazolium	sulfonates	343,15	40,20
im-4so3h,1	otf	imidazolium	sulfonates	353,15	39,12
im-5,1,1	hso4	imidazolium	sulfates	288,15	42,50
im-5,1,1	hso4	imidazolium	sulfates	293,15	42,20
im-5,1,1	hso4	imidazolium	sulfates	298,15	42,00
im-5,1,1	hso4	imidazolium	sulfates	303,15	41,70
im-5,1,1	hso4	imidazolium	sulfates	308,15	41,50
im-5,1,1	hso4	imidazolium	sulfates	313,15	41,20
im-5,1,1	hso4	imidazolium	sulfates	318,15	40,90
im-5,1,1	hso4	imidazolium	sulfates	323,15	40,70
im-5,1,1	hso4	imidazolium	sulfates	328,15	40,40
im-5,1,1	hso4	imidazolium	sulfates	333,15	40,10
im-5,1,1	hso4	imidazolium	sulfates	338,15	39,90
im-5,1,1	hso4	imidazolium	sulfates	343,15	39,60
im-5,1,1	ntf2	imidazolium	bistriflamide derivatives	298,15	37,03
im-5,1,1	ntf2	imidazolium	bistriflamide derivatives	301,15	30,90
im-5,1,1	ntf2	imidazolium	bistriflamide derivatives	306,35	30,60
im-5,1,1	ntf2	imidazolium	bistriflamide derivatives	311,55	30,40
im-5,1,1	ntf2	imidazolium	bistriflamide derivatives	315,95	30,20
im-5,1,1	ntf2	imidazolium	bistriflamide derivatives	320,75	30,00
im-5,1,1	ntf2	imidazolium	bistriflamide derivatives	326,25	29,80
im-5,1,1	ntf2	imidazolium	bistriflamide derivatives	331,25	29,50
im-5,1,1	ntf2	imidazolium	bistriflamide derivatives	336,45	29,30
im-5,1,1	ntf2	imidazolium	bistriflamide derivatives	341,75	29,10
im-5,1	ac	imidazolium	carboxylates	298,15	34,10
im-5,1	ac	imidazolium	carboxylates	298,15	33,00
im-5,1	ac	imidazolium	carboxylates	303,15	33,80
im-5,1	ac	imidazolium	carboxylates	308,15	33,40
im-5,1	ac	imidazolium	carboxylates	313,15	33,10
im-5,1	ac	imidazolium	carboxylates	318,15	32,60
im-5,1	ac	imidazolium	carboxylates	323,15	32,20
im-5,1	ac	imidazolium	carboxylates	328,15	31,70
im-5,1	ac	imidazolium	carboxylates	333,15	31,30
im-5,1	ac	imidazolium	carboxylates	338,15	31,00
im-5,1	ala	imidazolium	aminoacids	298,15	44,40
im-5,1	alcl4	imidazolium	metal complexes	273,15	44,00
im-5,1	alcl4	imidazolium	metal complexes	278,15	43,70
im-5,1	alcl4	imidazolium	metal complexes	283,15	43,40
im-5,1	alcl4	imidazolium	metal complexes	288,15	43,10
im-5,1	alcl4	imidazolium	metal complexes	293,15	42,90
im-5,1	alcl4	imidazolium	metal complexes	298,15	42,60
im-5,1	alcl4	imidazolium	metal complexes	303,15	42,40
im-5,1	alcl4	imidazolium	metal complexes	308,15	42,10
im-5,1	alcl4	imidazolium	metal complexes	313,15	41,90
im-5,1	alcl4	imidazolium	metal complexes	318,15	41,50
im-5,1	alcl4	imidazolium	metal complexes	323,15	41,20
im-5,1	alcl4	imidazolium	metal complexes	328,15	40,80
im-5,1	alcl4	imidazolium	metal complexes	333,15	40,60
im-5,1	alcl4	imidazolium	metal complexes	338,15	40,30
im-5,1	alcl4	imidazolium	metal complexes	343,15	40,00
im-5,1	bf4	imidazolium	tetrafluoroborate derivatives	297,00	42,80
im-5,1	bf4	imidazolium	tetrafluoroborate derivatives	283,06	41,81
im-5,1	bf4	imidazolium	tetrafluoroborate derivatives	288,31	41,58
im-5,1	bf4	imidazolium	tetrafluoroborate derivatives	292,93	41,36
im-5,1	bf4	imidazolium	tetrafluoroborate derivatives	298,20	41,10
im-5,1	bf4	imidazolium	tetrafluoroborate derivatives	303,06	40,86
im-5,1	bf4	imidazolium	tetrafluoroborate derivatives	308,10	40,60
im-5,1	bf4	imidazolium	tetrafluoroborate derivatives	313,04	40,36
im-5,1	bf4	imidazolium	tetrafluoroborate derivatives	318,17	40,07
im-5,1	bf4	imidazolium	tetrafluoroborate derivatives	323,62	39,72
im-5,1	bf4	imidazolium	tetrafluoroborate derivatives	328,31	39,45
im-5,1	bf4	imidazolium	tetrafluoroborate derivatives	333,10	39,18
im-5,1	bf4	imidazolium	tetrafluoroborate derivatives	338,23	38,94
im-5,1	bf4	imidazolium	tetrafluoroborate derivatives	342,52	38,68
im-5,1	bf4	imidazolium	tetrafluoroborate derivatives	348,11	38,42
im-5,1	bf4	imidazolium	tetrafluoroborate derivatives	353,84	38,09
im-5,1	bf4	imidazolium	tetrafluoroborate derivatives	358,37	37,87
im-5,1	bf4	imidazolium	tetrafluoroborate derivatives	364,61	37,57
im-5,1	bf4	imidazolium	tetrafluoroborate derivatives	263,64	43,08
im-5,1	bf4	imidazolium	tetrafluoroborate derivatives	269,34	42,79
im-5,1	bf4	imidazolium	tetrafluoroborate derivatives	273,78	42,67
im-5,1	bf4	imidazolium	tetrafluoroborate derivatives	278,75	42,24
im-5,1	bf4	imidazolium	tetrafluoroborate derivatives	283,10	42,19
im-5,1	bf4	imidazolium	tetrafluoroborate derivatives	288,31	41,94
im-5,1	bf4	imidazolium	tetrafluoroborate derivatives	292,94	41,69
im-5,1	bf4	imidazolium	tetrafluoroborate derivatives	298,20	41,40
im-5,1	bf4	imidazolium	tetrafluoroborate derivatives	303,07	41,17
im-5,1	bf4	imidazolium	tetrafluoroborate derivatives	308,07	40,88
im-5,1	bf4	imidazolium	tetrafluoroborate derivatives	313,01	40,64
im-5,1	bf4	imidazolium	tetrafluoroborate derivatives	318,12	40,35
im-5,1	bf4	imidazolium	tetrafluoroborate derivatives	323,56	40,02
im-5,1	bf4	imidazolium	tetrafluoroborate derivatives	328,29	39,81
im-5,1	bf4	imidazolium	tetrafluoroborate derivatives	333,29	39,49
im-5,1	bf4	imidazolium	tetrafluoroborate derivatives	338,23	39,13
im-5,1	bf4	imidazolium	tetrafluoroborate derivatives	342,51	38,95
im-5,1	bf4	imidazolium	tetrafluoroborate derivatives	348,10	38,54
im-5,1	bf4	imidazolium	tetrafluoroborate derivatives	353,72	38,21
im-5,1	bf4	imidazolium	tetrafluoroborate derivatives	358,24	38,16
im-5,1	bf4	imidazolium	tetrafluoroborate derivatives	364,60	37,60
im-5,1	bf4	imidazolium	tetrafluoroborate derivatives	288,15	42,21
im-5,1	bf4	imidazolium	tetrafluoroborate derivatives	298,15	41,63
im-5,1	bf4	imidazolium	tetrafluoroborate derivatives	308,15	41,43
im-5,1	bf4	imidazolium	tetrafluoroborate derivatives	318,15	40,80
im-5,1	bf4	imidazolium	tetrafluoroborate derivatives	328,15	40,34
im-5,1	bf4	imidazolium	tetrafluoroborate derivatives	298,15	42,90
im-5,1	bf4	imidazolium	tetrafluoroborate derivatives	303,15	42,50
im-5,1	bf4	imidazolium	tetrafluoroborate derivatives	308,15	42,10
im-5,1	bf4	imidazolium	tetrafluoroborate derivatives	313,15	41,70
im-5,1	bf4	imidazolium	tetrafluoroborate derivatives	318,15	41,30
im-5,1	bf4	imidazolium	tetrafluoroborate derivatives	323,15	40,90
im-5,1	bf4	imidazolium	tetrafluoroborate derivatives	328,15	40,50
im-5,1	bf4	imidazolium	tetrafluoroborate derivatives	333,15	40,20
im-5,1	bf4	imidazolium	tetrafluoroborate derivatives	338,15	39,90
im-5,1	bf4	imidazolium	tetrafluoroborate derivatives	278,15	40,30
im-5,1	bf4	imidazolium	tetrafluoroborate derivatives	283,15	40,20
im-5,1	bf4	imidazolium	tetrafluoroborate derivatives	288,15	40,00
im-5,1	bf4	imidazolium	tetrafluoroborate derivatives	293,15	39,70
im-5,1	bf4	imidazolium	tetrafluoroborate derivatives	298,15	39,60
im-5,1	bf4	imidazolium	tetrafluoroborate derivatives	303,15	39,40
im-5,1	bf4	imidazolium	tetrafluoroborate derivatives	308,15	39,20
im-5,1	bf4	imidazolium	tetrafluoroborate derivatives	313,15	39,00
im-5,1	bf4	imidazolium	tetrafluoroborate derivatives	318,15	38,90
im-5,1	bf4	imidazolium	tetrafluoroborate derivatives	323,15	38,70
im-5,1	bf4	imidazolium	tetrafluoroborate derivatives	328,15	38,60
im-5,1	bf4	imidazolium	tetrafluoroborate derivatives	333,15	38,50
im-5,1	bf4	imidazolium	tetrafluoroborate derivatives	338,15	38,40
im-5,1	br	imidazolium	inorganics	333,26	41,79
im-5,1	br	imidazolium	inorganics	338,08	41,60
im-5,1	br	imidazolium	inorganics	343,09	41,38
im-5,1	br	imidazolium	inorganics	348,26	41,18
im-5,1	br	imidazolium	inorganics	353,13	41,00
im-5,1	br	imidazolium	inorganics	358,24	40,81
im-5,1	br	imidazolium	inorganics	363,12	40,60
im-5,1	br	imidazolium	inorganics	333,23	41,96
im-5,1	br	imidazolium	inorganics	338,06	41,95
im-5,1	br	imidazolium	inorganics	343,07	41,84
im-5,1	br	imidazolium	inorganics	348,23	41,59
im-5,1	br	imidazolium	inorganics	353,11	41,45
im-5,1	br	imidazolium	inorganics	358,22	41,24
im-5,1	br	imidazolium	inorganics	363,07	41,04
im-5,1	gacl4	imidazolium	metal complexes	273,15	44,40
im-5,1	gacl4	imidazolium	metal complexes	278,15	44,20
im-5,1	gacl4	imidazolium	metal complexes	283,15	43,90
im-5,1	gacl4	imidazolium	metal complexes	288,15	43,50
im-5,1	gacl4	imidazolium	metal complexes	293,15	43,30
im-5,1	gacl4	imidazolium	metal complexes	298,15	43,10
im-5,1	gacl4	imidazolium	metal complexes	303,15	42,80
im-5,1	gacl4	imidazolium	metal complexes	308,15	42,60
im-5,1	gacl4	imidazolium	metal complexes	313,15	42,30
im-5,1	gacl4	imidazolium	metal complexes	318,15	42,10
im-5,1	gacl4	imidazolium	metal complexes	323,15	41,80
im-5,1	gacl4	imidazolium	metal complexes	328,15	41,50
im-5,1	gacl4	imidazolium	metal complexes	333,15	41,10
im-5,1	gacl4	imidazolium	metal complexes	338,15	40,80
im-5,1	gacl4	imidazolium	metal complexes	343,15	40,40
im-5,1	glu	imidazolium	aminoacids	308,15	39,20
im-5,1	glu	imidazolium	aminoacids	313,15	37,90
im-5,1	glu	imidazolium	aminoacids	318,15	36,60
im-5,1	glu	imidazolium	aminoacids	323,15	35,20
im-5,1	glu	imidazolium	aminoacids	328,15	33,70
im-5,1	glu	imidazolium	aminoacids	333,15	32,40
im-5,1	glu	imidazolium	aminoacids	338,15	31,00
im-5,1	glu	imidazolium	aminoacids	343,15	29,60
im-5,1	gly	imidazolium	aminoacids	293,15	41,80
im-5,1	gly	imidazolium	aminoacids	298,15	41,50
im-5,1	gly	imidazolium	aminoacids	303,15	41,20
im-5,1	gly	imidazolium	aminoacids	308,15	40,90
im-5,1	gly	imidazolium	aminoacids	313,15	40,60
im-5,1	gly	imidazolium	aminoacids	318,15	40,30
im-5,1	gly	imidazolium	aminoacids	323,15	39,90
im-5,1	gly	imidazolium	aminoacids	328,15	39,50
im-5,1	gly	imidazolium	aminoacids	333,15	39,20
im-5,1	gly	imidazolium	aminoacids	338,15	39,00
im-5,1	gly	imidazolium	aminoacids	343,15	38,80
im-5,1	h2po4	imidazolium	phosphates	288,15	41,80
im-5,1	h2po4	imidazolium	phosphates	293,15	41,50
im-5,1	h2po4	imidazolium	phosphates	298,15	41,20
im-5,1	h2po4	imidazolium	phosphates	303,15	40,90
im-5,1	h2po4	imidazolium	phosphates	308,15	40,60
im-5,1	h2po4	imidazolium	phosphates	313,15	40,30
im-5,1	h2po4	imidazolium	phosphates	318,15	40,00
im-5,1	h2po4	imidazolium	phosphates	323,15	39,70
im-5,1	h2po4	imidazolium	phosphates	328,15	39,30
im-5,1	h2po4	imidazolium	phosphates	333,15	39,00
im-5,1	h2po4	imidazolium	phosphates	338,15	38,70
im-5,1	h2po4	imidazolium	phosphates	343,15	38,40
im-5,1	hco3	imidazolium	inorganics	288,15	31,90
im-5,1	hco3	imidazolium	inorganics	293,15	31,40
im-5,1	hco3	imidazolium	inorganics	298,15	30,90
im-5,1	hco3	imidazolium	inorganics	303,15	30,40
im-5,1	hco3	imidazolium	inorganics	308,15	29,90
im-5,1	hco3	imidazolium	inorganics	313,15	29,40
im-5,1	hco3	imidazolium	inorganics	318,15	29,00
im-5,1	hco3	imidazolium	inorganics	323,15	28,50
im-5,1	hco3	imidazolium	inorganics	328,15	28,00
im-5,1	hco3	imidazolium	inorganics	333,15	27,50
im-5,1	hco3	imidazolium	inorganics	338,15	26,90
im-5,1	hco3	imidazolium	inorganics	343,15	26,50
im-5,1	incl4	imidazolium	metal complexes	273,15	45,10
im-5,1	incl4	imidazolium	metal complexes	278,15	44,80
im-5,1	incl4	imidazolium	metal complexes	283,15	44,50
im-5,1	incl4	imidazolium	metal complexes	288,15	44,10
im-5,1	incl4	imidazolium	metal complexes	293,15	43,70
im-5,1	incl4	imidazolium	metal complexes	298,15	43,40
im-5,1	incl4	imidazolium	metal complexes	303,15	43,30
im-5,1	incl4	imidazolium	metal complexes	308,15	43,00
im-5,1	incl4	imidazolium	metal complexes	313,15	42,80
im-5,1	incl4	imidazolium	metal complexes	318,15	42,50
im-5,1	incl4	imidazolium	metal complexes	323,15	42,00
im-5,1	incl4	imidazolium	metal complexes	328,15	41,70
im-5,1	incl4	imidazolium	metal complexes	333,15	41,50
im-5,1	incl4	imidazolium	metal complexes	338,15	41,30
im-5,1	incl4	imidazolium	metal complexes	343,15	41,00
im-5,1	la	imidazolium	aminoacids	298,15	42,40
im-5,1	no3	imidazolium	inorganics	297,00	42,80
im-5,1	npf2	imidazolium	bistriflamide derivatives	297,00	31,10
im-5,1	ntf2	imidazolium	bistriflamide derivatives	293,15	32,90
im-5,1	ntf2	imidazolium	bistriflamide derivatives	303,15	32,41
im-5,1	ntf2	imidazolium	bistriflamide derivatives	313,15	31,83
im-5,1	ntf2	imidazolium	bistriflamide derivatives	323,15	31,27
im-5,1	ntf2	imidazolium	bistriflamide derivatives	333,15	30,77
im-5,1	ntf2	imidazolium	bistriflamide derivatives	343,15	30,31
im-5,1	ntf2	imidazolium	bistriflamide derivatives	298,15	34,13
im-5,1	ntf2	imidazolium	bistriflamide derivatives	298,15	32,60
im-5,1	ntf2	imidazolium	bistriflamide derivatives	298,20	32,51
im-5,1	ntf2	imidazolium	bistriflamide derivatives	297,00	34,00
im-5,1	ntf2	imidazolium	bistriflamide derivatives	312,70	29,50
im-5,1	ntf2	imidazolium	bistriflamide derivatives	333,20	28,30
im-5,1	ntf2	imidazolium	bistriflamide derivatives	353,40	27,30
im-5,1	ntf2	imidazolium	bistriflamide derivatives	373,50	26,30
im-5,1	ntf2	imidazolium	bistriflamide derivatives	393,70	25,60
im-5,1	ntf2	imidazolium	bistriflamide derivatives	413,60	24,60
im-5,1	ntf2	imidazolium	bistriflamide derivatives	433,70	23,70
im-5,1	ntf2	imidazolium	bistriflamide derivatives	453,60	22,80
im-5,1	ntf2	imidazolium	bistriflamide derivatives	473,60	21,70
im-5,1	ntf2	imidazolium	bistriflamide derivatives	493,20	20,80
im-5,1	ntf2	imidazolium	bistriflamide derivatives	512,90	20,10
im-5,1	ntf2	imidazolium	bistriflamide derivatives	313,20	30,50
im-5,1	ntf2	imidazolium	bistriflamide derivatives	353,70	27,20
im-5,1	ntf2	imidazolium	bistriflamide derivatives	373,70	26,60
im-5,1	ntf2	imidazolium	bistriflamide derivatives	393,70	24,70
im-5,1	ntf2	imidazolium	bistriflamide derivatives	413,80	23,50
im-5,1	ntf2	imidazolium	bistriflamide derivatives	433,50	22,60
im-5,1	ntf2	imidazolium	bistriflamide derivatives	453,50	21,70
im-5,1	ntf2	imidazolium	bistriflamide derivatives	473,30	21,10
im-5,1	ntf2	imidazolium	bistriflamide derivatives	493,00	21,60
im-5,1	ntf2	imidazolium	bistriflamide derivatives	302,45	31,90
im-5,1	ntf2	imidazolium	bistriflamide derivatives	308,35	31,70
im-5,1	ntf2	imidazolium	bistriflamide derivatives	312,05	31,50
im-5,1	ntf2	imidazolium	bistriflamide derivatives	315,95	31,30
im-5,1	ntf2	imidazolium	bistriflamide derivatives	320,65	31,10
im-5,1	ntf2	imidazolium	bistriflamide derivatives	326,45	30,80
im-5,1	ntf2	imidazolium	bistriflamide derivatives	331,35	30,50
im-5,1	ntf2	imidazolium	bistriflamide derivatives	337,25	30,30
im-5,1	ntf2	imidazolium	bistriflamide derivatives	341,65	30,00
im-5,1	ntf2	imidazolium	bistriflamide derivatives	345,95	29,80
im-5,1	pf6	imidazolium	hexafluorophosphate derivatives	273,20	42,46
im-5,1	pf6	imidazolium	hexafluorophosphate derivatives	277,73	42,19
im-5,1	pf6	imidazolium	hexafluorophosphate derivatives	283,17	41,95
im-5,1	pf6	imidazolium	hexafluorophosphate derivatives	288,28	41,53
im-5,1	pf6	imidazolium	hexafluorophosphate derivatives	292,81	41,49
im-5,1	pf6	imidazolium	hexafluorophosphate derivatives	298,19	41,24
im-5,1	pf6	imidazolium	hexafluorophosphate derivatives	303,12	40,94
im-5,1	pf6	imidazolium	hexafluorophosphate derivatives	308,14	40,68
im-5,1	pf6	imidazolium	hexafluorophosphate derivatives	313,06	40,40
im-5,1	pf6	imidazolium	hexafluorophosphate derivatives	317,95	40,17
im-5,1	pf6	imidazolium	hexafluorophosphate derivatives	323,20	39,86
im-5,1	pf6	imidazolium	hexafluorophosphate derivatives	328,30	39,63
im-5,1	pf6	imidazolium	hexafluorophosphate derivatives	333,52	39,36
im-5,1	pf6	imidazolium	hexafluorophosphate derivatives	338,60	39,10
im-5,1	pf6	imidazolium	hexafluorophosphate derivatives	343,00	38,86
im-5,1	pf6	imidazolium	hexafluorophosphate derivatives	348,11	38,64
im-5,1	pf6	imidazolium	hexafluorophosphate derivatives	353,30	38,40
im-5,1	pf6	imidazolium	hexafluorophosphate derivatives	357,97	38,11
im-5,1	pf6	imidazolium	hexafluorophosphate derivatives	362,98	37,85
im-5,1	pf6	imidazolium	hexafluorophosphate derivatives	262,89	43,04
im-5,1	pf6	imidazolium	hexafluorophosphate derivatives	268,06	42,78
im-5,1	pf6	imidazolium	hexafluorophosphate derivatives	277,78	42,23
im-5,1	pf6	imidazolium	hexafluorophosphate derivatives	283,10	41,97
im-5,1	pf6	imidazolium	hexafluorophosphate derivatives	288,29	41,76
im-5,1	pf6	imidazolium	hexafluorophosphate derivatives	292,81	41,54
im-5,1	pf6	imidazolium	hexafluorophosphate derivatives	298,20	41,35
im-5,1	pf6	imidazolium	hexafluorophosphate derivatives	303,11	40,96
im-5,1	pf6	imidazolium	hexafluorophosphate derivatives	308,16	40,75
im-5,1	pf6	imidazolium	hexafluorophosphate derivatives	313,06	40,41
im-5,1	pf6	imidazolium	hexafluorophosphate derivatives	317,98	40,23
im-5,1	pf6	imidazolium	hexafluorophosphate derivatives	323,19	40,04
im-5,1	pf6	imidazolium	hexafluorophosphate derivatives	328,37	39,69
im-5,1	pf6	imidazolium	hexafluorophosphate derivatives	333,51	39,41
im-5,1	pf6	imidazolium	hexafluorophosphate derivatives	338,58	39,09
im-5,1	pf6	imidazolium	hexafluorophosphate derivatives	342,99	38,80
im-5,1	pf6	imidazolium	hexafluorophosphate derivatives	348,07	38,64
im-5,1	pf6	imidazolium	hexafluorophosphate derivatives	353,27	38,38
im-5,1	pf6	imidazolium	hexafluorophosphate derivatives	358,34	38,10
im-5,1	pf6	imidazolium	hexafluorophosphate derivatives	283,15	42,70
im-5,1	pf6	imidazolium	hexafluorophosphate derivatives	293,15	43,29
im-5,1	pf6	imidazolium	hexafluorophosphate derivatives	303,15	42,49
im-5,1	pf6	imidazolium	hexafluorophosphate derivatives	313,15	42,30
im-5,1	pf6	imidazolium	hexafluorophosphate derivatives	323,15	41,58
im-5,1	pf6	imidazolium	hexafluorophosphate derivatives	333,15	40,40
im-5,1	pro	imidazolium	aminoacids	288,15	35,40
im-5,1	pro	imidazolium	aminoacids	293,15	35,20
im-5,1	pro	imidazolium	aminoacids	298,15	35,00
im-5,1	pro	imidazolium	aminoacids	303,15	34,80
im-5,1	pro	imidazolium	aminoacids	308,15	34,60
im-5,1	pro	imidazolium	aminoacids	313,15	34,40
im-5,1	pro	imidazolium	aminoacids	318,15	34,10
im-5,1	pro	imidazolium	aminoacids	323,15	33,90
im-5,1	pro	imidazolium	aminoacids	328,15	33,70
im-5,1	pro	imidazolium	aminoacids	298,15	35,70
im-5,1	reo4	imidazolium	metal complexes	293,15	43,00
im-5,1	reo4	imidazolium	metal complexes	298,15	42,70
im-5,1	reo4	imidazolium	metal complexes	303,15	42,50
im-5,1	reo4	imidazolium	metal complexes	308,15	42,20
im-5,1	reo4	imidazolium	metal complexes	313,15	41,90
im-5,1	reo4	imidazolium	metal complexes	318,15	41,60
im-5,1	reo4	imidazolium	metal complexes	323,15	41,30
im-5,1	reo4	imidazolium	metal complexes	328,15	40,80
im-5,1	reo4	imidazolium	metal complexes	333,15	40,60
im-5,1	reo4	imidazolium	metal complexes	338,15	40,30
im-5,1	reo4	imidazolium	metal complexes	343,15	40,00
im-5,1	sbf6	imidazolium	metal complexes	293,15	41,50
im-5,1	sbf6	imidazolium	metal complexes	298,15	41,10
im-5,1	sbf6	imidazolium	metal complexes	303,15	40,70
im-5,1	sbf6	imidazolium	metal complexes	308,15	40,30
im-5,1	sbf6	imidazolium	metal complexes	313,15	40,00
im-5,1	sbf6	imidazolium	metal complexes	318,15	39,70
im-5,1	sbf6	imidazolium	metal complexes	323,15	39,20
im-5,1	sbf6	imidazolium	metal complexes	328,15	38,90
im-5,1	sbf6	imidazolium	metal complexes	333,15	38,50
im-5,1	sbf6	imidazolium	metal complexes	338,15	38,30
im-5,1	sbf6	imidazolium	metal complexes	343,15	37,90
im-5,1	scn	imidazolium	inorganics	293,15	44,30
im-5,1	scn	imidazolium	inorganics	298,15	43,20
im-5,1	scn	imidazolium	inorganics	303,15	42,10
im-5,1	scn	imidazolium	inorganics	308,15	40,90
im-5,1	scn	imidazolium	inorganics	313,15	39,80
im-5,1	scn	imidazolium	inorganics	318,15	38,70
im-5,1	scn	imidazolium	inorganics	323,15	37,50
im-5,1	scn	imidazolium	inorganics	328,15	36,20
im-5,1	scn	imidazolium	inorganics	333,15	35,20
im-5,1	scn	imidazolium	inorganics	338,15	34,20
im-5,1	scn	imidazolium	inorganics	343,15	33,10
im-5,1	tfa	imidazolium	carboxylates	293,15	41,30
im-5,1	tfa	imidazolium	carboxylates	298,15	41,00
im-5,1	tfa	imidazolium	carboxylates	303,15	40,80
im-5,1	tfa	imidazolium	carboxylates	308,15	40,60
im-5,1	tfa	imidazolium	carboxylates	313,15	40,30
im-5,1	tfa	imidazolium	carboxylates	318,15	40,10
im-5,1	tfa	imidazolium	carboxylates	323,15	39,90
im-5,1	tfa	imidazolium	carboxylates	328,15	39,60
im-5,1	tfa	imidazolium	carboxylates	333,15	39,40
im-5,1	tfa	imidazolium	carboxylates	338,15	39,20
im-5,1	tfa	imidazolium	carboxylates	343,15	39,10
im-5,1	thr	imidazolium	aminoacids	288,15	38,20
im-5,1	thr	imidazolium	aminoacids	293,15	37,80
im-5,1	thr	imidazolium	aminoacids	298,15	37,60
im-5,1	thr	imidazolium	aminoacids	303,15	37,20
im-5,1	thr	imidazolium	aminoacids	308,15	36,90
im-5,1	thr	imidazolium	aminoacids	313,15	36,60
im-5,1	thr	imidazolium	aminoacids	318,15	36,20
im-5,1	thr	imidazolium	aminoacids	323,15	35,90
im-5,1	thr	imidazolium	aminoacids	328,15	35,60
im-5,2	ntf2	imidazolium	bistriflamide derivatives	295,95	31,40
im-5,2	ntf2	imidazolium	bistriflamide derivatives	307,15	30,90
im-5,2	ntf2	imidazolium	bistriflamide derivatives	314,05	30,50
im-5,2	ntf2	imidazolium	bistriflamide derivatives	326,15	30,10
im-5,2	ntf2	imidazolium	bistriflamide derivatives	336,15	29,50
im-5,2	ntf2	imidazolium	bistriflamide derivatives	347,15	29,20
im-5,5	ntf2	imidazolium	bistriflamide derivatives	298,70	30,10
im-5,5	ntf2	imidazolium	bistriflamide derivatives	307,90	29,60
im-5,5	ntf2	imidazolium	bistriflamide derivatives	318,00	29,00
im-5,5	ntf2	imidazolium	bistriflamide derivatives	328,70	28,40
im-5,5	ntf2	imidazolium	bistriflamide derivatives	338,60	28,00
im-5,5	ntf2	imidazolium	bistriflamide derivatives	343,10	27,80
im-6,1,1	ntf2	imidazolium	bistriflamide derivatives	298,15	36,14
im-6,1	ac	imidazolium	carboxylates	303,15	32,70
im-6,1	ac	imidazolium	carboxylates	308,15	32,30
im-6,1	ac	imidazolium	carboxylates	313,15	31,90
im-6,1	ac	imidazolium	carboxylates	318,15	31,40
im-6,1	ac	imidazolium	carboxylates	323,15	31,00
im-6,1	ac	imidazolium	carboxylates	328,15	30,60
im-6,1	ac	imidazolium	carboxylates	333,15	30,20
im-6,1	ac	imidazolium	carboxylates	338,15	29,80
im-6,1	ala	imidazolium	aminoacids	298,15	41,80
im-6,1	alcl4	imidazolium	metal complexes	283,15	40,40
im-6,1	alcl4	imidazolium	metal complexes	288,15	40,10
im-6,1	alcl4	imidazolium	metal complexes	293,15	39,80
im-6,1	alcl4	imidazolium	metal complexes	298,15	39,60
im-6,1	alcl4	imidazolium	metal complexes	303,15	39,30
im-6,1	alcl4	imidazolium	metal complexes	308,15	38,90
im-6,1	alcl4	imidazolium	metal complexes	313,15	38,70
im-6,1	alcl4	imidazolium	metal complexes	318,15	38,50
im-6,1	alcl4	imidazolium	metal complexes	323,15	38,20
im-6,1	alcl4	imidazolium	metal complexes	328,15	37,90
im-6,1	alcl4	imidazolium	metal complexes	333,15	37,60
im-6,1	alcl4	imidazolium	metal complexes	338,15	37,50
im-6,1	bf4	imidazolium	tetrafluoroborate derivatives	283,15	41,40
im-6,1	bf4	imidazolium	tetrafluoroborate derivatives	293,15	40,60
im-6,1	bf4	imidazolium	tetrafluoroborate derivatives	298,15	40,40
im-6,1	bf4	imidazolium	tetrafluoroborate derivatives	303,15	40,00
im-6,1	bf4	imidazolium	tetrafluoroborate derivatives	313,15	39,80
im-6,1	bf4	imidazolium	tetrafluoroborate derivatives	323,15	39,00
im-6,1	bf4	imidazolium	tetrafluoroborate derivatives	333,15	38,20
im-6,1	bf4	imidazolium	tetrafluoroborate derivatives	343,15	37,20
im-6,1	bf4	imidazolium	tetrafluoroborate derivatives	353,15	36,60
im-6,1	bf4	imidazolium	tetrafluoroborate derivatives	363,15	36,30
im-6,1	bf4	imidazolium	tetrafluoroborate derivatives	368,15	35,90
im-6,1	bf4	imidazolium	tetrafluoroborate derivatives	298,00	39,20
im-6,1	bf4	imidazolium	tetrafluoroborate derivatives	303,00	38,90
im-6,1	bf4	imidazolium	tetrafluoroborate derivatives	308,00	38,70
im-6,1	bf4	imidazolium	tetrafluoroborate derivatives	313,00	38,40
im-6,1	bf4	imidazolium	tetrafluoroborate derivatives	318,00	38,10
im-6,1	bf4	imidazolium	tetrafluoroborate derivatives	323,00	37,90
im-6,1	bf4	imidazolium	tetrafluoroborate derivatives	328,00	37,70
im-6,1	bf4	imidazolium	tetrafluoroborate derivatives	333,00	37,50
im-6,1	bf4	imidazolium	tetrafluoroborate derivatives	338,00	37,20
im-6,1	bf4	imidazolium	tetrafluoroborate derivatives	343,00	36,90
im-6,1	bf4	imidazolium	tetrafluoroborate derivatives	348,00	36,60
im-6,1	bf4	imidazolium	tetrafluoroborate derivatives	353,00	36,40
im-6,1	bf4	imidazolium	tetrafluoroborate derivatives	358,00	36,20
im-6,1	bf4	imidazolium	tetrafluoroborate derivatives	363,00	35,80
im-6,1	bf4	imidazolium	tetrafluoroborate derivatives	368,00	35,60
im-6,1	bf4	imidazolium	tetrafluoroborate derivatives	373,00	35,40
im-6,1	bf4	imidazolium	tetrafluoroborate derivatives	378,00	35,10
im-6,1	bf4	imidazolium	tetrafluoroborate derivatives	383,00	34,90
im-6,1	bf4	imidazolium	tetrafluoroborate derivatives	388,00	34,60
im-6,1	bf4	imidazolium	tetrafluoroborate derivatives	393,00	34,30
im-6,1	bf4	imidazolium	tetrafluoroborate derivatives	298,15	36,80
im-6,1	bf4	imidazolium	tetrafluoroborate derivatives	308,15	35,60
im-6,1	bf4	imidazolium	tetrafluoroborate derivatives	318,15	34,20
im-6,1	bf4	imidazolium	tetrafluoroborate derivatives	328,15	33,00
im-6,1	bf4	imidazolium	tetrafluoroborate derivatives	338,15	32,70
im-6,1	bf4	imidazolium	tetrafluoroborate derivatives	298,15	37,33
im-6,1	bf4	imidazolium	tetrafluoroborate derivatives	297,00	39,50
im-6,1	bf4	imidazolium	tetrafluoroborate derivatives	283,15	39,31
im-6,1	bf4	imidazolium	tetrafluoroborate derivatives	293,15	38,64
im-6,1	bf4	imidazolium	tetrafluoroborate derivatives	303,15	37,91
im-6,1	bf4	imidazolium	tetrafluoroborate derivatives	313,15	37,35
im-6,1	bf4	imidazolium	tetrafluoroborate derivatives	323,15	36,65
im-6,1	bf4	imidazolium	tetrafluoroborate derivatives	333,15	36,02
im-6,1	bf4	imidazolium	tetrafluoroborate derivatives	288,15	37,89
im-6,1	bf4	imidazolium	tetrafluoroborate derivatives	298,15	37,34
im-6,1	bf4	imidazolium	tetrafluoroborate derivatives	308,15	37,03
im-6,1	bf4	imidazolium	tetrafluoroborate derivatives	318,15	36,78
im-6,1	bf4	imidazolium	tetrafluoroborate derivatives	328,15	36,26
im-6,1	bf4	imidazolium	tetrafluoroborate derivatives	298,15	41,00
im-6,1	bf4	imidazolium	tetrafluoroborate derivatives	303,15	40,70
im-6,1	bf4	imidazolium	tetrafluoroborate derivatives	308,15	40,30
im-6,1	bf4	imidazolium	tetrafluoroborate derivatives	313,15	39,90
im-6,1	bf4	imidazolium	tetrafluoroborate derivatives	318,15	39,40
im-6,1	bf4	imidazolium	tetrafluoroborate derivatives	323,15	39,00
im-6,1	bf4	imidazolium	tetrafluoroborate derivatives	328,15	38,60
im-6,1	bf4	imidazolium	tetrafluoroborate derivatives	333,15	38,30
im-6,1	bf4	imidazolium	tetrafluoroborate derivatives	338,15	38,00
im-6,1	bf4	imidazolium	tetrafluoroborate derivatives	298,15	37,22
im-6,1	bf4	imidazolium	tetrafluoroborate derivatives	308,15	36,62
im-6,1	bf4	imidazolium	tetrafluoroborate derivatives	318,15	35,92
im-6,1	bf4	imidazolium	tetrafluoroborate derivatives	328,15	35,22
im-6,1	bf4	imidazolium	tetrafluoroborate derivatives	338,15	34,52
im-6,1	br	imidazolium	inorganics	303,45	39,75
im-6,1	br	imidazolium	inorganics	308,14	39,56
im-6,1	br	imidazolium	inorganics	313,41	39,34
im-6,1	br	imidazolium	inorganics	318,16	39,12
im-6,1	br	imidazolium	inorganics	323,29	38,80
im-6,1	br	imidazolium	inorganics	328,24	38,58
im-6,1	br	imidazolium	inorganics	333,86	38,26
im-6,1	br	imidazolium	inorganics	338,05	38,08
im-6,1	br	imidazolium	inorganics	343,07	37,86
im-6,1	br	imidazolium	inorganics	348,66	37,51
im-6,1	br	imidazolium	inorganics	352,73	37,37
im-6,1	br	imidazolium	inorganics	358,21	37,02
im-6,1	br	imidazolium	inorganics	360,23	36,96
im-6,1	br	imidazolium	inorganics	288,65	40,83
im-6,1	br	imidazolium	inorganics	293,93	40,58
im-6,1	br	imidazolium	inorganics	298,48	40,31
im-6,1	br	imidazolium	inorganics	303,39	40,14
im-6,1	br	imidazolium	inorganics	308,08	39,96
im-6,1	br	imidazolium	inorganics	313,40	39,68
im-6,1	br	imidazolium	inorganics	318,16	39,45
im-6,1	br	imidazolium	inorganics	323,34	39,07
im-6,1	br	imidazolium	inorganics	328,26	38,83
im-6,1	br	imidazolium	inorganics	333,84	38,51
im-6,1	br	imidazolium	inorganics	338,01	38,31
im-6,1	br	imidazolium	inorganics	343,05	38,09
im-6,1	br	imidazolium	inorganics	348,61	37,80
im-6,1	br	imidazolium	inorganics	352,53	37,43
im-6,1	br	imidazolium	inorganics	358,19	37,28
im-6,1	br	imidazolium	inorganics	360,12	37,19
im-6,1	ccn3	imidazolium	methanides	283,23	44,44
im-6,1	ccn3	imidazolium	methanides	293,35	43,55
im-6,1	ccn3	imidazolium	methanides	303,33	42,88
im-6,1	ccn3	imidazolium	methanides	313,26	42,09
im-6,1	ccn3	imidazolium	methanides	323,25	41,49
im-6,1	ccn3	imidazolium	methanides	333,18	40,80
im-6,1	ccn3	imidazolium	methanides	343,11	39,91
im-6,1	ccn3	imidazolium	methanides	353,53	39,07
im-6,1	ccn3	imidazolium	methanides	298,60	41,92
im-6,1	ccn3	imidazolium	methanides	308,45	41,24
im-6,1	ccn3	imidazolium	methanides	320,28	40,17
im-6,1	ccn3	imidazolium	methanides	331,24	39,35
im-6,1	ccn3	imidazolium	methanides	339,38	38,57
im-6,1	cl	imidazolium	inorganics	298,00	41,80
im-6,1	cl	imidazolium	inorganics	303,00	41,50
im-6,1	cl	imidazolium	inorganics	308,00	41,20
im-6,1	cl	imidazolium	inorganics	313,00	40,80
im-6,1	cl	imidazolium	inorganics	318,00	40,50
im-6,1	cl	imidazolium	inorganics	323,00	40,20
im-6,1	cl	imidazolium	inorganics	328,00	40,00
im-6,1	cl	imidazolium	inorganics	333,00	39,80
im-6,1	cl	imidazolium	inorganics	338,00	39,40
im-6,1	cl	imidazolium	inorganics	343,00	39,10
im-6,1	cl	imidazolium	inorganics	348,00	38,80
im-6,1	cl	imidazolium	inorganics	353,00	38,50
im-6,1	cl	imidazolium	inorganics	358,00	38,30
im-6,1	cl	imidazolium	inorganics	363,00	37,90
im-6,1	cl	imidazolium	inorganics	368,00	37,70
im-6,1	cl	imidazolium	inorganics	373,00	37,40
im-6,1	cl	imidazolium	inorganics	378,00	37,10
im-6,1	cl	imidazolium	inorganics	383,00	36,80
im-6,1	cl	imidazolium	inorganics	388,00	36,50
im-6,1	cl	imidazolium	inorganics	393,00	36,20
im-6,1	cl	imidazolium	inorganics	298,15	42,50
im-6,1	cl	imidazolium	inorganics	303,22	39,37
im-6,1	cl	imidazolium	inorganics	308,21	39,15
im-6,1	cl	imidazolium	inorganics	312,93	38,95
im-6,1	cl	imidazolium	inorganics	318,33	38,69
im-6,1	cl	imidazolium	inorganics	323,10	38,45
im-6,1	cl	imidazolium	inorganics	328,18	38,17
im-6,1	cl	imidazolium	inorganics	333,27	37,94
im-6,1	cl	imidazolium	inorganics	338,68	37,66
im-6,1	cl	imidazolium	inorganics	343,01	37,44
im-6,1	cl	imidazolium	inorganics	348,10	37,16
im-6,1	cl	imidazolium	inorganics	353,53	36,93
im-6,1	cl	imidazolium	inorganics	358,12	36,68
im-6,1	cl	imidazolium	inorganics	363,07	36,42
im-6,1	cl	imidazolium	inorganics	303,19	39,83
im-6,1	cl	imidazolium	inorganics	308,22	39,58
im-6,1	cl	imidazolium	inorganics	312,95	39,37
im-6,1	cl	imidazolium	inorganics	318,33	39,10
im-6,1	cl	imidazolium	inorganics	323,12	38,84
im-6,1	cl	imidazolium	inorganics	328,20	38,54
im-6,1	cl	imidazolium	inorganics	333,31	38,30
im-6,1	cl	imidazolium	inorganics	338,71	37,97
im-6,1	cl	imidazolium	inorganics	343,06	37,74
im-6,1	cl	imidazolium	inorganics	348,15	37,52
im-6,1	cl	imidazolium	inorganics	353,63	37,19
im-6,1	cl	imidazolium	inorganics	358,24	37,00
im-6,1	cl	imidazolium	inorganics	363,17	36,72
im-6,1	dca	imidazolium	dicyanamides	298,00	43,00
im-6,1	dca	imidazolium	dicyanamides	307,90	42,20
im-6,1	dca	imidazolium	dicyanamides	318,40	41,60
im-6,1	dca	imidazolium	dicyanamides	328,20	41,00
im-6,1	dca	imidazolium	dicyanamides	338,50	40,50
im-6,1	dca	imidazolium	dicyanamides	342,70	40,20
im-6,1	fap	imidazolium	hexafluorophosphate derivatives	267,14	33,44
im-6,1	fap	imidazolium	hexafluorophosphate derivatives	268,67	33,37
im-6,1	fap	imidazolium	hexafluorophosphate derivatives	272,93	33,10
im-6,1	fap	imidazolium	hexafluorophosphate derivatives	278,37	32,79
im-6,1	fap	imidazolium	hexafluorophosphate derivatives	283,13	32,54
im-6,1	fap	imidazolium	hexafluorophosphate derivatives	288,45	32,30
im-6,1	fap	imidazolium	hexafluorophosphate derivatives	293,04	32,01
im-6,1	fap	imidazolium	hexafluorophosphate derivatives	298,24	31,81
im-6,1	fap	imidazolium	hexafluorophosphate derivatives	302,96	31,50
im-6,1	fap	imidazolium	hexafluorophosphate derivatives	307,84	31,28
im-6,1	fap	imidazolium	hexafluorophosphate derivatives	312,96	31,05
im-6,1	fap	imidazolium	hexafluorophosphate derivatives	318,33	30,70
im-6,1	fap	imidazolium	hexafluorophosphate derivatives	322,78	30,35
im-6,1	fap	imidazolium	hexafluorophosphate derivatives	327,51	30,07
im-6,1	fap	imidazolium	hexafluorophosphate derivatives	333,67	29,69
im-6,1	fap	imidazolium	hexafluorophosphate derivatives	337,76	29,47
im-6,1	fap	imidazolium	hexafluorophosphate derivatives	342,86	29,14
im-6,1	fap	imidazolium	hexafluorophosphate derivatives	348,31	28,84
im-6,1	fap	imidazolium	hexafluorophosphate derivatives	352,64	28,57
im-6,1	fap	imidazolium	hexafluorophosphate derivatives	357,97	28,21
im-6,1	fap	imidazolium	hexafluorophosphate derivatives	359,89	28,07
im-6,1	fap	imidazolium	hexafluorophosphate derivatives	267,03	33,31
im-6,1	fap	imidazolium	hexafluorophosphate derivatives	268,69	33,23
im-6,1	fap	imidazolium	hexafluorophosphate derivatives	272,86	33,09
im-6,1	fap	imidazolium	hexafluorophosphate derivatives	278,32	32,78
im-6,1	fap	imidazolium	hexafluorophosphate derivatives	283,22	32,47
im-6,1	fap	imidazolium	hexafluorophosphate derivatives	288,54	32,14
im-6,1	fap	imidazolium	hexafluorophosphate derivatives	293,13	31,91
im-6,1	fap	imidazolium	hexafluorophosphate derivatives	298,35	31,60
im-6,1	fap	imidazolium	hexafluorophosphate derivatives	303,01	31,39
im-6,1	fap	imidazolium	hexafluorophosphate derivatives	307,90	31,11
im-6,1	fap	imidazolium	hexafluorophosphate derivatives	312,99	30,73
im-6,1	fap	imidazolium	hexafluorophosphate derivatives	318,55	30,40
im-6,1	fap	imidazolium	hexafluorophosphate derivatives	323,16	29,88
im-6,1	fap	imidazolium	hexafluorophosphate derivatives	327,67	29,84
im-6,1	fap	imidazolium	hexafluorophosphate derivatives	333,66	29,43
im-6,1	fap	imidazolium	hexafluorophosphate derivatives	337,80	29,19
im-6,1	fap	imidazolium	hexafluorophosphate derivatives	342,94	28,86
im-6,1	fap	imidazolium	hexafluorophosphate derivatives	348,30	28,57
im-6,1	fap	imidazolium	hexafluorophosphate derivatives	352,89	28,27
im-6,1	fap	imidazolium	hexafluorophosphate derivatives	358,07	27,87
im-6,1	fap	imidazolium	hexafluorophosphate derivatives	360,23	27,62
im-6,1	fap	imidazolium	hexafluorophosphate derivatives	293,15	33,20
im-6,1	gacl4	imidazolium	metal complexes	283,15	41,20
im-6,1	gacl4	imidazolium	metal complexes	288,15	40,90
im-6,1	gacl4	imidazolium	metal complexes	293,15	40,60
im-6,1	gacl4	imidazolium	metal complexes	298,15	40,40
im-6,1	gacl4	imidazolium	metal complexes	303,15	40,00
im-6,1	gacl4	imidazolium	metal complexes	308,15	39,70
im-6,1	gacl4	imidazolium	metal complexes	313,15	39,50
im-6,1	gacl4	imidazolium	metal complexes	318,15	39,20
im-6,1	gacl4	imidazolium	metal complexes	323,15	38,80
im-6,1	gacl4	imidazolium	metal complexes	328,15	38,60
im-6,1	gacl4	imidazolium	metal complexes	333,15	38,40
im-6,1	gacl4	imidazolium	metal complexes	338,15	38,20
im-6,1	glu	imidazolium	aminoacids	308,15	36,20
im-6,1	glu	imidazolium	aminoacids	313,15	34,90
im-6,1	glu	imidazolium	aminoacids	318,15	33,60
im-6,1	glu	imidazolium	aminoacids	323,15	32,20
im-6,1	glu	imidazolium	aminoacids	328,15	30,70
im-6,1	glu	imidazolium	aminoacids	333,15	29,40
im-6,1	glu	imidazolium	aminoacids	338,15	28,00
im-6,1	glu	imidazolium	aminoacids	343,15	26,60
im-6,1	gly	imidazolium	aminoacids	293,15	41,30
im-6,1	gly	imidazolium	aminoacids	298,15	40,90
im-6,1	gly	imidazolium	aminoacids	303,15	40,50
im-6,1	gly	imidazolium	aminoacids	308,15	40,20
im-6,1	gly	imidazolium	aminoacids	313,15	39,90
im-6,1	gly	imidazolium	aminoacids	318,15	39,60
im-6,1	gly	imidazolium	aminoacids	323,15	39,20
im-6,1	gly	imidazolium	aminoacids	328,15	38,80
im-6,1	gly	imidazolium	aminoacids	333,15	38,60
im-6,1	gly	imidazolium	aminoacids	338,15	38,30
im-6,1	gly	imidazolium	aminoacids	343,15	37,90
im-6,1	i	imidazolium	inorganics	298,45	40,23
im-6,1	i	imidazolium	inorganics	298,00	43,50
im-6,1	i	imidazolium	inorganics	303,00	43,10
im-6,1	i	imidazolium	inorganics	308,00	42,70
im-6,1	i	imidazolium	inorganics	313,00	42,30
im-6,1	i	imidazolium	inorganics	318,00	41,90
im-6,1	i	imidazolium	inorganics	323,00	41,50
im-6,1	i	imidazolium	inorganics	328,00	41,10
im-6,1	i	imidazolium	inorganics	333,00	40,80
im-6,1	i	imidazolium	inorganics	338,00	40,40
im-6,1	i	imidazolium	inorganics	343,00	40,10
im-6,1	i	imidazolium	inorganics	348,00	39,70
im-6,1	i	imidazolium	inorganics	353,00	39,40
im-6,1	i	imidazolium	inorganics	358,00	39,00
im-6,1	i	imidazolium	inorganics	363,00	38,60
im-6,1	i	imidazolium	inorganics	368,00	38,30
im-6,1	i	imidazolium	inorganics	373,00	37,90
im-6,1	i	imidazolium	inorganics	378,00	37,60
im-6,1	i	imidazolium	inorganics	383,00	37,20
im-6,1	i	imidazolium	inorganics	388,00	36,80
im-6,1	i	imidazolium	inorganics	393,00	36,50
im-6,1	i	imidazolium	inorganics	298,20	41,02
im-6,1	i	imidazolium	inorganics	303,12	40,79
im-6,1	i	imidazolium	inorganics	308,16	40,59
im-6,1	i	imidazolium	inorganics	313,25	40,29
im-6,1	i	imidazolium	inorganics	318,20	40,04
im-6,1	i	imidazolium	inorganics	323,06	39,75
im-6,1	i	imidazolium	inorganics	327,73	39,47
im-6,1	i	imidazolium	inorganics	333,49	39,23
im-6,1	i	imidazolium	inorganics	338,69	38,98
im-6,1	i	imidazolium	inorganics	343,18	38,74
im-6,1	i	imidazolium	inorganics	347,97	38,50
im-6,1	i	imidazolium	inorganics	353,11	38,26
im-6,1	i	imidazolium	inorganics	358,25	37,91
im-6,1	i	imidazolium	inorganics	365,11	37,61
im-6,1	i	imidazolium	inorganics	292,93	41,44
im-6,1	i	imidazolium	inorganics	298,19	41,26
im-6,1	i	imidazolium	inorganics	303,15	40,91
im-6,1	i	imidazolium	inorganics	308,19	40,69
im-6,1	i	imidazolium	inorganics	313,25	40,46
im-6,1	i	imidazolium	inorganics	318,19	40,23
im-6,1	i	imidazolium	inorganics	322,94	39,96
im-6,1	i	imidazolium	inorganics	327,67	39,75
im-6,1	i	imidazolium	inorganics	333,53	39,38
im-6,1	i	imidazolium	inorganics	338,71	39,24
im-6,1	i	imidazolium	inorganics	343,23	38,94
im-6,1	i	imidazolium	inorganics	348,22	38,69
im-6,1	i	imidazolium	inorganics	353,17	38,04
im-6,1	i	imidazolium	inorganics	358,64	38,14
im-6,1	i	imidazolium	inorganics	365,34	37,88
im-6,1	incl4	imidazolium	metal complexes	283,15	42,00
im-6,1	incl4	imidazolium	metal complexes	288,15	41,60
im-6,1	incl4	imidazolium	metal complexes	293,15	41,50
im-6,1	incl4	imidazolium	metal complexes	298,15	41,10
im-6,1	incl4	imidazolium	metal complexes	303,15	40,70
im-6,1	incl4	imidazolium	metal complexes	308,15	40,30
im-6,1	incl4	imidazolium	metal complexes	313,15	40,20
im-6,1	incl4	imidazolium	metal complexes	318,15	39,90
im-6,1	incl4	imidazolium	metal complexes	323,15	39,50
im-6,1	incl4	imidazolium	metal complexes	328,15	39,40
im-6,1	incl4	imidazolium	metal complexes	333,15	39,10
im-6,1	incl4	imidazolium	metal complexes	338,15	38,90
im-6,1	no3	imidazolium	inorganics	297,00	39,90
im-6,1	npf2	imidazolium	bistriflamide derivatives	297,00	30,30
im-6,1	ntf2	imidazolium	bistriflamide derivatives	283,15	31,20
im-6,1	ntf2	imidazolium	bistriflamide derivatives	298,15	30,80
im-6,1	ntf2	imidazolium	bistriflamide derivatives	323,15	28,90
im-6,1	ntf2	imidazolium	bistriflamide derivatives	348,15	27,60
im-6,1	ntf2	imidazolium	bistriflamide derivatives	293,15	32,31
im-6,1	ntf2	imidazolium	bistriflamide derivatives	303,15	31,76
im-6,1	ntf2	imidazolium	bistriflamide derivatives	313,15	31,20
im-6,1	ntf2	imidazolium	bistriflamide derivatives	323,15	30,60
im-6,1	ntf2	imidazolium	bistriflamide derivatives	333,15	30,16
im-6,1	ntf2	imidazolium	bistriflamide derivatives	343,15	29,62
im-6,1	ntf2	imidazolium	bistriflamide derivatives	298,15	33,51
im-6,1	ntf2	imidazolium	bistriflamide derivatives	297,22	35,98
im-6,1	ntf2	imidazolium	bistriflamide derivatives	301,22	35,79
im-6,1	ntf2	imidazolium	bistriflamide derivatives	305,48	35,54
im-6,1	ntf2	imidazolium	bistriflamide derivatives	309,14	35,35
im-6,1	ntf2	imidazolium	bistriflamide derivatives	312,48	35,15
im-6,1	ntf2	imidazolium	bistriflamide derivatives	316,28	35,03
im-6,1	ntf2	imidazolium	bistriflamide derivatives	319,87	34,84
im-6,1	ntf2	imidazolium	bistriflamide derivatives	323,57	34,63
im-6,1	ntf2	imidazolium	bistriflamide derivatives	327,48	34,45
im-6,1	ntf2	imidazolium	bistriflamide derivatives	331,24	34,26
im-6,1	ntf2	imidazolium	bistriflamide derivatives	334,91	34,07
im-6,1	ntf2	imidazolium	bistriflamide derivatives	340,92	33,76
im-6,1	ntf2	imidazolium	bistriflamide derivatives	346,42	33,44
im-6,1	ntf2	imidazolium	bistriflamide derivatives	303,16	31,34
im-6,1	ntf2	imidazolium	bistriflamide derivatives	308,99	30,99
im-6,1	ntf2	imidazolium	bistriflamide derivatives	314,39	30,71
im-6,1	ntf2	imidazolium	bistriflamide derivatives	318,21	30,48
im-6,1	ntf2	imidazolium	bistriflamide derivatives	351,11	28,91
im-6,1	ntf2	imidazolium	bistriflamide derivatives	342,32	29,28
im-6,1	ntf2	imidazolium	bistriflamide derivatives	333,53	29,80
im-6,1	ntf2	imidazolium	bistriflamide derivatives	287,86	32,07
im-6,1	ntf2	imidazolium	bistriflamide derivatives	293,15	31,81
im-6,1	ntf2	imidazolium	bistriflamide derivatives	298,26	31,59
im-6,1	ntf2	imidazolium	bistriflamide derivatives	323,09	30,26
im-6,1	ntf2	imidazolium	bistriflamide derivatives	327,93	30,00
im-6,1	ntf2	imidazolium	bistriflamide derivatives	337,70	29,45
im-6,1	ntf2	imidazolium	bistriflamide derivatives	347,30	29,06
im-6,1	ntf2	imidazolium	bistriflamide derivatives	283,17	32,34
im-6,1	ntf2	imidazolium	bistriflamide derivatives	298,15	30,20
im-6,1	ntf2	imidazolium	bistriflamide derivatives	298,15	32,50
im-6,1	ntf2	imidazolium	bistriflamide derivatives	308,15	31,60
im-6,1	ntf2	imidazolium	bistriflamide derivatives	318,15	30,50
im-6,1	ntf2	imidazolium	bistriflamide derivatives	328,15	29,70
im-6,1	ntf2	imidazolium	bistriflamide derivatives	338,15	28,60
im-6,1	ntf2	imidazolium	bistriflamide derivatives	298,20	31,93
im-6,1	ntf2	imidazolium	bistriflamide derivatives	303,15	31,20
im-6,1	ntf2	imidazolium	bistriflamide derivatives	303,15	30,80
im-6,1	ntf2	imidazolium	bistriflamide derivatives	297,00	33,80
im-6,1	ntf2	imidazolium	bistriflamide derivatives	313,00	29,40
im-6,1	ntf2	imidazolium	bistriflamide derivatives	333,20	28,10
im-6,1	ntf2	imidazolium	bistriflamide derivatives	353,40	27,20
im-6,1	ntf2	imidazolium	bistriflamide derivatives	373,40	26,50
im-6,1	ntf2	imidazolium	bistriflamide derivatives	393,50	25,60
im-6,1	ntf2	imidazolium	bistriflamide derivatives	413,30	24,80
im-6,1	ntf2	imidazolium	bistriflamide derivatives	433,60	24,20
im-6,1	ntf2	imidazolium	bistriflamide derivatives	453,40	23,60
im-6,1	ntf2	imidazolium	bistriflamide derivatives	473,40	21,80
im-6,1	ntf2	imidazolium	bistriflamide derivatives	493,20	20,70
im-6,1	ntf2	imidazolium	bistriflamide derivatives	512,70	19,30
im-6,1	ntf2	imidazolium	bistriflamide derivatives	532,40	18,50
im-6,1	ntf2	imidazolium	bistriflamide derivatives	303,15	36,40
im-6,1	otf	imidazolium	sulfonates	293,20	32,08
im-6,1	otf	imidazolium	sulfonates	298,20	31,87
im-6,1	otf	imidazolium	sulfonates	303,20	31,66
im-6,1	otf	imidazolium	sulfonates	308,20	31,47
im-6,1	otf	imidazolium	sulfonates	313,20	31,27
im-6,1	otf	imidazolium	sulfonates	318,20	31,07
im-6,1	otf	imidazolium	sulfonates	323,20	30,86
im-6,1	pf6	imidazolium	hexafluorophosphate derivatives	298,00	43,40
im-6,1	pf6	imidazolium	hexafluorophosphate derivatives	298,00	43,40
im-6,1	pf6	imidazolium	hexafluorophosphate derivatives	303,00	43,00
im-6,1	pf6	imidazolium	hexafluorophosphate derivatives	308,00	42,60
im-6,1	pf6	imidazolium	hexafluorophosphate derivatives	313,00	42,30
im-6,1	pf6	imidazolium	hexafluorophosphate derivatives	318,00	41,90
im-6,1	pf6	imidazolium	hexafluorophosphate derivatives	323,00	41,50
im-6,1	pf6	imidazolium	hexafluorophosphate derivatives	328,00	41,10
im-6,1	pf6	imidazolium	hexafluorophosphate derivatives	333,00	40,80
im-6,1	pf6	imidazolium	hexafluorophosphate derivatives	338,00	40,50
im-6,1	pf6	imidazolium	hexafluorophosphate derivatives	343,00	40,20
im-6,1	pf6	imidazolium	hexafluorophosphate derivatives	348,00	39,80
im-6,1	pf6	imidazolium	hexafluorophosphate derivatives	353,00	39,50
im-6,1	pf6	imidazolium	hexafluorophosphate derivatives	358,00	39,10
im-6,1	pf6	imidazolium	hexafluorophosphate derivatives	363,00	38,80
im-6,1	pf6	imidazolium	hexafluorophosphate derivatives	303,58	37,99
im-6,1	pf6	imidazolium	hexafluorophosphate derivatives	313,45	37,26
im-6,1	pf6	imidazolium	hexafluorophosphate derivatives	323,12	36,67
im-6,1	pf6	imidazolium	hexafluorophosphate derivatives	333,82	35,99
im-6,1	pf6	imidazolium	hexafluorophosphate derivatives	343,05	35,48
im-6,1	pf6	imidazolium	hexafluorophosphate derivatives	293,48	38,60
im-6,1	pf6	imidazolium	hexafluorophosphate derivatives	284,30	39,12
im-6,1	pf6	imidazolium	hexafluorophosphate derivatives	353,68	34,70
im-6,1	pf6	imidazolium	hexafluorophosphate derivatives	347,75	35,09
im-6,1	pf6	imidazolium	hexafluorophosphate derivatives	308,56	37,61
im-6,1	pf6	imidazolium	hexafluorophosphate derivatives	318,50	36,94
im-6,1	pf6	imidazolium	hexafluorophosphate derivatives	284,36	39,10
im-6,1	pf6	imidazolium	hexafluorophosphate derivatives	288,25	38,81
im-6,1	pf6	imidazolium	hexafluorophosphate derivatives	293,56	38,70
im-6,1	pf6	imidazolium	hexafluorophosphate derivatives	299,02	38,21
im-6,1	pf6	imidazolium	hexafluorophosphate derivatives	303,67	37,89
im-6,1	pf6	imidazolium	hexafluorophosphate derivatives	308,58	37,78
im-6,1	pf6	imidazolium	hexafluorophosphate derivatives	313,53	37,30
im-6,1	pf6	imidazolium	hexafluorophosphate derivatives	318,45	36,88
im-6,1	pf6	imidazolium	hexafluorophosphate derivatives	323,16	36,78
im-6,1	pf6	imidazolium	hexafluorophosphate derivatives	327,89	36,28
im-6,1	pf6	imidazolium	hexafluorophosphate derivatives	333,78	36,05
im-6,1	pf6	imidazolium	hexafluorophosphate derivatives	337,92	35,68
im-6,1	pf6	imidazolium	hexafluorophosphate derivatives	343,09	35,29
im-6,1	pf6	imidazolium	hexafluorophosphate derivatives	347,67	35,21
im-6,1	pf6	imidazolium	hexafluorophosphate derivatives	353,76	34,87
im-6,1	pf6	imidazolium	hexafluorophosphate derivatives	327,92	36,29
im-6,1	pf6	imidazolium	hexafluorophosphate derivatives	337,94	35,74
im-6,1	pf6	imidazolium	hexafluorophosphate derivatives	288,16	38,86
im-6,1	pf6	imidazolium	hexafluorophosphate derivatives	298,97	38,25
im-6,1	pf6	imidazolium	hexafluorophosphate derivatives	298,15	42,10
im-6,1	pf6	imidazolium	hexafluorophosphate derivatives	308,15	40,70
im-6,1	pf6	imidazolium	hexafluorophosphate derivatives	313,15	39,40
im-6,1	pf6	imidazolium	hexafluorophosphate derivatives	328,15	38,00
im-6,1	pf6	imidazolium	hexafluorophosphate derivatives	338,15	36,60
im-6,1	pf6	imidazolium	hexafluorophosphate derivatives	303,15	37,90
im-6,1	pf6	imidazolium	hexafluorophosphate derivatives	303,15	38,60
im-6,1	pf6	imidazolium	hexafluorophosphate derivatives	293,15	37,50
im-6,1	pf6	imidazolium	hexafluorophosphate derivatives	298,15	37,10
im-6,1	pf6	imidazolium	hexafluorophosphate derivatives	303,15	36,80
im-6,1	pf6	imidazolium	hexafluorophosphate derivatives	308,15	36,50
im-6,1	pf6	imidazolium	hexafluorophosphate derivatives	313,15	36,10
im-6,1	pf6	imidazolium	hexafluorophosphate derivatives	283,15	39,30
im-6,1	pf6	imidazolium	hexafluorophosphate derivatives	293,15	38,66
im-6,1	pf6	imidazolium	hexafluorophosphate derivatives	303,15	38,03
im-6,1	pf6	imidazolium	hexafluorophosphate derivatives	313,15	37,35
im-6,1	pf6	imidazolium	hexafluorophosphate derivatives	323,15	36,79
im-6,1	pf6	imidazolium	hexafluorophosphate derivatives	333,15	36,26
im-6,1	pf6	imidazolium	hexafluorophosphate derivatives	283,15	39,10
im-6,1	pf6	imidazolium	hexafluorophosphate derivatives	293,15	38,89
im-6,1	pf6	imidazolium	hexafluorophosphate derivatives	303,15	38,70
im-6,1	pf6	imidazolium	hexafluorophosphate derivatives	313,15	38,20
im-6,1	pf6	imidazolium	hexafluorophosphate derivatives	323,15	37,51
im-6,1	pf6	imidazolium	hexafluorophosphate derivatives	333,15	36,60
im-6,1	pf6	imidazolium	hexafluorophosphate derivatives	298,15	43,40
im-6,1	phen	imidazolium	alcoholates	293,15	35,96
im-6,1	phen	imidazolium	alcoholates	303,15	34,99
im-6,1	phen	imidazolium	alcoholates	313,15	34,62
im-6,1	phen	imidazolium	alcoholates	323,15	34,11
im-6,1	phen	imidazolium	alcoholates	333,15	33,45
im-6,1	phen	imidazolium	alcoholates	343,15	32,72
im-6,1	phen	imidazolium	alcoholates	353,15	31,75
im-6,1	pro	imidazolium	aminoacids	288,15	34,30
im-6,1	pro	imidazolium	aminoacids	293,15	34,10
im-6,1	pro	imidazolium	aminoacids	298,15	33,90
im-6,1	pro	imidazolium	aminoacids	303,15	33,70
im-6,1	pro	imidazolium	aminoacids	308,15	33,50
im-6,1	pro	imidazolium	aminoacids	313,15	33,30
im-6,1	pro	imidazolium	aminoacids	318,15	33,10
im-6,1	pro	imidazolium	aminoacids	323,15	32,80
im-6,1	pro	imidazolium	aminoacids	328,15	32,60
im-6,1	pro	imidazolium	aminoacids	298,15	34,80
im-6,1	reo4	imidazolium	metal complexes	293,15	41,60
im-6,1	reo4	imidazolium	metal complexes	298,15	41,40
im-6,1	reo4	imidazolium	metal complexes	303,15	41,00
im-6,1	reo4	imidazolium	metal complexes	308,15	40,80
im-6,1	reo4	imidazolium	metal complexes	313,15	40,40
im-6,1	reo4	imidazolium	metal complexes	318,15	40,10
im-6,1	reo4	imidazolium	metal complexes	323,15	39,80
im-6,1	reo4	imidazolium	metal complexes	328,15	39,40
im-6,1	reo4	imidazolium	metal complexes	333,15	39,20
im-6,1	reo4	imidazolium	metal complexes	338,15	38,90
im-6,1	reo4	imidazolium	metal complexes	343,15	38,70
im-6,1	sbf6	imidazolium	metal complexes	293,15	39,40
im-6,1	sbf6	imidazolium	metal complexes	298,15	38,90
im-6,1	sbf6	imidazolium	metal complexes	303,15	38,50
im-6,1	sbf6	imidazolium	metal complexes	308,15	38,00
im-6,1	sbf6	imidazolium	metal complexes	313,15	37,70
im-6,1	sbf6	imidazolium	metal complexes	318,15	37,20
im-6,1	sbf6	imidazolium	metal complexes	323,15	36,90
im-6,1	sbf6	imidazolium	metal complexes	328,15	36,60
im-6,1	sbf6	imidazolium	metal complexes	333,15	36,10
im-6,1	sbf6	imidazolium	metal complexes	338,15	35,70
im-6,1	sbf6	imidazolium	metal complexes	343,15	35,20
im-6,1	so3-4[f]	imidazolium	sulfonates	303,20	21,58
im-6,1	so3-4[f]	imidazolium	sulfonates	313,60	21,36
im-6,1	so3-4[f]	imidazolium	sulfonates	323,70	21,12
im-6,1	so3-4[f]	imidazolium	sulfonates	333,60	20,86
im-6,1	so3-4[f]	imidazolium	sulfonates	343,00	20,58
im-6,1	so4-1	imidazolium	sulfates	298,15	33,59
im-6,1	so4-2	imidazolium	sulfates	298,15	31,77
im-6,1	so4-2	imidazolium	sulfates	313,15	29,63
im-6,1	tcb	imidazolium	tetrafluoroborate derivatives	298,60	41,50
im-6,1	tcb	imidazolium	tetrafluoroborate derivatives	308,40	40,80
im-6,1	tcb	imidazolium	tetrafluoroborate derivatives	318,00	40,00
im-6,1	tcb	imidazolium	tetrafluoroborate derivatives	328,00	39,20
im-6,1	tcb	imidazolium	tetrafluoroborate derivatives	338,50	38,40
im-6,1	tcb	imidazolium	tetrafluoroborate derivatives	342,90	38,20
im-6,1	tcb	imidazolium	tetrafluoroborate derivatives	295,15	40,17
im-6,1	tcb	imidazolium	tetrafluoroborate derivatives	343,15	33,53
im-6,1	tcb	imidazolium	tetrafluoroborate derivatives	353,15	32,58
im-6,1	tcb	imidazolium	tetrafluoroborate derivatives	363,15	30,89
im-6,1	tcb	imidazolium	tetrafluoroborate derivatives	283,27	41,99
im-6,1	tcb	imidazolium	tetrafluoroborate derivatives	293,29	41,32
im-6,1	tcb	imidazolium	tetrafluoroborate derivatives	303,27	40,40
im-6,1	tcb	imidazolium	tetrafluoroborate derivatives	313,29	39,39
im-6,1	tcb	imidazolium	tetrafluoroborate derivatives	323,26	38,60
im-6,1	tcb	imidazolium	tetrafluoroborate derivatives	333,20	37,61
im-6,1	tcb	imidazolium	tetrafluoroborate derivatives	343,18	37,00
im-6,1	tcb	imidazolium	tetrafluoroborate derivatives	353,25	35,86
im-6,1	tfa	imidazolium	carboxylates	293,15	40,00
im-6,1	tfa	imidazolium	carboxylates	298,15	39,70
im-6,1	tfa	imidazolium	carboxylates	303,15	39,50
im-6,1	tfa	imidazolium	carboxylates	308,15	39,20
im-6,1	tfa	imidazolium	carboxylates	313,15	39,00
im-6,1	tfa	imidazolium	carboxylates	318,15	38,80
im-6,1	tfa	imidazolium	carboxylates	323,15	38,60
im-6,1	tfa	imidazolium	carboxylates	328,15	38,30
im-6,1	tfa	imidazolium	carboxylates	333,15	38,10
im-6,1	tfa	imidazolium	carboxylates	338,15	37,90
im-6,1	tfa	imidazolium	carboxylates	343,15	37,80
im-6,1	thr	imidazolium	aminoacids	288,15	37,00
im-6,1	thr	imidazolium	aminoacids	293,15	36,60
im-6,1	thr	imidazolium	aminoacids	298,15	36,30
im-6,1	thr	imidazolium	aminoacids	303,15	36,00
im-6,1	thr	imidazolium	aminoacids	308,15	35,70
im-6,1	thr	imidazolium	aminoacids	313,15	35,40
im-6,1	thr	imidazolium	aminoacids	318,15	35,00
im-6,1	thr	imidazolium	aminoacids	323,15	34,70
im-6,1	thr	imidazolium	aminoacids	328,15	34,40
im-6,6	ntf2	imidazolium	bistriflamide derivatives	298,60	29,50
im-6,6	ntf2	imidazolium	bistriflamide derivatives	308,00	28,90
im-6,6	ntf2	imidazolium	bistriflamide derivatives	318,20	28,40
im-6,6	ntf2	imidazolium	bistriflamide derivatives	328,70	27,90
im-6,6	ntf2	imidazolium	bistriflamide derivatives	338,70	27,20
im-6,6	ntf2	imidazolium	bistriflamide derivatives	343,20	26,90
im-6	pf6	imidazolium	hexafluorophosphate derivatives	298,15	37,20
im-6	pf6	imidazolium	hexafluorophosphate derivatives	293,15	39,02
im-6	pf6	imidazolium	hexafluorophosphate derivatives	303,15	38,35
im-6	pf6	imidazolium	hexafluorophosphate derivatives	313,15	37,71
im-6	pf6	imidazolium	hexafluorophosphate derivatives	323,15	37,09
im-6	pf6	imidazolium	hexafluorophosphate derivatives	333,15	36,47
im-6	pf6	imidazolium	hexafluorophosphate derivatives	343,15	35,91
im-6	pf6	imidazolium	hexafluorophosphate derivatives	353,15	35,15
im-6oh,1	cl	imidazolium	inorganics	298,15	50,00
im-6oh,1	cl	imidazolium	inorganics	303,15	48,80
im-6oh,1	cl	imidazolium	inorganics	308,15	47,80
im-6oh,1	cl	imidazolium	inorganics	313,15	46,70
im-6oh,1	cl	imidazolium	inorganics	318,15	45,40
im-6oh,1	cl	imidazolium	inorganics	323,15	44,00
im-6oh,2	cl	imidazolium	inorganics	298,15	42,30
im-6oh,2	cl	imidazolium	inorganics	303,15	41,30
im-6oh,2	cl	imidazolium	inorganics	308,15	40,00
im-6oh,2	cl	imidazolium	inorganics	313,15	38,80
im-6oh,2	cl	imidazolium	inorganics	318,15	37,40
im-6oh,2	cl	imidazolium	inorganics	323,15	36,30
im-6oh,4	cl	imidazolium	inorganics	298,15	32,10
im-6oh,4	cl	imidazolium	inorganics	303,15	30,80
im-6oh,4	cl	imidazolium	inorganics	308,15	29,70
im-6oh,4	cl	imidazolium	inorganics	313,15	28,40
im-6oh,4	cl	imidazolium	inorganics	318,15	27,30
im-6oh,4	cl	imidazolium	inorganics	323,15	25,90
im-6oh	cl	imidazolium	inorganics	298,15	51,30
im-6oh	cl	imidazolium	inorganics	303,15	50,10
im-6oh	cl	imidazolium	inorganics	308,15	48,90
im-6oh	cl	imidazolium	inorganics	313,15	47,80
im-6oh	cl	imidazolium	inorganics	318,15	46,40
im-6oh	cl	imidazolium	inorganics	323,15	45,00
im-7,1,1	ntf2	imidazolium	bistriflamide derivatives	298,15	35,47
im-7,1,1	ntf2	imidazolium	bistriflamide derivatives	298,15	46,90
im-7,1	bf4	imidazolium	tetrafluoroborate derivatives	283,18	36,23
im-7,1	bf4	imidazolium	tetrafluoroborate derivatives	288,47	35,98
im-7,1	bf4	imidazolium	tetrafluoroborate derivatives	293,29	35,74
im-7,1	bf4	imidazolium	tetrafluoroborate derivatives	298,21	35,54
im-7,1	bf4	imidazolium	tetrafluoroborate derivatives	303,11	35,31
im-7,1	bf4	imidazolium	tetrafluoroborate derivatives	308,19	35,10
im-7,1	bf4	imidazolium	tetrafluoroborate derivatives	313,24	34,82
im-7,1	bf4	imidazolium	tetrafluoroborate derivatives	317,81	34,60
im-7,1	bf4	imidazolium	tetrafluoroborate derivatives	323,06	34,33
im-7,1	bf4	imidazolium	tetrafluoroborate derivatives	327,80	34,13
im-7,1	bf4	imidazolium	tetrafluoroborate derivatives	333,09	33,82
im-7,1	bf4	imidazolium	tetrafluoroborate derivatives	338,61	33,62
im-7,1	bf4	imidazolium	tetrafluoroborate derivatives	342,50	33,39
im-7,1	bf4	imidazolium	tetrafluoroborate derivatives	348,76	33,17
im-7,1	bf4	imidazolium	tetrafluoroborate derivatives	353,99	32,86
im-7,1	bf4	imidazolium	tetrafluoroborate derivatives	357,12	32,66
im-7,1	bf4	imidazolium	tetrafluoroborate derivatives	364,40	32,34
im-7,1	bf4	imidazolium	tetrafluoroborate derivatives	263,76	37,38
im-7,1	bf4	imidazolium	tetrafluoroborate derivatives	268,69	37,21
im-7,1	bf4	imidazolium	tetrafluoroborate derivatives	273,90	36,87
im-7,1	bf4	imidazolium	tetrafluoroborate derivatives	278,51	36,66
im-7,1	bf4	imidazolium	tetrafluoroborate derivatives	283,21	36,42
im-7,1	bf4	imidazolium	tetrafluoroborate derivatives	288,49	36,15
im-7,1	bf4	imidazolium	tetrafluoroborate derivatives	293,29	36,03
im-7,1	bf4	imidazolium	tetrafluoroborate derivatives	298,21	35,76
im-7,1	bf4	imidazolium	tetrafluoroborate derivatives	303,10	35,54
im-7,1	bf4	imidazolium	tetrafluoroborate derivatives	308,20	35,18
im-7,1	bf4	imidazolium	tetrafluoroborate derivatives	313,21	34,90
im-7,1	bf4	imidazolium	tetrafluoroborate derivatives	317,78	34,74
im-7,1	bf4	imidazolium	tetrafluoroborate derivatives	323,00	34,45
im-7,1	bf4	imidazolium	tetrafluoroborate derivatives	327,79	34,24
im-7,1	bf4	imidazolium	tetrafluoroborate derivatives	333,01	33,87
im-7,1	bf4	imidazolium	tetrafluoroborate derivatives	338,64	33,54
im-7,1	bf4	imidazolium	tetrafluoroborate derivatives	342,42	33,44
im-7,1	bf4	imidazolium	tetrafluoroborate derivatives	348,79	33,17
im-7,1	bf4	imidazolium	tetrafluoroborate derivatives	353,93	32,80
im-7,1	bf4	imidazolium	tetrafluoroborate derivatives	357,16	32,47
im-7,1	bf4	imidazolium	tetrafluoroborate derivatives	364,34	31,97
im-7,1	bf4	imidazolium	tetrafluoroborate derivatives	293,15	34,40
im-7,1	bf4	imidazolium	tetrafluoroborate derivatives	298,15	34,00
im-7,1	bf4	imidazolium	tetrafluoroborate derivatives	303,15	33,70
im-7,1	bf4	imidazolium	tetrafluoroborate derivatives	308,15	33,60
im-7,1	bf4	imidazolium	tetrafluoroborate derivatives	313,15	33,40
im-7,1	bf4	imidazolium	tetrafluoroborate derivatives	318,15	33,20
im-7,1	bf4	imidazolium	tetrafluoroborate derivatives	323,15	32,90
im-7,1	bf4	imidazolium	tetrafluoroborate derivatives	328,15	32,70
im-7,1	bf4	imidazolium	tetrafluoroborate derivatives	333,15	32,40
im-7,1	bf4	imidazolium	tetrafluoroborate derivatives	338,15	32,20
im-7,1	bf4	imidazolium	tetrafluoroborate derivatives	343,15	31,80
im-7,1	br	imidazolium	inorganics	313,61	34,57
im-7,1	br	imidazolium	inorganics	318,02	34,35
im-7,1	br	imidazolium	inorganics	323,13	34,09
im-7,1	br	imidazolium	inorganics	328,11	33,89
im-7,1	br	imidazolium	inorganics	333,24	33,58
im-7,1	br	imidazolium	inorganics	338,33	33,30
im-7,1	br	imidazolium	inorganics	341,91	33,14
im-7,1	br	imidazolium	inorganics	347,23	32,89
im-7,1	br	imidazolium	inorganics	353,14	32,61
im-7,1	br	imidazolium	inorganics	358,37	32,40
im-7,1	br	imidazolium	inorganics	361,80	32,17
im-7,1	br	imidazolium	inorganics	313,61	34,83
im-7,1	br	imidazolium	inorganics	317,99	34,50
im-7,1	br	imidazolium	inorganics	323,11	34,21
im-7,1	br	imidazolium	inorganics	328,07	34,30
im-7,1	br	imidazolium	inorganics	333,19	33,55
im-7,1	br	imidazolium	inorganics	338,33	33,25
im-7,1	br	imidazolium	inorganics	341,81	33,17
im-7,1	br	imidazolium	inorganics	347,18	33,07
im-7,1	br	imidazolium	inorganics	353,09	32,56
im-7,1	br	imidazolium	inorganics	358,31	32,41
im-7,1	br	imidazolium	inorganics	361,72	32,03
im-7,1	ccn3	imidazolium	methanides	299,17	39,64
im-7,1	ccn3	imidazolium	methanides	307,27	39,22
im-7,1	ccn3	imidazolium	methanides	316,54	38,55
im-7,1	ccn3	imidazolium	methanides	326,41	37,87
im-7,1	ccn3	imidazolium	methanides	337,36	37,15
im-7,1	hso4	imidazolium	sulfates	293,15	37,80
im-7,1	hso4	imidazolium	sulfates	298,15	37,50
im-7,1	hso4	imidazolium	sulfates	303,15	37,20
im-7,1	hso4	imidazolium	sulfates	308,15	36,80
im-7,1	hso4	imidazolium	sulfates	313,15	36,50
im-7,1	hso4	imidazolium	sulfates	318,15	36,10
im-7,1	hso4	imidazolium	sulfates	323,15	35,90
im-7,1	hso4	imidazolium	sulfates	328,15	35,60
im-7,1	hso4	imidazolium	sulfates	333,15	35,30
im-7,1	hso4	imidazolium	sulfates	338,15	35,00
im-7,1	hso4	imidazolium	sulfates	343,15	34,60
im-7,1	ntf2	imidazolium	bistriflamide derivatives	293,15	32,00
im-7,1	ntf2	imidazolium	bistriflamide derivatives	303,15	31,36
im-7,1	ntf2	imidazolium	bistriflamide derivatives	313,15	30,66
im-7,1	ntf2	imidazolium	bistriflamide derivatives	323,15	30,02
im-7,1	ntf2	imidazolium	bistriflamide derivatives	333,15	29,50
im-7,1	ntf2	imidazolium	bistriflamide derivatives	343,15	28,95
im-7,1	ntf2	imidazolium	bistriflamide derivatives	353,15	28,29
im-7,1	ntf2	imidazolium	bistriflamide derivatives	298,15	32,86
im-7,1	pf6	imidazolium	hexafluorophosphate derivatives	293,26	36,06
im-7,1	pf6	imidazolium	hexafluorophosphate derivatives	298,15	35,89
im-7,1	pf6	imidazolium	hexafluorophosphate derivatives	303,15	35,60
im-7,1	pf6	imidazolium	hexafluorophosphate derivatives	308,21	35,41
im-7,1	pf6	imidazolium	hexafluorophosphate derivatives	313,22	35,13
im-7,1	pf6	imidazolium	hexafluorophosphate derivatives	318,05	34,87
im-7,1	pf6	imidazolium	hexafluorophosphate derivatives	323,22	34,65
im-7,1	pf6	imidazolium	hexafluorophosphate derivatives	328,10	34,39
im-7,1	pf6	imidazolium	hexafluorophosphate derivatives	333,37	34,13
im-7,1	pf6	imidazolium	hexafluorophosphate derivatives	337,89	33,91
im-7,1	pf6	imidazolium	hexafluorophosphate derivatives	343,34	33,68
im-7,1	pf6	imidazolium	hexafluorophosphate derivatives	348,16	33,32
im-7,1	pf6	imidazolium	hexafluorophosphate derivatives	353,04	33,18
im-7,1	pf6	imidazolium	hexafluorophosphate derivatives	358,04	32,96
im-7,1	pf6	imidazolium	hexafluorophosphate derivatives	364,61	32,67
im-7,1	pf6	imidazolium	hexafluorophosphate derivatives	293,23	36,05
im-7,1	pf6	imidazolium	hexafluorophosphate derivatives	298,15	35,87
im-7,1	pf6	imidazolium	hexafluorophosphate derivatives	303,13	35,60
im-7,1	pf6	imidazolium	hexafluorophosphate derivatives	308,20	35,31
im-7,1	pf6	imidazolium	hexafluorophosphate derivatives	313,26	35,14
im-7,1	pf6	imidazolium	hexafluorophosphate derivatives	318,08	34,74
im-7,1	pf6	imidazolium	hexafluorophosphate derivatives	323,21	34,65
im-7,1	pf6	imidazolium	hexafluorophosphate derivatives	328,18	34,30
im-7,1	pf6	imidazolium	hexafluorophosphate derivatives	333,37	34,07
im-7,1	pf6	imidazolium	hexafluorophosphate derivatives	338,05	33,75
im-7,1	pf6	imidazolium	hexafluorophosphate derivatives	343,31	33,70
im-7,1	pf6	imidazolium	hexafluorophosphate derivatives	348,26	33,24
im-7,1	pf6	imidazolium	hexafluorophosphate derivatives	357,99	33,04
im-7,1	pf6	imidazolium	hexafluorophosphate derivatives	364,54	32,62
im-7,7	ntf2	imidazolium	bistriflamide derivatives	298,40	29,30
im-7,7	ntf2	imidazolium	bistriflamide derivatives	308,30	28,60
im-7,7	ntf2	imidazolium	bistriflamide derivatives	318,00	28,00
im-7,7	ntf2	imidazolium	bistriflamide derivatives	328,20	27,50
im-7,7	ntf2	imidazolium	bistriflamide derivatives	339,00	26,90
im-7,7	ntf2	imidazolium	bistriflamide derivatives	343,50	26,60
im-8,1,1	ntf2	imidazolium	bistriflamide derivatives	298,15	34,41
im-8,1	ala	imidazolium	aminoacids	293,15	28,24
im-8,1	ala	imidazolium	aminoacids	303,15	27,90
im-8,1	ala	imidazolium	aminoacids	313,15	27,23
im-8,1	ala	imidazolium	aminoacids	323,15	26,61
im-8,1	ala	imidazolium	aminoacids	333,15	26,11
im-8,1	ala	imidazolium	aminoacids	343,15	25,55
im-8,1	ala	imidazolium	aminoacids	353,15	24,99
im-8,1	asn	imidazolium	aminoacids	293,15	34,32
im-8,1	asn	imidazolium	aminoacids	303,15	33,70
im-8,1	asn	imidazolium	aminoacids	313,15	32,96
im-8,1	asn	imidazolium	aminoacids	323,15	31,99
im-8,1	asn	imidazolium	aminoacids	333,15	31,73
im-8,1	asn	imidazolium	aminoacids	343,15	30,88
im-8,1	asn	imidazolium	aminoacids	353,15	30,19
im-8,1	bf4	imidazolium	tetrafluoroborate derivatives	293,15	33,22
im-8,1	bf4	imidazolium	tetrafluoroborate derivatives	288,15	34,15
im-8,1	bf4	imidazolium	tetrafluoroborate derivatives	293,15	33,62
im-8,1	bf4	imidazolium	tetrafluoroborate derivatives	303,15	33,04
im-8,1	bf4	imidazolium	tetrafluoroborate derivatives	313,15	32,26
im-8,1	bf4	imidazolium	tetrafluoroborate derivatives	323,15	31,67
im-8,1	bf4	imidazolium	tetrafluoroborate derivatives	333,15	30,87
im-8,1	bf4	imidazolium	tetrafluoroborate derivatives	343,15	30,20
im-8,1	bf4	imidazolium	tetrafluoroborate derivatives	298,00	30,70
im-8,1	bf4	imidazolium	tetrafluoroborate derivatives	303,00	30,40
im-8,1	bf4	imidazolium	tetrafluoroborate derivatives	308,00	30,10
im-8,1	bf4	imidazolium	tetrafluoroborate derivatives	313,00	29,90
im-8,1	bf4	imidazolium	tetrafluoroborate derivatives	318,00	29,60
im-8,1	bf4	imidazolium	tetrafluoroborate derivatives	323,00	29,40
im-8,1	bf4	imidazolium	tetrafluoroborate derivatives	328,00	29,20
im-8,1	bf4	imidazolium	tetrafluoroborate derivatives	333,00	28,90
im-8,1	bf4	imidazolium	tetrafluoroborate derivatives	338,00	28,70
im-8,1	bf4	imidazolium	tetrafluoroborate derivatives	343,00	28,40
im-8,1	bf4	imidazolium	tetrafluoroborate derivatives	348,00	28,20
im-8,1	bf4	imidazolium	tetrafluoroborate derivatives	353,00	27,90
im-8,1	bf4	imidazolium	tetrafluoroborate derivatives	358,00	27,70
im-8,1	bf4	imidazolium	tetrafluoroborate derivatives	363,00	27,40
im-8,1	bf4	imidazolium	tetrafluoroborate derivatives	368,00	27,20
im-8,1	bf4	imidazolium	tetrafluoroborate derivatives	373,00	27,00
im-8,1	bf4	imidazolium	tetrafluoroborate derivatives	378,00	26,70
im-8,1	bf4	imidazolium	tetrafluoroborate derivatives	383,00	26,50
im-8,1	bf4	imidazolium	tetrafluoroborate derivatives	388,00	26,30
im-8,1	bf4	imidazolium	tetrafluoroborate derivatives	393,00	26,00
im-8,1	bf4	imidazolium	tetrafluoroborate derivatives	298,15	30,80
im-8,1	bf4	imidazolium	tetrafluoroborate derivatives	297,80	32,70
im-8,1	bf4	imidazolium	tetrafluoroborate derivatives	313,20	32,40
im-8,1	bf4	imidazolium	tetrafluoroborate derivatives	333,47	31,30
im-8,1	bf4	imidazolium	tetrafluoroborate derivatives	352,11	30,20
im-8,1	bf4	imidazolium	tetrafluoroborate derivatives	373,14	28,10
im-8,1	bf4	imidazolium	tetrafluoroborate derivatives	392,83	27,70
im-8,1	bf4	imidazolium	tetrafluoroborate derivatives	412,26	27,20
im-8,1	bf4	imidazolium	tetrafluoroborate derivatives	431,60	25,30
im-8,1	bf4	imidazolium	tetrafluoroborate derivatives	451,63	24,50
im-8,1	bf4	imidazolium	tetrafluoroborate derivatives	470,56	23,70
im-8,1	bf4	imidazolium	tetrafluoroborate derivatives	298,15	32,82
im-8,1	bf4	imidazolium	tetrafluoroborate derivatives	298,45	32,30
im-8,1	bf4	imidazolium	tetrafluoroborate derivatives	303,35	32,00
im-8,1	bf4	imidazolium	tetrafluoroborate derivatives	313,15	31,60
im-8,1	bf4	imidazolium	tetrafluoroborate derivatives	323,05	30,90
im-8,1	bf4	imidazolium	tetrafluoroborate derivatives	332,85	30,40
im-8,1	bf4	imidazolium	tetrafluoroborate derivatives	343,15	29,70
im-8,1	bf4	imidazolium	tetrafluoroborate derivatives	352,95	29,10
im-8,1	bf4	imidazolium	tetrafluoroborate derivatives	361,85	28,70
im-8,1	bf4	imidazolium	tetrafluoroborate derivatives	336,00	29,80
im-8,1	br	imidazolium	inorganics	298,15	31,60
im-8,1	br	imidazolium	inorganics	336,00	32,00
im-8,1	br	imidazolium	inorganics	303,23	32,52
im-8,1	br	imidazolium	inorganics	307,93	32,34
im-8,1	br	imidazolium	inorganics	313,51	32,16
im-8,1	br	imidazolium	inorganics	318,36	31,99
im-8,1	br	imidazolium	inorganics	323,33	31,75
im-8,1	br	imidazolium	inorganics	328,25	31,56
im-8,1	br	imidazolium	inorganics	332,60	31,43
im-8,1	br	imidazolium	inorganics	338,44	31,17
im-8,1	br	imidazolium	inorganics	343,07	30,89
im-8,1	br	imidazolium	inorganics	347,69	30,73
im-8,1	br	imidazolium	inorganics	352,50	30,58
im-8,1	br	imidazolium	inorganics	357,64	30,33
im-8,1	br	imidazolium	inorganics	360,88	30,24
im-8,1	br	imidazolium	inorganics	303,23	32,90
im-8,1	br	imidazolium	inorganics	307,95	32,68
im-8,1	br	imidazolium	inorganics	313,51	32,49
im-8,1	br	imidazolium	inorganics	318,37	32,28
im-8,1	br	imidazolium	inorganics	323,34	32,03
im-8,1	br	imidazolium	inorganics	328,26	31,79
im-8,1	br	imidazolium	inorganics	332,59	31,67
im-8,1	br	imidazolium	inorganics	338,40	31,50
im-8,1	br	imidazolium	inorganics	343,06	30,97
im-8,1	br	imidazolium	inorganics	347,49	30,57
im-8,1	br	imidazolium	inorganics	352,52	30,66
im-8,1	br	imidazolium	inorganics	357,51	30,27
im-8,1	br	imidazolium	inorganics	360,82	30,43
im-8,1	ccn3	imidazolium	methanides	283,28	40,07
im-8,1	ccn3	imidazolium	methanides	293,21	39,03
im-8,1	ccn3	imidazolium	methanides	303,32	38,38
im-8,1	ccn3	imidazolium	methanides	313,21	37,65
im-8,1	ccn3	imidazolium	methanides	323,12	36,89
im-8,1	ccn3	imidazolium	methanides	333,10	36,09
im-8,1	ccn3	imidazolium	methanides	343,16	35,31
im-8,1	ccn3	imidazolium	methanides	353,03	34,89
im-8,1	ccn3	imidazolium	methanides	297,65	35,64
im-8,1	ccn3	imidazolium	methanides	307,08	35,05
im-8,1	ccn3	imidazolium	methanides	318,84	34,18
im-8,1	ccn3	imidazolium	methanides	329,57	33,57
im-8,1	ccn3	imidazolium	methanides	340,06	33,04
im-8,1	cl	imidazolium	inorganics	293,15	26,20
im-8,1	cl	imidazolium	inorganics	298,00	31,90
im-8,1	cl	imidazolium	inorganics	303,00	31,70
im-8,1	cl	imidazolium	inorganics	308,00	31,50
im-8,1	cl	imidazolium	inorganics	313,00	31,20
im-8,1	cl	imidazolium	inorganics	318,00	30,90
im-8,1	cl	imidazolium	inorganics	323,00	30,60
im-8,1	cl	imidazolium	inorganics	328,00	30,30
im-8,1	cl	imidazolium	inorganics	333,00	30,00
im-8,1	cl	imidazolium	inorganics	338,00	29,70
im-8,1	cl	imidazolium	inorganics	343,00	29,50
im-8,1	cl	imidazolium	inorganics	348,00	29,20
im-8,1	cl	imidazolium	inorganics	353,00	28,90
im-8,1	cl	imidazolium	inorganics	358,00	28,70
im-8,1	cl	imidazolium	inorganics	363,00	28,40
im-8,1	cl	imidazolium	inorganics	368,00	28,20
im-8,1	cl	imidazolium	inorganics	373,00	27,90
im-8,1	cl	imidazolium	inorganics	378,00	27,60
im-8,1	cl	imidazolium	inorganics	383,00	27,40
im-8,1	cl	imidazolium	inorganics	388,00	27,00
im-8,1	cl	imidazolium	inorganics	393,00	26,70
im-8,1	cl	imidazolium	inorganics	298,15	30,90
im-8,1	cl	imidazolium	inorganics	336,00	30,50
im-8,1	cl	imidazolium	inorganics	298,15	33,80
im-8,1	cl	imidazolium	inorganics	298,15	32,30
im-8,1	cl	imidazolium	inorganics	303,15	32,00
im-8,1	cl	imidazolium	inorganics	313,15	31,40
im-8,1	cl	imidazolium	inorganics	323,15	30,90
im-8,1	cl	imidazolium	inorganics	333,15	30,20
im-8,1	cl	imidazolium	inorganics	343,15	29,80
im-8,1	cl	imidazolium	inorganics	353,15	29,20
im-8,1	cl	imidazolium	inorganics	363,15	28,80
im-8,1	dca	imidazolium	dicyanamides	293,15	36,86
im-8,1	fap	imidazolium	hexafluorophosphate derivatives	298,15	30,30
im-8,1	gly	imidazolium	aminoacids	293,15	35,37
im-8,1	gly	imidazolium	aminoacids	303,15	33,98
im-8,1	gly	imidazolium	aminoacids	313,15	32,81
im-8,1	gly	imidazolium	aminoacids	323,15	31,35
im-8,1	gly	imidazolium	aminoacids	333,15	30,07
im-8,1	gly	imidazolium	aminoacids	343,15	28,75
im-8,1	gly	imidazolium	aminoacids	353,15	27,42
im-8,1	gly	imidazolium	aminoacids	283,15	36,80
im-8,1	gly	imidazolium	aminoacids	293,15	35,33
im-8,1	gly	imidazolium	aminoacids	298,15	34,70
im-8,1	gly	imidazolium	aminoacids	303,15	33,90
im-8,1	gly	imidazolium	aminoacids	313,15	32,40
im-8,1	gly	imidazolium	aminoacids	323,15	31,00
im-8,1	gly	imidazolium	aminoacids	333,15	29,70
im-8,1	gly	imidazolium	aminoacids	343,15	28,20
im-8,1	gly	imidazolium	aminoacids	353,15	26,90
im-8,1	gly	imidazolium	aminoacids	363,15	25,60
im-8,1	h2po4	imidazolium	phosphates	323,15	63,20
im-8,1	h2po4	imidazolium	phosphates	333,15	59,45
im-8,1	h2po4	imidazolium	phosphates	343,15	55,29
im-8,1	h2po4	imidazolium	phosphates	353,15	50,80
im-8,1	h2po4	imidazolium	phosphates	363,15	46,02
im-8,1	h3p2o7	imidazolium	phosphates	323,15	56,50
im-8,1	h3p2o7	imidazolium	phosphates	333,15	52,10
im-8,1	h3p2o7	imidazolium	phosphates	343,15	48,01
im-8,1	h3p2o7	imidazolium	phosphates	353,15	44,18
im-8,1	h3p2o7	imidazolium	phosphates	363,15	40,70
im-8,1	i	imidazolium	inorganics	298,15	32,70
im-8,1	no3	imidazolium	inorganics	298,15	33,30
im-8,1	npf2	imidazolium	bistriflamide derivatives	298,15	27,70
im-8,1	ntf2	imidazolium	bistriflamide derivatives	293,15	30,55
im-8,1	ntf2	imidazolium	bistriflamide derivatives	293,15	31,93
im-8,1	ntf2	imidazolium	bistriflamide derivatives	303,15	31,30
im-8,1	ntf2	imidazolium	bistriflamide derivatives	313,15	30,57
im-8,1	ntf2	imidazolium	bistriflamide derivatives	323,15	29,98
im-8,1	ntf2	imidazolium	bistriflamide derivatives	333,15	29,40
im-8,1	ntf2	imidazolium	bistriflamide derivatives	343,15	28,86
im-8,1	ntf2	imidazolium	bistriflamide derivatives	298,15	32,75
im-8,1	ntf2	imidazolium	bistriflamide derivatives	298,15	29,50
im-8,1	ntf2	imidazolium	bistriflamide derivatives	298,20	31,44
im-8,1	ntf2	imidazolium	bistriflamide derivatives	473,60	20,70
im-8,1	ntf2	imidazolium	bistriflamide derivatives	493,00	20,10
im-8,1	ntf2	imidazolium	bistriflamide derivatives	512,60	19,20
im-8,1	ntf2	imidazolium	bistriflamide derivatives	313,20	28,50
im-8,1	ntf2	imidazolium	bistriflamide derivatives	332,60	27,40
im-8,1	ntf2	imidazolium	bistriflamide derivatives	352,80	26,10
im-8,1	ntf2	imidazolium	bistriflamide derivatives	372,80	25,20
im-8,1	ntf2	imidazolium	bistriflamide derivatives	392,90	24,00
im-8,1	ntf2	imidazolium	bistriflamide derivatives	412,90	23,10
im-8,1	ntf2	imidazolium	bistriflamide derivatives	432,80	22,10
im-8,1	ntf2	imidazolium	bistriflamide derivatives	452,50	21,50
im-8,1	ntf2	imidazolium	bistriflamide derivatives	298,15	30,63
im-8,1	ntf2	imidazolium	bistriflamide derivatives	308,15	29,78
im-8,1	otf	imidazolium	sulfonates	293,20	30,68
im-8,1	otf	imidazolium	sulfonates	298,20	30,45
im-8,1	otf	imidazolium	sulfonates	303,20	30,23
im-8,1	otf	imidazolium	sulfonates	308,20	30,01
im-8,1	otf	imidazolium	sulfonates	313,20	29,78
im-8,1	otf	imidazolium	sulfonates	318,20	29,55
im-8,1	otf	imidazolium	sulfonates	323,20	29,33
im-8,1	otf	imidazolium	sulfonates	298,15	28,50
im-8,1	pf6	imidazolium	hexafluorophosphate derivatives	303,00	36,50
im-8,1	pf6	imidazolium	hexafluorophosphate derivatives	298,15	36,10
im-8,1	pf6	imidazolium	hexafluorophosphate derivatives	293,15	35,16
im-8,1	pf6	imidazolium	hexafluorophosphate derivatives	303,15	34,60
im-8,1	pf6	imidazolium	hexafluorophosphate derivatives	313,15	33,89
im-8,1	pf6	imidazolium	hexafluorophosphate derivatives	323,15	33,14
im-8,1	pf6	imidazolium	hexafluorophosphate derivatives	333,15	32,67
im-8,1	pf6	imidazolium	hexafluorophosphate derivatives	343,15	31,98
im-8,1	pf6	imidazolium	hexafluorophosphate derivatives	302,95	33,56
im-8,1	pf6	imidazolium	hexafluorophosphate derivatives	313,47	32,98
im-8,1	pf6	imidazolium	hexafluorophosphate derivatives	322,73	32,52
im-8,1	pf6	imidazolium	hexafluorophosphate derivatives	333,05	31,93
im-8,1	pf6	imidazolium	hexafluorophosphate derivatives	342,84	31,46
im-8,1	pf6	imidazolium	hexafluorophosphate derivatives	353,56	30,94
im-8,1	pf6	imidazolium	hexafluorophosphate derivatives	293,41	34,14
im-8,1	pf6	imidazolium	hexafluorophosphate derivatives	283,92	34,62
im-8,1	pf6	imidazolium	hexafluorophosphate derivatives	308,14	33,32
im-8,1	pf6	imidazolium	hexafluorophosphate derivatives	318,04	32,80
im-8,1	pf6	imidazolium	hexafluorophosphate derivatives	337,95	31,68
im-8,1	pf6	imidazolium	hexafluorophosphate derivatives	348,18	31,15
im-8,1	pf6	imidazolium	hexafluorophosphate derivatives	327,98	32,25
im-8,1	pf6	imidazolium	hexafluorophosphate derivatives	298,13	33,95
im-8,1	pf6	imidazolium	hexafluorophosphate derivatives	287,88	34,48
im-8,1	pf6	imidazolium	hexafluorophosphate derivatives	303,00	33,48
im-8,1	pf6	imidazolium	hexafluorophosphate derivatives	313,51	33,16
im-8,1	pf6	imidazolium	hexafluorophosphate derivatives	322,79	32,46
im-8,1	pf6	imidazolium	hexafluorophosphate derivatives	332,98	32,02
im-8,1	pf6	imidazolium	hexafluorophosphate derivatives	343,00	31,53
im-8,1	pf6	imidazolium	hexafluorophosphate derivatives	353,62	30,83
im-8,1	pf6	imidazolium	hexafluorophosphate derivatives	293,42	34,36
im-8,1	pf6	imidazolium	hexafluorophosphate derivatives	283,91	34,75
im-8,1	pf6	imidazolium	hexafluorophosphate derivatives	308,10	33,27
im-8,1	pf6	imidazolium	hexafluorophosphate derivatives	318,02	32,90
im-8,1	pf6	imidazolium	hexafluorophosphate derivatives	337,93	31,81
im-8,1	pf6	imidazolium	hexafluorophosphate derivatives	348,12	31,26
im-8,1	pf6	imidazolium	hexafluorophosphate derivatives	327,97	32,12
im-8,1	pf6	imidazolium	hexafluorophosphate derivatives	298,15	32,50
im-8,1	pf6	imidazolium	hexafluorophosphate derivatives	303,15	33,80
im-8,1	pf6	imidazolium	hexafluorophosphate derivatives	303,15	32,90
im-8,1	pf6	imidazolium	hexafluorophosphate derivatives	293,15	36,50
im-8,1	pf6	imidazolium	hexafluorophosphate derivatives	298,15	36,20
im-8,1	pf6	imidazolium	hexafluorophosphate derivatives	303,15	35,90
im-8,1	pf6	imidazolium	hexafluorophosphate derivatives	308,15	35,60
im-8,1	pf6	imidazolium	hexafluorophosphate derivatives	313,15	35,20
im-8,1	pf6	imidazolium	hexafluorophosphate derivatives	283,15	35,78
im-8,1	pf6	imidazolium	hexafluorophosphate derivatives	293,15	35,15
im-8,1	pf6	imidazolium	hexafluorophosphate derivatives	303,15	34,60
im-8,1	pf6	imidazolium	hexafluorophosphate derivatives	313,15	33,89
im-8,1	pf6	imidazolium	hexafluorophosphate derivatives	323,15	33,14
im-8,1	pf6	imidazolium	hexafluorophosphate derivatives	333,15	32,67
im-8,1	pf6	imidazolium	hexafluorophosphate derivatives	336,00	32,80
im-8,1	pf6	imidazolium	hexafluorophosphate derivatives	298,15	36,50
im-8,1	phen	imidazolium	alcoholates	293,15	32,43
im-8,1	phen	imidazolium	alcoholates	303,15	31,51
im-8,1	phen	imidazolium	alcoholates	313,15	31,03
im-8,1	phen	imidazolium	alcoholates	323,15	30,12
im-8,1	phen	imidazolium	alcoholates	333,15	29,02
im-8,1	phen	imidazolium	alcoholates	343,15	27,78
im-8,1	phen	imidazolium	alcoholates	353,15	26,78
im-8,1	pro	imidazolium	aminoacids	293,15	29,28
im-8,1	pro	imidazolium	aminoacids	303,15	28,88
im-8,1	pro	imidazolium	aminoacids	313,15	28,46
im-8,1	pro	imidazolium	aminoacids	323,15	28,17
im-8,1	pro	imidazolium	aminoacids	333,15	27,76
im-8,1	pro	imidazolium	aminoacids	343,15	27,62
im-8,1	pro	imidazolium	aminoacids	353,15	27,14
im-8,1	ser	imidazolium	aminoacids	293,15	34,29
im-8,1	ser	imidazolium	aminoacids	303,15	32,80
im-8,1	ser	imidazolium	aminoacids	313,15	32,20
im-8,1	ser	imidazolium	aminoacids	323,15	31,60
im-8,1	ser	imidazolium	aminoacids	333,15	31,00
im-8,1	ser	imidazolium	aminoacids	343,15	30,01
im-8,1	ser	imidazolium	aminoacids	353,15	29,23
im-8,1	so3-4[f]	imidazolium	sulfonates	313,30	20,57
im-8,1	so3-4[f]	imidazolium	sulfonates	323,50	20,38
im-8,1	so3-4[f]	imidazolium	sulfonates	333,40	20,02
im-8,1	so3-4[f]	imidazolium	sulfonates	342,90	19,81
im-8,1	so3-4[f]	imidazolium	sulfonates	353,20	19,50
im-8,1	so4-1	imidazolium	sulfates	298,15	30,10
im-8,1	so4-1	imidazolium	sulfates	298,15	30,41
im-8,1	so4-1	imidazolium	sulfates	313,15	30,03
im-8,1	so4-2	imidazolium	sulfates	298,15	28,67
im-8,1	so4-2	imidazolium	sulfates	313,15	27,94
im-8,1	tcb	imidazolium	tetrafluoroborate derivatives	298,15	38,60
im-8,1	tcb	imidazolium	tetrafluoroborate derivatives	283,23	38,64
im-8,1	tcb	imidazolium	tetrafluoroborate derivatives	293,32	38,01
im-8,1	tcb	imidazolium	tetrafluoroborate derivatives	303,30	36,81
im-8,1	tcb	imidazolium	tetrafluoroborate derivatives	313,27	36,18
im-8,1	tcb	imidazolium	tetrafluoroborate derivatives	323,23	35,19
im-8,1	tcb	imidazolium	tetrafluoroborate derivatives	333,18	34,15
im-8,1	tcb	imidazolium	tetrafluoroborate derivatives	343,21	33,44
im-8,1	tcb	imidazolium	tetrafluoroborate derivatives	353,28	32,41
im-8,1	tcb	imidazolium	tetrafluoroborate derivatives	293,35	37,12
im-8,1	tcb	imidazolium	tetrafluoroborate derivatives	363,15	28,80
im-8,8	ntf2	imidazolium	bistriflamide derivatives	298,40	29,20
im-8,8	ntf2	imidazolium	bistriflamide derivatives	307,80	28,60
im-8,8	ntf2	imidazolium	bistriflamide derivatives	317,90	28,20
im-8,8	ntf2	imidazolium	bistriflamide derivatives	328,20	27,50
im-8,8	ntf2	imidazolium	bistriflamide derivatives	338,80	26,90
im-8,8	ntf2	imidazolium	bistriflamide derivatives	342,80	26,70
im-9,1	bf4	imidazolium	tetrafluoroborate derivatives	283,61	32,09
im-9,1	bf4	imidazolium	tetrafluoroborate derivatives	288,37	31,88
im-9,1	bf4	imidazolium	tetrafluoroborate derivatives	293,36	31,67
im-9,1	bf4	imidazolium	tetrafluoroborate derivatives	298,31	31,45
im-9,1	bf4	imidazolium	tetrafluoroborate derivatives	303,12	31,29
im-9,1	bf4	imidazolium	tetrafluoroborate derivatives	308,11	31,10
im-9,1	bf4	imidazolium	tetrafluoroborate derivatives	313,06	30,81
im-9,1	bf4	imidazolium	tetrafluoroborate derivatives	317,83	30,66
im-9,1	bf4	imidazolium	tetrafluoroborate derivatives	322,90	30,39
im-9,1	bf4	imidazolium	tetrafluoroborate derivatives	328,74	30,12
im-9,1	bf4	imidazolium	tetrafluoroborate derivatives	333,58	29,92
im-9,1	bf4	imidazolium	tetrafluoroborate derivatives	338,67	29,67
im-9,1	bf4	imidazolium	tetrafluoroborate derivatives	342,48	29,52
im-9,1	bf4	imidazolium	tetrafluoroborate derivatives	348,12	29,30
im-9,1	bf4	imidazolium	tetrafluoroborate derivatives	353,08	29,07
im-9,1	bf4	imidazolium	tetrafluoroborate derivatives	357,99	28,86
im-9,1	bf4	imidazolium	tetrafluoroborate derivatives	363,61	28,61
im-9,1	bf4	imidazolium	tetrafluoroborate derivatives	269,49	33,05
im-9,1	bf4	imidazolium	tetrafluoroborate derivatives	274,62	32,75
im-9,1	bf4	imidazolium	tetrafluoroborate derivatives	278,42	32,60
im-9,1	bf4	imidazolium	tetrafluoroborate derivatives	283,73	32,33
im-9,1	bf4	imidazolium	tetrafluoroborate derivatives	288,41	32,14
im-9,1	bf4	imidazolium	tetrafluoroborate derivatives	293,36	31,82
im-9,1	bf4	imidazolium	tetrafluoroborate derivatives	298,28	31,59
im-9,1	bf4	imidazolium	tetrafluoroborate derivatives	303,11	31,38
im-9,1	bf4	imidazolium	tetrafluoroborate derivatives	308,07	31,20
im-9,1	bf4	imidazolium	tetrafluoroborate derivatives	313,04	30,90
im-9,1	bf4	imidazolium	tetrafluoroborate derivatives	317,79	30,65
im-9,1	bf4	imidazolium	tetrafluoroborate derivatives	322,85	30,43
im-9,1	bf4	imidazolium	tetrafluoroborate derivatives	328,72	30,17
im-9,1	bf4	imidazolium	tetrafluoroborate derivatives	333,58	29,92
im-9,1	bf4	imidazolium	tetrafluoroborate derivatives	338,63	29,71
im-9,1	bf4	imidazolium	tetrafluoroborate derivatives	342,37	29,49
im-9,1	bf4	imidazolium	tetrafluoroborate derivatives	348,21	29,22
im-9,1	bf4	imidazolium	tetrafluoroborate derivatives	352,10	29,02
im-9,1	bf4	imidazolium	tetrafluoroborate derivatives	357,88	28,83
im-9,1	bf4	imidazolium	tetrafluoroborate derivatives	363,56	28,58
im-9,1	br	imidazolium	inorganics	303,28	30,12
im-9,1	br	imidazolium	inorganics	308,55	29,91
im-9,1	br	imidazolium	inorganics	313,44	29,73
im-9,1	br	imidazolium	inorganics	318,03	29,54
im-9,1	br	imidazolium	inorganics	323,23	29,30
im-9,1	br	imidazolium	inorganics	327,97	29,10
im-9,1	br	imidazolium	inorganics	333,11	28,86
im-9,1	br	imidazolium	inorganics	338,49	28,59
im-9,1	br	imidazolium	inorganics	342,80	28,39
im-9,1	br	imidazolium	inorganics	348,31	28,18
im-9,1	br	imidazolium	inorganics	352,40	27,99
im-9,1	br	imidazolium	inorganics	358,31	27,75
im-9,1	br	imidazolium	inorganics	361,68	27,59
im-9,1	br	imidazolium	inorganics	298,64	30,63
im-9,1	br	imidazolium	inorganics	303,27	30,41
im-9,1	br	imidazolium	inorganics	308,54	30,17
im-9,1	br	imidazolium	inorganics	313,44	29,95
im-9,1	br	imidazolium	inorganics	318,03	29,77
im-9,1	br	imidazolium	inorganics	323,20	29,62
im-9,1	br	imidazolium	inorganics	327,94	29,41
im-9,1	br	imidazolium	inorganics	333,09	29,19
im-9,1	br	imidazolium	inorganics	338,49	28,72
im-9,1	br	imidazolium	inorganics	342,76	28,51
im-9,1	br	imidazolium	inorganics	348,23	28,46
im-9,1	br	imidazolium	inorganics	352,32	27,98
im-9,1	br	imidazolium	inorganics	358,25	27,94
im-9,1	br	imidazolium	inorganics	361,60	27,82
im-9,1	ntf2	imidazolium	bistriflamide derivatives	298,50	32,00
im-9,1	ntf2	imidazolium	bistriflamide derivatives	308,50	31,40
im-9,1	ntf2	imidazolium	bistriflamide derivatives	318,20	30,60
im-9,1	ntf2	imidazolium	bistriflamide derivatives	328,90	30,00
im-9,1	ntf2	imidazolium	bistriflamide derivatives	338,80	29,40
im-9,1	pf6	imidazolium	hexafluorophosphate derivatives	288,14	33,20
im-9,1	pf6	imidazolium	hexafluorophosphate derivatives	293,07	32,96
im-9,1	pf6	imidazolium	hexafluorophosphate derivatives	298,16	32,70
im-9,1	pf6	imidazolium	hexafluorophosphate derivatives	303,11	32,48
im-9,1	pf6	imidazolium	hexafluorophosphate derivatives	308,11	32,27
im-9,1	pf6	imidazolium	hexafluorophosphate derivatives	313,16	31,99
im-9,1	pf6	imidazolium	hexafluorophosphate derivatives	318,03	31,76
im-9,1	pf6	imidazolium	hexafluorophosphate derivatives	323,07	31,51
im-9,1	pf6	imidazolium	hexafluorophosphate derivatives	328,04	31,25
im-9,1	pf6	imidazolium	hexafluorophosphate derivatives	332,95	30,99
im-9,1	pf6	imidazolium	hexafluorophosphate derivatives	338,37	30,75
im-9,1	pf6	imidazolium	hexafluorophosphate derivatives	343,34	30,50
im-9,1	pf6	imidazolium	hexafluorophosphate derivatives	347,87	30,23
im-9,1	pf6	imidazolium	hexafluorophosphate derivatives	352,81	29,98
im-9,1	pf6	imidazolium	hexafluorophosphate derivatives	357,85	29,76
im-9,1	pf6	imidazolium	hexafluorophosphate derivatives	365,22	29,40
im-9,1	pf6	imidazolium	hexafluorophosphate derivatives	288,18	33,64
im-9,1	pf6	imidazolium	hexafluorophosphate derivatives	293,07	33,26
im-9,1	pf6	imidazolium	hexafluorophosphate derivatives	298,13	32,86
im-9,1	pf6	imidazolium	hexafluorophosphate derivatives	303,12	32,80
im-9,1	pf6	imidazolium	hexafluorophosphate derivatives	308,13	32,71
im-9,1	pf6	imidazolium	hexafluorophosphate derivatives	313,19	32,40
im-9,1	pf6	imidazolium	hexafluorophosphate derivatives	318,06	32,17
im-9,1	pf6	imidazolium	hexafluorophosphate derivatives	323,10	31,89
im-9,1	pf6	imidazolium	hexafluorophosphate derivatives	328,00	31,70
im-9,1	pf6	imidazolium	hexafluorophosphate derivatives	332,93	31,43
im-9,1	pf6	imidazolium	hexafluorophosphate derivatives	338,49	31,11
im-9,1	pf6	imidazolium	hexafluorophosphate derivatives	343,59	30,88
im-9,1	pf6	imidazolium	hexafluorophosphate derivatives	347,90	30,57
im-9,1	pf6	imidazolium	hexafluorophosphate derivatives	352,87	30,32
im-9,1	pf6	imidazolium	hexafluorophosphate derivatives	358,12	30,14
im-9,1	pf6	imidazolium	hexafluorophosphate derivatives	365,11	29,71
im-9,9	ntf2	imidazolium	bistriflamide derivatives	298,20	29,50
im-9,9	ntf2	imidazolium	bistriflamide derivatives	308,10	28,90
im-9,9	ntf2	imidazolium	bistriflamide derivatives	318,30	28,20
im-9,9	ntf2	imidazolium	bistriflamide derivatives	328,60	27,60
im-9,9	ntf2	imidazolium	bistriflamide derivatives	339,30	27,00
im-9,9	ntf2	imidazolium	bistriflamide derivatives	343,00	26,70
im-[2o]21,1	ntf2	imidazolium	bistriflamide derivatives	298,15	36,50
im-[2o]21,1	so3-1	imidazolium	sulfonates	298,15	46,95
im-[2o]21,1	so3-1	imidazolium	sulfonates	303,15	46,49
im-[2o]21,1	so3-1	imidazolium	sulfonates	308,15	45,97
im-[2o]21,1	so3-1	imidazolium	sulfonates	313,15	45,48
im-[2o]21,1	so3-1	imidazolium	sulfonates	318,15	44,96
im-[2o]21,1	so3-1	imidazolium	sulfonates	323,15	44,45
im-[2o]21,1	so3-1	imidazolium	sulfonates	328,15	44,01
im-[2o]21,1	so3-1	imidazolium	sulfonates	333,15	43,50
im-[2o]21,1	so3-1	imidazolium	sulfonates	338,15	42,98
im-[2o]21,1	so3-1	imidazolium	sulfonates	343,15	42,51
im-[2o]31,1	so3-1	imidazolium	sulfonates	298,15	45,18
im-[2o]31,1	so3-1	imidazolium	sulfonates	303,15	44,66
im-[2o]31,1	so3-1	imidazolium	sulfonates	308,15	44,15
im-[2o]31,1	so3-1	imidazolium	sulfonates	313,15	43,75
im-[2o]31,1	so3-1	imidazolium	sulfonates	318,15	43,27
im-[2o]31,1	so3-1	imidazolium	sulfonates	323,15	42,75
im-[2o]31,1	so3-1	imidazolium	sulfonates	328,15	42,26
im-[2o]31,1	so3-1	imidazolium	sulfonates	333,15	41,68
im-[2o]31,1	so3-1	imidazolium	sulfonates	338,15	41,19
im-[2o]31,1	so3-1	imidazolium	sulfonates	343,15	40,71
im-a,10	dca	imidazolium	dicyanamides	298,15	31,70
im-a,12	dca	imidazolium	dicyanamides	298,15	31,10
im-a,14	dca	imidazolium	dicyanamides	298,15	30,50
im-a,1	ntf2	imidazolium	bistriflamide derivatives	298,15	31,70
im-a,1	ntf2	imidazolium	bistriflamide derivatives	303,15	31,50
im-a,1	ntf2	imidazolium	bistriflamide derivatives	308,15	31,30
im-a,1	ntf2	imidazolium	bistriflamide derivatives	313,15	31,00
im-a,1	ntf2	imidazolium	bistriflamide derivatives	318,15	30,70
im-a,1	ntf2	imidazolium	bistriflamide derivatives	323,15	30,50
im-a,1	ntf2	imidazolium	bistriflamide derivatives	328,15	30,30
im-a,1	ntf2	imidazolium	bistriflamide derivatives	333,15	30,00
im-a,1	ntf2	imidazolium	bistriflamide derivatives	338,15	29,80
im-a,1	ntf2	imidazolium	bistriflamide derivatives	343,15	29,60
im-a,1	ntf2	imidazolium	bistriflamide derivatives	348,15	29,30
im-a,4	dca	imidazolium	dicyanamides	298,15	42,10
im-a,6	dca	imidazolium	dicyanamides	298,15	38,60
im-a,8	dca	imidazolium	dicyanamides	298,15	32,70
im-chc(ch3)2,1	bf4	imidazolium	tetrafluoroborate derivatives	298,15	51,80
im-v,10	dca	imidazolium	dicyanamides	298,15	30,60
im-v,8	dca	imidazolium	dicyanamides	298,15	32,80
im-v,a	dca	imidazolium	dicyanamides	298,15	49,50
im	3ac	imidazolium	carboxylates	298,00	34,40
im	4ac	imidazolium	carboxylates	298,00	33,00
im	6ac	imidazolium	carboxylates	298,00	32,80
im	7ac	imidazolium	carboxylates	298,00	32,50
im	hso4	imidazolium	sulfates	293,15	53,94
im	hso4	imidazolium	sulfates	303,15	53,20
im	hso4	imidazolium	sulfates	313,15	52,27
im	hso4	imidazolium	sulfates	323,15	51,27
im	hso4	imidazolium	sulfates	333,15	50,32
im	hso4	imidazolium	sulfates	343,15	49,03
im	hso4	imidazolium	sulfates	353,15	47,90
mo-1	1ac	morpholinium	carboxylates	298,15	28,10
mo-1	1ac	morpholinium	carboxylates	303,15	27,70
mo-1	1ac	morpholinium	carboxylates	308,15	27,30
mo-1	1ac	morpholinium	carboxylates	313,15	26,90
mo-1	1ac	morpholinium	carboxylates	318,15	26,60
mo-1	1ac	morpholinium	carboxylates	323,15	26,10
mo-1	1ac	morpholinium	carboxylates	328,15	25,60
mo-1	1ac	morpholinium	carboxylates	333,15	25,30
mo-1	1ac	morpholinium	carboxylates	338,15	24,90
mo-1	1ac	morpholinium	carboxylates	343,15	24,30
mo-1	1ac	morpholinium	carboxylates	348,15	23,90
mo-1	4ac	morpholinium	carboxylates	298,15	25,30
mo-1	4ac	morpholinium	carboxylates	303,15	25,00
mo-1	4ac	morpholinium	carboxylates	308,15	24,60
mo-1	4ac	morpholinium	carboxylates	313,15	24,10
mo-1	4ac	morpholinium	carboxylates	318,15	23,80
mo-1	4ac	morpholinium	carboxylates	323,15	23,50
mo-1	4ac	morpholinium	carboxylates	328,15	23,00
mo-1	4ac	morpholinium	carboxylates	333,15	22,60
mo-1	4ac	morpholinium	carboxylates	338,15	22,30
mo-1	4ac	morpholinium	carboxylates	343,15	21,80
mo-1	4ac	morpholinium	carboxylates	348,15	21,50
mo-1	8ac	morpholinium	carboxylates	298,15	22,20
mo-1	8ac	morpholinium	carboxylates	303,15	22,00
mo-1	8ac	morpholinium	carboxylates	308,15	21,80
mo-1	8ac	morpholinium	carboxylates	313,15	21,60
mo-1	8ac	morpholinium	carboxylates	318,15	21,30
mo-1	8ac	morpholinium	carboxylates	323,15	21,20
mo-1	8ac	morpholinium	carboxylates	328,15	21,00
mo-1	8ac	morpholinium	carboxylates	333,15	20,50
mo-1	8ac	morpholinium	carboxylates	338,15	20,50
mo-1	8ac	morpholinium	carboxylates	343,15	20,30
mo-1	8ac	morpholinium	carboxylates	348,15	20,10
mo-1	ac	morpholinium	carboxylates	298,15	28,80
mo-1	ac	morpholinium	carboxylates	303,15	28,30
mo-1	ac	morpholinium	carboxylates	308,15	28,10
mo-1	ac	morpholinium	carboxylates	313,15	27,60
mo-1	ac	morpholinium	carboxylates	318,15	26,90
mo-1	ac	morpholinium	carboxylates	323,15	26,20
mo-1	ac	morpholinium	carboxylates	328,15	25,90
mo-1	ac	morpholinium	carboxylates	333,15	25,30
mo-1	ac	morpholinium	carboxylates	338,15	24,90
mo-1	ac	morpholinium	carboxylates	343,15	24,40
mo-1	ac	morpholinium	carboxylates	348,15	23,90
mo-1	for	morpholinium	carboxylates	298,15	48,40
mo-1	for	morpholinium	carboxylates	303,15	47,90
mo-1	for	morpholinium	carboxylates	308,15	47,30
mo-1	for	morpholinium	carboxylates	313,15	46,80
mo-1	for	morpholinium	carboxylates	318,15	46,30
mo-1	for	morpholinium	carboxylates	323,15	45,90
mo-1	for	morpholinium	carboxylates	328,15	45,30
mo-1	for	morpholinium	carboxylates	333,15	44,90
mo-1	for	morpholinium	carboxylates	338,15	44,30
mo-1	for	morpholinium	carboxylates	343,15	43,80
mo-1	for	morpholinium	carboxylates	348,15	43,30
mo-2	1ac	morpholinium	carboxylates	298,15	25,70
mo-2	1ac	morpholinium	carboxylates	303,15	25,40
mo-2	1ac	morpholinium	carboxylates	308,15	24,90
mo-2	1ac	morpholinium	carboxylates	313,15	24,50
mo-2	1ac	morpholinium	carboxylates	318,15	24,20
mo-2	1ac	morpholinium	carboxylates	323,15	23,80
mo-2	1ac	morpholinium	carboxylates	328,15	23,40
mo-2	1ac	morpholinium	carboxylates	333,15	23,00
mo-2	1ac	morpholinium	carboxylates	338,15	22,60
mo-2	1ac	morpholinium	carboxylates	343,15	22,10
mo-2	1ac	morpholinium	carboxylates	348,15	21,70
mo-2	4ac	morpholinium	carboxylates	298,15	23,10
mo-2	4ac	morpholinium	carboxylates	303,15	22,80
mo-2	4ac	morpholinium	carboxylates	308,15	22,40
mo-2	4ac	morpholinium	carboxylates	313,15	22,10
mo-2	4ac	morpholinium	carboxylates	318,15	21,70
mo-2	4ac	morpholinium	carboxylates	323,15	21,40
mo-2	4ac	morpholinium	carboxylates	328,15	21,10
mo-2	4ac	morpholinium	carboxylates	333,15	20,70
mo-2	4ac	morpholinium	carboxylates	338,15	20,40
mo-2	4ac	morpholinium	carboxylates	343,15	20,00
mo-2	4ac	morpholinium	carboxylates	348,15	19,70
mo-2	8ac	morpholinium	carboxylates	298,15	19,70
mo-2	8ac	morpholinium	carboxylates	303,15	19,50
mo-2	8ac	morpholinium	carboxylates	308,15	19,20
mo-2	8ac	morpholinium	carboxylates	313,15	19,00
mo-2	8ac	morpholinium	carboxylates	318,15	18,80
mo-2	8ac	morpholinium	carboxylates	323,15	18,70
mo-2	8ac	morpholinium	carboxylates	328,15	18,40
mo-2	8ac	morpholinium	carboxylates	333,15	18,20
mo-2	8ac	morpholinium	carboxylates	338,15	17,90
mo-2	8ac	morpholinium	carboxylates	343,15	17,60
mo-2	8ac	morpholinium	carboxylates	348,15	17,50
mo-2	ac	morpholinium	carboxylates	298,15	27,70
mo-2	ac	morpholinium	carboxylates	303,15	27,40
mo-2	ac	morpholinium	carboxylates	308,15	26,90
mo-2	ac	morpholinium	carboxylates	313,15	26,50
mo-2	ac	morpholinium	carboxylates	318,15	26,10
mo-2	ac	morpholinium	carboxylates	323,15	25,50
mo-2	ac	morpholinium	carboxylates	328,15	25,20
mo-2	ac	morpholinium	carboxylates	333,15	24,50
mo-2	ac	morpholinium	carboxylates	338,15	24,10
mo-2	ac	morpholinium	carboxylates	343,15	23,70
mo-2	ac	morpholinium	carboxylates	348,15	23,20
mo-2	for	morpholinium	carboxylates	298,15	44,20
mo-2	for	morpholinium	carboxylates	303,15	43,80
mo-2	for	morpholinium	carboxylates	308,15	43,30
mo-2	for	morpholinium	carboxylates	313,15	42,80
mo-2	for	morpholinium	carboxylates	318,15	42,40
mo-2	for	morpholinium	carboxylates	323,15	41,90
mo-2	for	morpholinium	carboxylates	328,15	41,40
mo-2	for	morpholinium	carboxylates	333,15	40,90
mo-2	for	morpholinium	carboxylates	338,15	40,40
mo-2	for	morpholinium	carboxylates	343,15	40,00
mo-2	for	morpholinium	carboxylates	348,15	39,40
mo-6,1	fsa	morpholinium	bistriflamide derivatives	298,15	32,02
mo-6,1	fsa	morpholinium	bistriflamide derivatives	303,15	31,64
mo-6,1	fsa	morpholinium	bistriflamide derivatives	308,15	31,29
mo-6,1	fsa	morpholinium	bistriflamide derivatives	313,15	30,92
mo-6,1	fsa	morpholinium	bistriflamide derivatives	318,15	30,60
mo-6,1	fsa	morpholinium	bistriflamide derivatives	323,15	30,26
mo-6,1	fsa	morpholinium	bistriflamide derivatives	328,15	29,90
mo-6,1	fsa	morpholinium	bistriflamide derivatives	333,15	29,54
mo-6,1	fsa	morpholinium	bistriflamide derivatives	338,15	29,23
mo-6,1	fsa	morpholinium	bistriflamide derivatives	343,15	28,91
mo-6,1	ntf2	morpholinium	bistriflamide derivatives	298,15	31,60
mo-6,1	ntf2	morpholinium	bistriflamide derivatives	303,15	31,50
mo-6,1	ntf2	morpholinium	bistriflamide derivatives	308,15	31,30
mo-6,1	ntf2	morpholinium	bistriflamide derivatives	313,15	31,10
mo-6,1	ntf2	morpholinium	bistriflamide derivatives	318,15	30,80
mo-6,1	ntf2	morpholinium	bistriflamide derivatives	323,15	30,60
mo-6,1	ntf2	morpholinium	bistriflamide derivatives	328,15	30,40
mo-6,1	ntf2	morpholinium	bistriflamide derivatives	333,15	30,30
mo-6,1	ntf2	morpholinium	bistriflamide derivatives	338,15	30,10
mo-6,1	ntf2	morpholinium	bistriflamide derivatives	343,15	29,90
mo-6,1	ntf2	morpholinium	bistriflamide derivatives	348,15	29,70
n-1,1	for	ammonium	carboxylates	298,15	44,20
n-1,1	hso4	ammonium	sulfates	298,15	69,50
n-10,1,1,1	ntf2	ammonium	bistriflamide derivatives	300,96	35,42
n-10,1,1,1	ntf2	ammonium	bistriflamide derivatives	302,95	35,12
n-10,1,1,1	ntf2	ammonium	bistriflamide derivatives	307,75	34,81
n-10,1,1,1	ntf2	ammonium	bistriflamide derivatives	312,28	34,55
n-10,1,1,1	ntf2	ammonium	bistriflamide derivatives	318,08	34,20
n-10,1,1,1	ntf2	ammonium	bistriflamide derivatives	324,03	33,71
n-10,1,1,1	ntf2	ammonium	bistriflamide derivatives	330,53	33,36
n-10,1,1,1	ntf2	ammonium	bistriflamide derivatives	337,12	32,82
n-10,1,1,1	ntf2	ammonium	bistriflamide derivatives	342,53	32,51
n-10,1,1,1	ntf2	ammonium	bistriflamide derivatives	347,26	32,23
n-10,2,2,2	ntf2	ammonium	bistriflamide derivatives	298,00	32,40
n-10,2,2,2	ntf2	ammonium	bistriflamide derivatives	303,00	32,00
n-10,2,2,2	ntf2	ammonium	bistriflamide derivatives	308,00	31,60
n-10,2,2,2	ntf2	ammonium	bistriflamide derivatives	313,00	31,10
n-10,2,2,2	ntf2	ammonium	bistriflamide derivatives	318,00	30,70
n-10,2,2,2	ntf2	ammonium	bistriflamide derivatives	323,00	30,20
n-10,2,2,2	ntf2	ammonium	bistriflamide derivatives	328,00	29,80
n-10,2,2,2	ntf2	ammonium	bistriflamide derivatives	333,00	29,30
n-10,2,2,2	ntf2	ammonium	bistriflamide derivatives	338,00	29,00
n-10,2,2,2	ntf2	ammonium	bistriflamide derivatives	343,00	28,50
n-10,2,2,2	ntf2	ammonium	bistriflamide derivatives	348,00	28,10
n-10,2,2,2	ntf2	ammonium	bistriflamide derivatives	353,00	27,60
n-10,2,2,2	ntf2	ammonium	bistriflamide derivatives	358,00	27,30
n-10,2,2,2	ntf2	ammonium	bistriflamide derivatives	363,00	26,90
n-10,2,2,2	ntf2	ammonium	bistriflamide derivatives	368,00	26,40
n-10,2,2,2	ntf2	ammonium	bistriflamide derivatives	373,00	26,00
n-10,3i,1,1	ntf2	ammonium	bistriflamide derivatives	298,15	31,30
n-10,3i,1,1	ntf2	ammonium	bistriflamide derivatives	300,00	36,13
n-10,3i,1,1	ntf2	ammonium	bistriflamide derivatives	300,60	36,06
n-10,3i,1,1	ntf2	ammonium	bistriflamide derivatives	301,80	35,94
n-10,3i,1,1	ntf2	ammonium	bistriflamide derivatives	303,00	35,81
n-10,3i,1,1	ntf2	ammonium	bistriflamide derivatives	305,10	35,61
n-10,3i,1,1	ntf2	ammonium	bistriflamide derivatives	306,50	35,48
n-10,3i,1,1	ntf2	ammonium	bistriflamide derivatives	308,10	35,35
n-10,3i,1,1	ntf2	ammonium	bistriflamide derivatives	310,20	35,14
n-10,3i,1,1	ntf2	ammonium	bistriflamide derivatives	313,00	34,92
n-10,3i,1,1	ntf2	ammonium	bistriflamide derivatives	315,20	34,74
n-10,3i,1,1	ntf2	ammonium	bistriflamide derivatives	317,00	34,59
n-10,3i,1,1	ntf2	ammonium	bistriflamide derivatives	318,20	34,48
n-10,3i,1,1	ntf2	ammonium	bistriflamide derivatives	320,30	34,32
n-10,3i,1,1	ntf2	ammonium	bistriflamide derivatives	323,10	34,10
n-10,3i,1,1	ntf2	ammonium	bistriflamide derivatives	325,30	33,96
n-10,3i,1,1	ntf2	ammonium	bistriflamide derivatives	328,10	33,79
n-12,2,2,2	ntf2	ammonium	bistriflamide derivatives	298,00	31,80
n-12,2,2,2	ntf2	ammonium	bistriflamide derivatives	303,00	31,30
n-12,2,2,2	ntf2	ammonium	bistriflamide derivatives	308,00	30,90
n-12,2,2,2	ntf2	ammonium	bistriflamide derivatives	313,00	30,30
n-12,2,2,2	ntf2	ammonium	bistriflamide derivatives	318,00	29,90
n-12,2,2,2	ntf2	ammonium	bistriflamide derivatives	323,00	29,50
n-12,2,2,2	ntf2	ammonium	bistriflamide derivatives	328,00	29,10
n-12,2,2,2	ntf2	ammonium	bistriflamide derivatives	333,00	28,50
n-12,2,2,2	ntf2	ammonium	bistriflamide derivatives	338,00	28,20
n-12,2,2,2	ntf2	ammonium	bistriflamide derivatives	343,00	27,70
n-12,2,2,2	ntf2	ammonium	bistriflamide derivatives	348,00	27,20
n-12,2,2,2	ntf2	ammonium	bistriflamide derivatives	353,00	26,80
n-12,2,2,2	ntf2	ammonium	bistriflamide derivatives	358,00	26,40
n-12,2,2,2	ntf2	ammonium	bistriflamide derivatives	363,00	26,00
n-12,2,2,2	ntf2	ammonium	bistriflamide derivatives	368,00	25,50
n-12,2,2,2	ntf2	ammonium	bistriflamide derivatives	373,00	25,20
n-1	for	ammonium	carboxylates	300,15	43,10
n-1ph,12,1,1	ntf2	ammonium	bistriflamide derivatives	298,15	32,58
n-1ph,12,1,1	ntf2	ammonium	bistriflamide derivatives	303,15	32,18
n-1ph,12,1,1	ntf2	ammonium	bistriflamide derivatives	308,15	31,78
n-1ph,12,1,1	ntf2	ammonium	bistriflamide derivatives	313,15	31,40
n-1ph,12,1,1	ntf2	ammonium	bistriflamide derivatives	318,15	31,03
n-1ph,12,1,1	ntf2	ammonium	bistriflamide derivatives	323,15	30,60
n-1ph,12,1,1	ntf2	ammonium	bistriflamide derivatives	328,15	30,18
n-2,1,1	ac-ph	ammonium	carboxylates	293,20	43,60
n-2,1,1	ac-ph	ammonium	carboxylates	303,20	42,70
n-2,1,1	ac-ph	ammonium	carboxylates	313,10	41,60
n-2,1,1	ac-ph	ammonium	carboxylates	323,10	40,50
n-2,1,1	ac-ph	ammonium	carboxylates	332,90	39,40
n-2,1,1	ac-ph	ammonium	carboxylates	343,00	38,20
n-2,1,1	ac	ammonium	carboxylates	298,20	33,50
n-2,1,1	ac	ammonium	carboxylates	308,10	32,70
n-2,1,1	ac	ammonium	carboxylates	318,00	32,10
n-2,1,1	ac	ammonium	carboxylates	328,40	31,30
n-2,1,1	ac	ammonium	carboxylates	338,20	30,50
n-2,2,2	for	ammonium	carboxylates	298,15	42,50
n-2,2	for	ammonium	carboxylates	298,15	38,30
n-2	1ac	ammonium	carboxylates	300,15	31,50
n-2	2ac	ammonium	carboxylates	300,15	29,60
n-2	for	ammonium	carboxylates	300,15	38,50
n-2	glyc	ammonium	carboxylates	300,15	49,30
n-2	hso4	ammonium	sulfates	300,15	56,30
n-2	la	ammonium	aminoacids	300,15	39,30
n-2	no3	ammonium	inorganics	300,15	47,30
n-2coo1,1,1,1	ntf2	ammonium	bistriflamide derivatives	298,00	38,50
n-2coo1ph,1,1,1	ntf2	ammonium	bistriflamide derivatives	298,00	37,71
n-2dma,1,1	ac	ammonium	carboxylates	293,30	33,60
n-2dma,1,1	ac	ammonium	carboxylates	298,30	33,30
n-2dma,1,1	ac	ammonium	carboxylates	303,20	32,60
n-2dma,1,1	ac	ammonium	carboxylates	313,20	31,60
n-2dma,1,1	ac	ammonium	carboxylates	323,30	30,40
n-2o1,2,2,1	ntf2	ammonium	bistriflamide derivatives	298,15	33,60
n-2o1,2,2,1	ntf2	ammonium	bistriflamide derivatives	308,15	32,60
n-2o1,2,2,1	ntf2	ammonium	bistriflamide derivatives	318,15	32,10
n-2o1,2,2,1	ntf2	ammonium	bistriflamide derivatives	328,15	31,60
n-2o1,2,2,1	ntf2	ammonium	bistriflamide derivatives	338,15	31,30
n-2o1	for	ammonium	carboxylates	298,15	42,70
n-2o2oh	for	ammonium	carboxylates	298,15	52,20
n-2o2oh	hso4	ammonium	sulfates	298,15	57,70
n-2o2oh	no3	ammonium	inorganics	298,15	61,80
n-2o2oh	tfa	ammonium	carboxylates	298,15	40,10
n-2oh,1,1,1	1ac	ammonium	carboxylates	294,00	34,60
n-2oh,1,1,1	1ac	ammonium	carboxylates	302,60	33,30
n-2oh,1,1,1	1ac	ammonium	carboxylates	313,70	32,60
n-2oh,1,1,1	1ac	ammonium	carboxylates	324,10	32,30
n-2oh,1,1,1	1ac	ammonium	carboxylates	333,80	31,70
n-2oh,1,1,1	1ac	ammonium	carboxylates	343,40	31,20
n-2oh,1,1,1	1ac	ammonium	carboxylates	354,50	30,90
n-2oh,1,1,1	1ac	ammonium	carboxylates	373,40	29,50
n-2oh,1,1,1	1ac	ammonium	carboxylates	392,60	28,60
n-2oh,1,1,1	im44	ammonium	bistriflamide derivatives	313,40	25,04
n-2oh,1,1,1	im44	ammonium	bistriflamide derivatives	323,40	24,39
n-2oh,1,1,1	im44	ammonium	bistriflamide derivatives	333,30	23,80
n-2oh,1,1,1	im44	ammonium	bistriflamide derivatives	343,40	23,24
n-2oh,1,1,1	im44	ammonium	bistriflamide derivatives	353,50	22,67
n-2oh,1,1,1	mal	ammonium	carboxylates	308,20	40,70
n-2oh,1,1,1	mal	ammonium	carboxylates	313,90	40,40
n-2oh,1,1,1	mal	ammonium	carboxylates	319,20	40,10
n-2oh,1,1,1	mal	ammonium	carboxylates	324,00	39,50
n-2oh,1,1,1	mal	ammonium	carboxylates	328,50	39,50
n-2oh,1,1,1	mal	ammonium	carboxylates	333,60	38,90
n-2oh,1,1,1	mal	ammonium	carboxylates	339,40	38,40
n-2oh,1,1,1	tig	ammonium	carboxylates	294,00	31,60
n-2oh,1,1,1	tig	ammonium	carboxylates	303,90	30,70
n-2oh,1,1,1	tig	ammonium	carboxylates	314,20	30,70
n-2oh,1,1,1	tig	ammonium	carboxylates	323,90	30,90
n-2oh,1,1,1	tig	ammonium	carboxylates	333,50	30,20
n-2oh,1,1,1	tig	ammonium	carboxylates	338,00	29,80
n-2oh,1,1,1	tig	ammonium	carboxylates	340,10	29,90
n-2oh,1,1,1	tig	ammonium	carboxylates	346,20	29,90
n-2oh,1,1,1	tig	ammonium	carboxylates	348,20	28,50
n-2oh,1,1,1	tig	ammonium	carboxylates	357,40	28,00
n-2oh,1,1,1	tig	ammonium	carboxylates	362,50	28,20
n-2oh,1,1,1	tig	ammonium	carboxylates	373,00	27,60
n-2oh,1,1,1	tig	ammonium	carboxylates	379,50	26,10
n-2oh,1,1,1	tig	ammonium	carboxylates	391,80	26,40
n-2oh,1ph,1,1	ntf2	ammonium	bistriflamide derivatives	298,00	39,51
n-2oh,2br,1,1	ntf2	ammonium	bistriflamide derivatives	298,00	40,02
n-2oh,2oh,1	for	ammonium	carboxylates	293,15	55,94
n-2oh,2oh,1	for	ammonium	carboxylates	298,15	55,26
n-2oh,2oh,1	for	ammonium	carboxylates	303,15	54,74
n-2oh,2oh,1	for	ammonium	carboxylates	308,15	54,13
n-2oh,2oh,1	for	ammonium	carboxylates	313,15	53,52
n-2oh,2oh,1	for	ammonium	carboxylates	318,15	52,52
n-2oh,2oh,1	for	ammonium	carboxylates	323,15	51,81
n-2oh,2oh,1	for	ammonium	carboxylates	328,15	51,03
n-2oh,2oh,1	for	ammonium	carboxylates	333,15	50,49
n-2oh,2oh,1	for	ammonium	carboxylates	338,15	49,91
n-2oh,2oh,1	for	ammonium	carboxylates	343,15	49,41
n-2oh,2oh,1	for	ammonium	carboxylates	348,15	48,74
n-2oh,2oh,1	for	ammonium	carboxylates	353,15	48,02
n-2oh,2oh,2oh	3ac	ammonium	carboxylates	288,15	33,82
n-2oh,2oh,2oh	3ac	ammonium	carboxylates	293,15	33,54
n-2oh,2oh,2oh	3ac	ammonium	carboxylates	298,15	33,37
n-2oh,2oh,2oh	3ac	ammonium	carboxylates	303,15	33,18
n-2oh,2oh,2oh	3ac	ammonium	carboxylates	308,15	32,89
n-2oh,2oh,2oh	3ac	ammonium	carboxylates	313,15	32,66
n-2oh,2oh,2oh	3ac	ammonium	carboxylates	318,15	32,22
n-2oh,2oh,2oh	3ac	ammonium	carboxylates	323,15	32,01
n-2oh,2oh	3ac	ammonium	carboxylates	288,15	34,57
n-2oh,2oh	3ac	ammonium	carboxylates	293,15	34,24
n-2oh,2oh	3ac	ammonium	carboxylates	298,15	34,09
n-2oh,2oh	3ac	ammonium	carboxylates	303,15	33,91
n-2oh,2oh	3ac	ammonium	carboxylates	308,15	33,64
n-2oh,2oh	3ac	ammonium	carboxylates	313,15	33,44
n-2oh,2oh	3ac	ammonium	carboxylates	318,15	33,22
n-2oh,2oh	3ac	ammonium	carboxylates	323,15	32,92
n-2oh,2oh	for	ammonium	carboxylates	298,15	63,40
n-2oh,3i,1,1	ntf2	ammonium	bistriflamide derivatives	298,15	38,00
n-2oh	3ac	ammonium	carboxylates	288,15	34,84
n-2oh	3ac	ammonium	carboxylates	293,15	34,58
n-2oh	3ac	ammonium	carboxylates	298,15	34,32
n-2oh	3ac	ammonium	carboxylates	303,15	34,04
n-2oh	3ac	ammonium	carboxylates	308,15	33,83
n-2oh	3ac	ammonium	carboxylates	313,15	33,58
n-2oh	3ac	ammonium	carboxylates	318,15	33,46
n-2oh	3ac	ammonium	carboxylates	323,15	33,14
n-2oh	ac	ammonium	carboxylates	300,15	51,50
n-2oh	for	ammonium	carboxylates	298,15	70,30
n-2oh	for	ammonium	carboxylates	303,15	69,90
n-2oh	for	ammonium	carboxylates	308,15	69,60
n-2oh	for	ammonium	carboxylates	313,15	69,20
n-2oh	for	ammonium	carboxylates	318,15	68,80
n-2oh	for	ammonium	carboxylates	323,15	68,50
n-2oh	for	ammonium	carboxylates	328,15	68,10
n-2oh	for	ammonium	carboxylates	333,15	67,80
n-2oh	for	ammonium	carboxylates	338,15	67,40
n-2oh	for	ammonium	carboxylates	343,15	67,00
n-2oh	for	ammonium	carboxylates	348,15	66,70
n-2oh	for	ammonium	carboxylates	353,15	66,30
n-2oh	for	ammonium	carboxylates	300,15	65,00
n-2oh	for	ammonium	carboxylates	298,15	67,80
n-2oh	for	ammonium	carboxylates	303,15	67,20
n-2oh	for	ammonium	carboxylates	308,15	66,70
n-2oh	for	ammonium	carboxylates	313,15	65,80
n-2oh	for	ammonium	carboxylates	318,15	65,10
n-2oh	for	ammonium	carboxylates	323,15	64,40
n-2oh	for	ammonium	carboxylates	328,15	63,50
n-2oh	hso4	ammonium	sulfates	298,15	82,10
n-2oh	la	ammonium	aminoacids	300,15	57,20
n-2oh	no3	ammonium	inorganics	300,15	50,60
n-3,1,1,1	ntf2	ammonium	bistriflamide derivatives	303,15	35,00
n-3,1,1,1	ntf2	ammonium	bistriflamide derivatives	303,15	35,10
n-3,3i,1,1	ntf2	ammonium	bistriflamide derivatives	298,15	34,30
n-3	ac	ammonium	carboxylates	293,15	33,50
n-3	ac	ammonium	carboxylates	298,15	33,10
n-3	ac	ammonium	carboxylates	303,15	32,70
n-3	ac	ammonium	carboxylates	308,15	32,20
n-3	ac	ammonium	carboxylates	313,15	31,80
n-3	ac	ammonium	carboxylates	318,15	31,40
n-3	ac	ammonium	carboxylates	323,15	31,00
n-3	ac	ammonium	carboxylates	328,15	30,60
n-3	ac	ammonium	carboxylates	333,15	30,20
n-3	for	ammonium	carboxylates	293,15	37,80
n-3	for	ammonium	carboxylates	298,15	37,40
n-3	for	ammonium	carboxylates	303,15	37,00
n-3	for	ammonium	carboxylates	308,15	36,60
n-3	for	ammonium	carboxylates	313,15	36,20
n-3	for	ammonium	carboxylates	318,15	35,80
n-3	for	ammonium	carboxylates	323,15	35,40
n-3	for	ammonium	carboxylates	328,15	35,00
n-3	for	ammonium	carboxylates	333,15	34,60
n-3oh[2]	for	ammonium	carboxylates	300,15	46,20
n-3oh	ac	ammonium	carboxylates	293,15	48,00
n-3oh	ac	ammonium	carboxylates	298,15	47,50
n-3oh	ac	ammonium	carboxylates	303,15	47,00
n-3oh	ac	ammonium	carboxylates	308,15	46,50
n-3oh	ac	ammonium	carboxylates	313,15	46,00
n-3oh	ac	ammonium	carboxylates	318,15	45,50
n-3oh	ac	ammonium	carboxylates	323,15	45,00
n-3oh	ac	ammonium	carboxylates	328,15	44,50
n-3oh	ac	ammonium	carboxylates	333,15	44,00
n-3oh	for	ammonium	carboxylates	293,15	56,90
n-3oh	for	ammonium	carboxylates	298,15	56,40
n-3oh	for	ammonium	carboxylates	303,15	55,90
n-3oh	for	ammonium	carboxylates	308,15	55,40
n-3oh	for	ammonium	carboxylates	313,15	54,90
n-3oh	for	ammonium	carboxylates	318,15	54,40
n-3oh	for	ammonium	carboxylates	323,15	54,00
n-3oh	for	ammonium	carboxylates	328,15	53,50
n-3oh	for	ammonium	carboxylates	333,15	53,00
n-3oh	tfa	ammonium	carboxylates	293,15	38,20
n-3oh	tfa	ammonium	carboxylates	298,15	37,80
n-3oh	tfa	ammonium	carboxylates	303,15	37,40
n-3oh	tfa	ammonium	carboxylates	308,15	37,00
n-3oh	tfa	ammonium	carboxylates	313,15	36,50
n-3oh	tfa	ammonium	carboxylates	318,15	36,10
n-3oh	tfa	ammonium	carboxylates	323,15	35,70
n-3oh	tfa	ammonium	carboxylates	328,15	35,30
n-3oh	tfa	ammonium	carboxylates	333,15	34,90
n-3so3h,4i	hso4	ammonium	sulfates	298,15	52,18
n-3so3h,4i	hso4	ammonium	sulfates	303,15	51,64
n-3so3h,4i	hso4	ammonium	sulfates	308,15	51,14
n-3so3h,4i	hso4	ammonium	sulfates	313,15	50,69
n-3so3h,4i	hso4	ammonium	sulfates	318,15	50,15
n-3so3h,4i	hso4	ammonium	sulfates	323,15	49,58
n-3so3h,4i	hso4	ammonium	sulfates	328,15	48,98
n-4,1,1,1	ntf2	ammonium	bistriflamide derivatives	298,35	38,05
n-4,1,1,1	ntf2	ammonium	bistriflamide derivatives	302,33	37,90
n-4,1,1,1	ntf2	ammonium	bistriflamide derivatives	306,15	37,80
n-4,1,1,1	ntf2	ammonium	bistriflamide derivatives	309,93	37,69
n-4,1,1,1	ntf2	ammonium	bistriflamide derivatives	314,79	37,48
n-4,1,1,1	ntf2	ammonium	bistriflamide derivatives	320,39	37,28
n-4,1,1,1	ntf2	ammonium	bistriflamide derivatives	326,40	37,09
n-4,1,1,1	ntf2	ammonium	bistriflamide derivatives	330,16	36,91
n-4,1,1,1	ntf2	ammonium	bistriflamide derivatives	335,64	36,68
n-4,1,1,1	ntf2	ammonium	bistriflamide derivatives	340,58	36,50
n-4,1,1,1	ntf2	ammonium	bistriflamide derivatives	278,75	33,31
n-4,1,1,1	ntf2	ammonium	bistriflamide derivatives	288,15	33,04
n-4,1,1,1	ntf2	ammonium	bistriflamide derivatives	298,15	32,46
n-4,1,1,1	ntf2	ammonium	bistriflamide derivatives	308,15	32,00
n-4,1,1,1	ntf2	ammonium	bistriflamide derivatives	318,15	31,21
n-4,1,1,1	ntf2	ammonium	bistriflamide derivatives	328,15	30,64
n-4,3i,1,1	ntf2	ammonium	bistriflamide derivatives	298,15	32,80
n-4,3i,1,1	ntf2	ammonium	bistriflamide derivatives	299,10	38,38
n-4,3i,1,1	ntf2	ammonium	bistriflamide derivatives	300,10	38,33
n-4,3i,1,1	ntf2	ammonium	bistriflamide derivatives	301,40	38,25
n-4,3i,1,1	ntf2	ammonium	bistriflamide derivatives	303,00	38,17
n-4,3i,1,1	ntf2	ammonium	bistriflamide derivatives	305,20	38,03
n-4,3i,1,1	ntf2	ammonium	bistriflamide derivatives	307,80	37,86
n-4,3i,1,1	ntf2	ammonium	bistriflamide derivatives	310,60	37,70
n-4,3i,1,1	ntf2	ammonium	bistriflamide derivatives	313,40	37,54
n-4,3i,1,1	ntf2	ammonium	bistriflamide derivatives	315,40	37,41
n-4,3i,1,1	ntf2	ammonium	bistriflamide derivatives	317,00	37,32
n-4,3i,1,1	ntf2	ammonium	bistriflamide derivatives	319,00	37,21
n-4,3i,1,1	ntf2	ammonium	bistriflamide derivatives	321,10	37,10
n-4,3i,1,1	ntf2	ammonium	bistriflamide derivatives	323,10	37,03
n-4,3i,1,1	ntf2	ammonium	bistriflamide derivatives	324,90	36,93
n-4,4,4,4	phen-no2[2],no2[4],no2[6]	ammonium	alcoholates	364,00	26,40
n-4,4,4,4	so3-4[f]	ammonium	sulfonates	333,10	22,77
n-4,4,4,4	so3-4[f]	ammonium	sulfonates	338,00	22,57
n-4,4,4,4	so3-4[f]	ammonium	sulfonates	343,10	22,36
n-4,4,4,4	so3-4[f]	ammonium	sulfonates	348,30	22,20
n-4,4,4,4	so3-4[f]	ammonium	sulfonates	353,40	21,95
n-4,4,4,4	so3-8[f]	ammonium	sulfonates	298,40	21,98
n-4,4,4,4	so3-8[f]	ammonium	sulfonates	303,20	21,60
n-4,4,4,4	so3-8[f]	ammonium	sulfonates	313,30	21,11
n-4,4,4,4	so3-8[f]	ammonium	sulfonates	323,20	20,65
n-4,4,4,4	so3-8[f]	ammonium	sulfonates	333,20	20,14
n-4,4,4,4	so3-8[f]	ammonium	sulfonates	343,00	19,55
n-4	1ac	ammonium	carboxylates	293,15	28,10
n-4	1ac	ammonium	carboxylates	298,15	27,80
n-4	1ac	ammonium	carboxylates	303,15	27,50
n-4	1ac	ammonium	carboxylates	308,15	27,10
n-4	1ac	ammonium	carboxylates	313,15	26,80
n-4	1ac	ammonium	carboxylates	318,15	26,50
n-4	1ac	ammonium	carboxylates	323,15	26,20
n-4	1ac	ammonium	carboxylates	328,15	25,90
n-4	1ac	ammonium	carboxylates	333,15	25,60
n-4	2ac	ammonium	carboxylates	293,15	25,70
n-4	2ac	ammonium	carboxylates	298,15	25,40
n-4	2ac	ammonium	carboxylates	303,15	25,10
n-4	2ac	ammonium	carboxylates	308,15	24,80
n-4	2ac	ammonium	carboxylates	313,15	24,50
n-4	2ac	ammonium	carboxylates	318,15	24,20
n-4	2ac	ammonium	carboxylates	323,15	23,90
n-4	2ac	ammonium	carboxylates	328,15	23,60
n-4	2ac	ammonium	carboxylates	333,15	23,40
n-4	ac	ammonium	carboxylates	293,15	31,50
n-4	ac	ammonium	carboxylates	298,15	31,10
n-4	ac	ammonium	carboxylates	303,15	30,80
n-4	ac	ammonium	carboxylates	308,15	30,50
n-4	ac	ammonium	carboxylates	313,15	30,10
n-4	ac	ammonium	carboxylates	318,15	29,80
n-4	ac	ammonium	carboxylates	323,15	29,50
n-4	ac	ammonium	carboxylates	328,15	29,10
n-4	ac	ammonium	carboxylates	333,15	28,80
n-4	for	ammonium	carboxylates	300,15	33,30
n-4	for	ammonium	carboxylates	293,15	33,80
n-4	for	ammonium	carboxylates	298,15	33,30
n-4	for	ammonium	carboxylates	303,15	32,90
n-4	for	ammonium	carboxylates	308,15	32,40
n-4	for	ammonium	carboxylates	313,15	32,00
n-4	for	ammonium	carboxylates	318,15	31,50
n-4	for	ammonium	carboxylates	323,15	31,10
n-4	for	ammonium	carboxylates	328,15	30,60
n-4	for	ammonium	carboxylates	333,15	30,20
n-4i	for	ammonium	carboxylates	300,15	31,20
n-4so3h,4i	hso4	ammonium	sulfates	298,15	47,15
n-4so3h,4i	hso4	ammonium	sulfates	303,15	46,79
n-4so3h,4i	hso4	ammonium	sulfates	308,15	46,48
n-4so3h,4i	hso4	ammonium	sulfates	313,15	46,12
n-4so3h,4i	hso4	ammonium	sulfates	318,15	45,74
n-4so3h,4i	hso4	ammonium	sulfates	323,15	45,30
n-4so3h,4i	hso4	ammonium	sulfates	328,15	44,93
n-5,2,2,2	ntf2	ammonium	bistriflamide derivatives	298,00	35,70
n-5,2,2,2	ntf2	ammonium	bistriflamide derivatives	303,00	35,40
n-5,2,2,2	ntf2	ammonium	bistriflamide derivatives	308,00	35,00
n-5,2,2,2	ntf2	ammonium	bistriflamide derivatives	313,00	34,70
n-5,2,2,2	ntf2	ammonium	bistriflamide derivatives	318,00	34,30
n-5,2,2,2	ntf2	ammonium	bistriflamide derivatives	323,00	34,00
n-5,2,2,2	ntf2	ammonium	bistriflamide derivatives	328,00	33,60
n-5,2,2,2	ntf2	ammonium	bistriflamide derivatives	333,00	33,30
n-5,2,2,2	ntf2	ammonium	bistriflamide derivatives	338,00	32,90
n-5,2,2,2	ntf2	ammonium	bistriflamide derivatives	343,00	32,60
n-5,2,2,2	ntf2	ammonium	bistriflamide derivatives	348,00	32,20
n-5,2,2,2	ntf2	ammonium	bistriflamide derivatives	353,00	31,80
n-5,2,2,2	ntf2	ammonium	bistriflamide derivatives	358,00	31,50
n-5,2,2,2	ntf2	ammonium	bistriflamide derivatives	363,00	31,10
n-5,2,2,2	ntf2	ammonium	bistriflamide derivatives	368,00	30,70
n-5,2,2,2	ntf2	ammonium	bistriflamide derivatives	373,00	30,40
n-5	for	ammonium	carboxylates	300,15	31,90
n-5i	for	ammonium	carboxylates	300,15	30,80
n-6,1,1,1	ntf2	ammonium	bistriflamide derivatives	300,35	35,88
n-6,1,1,1	ntf2	ammonium	bistriflamide derivatives	302,35	35,71
n-6,1,1,1	ntf2	ammonium	bistriflamide derivatives	304,25	35,57
n-6,1,1,1	ntf2	ammonium	bistriflamide derivatives	307,65	35,32
n-6,1,1,1	ntf2	ammonium	bistriflamide derivatives	311,05	35,09
n-6,1,1,1	ntf2	ammonium	bistriflamide derivatives	314,75	34,86
n-6,1,1,1	ntf2	ammonium	bistriflamide derivatives	318,15	34,64
n-6,1,1,1	ntf2	ammonium	bistriflamide derivatives	322,55	34,36
n-6,1,1,1	ntf2	ammonium	bistriflamide derivatives	326,25	34,14
n-6,1,1,1	ntf2	ammonium	bistriflamide derivatives	331,35	33,86
n-6,1,1,1	ntf2	ammonium	bistriflamide derivatives	333,35	33,77
n-6,2,2,2	ntf2	ammonium	bistriflamide derivatives	298,00	34,10
n-6,2,2,2	ntf2	ammonium	bistriflamide derivatives	303,00	33,70
n-6,2,2,2	ntf2	ammonium	bistriflamide derivatives	308,00	33,30
n-6,2,2,2	ntf2	ammonium	bistriflamide derivatives	313,00	32,90
n-6,2,2,2	ntf2	ammonium	bistriflamide derivatives	318,00	32,50
n-6,2,2,2	ntf2	ammonium	bistriflamide derivatives	323,00	32,10
n-6,2,2,2	ntf2	ammonium	bistriflamide derivatives	328,00	31,70
n-6,2,2,2	ntf2	ammonium	bistriflamide derivatives	333,00	31,30
n-6,2,2,2	ntf2	ammonium	bistriflamide derivatives	338,00	30,90
n-6,2,2,2	ntf2	ammonium	bistriflamide derivatives	343,00	30,50
n-6,2,2,2	ntf2	ammonium	bistriflamide derivatives	348,00	30,10
n-6,2,2,2	ntf2	ammonium	bistriflamide derivatives	353,00	29,70
n-6,2,2,2	ntf2	ammonium	bistriflamide derivatives	358,00	29,30
n-6,2,2,2	ntf2	ammonium	bistriflamide derivatives	363,00	28,90
n-6,2,2,2	ntf2	ammonium	bistriflamide derivatives	368,00	28,50
n-6,2,2,2	ntf2	ammonium	bistriflamide derivatives	373,00	28,20
n-6,2,2,2	ntf2	ammonium	bistriflamide derivatives	299,54	35,17
n-6,2,2,2	ntf2	ammonium	bistriflamide derivatives	302,65	34,90
n-6,2,2,2	ntf2	ammonium	bistriflamide derivatives	307,05	34,45
n-6,2,2,2	ntf2	ammonium	bistriflamide derivatives	313,73	33,88
n-6,2,2,2	ntf2	ammonium	bistriflamide derivatives	319,84	33,49
n-6,2,2,2	ntf2	ammonium	bistriflamide derivatives	324,94	32,98
n-6,2,2,2	ntf2	ammonium	bistriflamide derivatives	329,34	32,72
n-6,2,2,2	ntf2	ammonium	bistriflamide derivatives	335,04	32,47
n-6,2,2,2	ntf2	ammonium	bistriflamide derivatives	341,93	31,98
n-6,2,2,2	ntf2	ammonium	bistriflamide derivatives	347,11	31,45
n-6,3i,1,1	ntf2	ammonium	bistriflamide derivatives	298,15	31,40
n-6,3i,1,1	ntf2	ammonium	bistriflamide derivatives	300,10	36,74
n-6,3i,1,1	ntf2	ammonium	bistriflamide derivatives	302,00	36,58
n-6,3i,1,1	ntf2	ammonium	bistriflamide derivatives	303,10	36,49
n-6,3i,1,1	ntf2	ammonium	bistriflamide derivatives	304,00	36,42
n-6,3i,1,1	ntf2	ammonium	bistriflamide derivatives	306,00	36,25
n-6,3i,1,1	ntf2	ammonium	bistriflamide derivatives	308,10	36,11
n-6,3i,1,1	ntf2	ammonium	bistriflamide derivatives	312,30	35,78
n-6,3i,1,1	ntf2	ammonium	bistriflamide derivatives	315,20	35,55
n-6,3i,1,1	ntf2	ammonium	bistriflamide derivatives	318,00	35,33
n-6,3i,1,1	ntf2	ammonium	bistriflamide derivatives	320,60	35,14
n-6,3i,1,1	ntf2	ammonium	bistriflamide derivatives	322,60	35,01
n-8,2,2,2	fsa	ammonium	bistriflamide derivatives	298,15	28,83
n-8,2,2,2	fsa	ammonium	bistriflamide derivatives	303,15	28,56
n-8,2,2,2	fsa	ammonium	bistriflamide derivatives	308,15	28,28
n-8,2,2,2	fsa	ammonium	bistriflamide derivatives	313,15	28,00
n-8,2,2,2	fsa	ammonium	bistriflamide derivatives	318,15	27,76
n-8,2,2,2	fsa	ammonium	bistriflamide derivatives	323,15	27,50
n-8,2,2,2	fsa	ammonium	bistriflamide derivatives	328,15	27,24
n-8,2,2,2	fsa	ammonium	bistriflamide derivatives	333,15	27,01
n-8,2,2,2	fsa	ammonium	bistriflamide derivatives	338,15	26,77
n-8,2,2,2	fsa	ammonium	bistriflamide derivatives	343,15	26,49
n-8,2,2,2	ntf2	ammonium	bistriflamide derivatives	298,00	33,10
n-8,2,2,2	ntf2	ammonium	bistriflamide derivatives	303,00	32,80
n-8,2,2,2	ntf2	ammonium	bistriflamide derivatives	308,00	32,30
n-8,2,2,2	ntf2	ammonium	bistriflamide derivatives	313,00	31,80
n-8,2,2,2	ntf2	ammonium	bistriflamide derivatives	318,00	31,40
n-8,2,2,2	ntf2	ammonium	bistriflamide derivatives	323,00	31,00
n-8,2,2,2	ntf2	ammonium	bistriflamide derivatives	328,00	30,60
n-8,2,2,2	ntf2	ammonium	bistriflamide derivatives	333,00	30,10
n-8,2,2,2	ntf2	ammonium	bistriflamide derivatives	338,00	29,70
n-8,2,2,2	ntf2	ammonium	bistriflamide derivatives	343,00	29,30
n-8,2,2,2	ntf2	ammonium	bistriflamide derivatives	348,00	28,90
n-8,2,2,2	ntf2	ammonium	bistriflamide derivatives	353,00	28,60
n-8,2,2,2	ntf2	ammonium	bistriflamide derivatives	358,00	28,10
n-8,2,2,2	ntf2	ammonium	bistriflamide derivatives	363,00	27,70
n-8,2,2,2	ntf2	ammonium	bistriflamide derivatives	368,00	27,30
n-8,2,2,2	ntf2	ammonium	bistriflamide derivatives	373,00	26,90
n-8,8,8,1	cl	ammonium	inorganics	293,15	26,44
n-8,8,8,1	dca	ammonium	dicyanamides	293,15	28,80
n-8,8,8,1	ntf2	ammonium	bistriflamide derivatives	293,15	22,77
n-8,8,8,1	ntf2	ammonium	bistriflamide derivatives	293,15	27,82
n-8,8,8,1	ntf2	ammonium	bistriflamide derivatives	299,46	29,06
n-8,8,8,1	ntf2	ammonium	bistriflamide derivatives	303,25	28,93
n-8,8,8,1	ntf2	ammonium	bistriflamide derivatives	310,18	28,53
n-8,8,8,1	ntf2	ammonium	bistriflamide derivatives	313,77	28,23
n-8,8,8,1	ntf2	ammonium	bistriflamide derivatives	318,67	27,85
n-8,8,8,1	ntf2	ammonium	bistriflamide derivatives	321,00	27,63
n-8,8,8,1	ntf2	ammonium	bistriflamide derivatives	326,30	27,18
n-8,8,8,1	ntf2	ammonium	bistriflamide derivatives	329,60	27,01
n-8,8,8,1	ntf2	ammonium	bistriflamide derivatives	336,79	26,69
n-8,8,8,1	ntf2	ammonium	bistriflamide derivatives	278,75	29,65
n-8,8,8,1	ntf2	ammonium	bistriflamide derivatives	288,15	28,92
n-8,8,8,1	ntf2	ammonium	bistriflamide derivatives	298,15	27,93
n-8,8,8,1	ntf2	ammonium	bistriflamide derivatives	308,15	27,02
n-8,8,8,1	ntf2	ammonium	bistriflamide derivatives	318,15	26,56
n-8,8,8,1	ntf2	ammonium	bistriflamide derivatives	328,15	26,03
n-8,8,8	8ac-6[2]	ammonium	carboxylates	293,15	26,29
n-8,8,8	8ac-6[2]	ammonium	carboxylates	298,15	25,76
n-8,8,8	8ac-6[2]	ammonium	carboxylates	303,15	25,28
n-8,8,8	8ac-6[2]	ammonium	carboxylates	308,15	24,80
n-8,8,8	8ac-6[2]	ammonium	carboxylates	313,15	24,31
n-8,8,8	8ac-6[2]	ammonium	carboxylates	318,15	23,90
n-8,8,8	8ac-6[2]	ammonium	carboxylates	323,15	23,50
n-8,8,8	8ac-6[2]	ammonium	carboxylates	328,15	22,87
n-8,8,8	8ac-6[2]	ammonium	carboxylates	333,15	22,46
n-8,8,8	ac-2ph	ammonium	carboxylates	293,15	24,42
n-8,8,8	ac-2ph	ammonium	carboxylates	298,15	24,24
n-8,8,8	ac-2ph	ammonium	carboxylates	303,15	23,90
n-8,8,8	ac-2ph	ammonium	carboxylates	308,15	23,62
n-8,8,8	ac-2ph	ammonium	carboxylates	313,15	23,37
n-8,8,8	ac-2ph	ammonium	carboxylates	318,15	23,16
n-8,8,8	ac-2ph	ammonium	carboxylates	323,15	22,81
n-8,8,8	ac-2ph	ammonium	carboxylates	328,15	22,53
n-8,8,8	ac-2ph	ammonium	carboxylates	333,15	22,27
n-8,8,8	naphthoate2	ammonium	heterocyclic amines	293,15	28,33
n-8,8,8	naphthoate2	ammonium	heterocyclic amines	298,15	27,77
n-8,8,8	naphthoate2	ammonium	heterocyclic amines	303,15	27,15
n-8,8,8	naphthoate2	ammonium	heterocyclic amines	308,15	26,52
n-8,8,8	naphthoate2	ammonium	heterocyclic amines	313,15	25,72
n-8,8,8	naphthoate2	ammonium	heterocyclic amines	318,15	25,01
n-8,8,8	naphthoate2	ammonium	heterocyclic amines	323,15	24,49
n-8,8,8	naphthoate2	ammonium	heterocyclic amines	328,15	23,96
n-8,8,8	naphthoate2	ammonium	heterocyclic amines	333,15	23,26
n-8,8,8	ph-coo[1],4t[4]	ammonium	carboxylates	293,15	24,85
n-8,8,8	ph-coo[1],4t[4]	ammonium	carboxylates	298,15	24,45
n-8,8,8	ph-coo[1],4t[4]	ammonium	carboxylates	303,15	23,88
n-8,8,8	ph-coo[1],4t[4]	ammonium	carboxylates	308,15	23,41
n-8,8,8	ph-coo[1],4t[4]	ammonium	carboxylates	313,15	23,02
n-8,8,8	ph-coo[1],4t[4]	ammonium	carboxylates	318,15	22,76
n-8,8,8	ph-coo[1],4t[4]	ammonium	carboxylates	323,15	22,37
n-8,8,8	ph-coo[1],4t[4]	ammonium	carboxylates	328,15	21,98
n-8,8,8	ph-coo[1],4t[4]	ammonium	carboxylates	333,15	21,73
n=c-o1,1,1	ntf2	amidium	bistriflamide derivatives	298,15	36,20
n=c-o1,1,1	otf	amidium	sulfonates	298,15	41,30
n=c-o2,1,1	ntf2	amidium	bistriflamide derivatives	298,15	34,50
n=c1-o1,2,2	ntf2	amidium	bistriflamide derivatives	298,15	35,10
n=c1-o2,1,1	ntf2	amidium	bistriflamide derivatives	298,15	34,90
n=c1-o2,1,1	otf	amidium	sulfonates	298,15	35,80
p-14,6,6,6	8ac	phosphonium	carboxylates	298,00	29,00
p-14,6,6,6	8ac	phosphonium	carboxylates	307,90	28,50
p-14,6,6,6	8ac	phosphonium	carboxylates	318,00	27,80
p-14,6,6,6	8ac	phosphonium	carboxylates	328,50	27,20
p-14,6,6,6	8ac	phosphonium	carboxylates	338,00	26,60
p-14,6,6,6	8ac	phosphonium	carboxylates	343,20	26,20
p-14,6,6,6	br	phosphonium	inorganics	298,20	30,90
p-14,6,6,6	br	phosphonium	inorganics	308,50	30,20
p-14,6,6,6	br	phosphonium	inorganics	318,00	29,60
p-14,6,6,6	br	phosphonium	inorganics	328,80	28,70
p-14,6,6,6	br	phosphonium	inorganics	338,60	28,10
p-14,6,6,6	br	phosphonium	inorganics	343,40	27,90
p-14,6,6,6	br	phosphonium	inorganics	293,15	29,97
p-14,6,6,6	br	phosphonium	inorganics	298,15	29,32
p-14,6,6,6	br	phosphonium	inorganics	303,15	28,94
p-14,6,6,6	br	phosphonium	inorganics	308,15	28,53
p-14,6,6,6	br	phosphonium	inorganics	313,15	28,15
p-14,6,6,6	br	phosphonium	inorganics	318,15	27,81
p-14,6,6,6	br	phosphonium	inorganics	323,15	27,46
p-14,6,6,6	br	phosphonium	inorganics	328,15	27,12
p-14,6,6,6	br	phosphonium	inorganics	333,15	26,78
p-14,6,6,6	br	phosphonium	inorganics	338,15	26,57
p-14,6,6,6	br	phosphonium	inorganics	343,15	26,24
p-14,6,6,6	cl	phosphonium	inorganics	298,60	30,60
p-14,6,6,6	cl	phosphonium	inorganics	308,00	30,10
p-14,6,6,6	cl	phosphonium	inorganics	318,00	29,30
p-14,6,6,6	cl	phosphonium	inorganics	328,10	28,60
p-14,6,6,6	cl	phosphonium	inorganics	338,30	27,80
p-14,6,6,6	cl	phosphonium	inorganics	343,30	27,50
p-14,6,6,6	cl	phosphonium	inorganics	293,15	30,70
p-14,6,6,6	cl	phosphonium	inorganics	298,00	33,62
p-14,6,6,6	cl	phosphonium	inorganics	302,90	33,15
p-14,6,6,6	cl	phosphonium	inorganics	307,40	32,72
p-14,6,6,6	cl	phosphonium	inorganics	312,10	32,30
p-14,6,6,6	cl	phosphonium	inorganics	315,80	32,01
p-14,6,6,6	cl	phosphonium	inorganics	319,50	31,74
p-14,6,6,6	cl	phosphonium	inorganics	324,00	31,43
p-14,6,6,6	cl	phosphonium	inorganics	328,00	31,15
p-14,6,6,6	cl	phosphonium	inorganics	332,80	30,76
p-14,6,6,6	cl	phosphonium	inorganics	337,30	30,42
p-14,6,6,6	cl	phosphonium	inorganics	342,10	30,00
p-14,6,6,6	cl	phosphonium	inorganics	347,70	29,55
p-14,6,6,6	cl	phosphonium	inorganics	298,15	32,30
p-14,6,6,6	dca	phosphonium	dicyanamides	298,40	32,30
p-14,6,6,6	dca	phosphonium	dicyanamides	308,00	31,60
p-14,6,6,6	dca	phosphonium	dicyanamides	318,00	30,90
p-14,6,6,6	dca	phosphonium	dicyanamides	328,40	30,30
p-14,6,6,6	dca	phosphonium	dicyanamides	339,20	29,70
p-14,6,6,6	dca	phosphonium	dicyanamides	343,40	29,40
p-14,6,6,6	dca	phosphonium	dicyanamides	293,15	30,99
p-14,6,6,6	dca	phosphonium	dicyanamides	295,10	35,22
p-14,6,6,6	dca	phosphonium	dicyanamides	299,40	34,85
p-14,6,6,6	dca	phosphonium	dicyanamides	303,00	34,58
p-14,6,6,6	dca	phosphonium	dicyanamides	305,00	34,45
p-14,6,6,6	dca	phosphonium	dicyanamides	310,40	34,06
p-14,6,6,6	dca	phosphonium	dicyanamides	314,40	33,80
p-14,6,6,6	dca	phosphonium	dicyanamides	318,40	33,50
p-14,6,6,6	dca	phosphonium	dicyanamides	322,50	33,24
p-14,6,6,6	dca	phosphonium	dicyanamides	326,10	32,94
p-14,6,6,6	dca	phosphonium	dicyanamides	327,40	32,61
p-14,6,6,6	dca	phosphonium	dicyanamides	333,00	32,20
p-14,6,6,6	dca	phosphonium	dicyanamides	338,60	31,66
p-14,6,6,6	dca	phosphonium	dicyanamides	343,10	31,33
p-14,6,6,6	dca	phosphonium	dicyanamides	348,50	31,09
p-14,6,6,6	dca	phosphonium	dicyanamides	283,61	32,69
p-14,6,6,6	dca	phosphonium	dicyanamides	288,08	32,54
p-14,6,6,6	dca	phosphonium	dicyanamides	293,41	32,02
p-14,6,6,6	dca	phosphonium	dicyanamides	298,24	31,82
p-14,6,6,6	dca	phosphonium	dicyanamides	303,20	31,32
p-14,6,6,6	dca	phosphonium	dicyanamides	308,17	30,84
p-14,6,6,6	dca	phosphonium	dicyanamides	313,25	30,40
p-14,6,6,6	dca	phosphonium	dicyanamides	318,30	30,08
p-14,6,6,6	dca	phosphonium	dicyanamides	323,33	29,65
p-14,6,6,6	dca	phosphonium	dicyanamides	328,09	29,18
p-14,6,6,6	dca	phosphonium	dicyanamides	333,58	28,77
p-14,6,6,6	dca	phosphonium	dicyanamides	338,57	28,35
p-14,6,6,6	dca	phosphonium	dicyanamides	343,57	27,93
p-14,6,6,6	dca	phosphonium	dicyanamides	348,64	27,56
p-14,6,6,6	dca	phosphonium	dicyanamides	353,49	27,11
p-14,6,6,6	dca	phosphonium	dicyanamides	358,57	26,70
p-14,6,6,6	dca	phosphonium	dicyanamides	365,21	26,14
p-14,6,6,6	dca	phosphonium	dicyanamides	283,57	32,46
p-14,6,6,6	dca	phosphonium	dicyanamides	288,09	31,93
p-14,6,6,6	dca	phosphonium	dicyanamides	293,35	31,85
p-14,6,6,6	dca	phosphonium	dicyanamides	298,20	31,68
p-14,6,6,6	dca	phosphonium	dicyanamides	303,15	30,98
p-14,6,6,6	dca	phosphonium	dicyanamides	308,16	30,28
p-14,6,6,6	dca	phosphonium	dicyanamides	313,21	29,67
p-14,6,6,6	dca	phosphonium	dicyanamides	318,29	29,57
p-14,6,6,6	dca	phosphonium	dicyanamides	323,39	29,41
p-14,6,6,6	dca	phosphonium	dicyanamides	328,05	28,72
p-14,6,6,6	dca	phosphonium	dicyanamides	333,58	28,62
p-14,6,6,6	dca	phosphonium	dicyanamides	338,55	28,21
p-14,6,6,6	dca	phosphonium	dicyanamides	343,55	27,83
p-14,6,6,6	dca	phosphonium	dicyanamides	348,56	27,59
p-14,6,6,6	dca	phosphonium	dicyanamides	353,46	26,45
p-14,6,6,6	dca	phosphonium	dicyanamides	358,44	26,17
p-14,6,6,6	dca	phosphonium	dicyanamides	365,15	25,74
p-14,6,6,6	dca	phosphonium	dicyanamides	298,15	33,10
p-14,6,6,6	fap	phosphonium	hexafluorophosphate derivatives	298,51	28,99
p-14,6,6,6	fap	phosphonium	hexafluorophosphate derivatives	305,16	28,68
p-14,6,6,6	fap	phosphonium	hexafluorophosphate derivatives	309,15	28,44
p-14,6,6,6	fap	phosphonium	hexafluorophosphate derivatives	313,65	28,14
p-14,6,6,6	fap	phosphonium	hexafluorophosphate derivatives	319,70	27,80
p-14,6,6,6	fap	phosphonium	hexafluorophosphate derivatives	325,35	27,58
p-14,6,6,6	fap	phosphonium	hexafluorophosphate derivatives	330,62	27,28
p-14,6,6,6	fap	phosphonium	hexafluorophosphate derivatives	337,90	26,85
p-14,6,6,6	fap	phosphonium	hexafluorophosphate derivatives	343,29	26,57
p-14,6,6,6	fap	phosphonium	hexafluorophosphate derivatives	293,15	30,40
p-14,6,6,6	ntf2	phosphonium	bistriflamide derivatives	298,20	30,10
p-14,6,6,6	ntf2	phosphonium	bistriflamide derivatives	307,90	29,50
p-14,6,6,6	ntf2	phosphonium	bistriflamide derivatives	317,90	28,70
p-14,6,6,6	ntf2	phosphonium	bistriflamide derivatives	327,90	28,10
p-14,6,6,6	ntf2	phosphonium	bistriflamide derivatives	337,80	27,50
p-14,6,6,6	ntf2	phosphonium	bistriflamide derivatives	343,20	27,30
p-14,6,6,6	ntf2	phosphonium	bistriflamide derivatives	293,15	30,75
p-14,6,6,6	ntf2	phosphonium	bistriflamide derivatives	303,15	30,25
p-14,6,6,6	ntf2	phosphonium	bistriflamide derivatives	313,15	29,52
p-14,6,6,6	ntf2	phosphonium	bistriflamide derivatives	323,15	28,87
p-14,6,6,6	ntf2	phosphonium	bistriflamide derivatives	333,15	28,21
p-14,6,6,6	ntf2	phosphonium	bistriflamide derivatives	343,15	27,59
p-14,6,6,6	ntf2	phosphonium	bistriflamide derivatives	298,20	33,08
p-14,6,6,6	ntf2	phosphonium	bistriflamide derivatives	303,00	32,57
p-14,6,6,6	ntf2	phosphonium	bistriflamide derivatives	308,00	32,15
p-14,6,6,6	ntf2	phosphonium	bistriflamide derivatives	313,00	31,77
p-14,6,6,6	ntf2	phosphonium	bistriflamide derivatives	318,00	31,40
p-14,6,6,6	ntf2	phosphonium	bistriflamide derivatives	323,30	31,09
p-14,6,6,6	ntf2	phosphonium	bistriflamide derivatives	327,90	30,65
p-14,6,6,6	ntf2	phosphonium	bistriflamide derivatives	332,90	30,28
p-14,6,6,6	ntf2	phosphonium	bistriflamide derivatives	338,90	29,68
p-14,6,6,6	ntf2	phosphonium	bistriflamide derivatives	344,20	29,45
p-14,6,6,6	ntf2	phosphonium	bistriflamide derivatives	349,80	28,93
p-14,6,6,6	ntf2	phosphonium	bistriflamide derivatives	273,49	31,49
p-14,6,6,6	ntf2	phosphonium	bistriflamide derivatives	278,33	31,18
p-14,6,6,6	ntf2	phosphonium	bistriflamide derivatives	283,37	30,85
p-14,6,6,6	ntf2	phosphonium	bistriflamide derivatives	288,50	30,56
p-14,6,6,6	ntf2	phosphonium	bistriflamide derivatives	293,37	30,35
p-14,6,6,6	ntf2	phosphonium	bistriflamide derivatives	298,24	30,13
p-14,6,6,6	ntf2	phosphonium	bistriflamide derivatives	303,17	29,89
p-14,6,6,6	ntf2	phosphonium	bistriflamide derivatives	308,18	29,56
p-14,6,6,6	ntf2	phosphonium	bistriflamide derivatives	313,22	29,24
p-14,6,6,6	ntf2	phosphonium	bistriflamide derivatives	318,20	29,03
p-14,6,6,6	ntf2	phosphonium	bistriflamide derivatives	323,19	28,56
p-14,6,6,6	ntf2	phosphonium	bistriflamide derivatives	328,11	28,34
p-14,6,6,6	ntf2	phosphonium	bistriflamide derivatives	333,15	27,98
p-14,6,6,6	ntf2	phosphonium	bistriflamide derivatives	338,13	27,94
p-14,6,6,6	ntf2	phosphonium	bistriflamide derivatives	343,00	27,46
p-14,6,6,6	ntf2	phosphonium	bistriflamide derivatives	348,00	27,14
p-14,6,6,6	ntf2	phosphonium	bistriflamide derivatives	353,33	26,79
p-14,6,6,6	ntf2	phosphonium	bistriflamide derivatives	358,49	26,45
p-14,6,6,6	ntf2	phosphonium	bistriflamide derivatives	364,76	26,01
p-14,6,6,6	ntf2	phosphonium	bistriflamide derivatives	273,52	31,51
p-14,6,6,6	ntf2	phosphonium	bistriflamide derivatives	278,52	31,21
p-14,6,6,6	ntf2	phosphonium	bistriflamide derivatives	283,39	30,94
p-14,6,6,6	ntf2	phosphonium	bistriflamide derivatives	288,38	30,66
p-14,6,6,6	ntf2	phosphonium	bistriflamide derivatives	293,37	30,35
p-14,6,6,6	ntf2	phosphonium	bistriflamide derivatives	298,25	30,11
p-14,6,6,6	ntf2	phosphonium	bistriflamide derivatives	303,15	29,82
p-14,6,6,6	ntf2	phosphonium	bistriflamide derivatives	308,21	29,37
p-14,6,6,6	ntf2	phosphonium	bistriflamide derivatives	313,21	29,15
p-14,6,6,6	ntf2	phosphonium	bistriflamide derivatives	318,23	28,86
p-14,6,6,6	ntf2	phosphonium	bistriflamide derivatives	323,28	28,54
p-14,6,6,6	ntf2	phosphonium	bistriflamide derivatives	328,28	27,99
p-14,6,6,6	ntf2	phosphonium	bistriflamide derivatives	333,15	27,89
p-14,6,6,6	ntf2	phosphonium	bistriflamide derivatives	338,10	27,59
p-14,6,6,6	ntf2	phosphonium	bistriflamide derivatives	343,05	27,30
p-14,6,6,6	ntf2	phosphonium	bistriflamide derivatives	348,34	26,92
p-14,6,6,6	ntf2	phosphonium	bistriflamide derivatives	353,32	26,56
p-14,6,6,6	ntf2	phosphonium	bistriflamide derivatives	358,10	26,38
p-14,6,6,6	ntf2	phosphonium	bistriflamide derivatives	364,97	25,93
p-14,6,6,6	po2-8i,8i	phosphonium	phosphates	297,90	28,20
p-14,6,6,6	po2-8i,8i	phosphonium	phosphates	307,90	27,60
p-14,6,6,6	po2-8i,8i	phosphonium	phosphates	317,70	26,90
p-14,6,6,6	po2-8i,8i	phosphonium	phosphates	328,10	26,20
p-14,6,6,6	po2-8i,8i	phosphonium	phosphates	338,00	25,50
p-14,6,6,6	po2-8i,8i	phosphonium	phosphates	342,90	25,00
p-14,6,6,6	po2-8i,8i	phosphonium	phosphates	298,15	28,30
p-14,6,6,6	so3-1	phosphonium	sulfonates	298,30	31,00
p-14,6,6,6	so3-1	phosphonium	sulfonates	308,00	30,30
p-14,6,6,6	so3-1	phosphonium	sulfonates	318,50	29,60
p-14,6,6,6	so3-1	phosphonium	sulfonates	328,80	28,80
p-14,6,6,6	so3-1	phosphonium	sulfonates	338,70	28,20
p-14,6,6,6	so3-1	phosphonium	sulfonates	343,50	27,90
p-14,6,6,6	so3-ph1	phosphonium	sulfonates	293,15	23,20
p-4,4,4,1	so4-1	phosphonium	sulfates	293,20	35,50
p-4,4,4,1	so4-1	phosphonium	sulfates	298,20	34,70
p-4,4,4,1	so4-1	phosphonium	sulfates	303,20	34,10
p-4,4,4,1	so4-1	phosphonium	sulfates	313,10	33,50
p-4,4,4,1	so4-1	phosphonium	sulfates	323,10	32,90
p-4,4,4,1	so4-1	phosphonium	sulfates	333,10	32,20
p-4,4,4,1	so4-12	phosphonium	sulfates	298,15	31,60
p-4,4,4,2	po2-o2,o2	phosphonium	phosphates	293,20	31,40
p-4,4,4,2	po2-o2,o2	phosphonium	phosphates	298,20	30,50
p-4,4,4,2	po2-o2,o2	phosphonium	phosphates	303,20	29,80
p-4,4,4,2	po2-o2,o2	phosphonium	phosphates	313,10	29,20
p-4,4,4,2	po2-o2,o2	phosphonium	phosphates	323,10	28,50
p-4,4,4,2	po2-o2,o2	phosphonium	phosphates	333,10	27,50
p-4,4,4,2	po2-o2,o2	phosphonium	phosphates	296,66	33,60
p-4,4,4,2	po2-o2,o2	phosphonium	phosphates	302,18	33,29
p-4,4,4,2	po2-o2,o2	phosphonium	phosphates	307,24	33,14
p-4,4,4,2	po2-o2,o2	phosphonium	phosphates	312,34	32,82
p-4,4,4,2	po2-o2,o2	phosphonium	phosphates	318,36	32,24
p-4,4,4,2	po2-o2,o2	phosphonium	phosphates	323,59	31,62
p-4,4,4,2	po2-o2,o2	phosphonium	phosphates	329,67	31,14
p-4,4,4,2	po2-o2,o2	phosphonium	phosphates	336,36	30,66
p-4,4,4,2	po2-o2,o2	phosphonium	phosphates	343,40	30,15
p-4,4,4,2	po2-o2,o2	phosphonium	phosphates	347,75	29,82
p-4,4,4,2	po2-o2,o2	phosphonium	phosphates	350,86	29,59
p-4i,4i,4i,1	so3-ph1	phosphonium	sulfonates	293,20	38,10
p-4i,4i,4i,1	so3-ph1	phosphonium	sulfonates	298,20	37,30
p-4i,4i,4i,1	so3-ph1	phosphonium	sulfonates	303,20	36,60
p-4i,4i,4i,1	so3-ph1	phosphonium	sulfonates	313,10	35,50
p-4i,4i,4i,1	so3-ph1	phosphonium	sulfonates	323,10	35,00
p-4i,4i,4i,1	so3-ph1	phosphonium	sulfonates	333,10	34,30
p-8,8,8,8	br	phosphonium	inorganics	318,10	27,40
p-8,8,8,8	br	phosphonium	inorganics	323,10	27,10
p-8,8,8,8	br	phosphonium	inorganics	333,10	26,60
p-8,8,8,8	br	phosphonium	inorganics	343,10	26,00
p-ph,ph,ph,1	10ac	phosphonium	carboxylates	298,15	31,36
p-ph,ph,ph,1	10ac	phosphonium	carboxylates	303,15	31,16
p-ph,ph,ph,1	10ac	phosphonium	carboxylates	308,15	31,12
p-ph,ph,ph,1	10ac	phosphonium	carboxylates	313,15	30,91
p-ph,ph,ph,1	10ac	phosphonium	carboxylates	318,15	30,77
p-ph,ph,ph,1	10ac	phosphonium	carboxylates	323,15	30,69
p-ph,ph,ph,1	10ac	phosphonium	carboxylates	328,15	30,49
p-ph,ph,ph,1	10ac	phosphonium	carboxylates	333,15	30,34
p-ph,ph,ph,1	12ac	phosphonium	carboxylates	298,15	30,88
p-ph,ph,ph,1	12ac	phosphonium	carboxylates	303,15	30,65
p-ph,ph,ph,1	12ac	phosphonium	carboxylates	308,15	30,46
p-ph,ph,ph,1	12ac	phosphonium	carboxylates	313,15	30,30
p-ph,ph,ph,1	12ac	phosphonium	carboxylates	318,15	30,11
p-ph,ph,ph,1	12ac	phosphonium	carboxylates	323,15	29,86
p-ph,ph,ph,1	12ac	phosphonium	carboxylates	328,15	29,65
p-ph,ph,ph,1	12ac	phosphonium	carboxylates	333,15	29,52
p-ph,ph,ph,1	8ac	phosphonium	carboxylates	298,15	31,88
p-ph,ph,ph,1	8ac	phosphonium	carboxylates	303,15	31,82
p-ph,ph,ph,1	8ac	phosphonium	carboxylates	308,15	31,65
p-ph,ph,ph,1	8ac	phosphonium	carboxylates	313,15	31,59
p-ph,ph,ph,1	8ac	phosphonium	carboxylates	318,15	31,48
p-ph,ph,ph,1	8ac	phosphonium	carboxylates	323,15	31,36
p-ph,ph,ph,1	8ac	phosphonium	carboxylates	328,15	31,28
p-ph,ph,ph,1	8ac	phosphonium	carboxylates	333,15	31,17
pip-3,1	ntf2	piperidinium	bistriflamide derivatives	293,40	35,60
pip-3,1	ntf2	piperidinium	bistriflamide derivatives	298,00	35,30
pip-3,1	ntf2	piperidinium	bistriflamide derivatives	303,10	35,10
pip-3,1	ntf2	piperidinium	bistriflamide derivatives	313,20	34,50
pip-3,1	ntf2	piperidinium	bistriflamide derivatives	323,20	34,00
pip-3,1	ntf2	piperidinium	bistriflamide derivatives	333,30	33,50
pip-3,1	ntf2	piperidinium	bistriflamide derivatives	343,30	33,00
pip-3,1	ntf2	piperidinium	bistriflamide derivatives	298,20	35,17
pip-3,1	ntf2	piperidinium	bistriflamide derivatives	303,15	34,40
pip-3,1	ntf2	piperidinium	bistriflamide derivatives	303,15	34,50
pip-4,1	ntf2	piperidinium	bistriflamide derivatives	293,30	34,50
pip-4,1	ntf2	piperidinium	bistriflamide derivatives	298,20	34,20
pip-4,1	ntf2	piperidinium	bistriflamide derivatives	302,90	34,00
pip-4,1	ntf2	piperidinium	bistriflamide derivatives	313,20	33,50
pip-4,1	ntf2	piperidinium	bistriflamide derivatives	323,20	33,00
pip-4,1	ntf2	piperidinium	bistriflamide derivatives	333,00	32,50
pip-4,1	ntf2	piperidinium	bistriflamide derivatives	343,10	32,10
pip-4,1	ntf2	piperidinium	bistriflamide derivatives	298,20	34,14
pip-4,1	ntf2	piperidinium	bistriflamide derivatives	308,20	33,65
pip-4,1	ntf2	piperidinium	bistriflamide derivatives	318,20	33,17
pip-4,1	ntf2	piperidinium	bistriflamide derivatives	328,20	32,68
pip-4,1	ntf2	piperidinium	bistriflamide derivatives	338,20	32,20
pip-4,1	ntf2	piperidinium	bistriflamide derivatives	343,20	31,96
pip-4i,1	ntf2	piperidinium	bistriflamide derivatives	308,20	33,90
pip-4i,1	ntf2	piperidinium	bistriflamide derivatives	318,20	33,45
pip-4i,1	ntf2	piperidinium	bistriflamide derivatives	328,20	33,01
pip-4i,1	ntf2	piperidinium	bistriflamide derivatives	338,20	32,56
pip-4i,1	ntf2	piperidinium	bistriflamide derivatives	343,20	32,34
py-1[4]	hso4	pyridinium	sulfates	293,15	51,11
py-1[4]	hso4	pyridinium	sulfates	303,15	49,73
py-1[4]	hso4	pyridinium	sulfates	313,15	48,40
py-1[4]	hso4	pyridinium	sulfates	323,15	46,58
py-1[4]	hso4	pyridinium	sulfates	333,15	44,80
py-1[4]	hso4	pyridinium	sulfates	343,15	43,29
py-1[4]	hso4	pyridinium	sulfates	353,15	42,10
py-1ph	ntf2	pyridinium	bistriflamide derivatives	293,15	39,60
py-2	dca	pyridinium	dicyanamides	298,15	59,20
py-2	dca	pyridinium	dicyanamides	288,15	59,90
py-2	dca	pyridinium	dicyanamides	293,15	59,50
py-2	dca	pyridinium	dicyanamides	303,15	58,80
py-2	dca	pyridinium	dicyanamides	308,15	58,50
py-2	dca	pyridinium	dicyanamides	313,15	58,10
py-2	dca	pyridinium	dicyanamides	318,15	57,90
py-2	ntf2	pyridinium	bistriflamide derivatives	288,15	37,87
py-2	ntf2	pyridinium	bistriflamide derivatives	290,65	37,75
py-2	ntf2	pyridinium	bistriflamide derivatives	293,15	37,64
py-2	ntf2	pyridinium	bistriflamide derivatives	295,65	37,52
py-2	ntf2	pyridinium	bistriflamide derivatives	298,15	37,40
py-2	ntf2	pyridinium	bistriflamide derivatives	300,65	37,30
py-2	ntf2	pyridinium	bistriflamide derivatives	303,15	37,14
py-2	ntf2	pyridinium	bistriflamide derivatives	305,65	37,03
py-2	ntf2	pyridinium	bistriflamide derivatives	308,15	36,92
py-2	ntf2	pyridinium	bistriflamide derivatives	310,65	36,81
py-2	ntf2	pyridinium	bistriflamide derivatives	313,15	36,73
py-2	ntf2	pyridinium	bistriflamide derivatives	315,65	36,63
py-2	ntf2	pyridinium	bistriflamide derivatives	318,15	36,51
py-2	ntf2	pyridinium	bistriflamide derivatives	320,65	36,36
py-2	ntf2	pyridinium	bistriflamide derivatives	323,15	36,26
py-2	ntf2	pyridinium	bistriflamide derivatives	325,65	36,19
py-2	ntf2	pyridinium	bistriflamide derivatives	328,15	36,08
py-2	ntf2	pyridinium	bistriflamide derivatives	330,65	35,95
py-2	ntf2	pyridinium	bistriflamide derivatives	333,15	35,85
py-2	ntf2	pyridinium	bistriflamide derivatives	335,65	35,70
py-2	ntf2	pyridinium	bistriflamide derivatives	338,15	35,60
py-2	ntf2	pyridinium	bistriflamide derivatives	293,15	35,60
py-2	ntf2	pyridinium	bistriflamide derivatives	298,15	35,50
py-2	ntf2	pyridinium	bistriflamide derivatives	303,15	35,40
py-2	ntf2	pyridinium	bistriflamide derivatives	308,15	35,30
py-2	ntf2	pyridinium	bistriflamide derivatives	313,15	35,20
py-2	ntf2	pyridinium	bistriflamide derivatives	318,15	35,20
py-2	ntf2	pyridinium	bistriflamide derivatives	323,15	35,10
py-2	ntf2	pyridinium	bistriflamide derivatives	288,15	37,70
py-2	ntf2	pyridinium	bistriflamide derivatives	293,15	37,60
py-2	ntf2	pyridinium	bistriflamide derivatives	298,15	37,40
py-2	ntf2	pyridinium	bistriflamide derivatives	303,15	37,10
py-2	ntf2	pyridinium	bistriflamide derivatives	308,15	36,90
py-2	ntf2	pyridinium	bistriflamide derivatives	313,15	36,70
py-2	ntf2	pyridinium	bistriflamide derivatives	318,15	36,60
py-2	ntf2	pyridinium	bistriflamide derivatives	323,15	36,40
py-2	ntf2	pyridinium	bistriflamide derivatives	328,15	36,10
py-2	ntf2	pyridinium	bistriflamide derivatives	333,15	35,90
py-2	ntf2	pyridinium	bistriflamide derivatives	338,15	35,60
py-2	reo4	pyridinium	metal complexes	293,15	48,60
py-2	reo4	pyridinium	metal complexes	298,15	48,30
py-2	reo4	pyridinium	metal complexes	303,15	47,90
py-2	reo4	pyridinium	metal complexes	308,15	47,40
py-2	reo4	pyridinium	metal complexes	313,15	47,10
py-2	reo4	pyridinium	metal complexes	318,15	46,80
py-2	reo4	pyridinium	metal complexes	323,15	46,40
py-2	reo4	pyridinium	metal complexes	328,15	45,90
py-2	reo4	pyridinium	metal complexes	333,15	45,50
py-2	reo4	pyridinium	metal complexes	338,15	45,30
py-2	reo4	pyridinium	metal complexes	343,15	45,00
py-2oh	ccn3	pyridinium	methanides	298,15	59,67
py-2oh	ccn3	pyridinium	methanides	303,15	58,41
py-2oh	ccn3	pyridinium	methanides	308,15	57,34
py-2oh	ccn3	pyridinium	methanides	313,15	56,30
py-2oh	ccn3	pyridinium	methanides	318,15	55,16
py-2oh	ccn3	pyridinium	methanides	323,15	53,95
py-2oh	ccn3	pyridinium	methanides	328,15	52,79
py-3,1[2]	ntf2	pyridinium	bistriflamide derivatives	283,37	36,98
py-3,1[2]	ntf2	pyridinium	bistriflamide derivatives	288,25	36,82
py-3,1[2]	ntf2	pyridinium	bistriflamide derivatives	293,42	36,65
py-3,1[2]	ntf2	pyridinium	bistriflamide derivatives	298,31	36,50
py-3,1[2]	ntf2	pyridinium	bistriflamide derivatives	303,05	36,31
py-3,1[2]	ntf2	pyridinium	bistriflamide derivatives	307,82	36,11
py-3,1[2]	ntf2	pyridinium	bistriflamide derivatives	312,97	35,95
py-3,1[2]	ntf2	pyridinium	bistriflamide derivatives	318,38	35,76
py-3,1[2]	ntf2	pyridinium	bistriflamide derivatives	322,88	35,52
py-3,1[2]	ntf2	pyridinium	bistriflamide derivatives	328,34	35,32
py-3,1[2]	ntf2	pyridinium	bistriflamide derivatives	333,16	35,12
py-3,1[2]	ntf2	pyridinium	bistriflamide derivatives	337,93	34,92
py-3,1[2]	ntf2	pyridinium	bistriflamide derivatives	343,20	34,77
py-3,1[2]	ntf2	pyridinium	bistriflamide derivatives	347,60	34,53
py-3,1[2]	ntf2	pyridinium	bistriflamide derivatives	353,02	34,38
py-3,1[2]	ntf2	pyridinium	bistriflamide derivatives	359,26	34,14
py-3,1[2]	ntf2	pyridinium	bistriflamide derivatives	363,55	33,94
py-3,1[2]	ntf2	pyridinium	bistriflamide derivatives	264,98	37,98
py-3,1[2]	ntf2	pyridinium	bistriflamide derivatives	274,35	37,65
py-3,1[2]	ntf2	pyridinium	bistriflamide derivatives	278,08	37,48
py-3,1[2]	ntf2	pyridinium	bistriflamide derivatives	283,24	37,32
py-3,1[2]	ntf2	pyridinium	bistriflamide derivatives	288,21	37,06
py-3,1[2]	ntf2	pyridinium	bistriflamide derivatives	293,40	36,90
py-3,1[2]	ntf2	pyridinium	bistriflamide derivatives	298,31	36,64
py-3,1[2]	ntf2	pyridinium	bistriflamide derivatives	302,93	36,45
py-3,1[2]	ntf2	pyridinium	bistriflamide derivatives	307,78	36,29
py-3,1[2]	ntf2	pyridinium	bistriflamide derivatives	312,97	36,07
py-3,1[2]	ntf2	pyridinium	bistriflamide derivatives	318,39	35,83
py-3,1[2]	ntf2	pyridinium	bistriflamide derivatives	322,94	35,54
py-3,1[2]	ntf2	pyridinium	bistriflamide derivatives	328,34	35,29
py-3,1[2]	ntf2	pyridinium	bistriflamide derivatives	333,16	35,03
py-3,1[2]	ntf2	pyridinium	bistriflamide derivatives	337,50	34,74
py-3,1[2]	ntf2	pyridinium	bistriflamide derivatives	343,21	34,63
py-3,1[2]	ntf2	pyridinium	bistriflamide derivatives	347,65	34,27
py-3,1[2]	ntf2	pyridinium	bistriflamide derivatives	353,02	34,14
py-3,1[2]	ntf2	pyridinium	bistriflamide derivatives	359,32	33,83
py-3,1[2]	ntf2	pyridinium	bistriflamide derivatives	363,67	33,73
py-3,1[3]	ntf2	pyridinium	bistriflamide derivatives	293,30	35,00
py-3,1[3]	ntf2	pyridinium	bistriflamide derivatives	298,30	34,70
py-3,1[3]	ntf2	pyridinium	bistriflamide derivatives	303,30	34,50
py-3,1[3]	ntf2	pyridinium	bistriflamide derivatives	313,20	33,90
py-3,1[3]	ntf2	pyridinium	bistriflamide derivatives	323,20	33,40
py-3,1[3]	ntf2	pyridinium	bistriflamide derivatives	333,10	33,00
py-3,1[3]	ntf2	pyridinium	bistriflamide derivatives	343,20	32,50
py-3,1[3]	ntf2	pyridinium	bistriflamide derivatives	293,15	36,00
py-3,1[3]	ntf2	pyridinium	bistriflamide derivatives	303,15	35,53
py-3,1[3]	ntf2	pyridinium	bistriflamide derivatives	313,15	35,10
py-3,1[3]	ntf2	pyridinium	bistriflamide derivatives	323,15	34,53
py-3,1[3]	ntf2	pyridinium	bistriflamide derivatives	333,15	34,05
py-3,1[3]	ntf2	pyridinium	bistriflamide derivatives	343,15	33,55
py-3,1[3]	ntf2	pyridinium	bistriflamide derivatives	298,20	35,02
py-3,1[3]	ntf2	pyridinium	bistriflamide derivatives	273,45	35,78
py-3,1[3]	ntf2	pyridinium	bistriflamide derivatives	278,42	35,59
py-3,1[3]	ntf2	pyridinium	bistriflamide derivatives	283,20	35,41
py-3,1[3]	ntf2	pyridinium	bistriflamide derivatives	288,67	35,22
py-3,1[3]	ntf2	pyridinium	bistriflamide derivatives	292,99	35,06
py-3,1[3]	ntf2	pyridinium	bistriflamide derivatives	298,44	34,88
py-3,1[3]	ntf2	pyridinium	bistriflamide derivatives	303,12	34,68
py-3,1[3]	ntf2	pyridinium	bistriflamide derivatives	308,04	34,53
py-3,1[3]	ntf2	pyridinium	bistriflamide derivatives	312,72	34,29
py-3,1[3]	ntf2	pyridinium	bistriflamide derivatives	318,25	34,08
py-3,1[3]	ntf2	pyridinium	bistriflamide derivatives	323,19	33,91
py-3,1[3]	ntf2	pyridinium	bistriflamide derivatives	328,11	33,65
py-3,1[3]	ntf2	pyridinium	bistriflamide derivatives	333,15	33,46
py-3,1[3]	ntf2	pyridinium	bistriflamide derivatives	339,21	33,18
py-3,1[3]	ntf2	pyridinium	bistriflamide derivatives	342,65	33,08
py-3,1[3]	ntf2	pyridinium	bistriflamide derivatives	347,77	32,85
py-3,1[3]	ntf2	pyridinium	bistriflamide derivatives	352,59	32,70
py-3,1[3]	ntf2	pyridinium	bistriflamide derivatives	264,14	36,35
py-3,1[3]	ntf2	pyridinium	bistriflamide derivatives	268,06	36,23
py-3,1[3]	ntf2	pyridinium	bistriflamide derivatives	273,39	36,10
py-3,1[3]	ntf2	pyridinium	bistriflamide derivatives	278,42	35,88
py-3,1[3]	ntf2	pyridinium	bistriflamide derivatives	283,19	35,60
py-3,1[3]	ntf2	pyridinium	bistriflamide derivatives	288,50	35,39
py-3,1[3]	ntf2	pyridinium	bistriflamide derivatives	292,92	35,23
py-3,1[3]	ntf2	pyridinium	bistriflamide derivatives	298,42	35,03
py-3,1[3]	ntf2	pyridinium	bistriflamide derivatives	303,10	34,83
py-3,1[3]	ntf2	pyridinium	bistriflamide derivatives	308,03	34,64
py-3,1[3]	ntf2	pyridinium	bistriflamide derivatives	312,75	34,39
py-3,1[3]	ntf2	pyridinium	bistriflamide derivatives	318,22	34,12
py-3,1[3]	ntf2	pyridinium	bistriflamide derivatives	323,23	33,95
py-3,1[3]	ntf2	pyridinium	bistriflamide derivatives	328,11	33,69
py-3,1[3]	ntf2	pyridinium	bistriflamide derivatives	333,21	33,43
py-3,1[3]	ntf2	pyridinium	bistriflamide derivatives	339,28	33,18
py-3,1[3]	ntf2	pyridinium	bistriflamide derivatives	342,59	33,03
py-3,1[3]	ntf2	pyridinium	bistriflamide derivatives	347,91	32,78
py-3,1[3]	ntf2	pyridinium	bistriflamide derivatives	352,62	32,49
py-3,1[3]	so3-4[f]	pyridinium	sulfonates	298,30	26,35
py-3,1[3]	so3-4[f]	pyridinium	sulfonates	303,40	26,16
py-3,1[3]	so3-4[f]	pyridinium	sulfonates	313,40	25,77
py-3,1[3]	so3-4[f]	pyridinium	sulfonates	323,60	25,39
py-3,1[3]	so3-4[f]	pyridinium	sulfonates	332,90	25,12
py-3,1[3]	so3-4[f]	pyridinium	sulfonates	343,00	24,70
py-3,1[3]	so4-2	pyridinium	sulfates	298,00	46,36
py-3,1[3]	so4-2	pyridinium	sulfates	303,00	45,97
py-3,1[3]	so4-2	pyridinium	sulfates	313,00	45,19
py-3,1[3]	so4-2	pyridinium	sulfates	333,00	43,63
py-3,1[3]	so4-2	pyridinium	sulfates	353,00	42,07
py-3,1[3]	so4-2	pyridinium	sulfates	373,00	40,51
py-3,1[3]	so4-2	pyridinium	sulfates	393,00	38,95
py-3,1[3]	tfa-3[f]	pyridinium	carboxylates	298,30	26,83
py-3,1[3]	tfa-3[f]	pyridinium	carboxylates	308,20	26,49
py-3,1[3]	tfa-3[f]	pyridinium	carboxylates	317,90	26,07
py-3,1[3]	tfa-3[f]	pyridinium	carboxylates	328,00	25,71
py-3,1[3]	tfa-3[f]	pyridinium	carboxylates	338,00	25,31
py-3,1[3]	tfa-3[f]	pyridinium	carboxylates	347,00	24,94
py-3,1[4]	ntf2	pyridinium	bistriflamide derivatives	288,22	35,61
py-3,1[4]	ntf2	pyridinium	bistriflamide derivatives	293,49	35,39
py-3,1[4]	ntf2	pyridinium	bistriflamide derivatives	298,37	35,20
py-3,1[4]	ntf2	pyridinium	bistriflamide derivatives	303,12	35,00
py-3,1[4]	ntf2	pyridinium	bistriflamide derivatives	308,17	34,85
py-3,1[4]	ntf2	pyridinium	bistriflamide derivatives	313,06	34,65
py-3,1[4]	ntf2	pyridinium	bistriflamide derivatives	318,14	34,48
py-3,1[4]	ntf2	pyridinium	bistriflamide derivatives	323,06	34,25
py-3,1[4]	ntf2	pyridinium	bistriflamide derivatives	328,00	34,04
py-3,1[4]	ntf2	pyridinium	bistriflamide derivatives	333,36	33,79
py-3,1[4]	ntf2	pyridinium	bistriflamide derivatives	338,08	33,60
py-3,1[4]	ntf2	pyridinium	bistriflamide derivatives	343,75	33,43
py-3,1[4]	ntf2	pyridinium	bistriflamide derivatives	347,87	33,20
py-3,1[4]	ntf2	pyridinium	bistriflamide derivatives	353,29	33,01
py-3,1[4]	ntf2	pyridinium	bistriflamide derivatives	357,58	32,83
py-3,1[4]	ntf2	pyridinium	bistriflamide derivatives	362,45	32,61
py-3,1[4]	ntf2	pyridinium	bistriflamide derivatives	288,19	35,82
py-3,1[4]	ntf2	pyridinium	bistriflamide derivatives	293,49	35,56
py-3,1[4]	ntf2	pyridinium	bistriflamide derivatives	298,37	35,36
py-3,1[4]	ntf2	pyridinium	bistriflamide derivatives	303,11	35,17
py-3,1[4]	ntf2	pyridinium	bistriflamide derivatives	308,15	34,96
py-3,1[4]	ntf2	pyridinium	bistriflamide derivatives	313,06	34,66
py-3,1[4]	ntf2	pyridinium	bistriflamide derivatives	318,15	34,46
py-3,1[4]	ntf2	pyridinium	bistriflamide derivatives	323,07	34,23
py-3,1[4]	ntf2	pyridinium	bistriflamide derivatives	327,97	33,95
py-3,1[4]	ntf2	pyridinium	bistriflamide derivatives	332,97	33,70
py-3,1[4]	ntf2	pyridinium	bistriflamide derivatives	338,17	33,44
py-3,1[4]	ntf2	pyridinium	bistriflamide derivatives	343,80	33,20
py-3,1[4]	ntf2	pyridinium	bistriflamide derivatives	348,11	32,98
py-3,1[4]	ntf2	pyridinium	bistriflamide derivatives	353,47	32,70
py-3,1[4]	ntf2	pyridinium	bistriflamide derivatives	357,72	32,42
py-3,1[4]	ntf2	pyridinium	bistriflamide derivatives	362,65	32,22
py-3	bf4	pyridinium	tetrafluoroborate derivatives	278,15	52,55
py-3	bf4	pyridinium	tetrafluoroborate derivatives	280,65	52,35
py-3	bf4	pyridinium	tetrafluoroborate derivatives	283,15	52,16
py-3	bf4	pyridinium	tetrafluoroborate derivatives	285,65	51,94
py-3	bf4	pyridinium	tetrafluoroborate derivatives	288,15	51,72
py-3	bf4	pyridinium	tetrafluoroborate derivatives	290,65	51,53
py-3	bf4	pyridinium	tetrafluoroborate derivatives	293,15	51,29
py-3	bf4	pyridinium	tetrafluoroborate derivatives	295,65	51,15
py-3	bf4	pyridinium	tetrafluoroborate derivatives	298,15	50,97
py-3	bf4	pyridinium	tetrafluoroborate derivatives	300,65	50,73
py-3	bf4	pyridinium	tetrafluoroborate derivatives	303,15	50,51
py-3	bf4	pyridinium	tetrafluoroborate derivatives	305,65	50,32
py-3	bf4	pyridinium	tetrafluoroborate derivatives	308,15	50,12
py-3	bf4	pyridinium	tetrafluoroborate derivatives	310,65	49,93
py-3	bf4	pyridinium	tetrafluoroborate derivatives	313,15	49,79
py-3	bf4	pyridinium	tetrafluoroborate derivatives	315,65	49,54
py-3	bf4	pyridinium	tetrafluoroborate derivatives	318,15	49,41
py-3	bf4	pyridinium	tetrafluoroborate derivatives	320,65	49,21
py-3	bf4	pyridinium	tetrafluoroborate derivatives	323,15	49,03
py-3	bf4	pyridinium	tetrafluoroborate derivatives	325,65	48,82
py-3	bf4	pyridinium	tetrafluoroborate derivatives	328,15	48,70
py-3	bf4	pyridinium	tetrafluoroborate derivatives	330,65	48,46
py-3	bf4	pyridinium	tetrafluoroborate derivatives	333,15	48,30
py-3	bf4	pyridinium	tetrafluoroborate derivatives	335,65	48,10
py-3	bf4	pyridinium	tetrafluoroborate derivatives	338,15	47,86
py-3	bf4	pyridinium	tetrafluoroborate derivatives	293,15	51,29
py-3	bf4	pyridinium	tetrafluoroborate derivatives	303,15	50,51
py-3	bf4	pyridinium	tetrafluoroborate derivatives	313,15	49,79
py-3	bf4	pyridinium	tetrafluoroborate derivatives	323,15	49,03
py-3	dca	pyridinium	dicyanamides	298,15	57,90
py-3	ntf2	pyridinium	bistriflamide derivatives	318,35	34,52
py-3	ntf2	pyridinium	bistriflamide derivatives	322,86	34,29
py-3	ntf2	pyridinium	bistriflamide derivatives	328,15	34,02
py-3	ntf2	pyridinium	bistriflamide derivatives	333,17	33,75
py-3	ntf2	pyridinium	bistriflamide derivatives	338,00	33,56
py-3	ntf2	pyridinium	bistriflamide derivatives	343,10	33,35
py-3	ntf2	pyridinium	bistriflamide derivatives	347,63	33,13
py-3	ntf2	pyridinium	bistriflamide derivatives	353,31	32,87
py-3	ntf2	pyridinium	bistriflamide derivatives	358,35	32,64
py-3	ntf2	pyridinium	bistriflamide derivatives	362,09	32,43
py-3	ntf2	pyridinium	bistriflamide derivatives	318,38	34,67
py-3	ntf2	pyridinium	bistriflamide derivatives	322,89	34,46
py-3	ntf2	pyridinium	bistriflamide derivatives	328,19	34,21
py-3	ntf2	pyridinium	bistriflamide derivatives	333,21	33,97
py-3	ntf2	pyridinium	bistriflamide derivatives	338,03	33,80
py-3	ntf2	pyridinium	bistriflamide derivatives	343,11	33,56
py-3	ntf2	pyridinium	bistriflamide derivatives	347,59	33,34
py-3	ntf2	pyridinium	bistriflamide derivatives	353,34	33,10
py-3	ntf2	pyridinium	bistriflamide derivatives	358,37	32,82
py-3	ntf2	pyridinium	bistriflamide derivatives	362,18	32,61
py-3	reo4	pyridinium	metal complexes	293,15	45,00
py-3	reo4	pyridinium	metal complexes	298,15	44,70
py-3	reo4	pyridinium	metal complexes	303,15	44,10
py-3	reo4	pyridinium	metal complexes	308,15	43,90
py-3	reo4	pyridinium	metal complexes	313,15	43,50
py-3	reo4	pyridinium	metal complexes	318,15	43,10
py-3	reo4	pyridinium	metal complexes	323,15	42,90
py-3	reo4	pyridinium	metal complexes	328,15	42,40
py-3	reo4	pyridinium	metal complexes	333,15	42,00
py-3	reo4	pyridinium	metal complexes	338,15	41,80
py-3	reo4	pyridinium	metal complexes	343,15	41,60
py-3cn	dca	pyridinium	dicyanamides	298,15	39,10
py-3cn	ntf2	pyridinium	bistriflamide derivatives	298,15	44,80
py-3oh	ccn3	pyridinium	methanides	298,15	56,64
py-3oh	ccn3	pyridinium	methanides	303,15	55,63
py-3oh	ccn3	pyridinium	methanides	308,15	54,40
py-3oh	ccn3	pyridinium	methanides	313,15	53,21
py-3oh	ccn3	pyridinium	methanides	318,15	52,16
py-3oh	ccn3	pyridinium	methanides	323,15	50,96
py-3oh	ccn3	pyridinium	methanides	328,15	49,86
py-4,1[2]	bf4	pyridinium	tetrafluoroborate derivatives	288,15	46,28
py-4,1[2]	bf4	pyridinium	tetrafluoroborate derivatives	290,65	46,13
py-4,1[2]	bf4	pyridinium	tetrafluoroborate derivatives	293,15	46,02
py-4,1[2]	bf4	pyridinium	tetrafluoroborate derivatives	295,65	45,87
py-4,1[2]	bf4	pyridinium	tetrafluoroborate derivatives	298,15	45,66
py-4,1[2]	bf4	pyridinium	tetrafluoroborate derivatives	300,65	45,54
py-4,1[2]	bf4	pyridinium	tetrafluoroborate derivatives	303,15	45,32
py-4,1[2]	bf4	pyridinium	tetrafluoroborate derivatives	305,65	45,17
py-4,1[2]	bf4	pyridinium	tetrafluoroborate derivatives	308,15	45,08
py-4,1[2]	bf4	pyridinium	tetrafluoroborate derivatives	310,65	44,88
py-4,1[2]	bf4	pyridinium	tetrafluoroborate derivatives	313,15	44,69
py-4,1[2]	bf4	pyridinium	tetrafluoroborate derivatives	315,65	44,54
py-4,1[2]	bf4	pyridinium	tetrafluoroborate derivatives	318,15	44,39
py-4,1[2]	bf4	pyridinium	tetrafluoroborate derivatives	320,65	44,20
py-4,1[2]	bf4	pyridinium	tetrafluoroborate derivatives	323,15	44,06
py-4,1[2]	bf4	pyridinium	tetrafluoroborate derivatives	325,65	43,95
py-4,1[2]	bf4	pyridinium	tetrafluoroborate derivatives	328,15	43,77
py-4,1[2]	bf4	pyridinium	tetrafluoroborate derivatives	330,65	43,68
py-4,1[2]	bf4	pyridinium	tetrafluoroborate derivatives	333,15	43,53
py-4,1[2]	bf4	pyridinium	tetrafluoroborate derivatives	335,65	43,38
py-4,1[2]	bf4	pyridinium	tetrafluoroborate derivatives	338,15	43,21
py-4,1[2]	ntf2	pyridinium	bistriflamide derivatives	293,15	36,50
py-4,1[2]	ntf2	pyridinium	bistriflamide derivatives	298,15	36,30
py-4,1[2]	ntf2	pyridinium	bistriflamide derivatives	303,15	36,10
py-4,1[2]	ntf2	pyridinium	bistriflamide derivatives	308,15	35,90
py-4,1[2]	ntf2	pyridinium	bistriflamide derivatives	313,15	35,50
py-4,1[2]	ntf2	pyridinium	bistriflamide derivatives	318,15	35,20
py-4,1[2]	ntf2	pyridinium	bistriflamide derivatives	323,15	35,00
py-4,1[3]	bf4	pyridinium	tetrafluoroborate derivatives	278,15	46,27
py-4,1[3]	bf4	pyridinium	tetrafluoroborate derivatives	280,65	46,09
py-4,1[3]	bf4	pyridinium	tetrafluoroborate derivatives	283,15	45,92
py-4,1[3]	bf4	pyridinium	tetrafluoroborate derivatives	285,65	45,75
py-4,1[3]	bf4	pyridinium	tetrafluoroborate derivatives	288,15	45,58
py-4,1[3]	bf4	pyridinium	tetrafluoroborate derivatives	290,65	45,41
py-4,1[3]	bf4	pyridinium	tetrafluoroborate derivatives	293,15	45,23
py-4,1[3]	bf4	pyridinium	tetrafluoroborate derivatives	295,65	45,06
py-4,1[3]	bf4	pyridinium	tetrafluoroborate derivatives	298,15	44,89
py-4,1[3]	bf4	pyridinium	tetrafluoroborate derivatives	300,65	44,72
py-4,1[3]	bf4	pyridinium	tetrafluoroborate derivatives	303,15	44,55
py-4,1[3]	bf4	pyridinium	tetrafluoroborate derivatives	305,65	44,38
py-4,1[3]	bf4	pyridinium	tetrafluoroborate derivatives	308,15	44,20
py-4,1[3]	bf4	pyridinium	tetrafluoroborate derivatives	310,65	44,03
py-4,1[3]	bf4	pyridinium	tetrafluoroborate derivatives	313,15	43,86
py-4,1[3]	bf4	pyridinium	tetrafluoroborate derivatives	315,65	43,69
py-4,1[3]	bf4	pyridinium	tetrafluoroborate derivatives	318,15	43,52
py-4,1[3]	bf4	pyridinium	tetrafluoroborate derivatives	320,65	43,34
py-4,1[3]	bf4	pyridinium	tetrafluoroborate derivatives	323,15	43,17
py-4,1[3]	bf4	pyridinium	tetrafluoroborate derivatives	293,15	47,50
py-4,1[3]	bf4	pyridinium	tetrafluoroborate derivatives	298,15	47,10
py-4,1[3]	bf4	pyridinium	tetrafluoroborate derivatives	303,15	45,80
py-4,1[3]	bf4	pyridinium	tetrafluoroborate derivatives	308,15	45,60
py-4,1[3]	bf4	pyridinium	tetrafluoroborate derivatives	313,15	45,30
py-4,1[3]	bf4	pyridinium	tetrafluoroborate derivatives	318,15	44,90
py-4,1[3]	bf4	pyridinium	tetrafluoroborate derivatives	323,15	44,40
py-4,1[3]	bf4	pyridinium	tetrafluoroborate derivatives	293,15	45,21
py-4,1[3]	bf4	pyridinium	tetrafluoroborate derivatives	303,15	44,48
py-4,1[3]	bf4	pyridinium	tetrafluoroborate derivatives	313,15	43,80
py-4,1[3]	bf4	pyridinium	tetrafluoroborate derivatives	323,15	43,24
py-4,1[3]	ccn3	pyridinium	methanides	296,05	27,70
py-4,1[3]	ccn3	pyridinium	methanides	305,75	27,30
py-4,1[3]	ccn3	pyridinium	methanides	313,75	26,90
py-4,1[3]	ccn3	pyridinium	methanides	320,65	26,60
py-4,1[3]	ccn3	pyridinium	methanides	329,85	26,30
py-4,1[3]	ccn3	pyridinium	methanides	338,15	26,00
py-4,1[3]	ccn3	pyridinium	methanides	346,15	25,50
py-4,1[3]	ccn3	pyridinium	methanides	356,15	25,10
py-4,1[3]	dca	pyridinium	dicyanamides	283,15	51,30
py-4,1[3]	dca	pyridinium	dicyanamides	285,65	51,15
py-4,1[3]	dca	pyridinium	dicyanamides	288,15	51,00
py-4,1[3]	dca	pyridinium	dicyanamides	290,65	50,84
py-4,1[3]	dca	pyridinium	dicyanamides	293,15	50,69
py-4,1[3]	dca	pyridinium	dicyanamides	295,65	50,54
py-4,1[3]	dca	pyridinium	dicyanamides	298,15	50,38
py-4,1[3]	dca	pyridinium	dicyanamides	300,65	50,23
py-4,1[3]	dca	pyridinium	dicyanamides	303,15	50,08
py-4,1[3]	dca	pyridinium	dicyanamides	305,65	49,92
py-4,1[3]	dca	pyridinium	dicyanamides	308,15	49,77
py-4,1[3]	dca	pyridinium	dicyanamides	310,65	49,62
py-4,1[3]	dca	pyridinium	dicyanamides	313,15	49,46
py-4,1[3]	dca	pyridinium	dicyanamides	315,65	49,31
py-4,1[3]	dca	pyridinium	dicyanamides	318,15	49,16
py-4,1[3]	dca	pyridinium	dicyanamides	320,65	49,00
py-4,1[3]	dca	pyridinium	dicyanamides	323,15	48,85
py-4,1[3]	dca	pyridinium	dicyanamides	325,65	48,70
py-4,1[3]	dca	pyridinium	dicyanamides	328,15	48,54
py-4,1[3]	dca	pyridinium	dicyanamides	293,25	43,40
py-4,1[3]	dca	pyridinium	dicyanamides	293,15	43,70
py-4,1[3]	dca	pyridinium	dicyanamides	304,15	42,30
py-4,1[3]	dca	pyridinium	dicyanamides	304,15	42,30
py-4,1[3]	dca	pyridinium	dicyanamides	314,05	42,00
py-4,1[3]	dca	pyridinium	dicyanamides	314,05	42,00
py-4,1[3]	dca	pyridinium	dicyanamides	322,95	40,70
py-4,1[3]	dca	pyridinium	dicyanamides	322,35	39,40
py-4,1[3]	dca	pyridinium	dicyanamides	330,25	39,00
py-4,1[3]	dca	pyridinium	dicyanamides	331,15	38,40
py-4,1[3]	dca	pyridinium	dicyanamides	340,35	38,50
py-4,1[3]	dca	pyridinium	dicyanamides	340,45	38,30
py-4,1[3]	dca	pyridinium	dicyanamides	340,75	38,70
py-4,1[3]	dca	pyridinium	dicyanamides	341,55	37,60
py-4,1[3]	dca	pyridinium	dicyanamides	342,35	37,20
py-4,1[3]	dca	pyridinium	dicyanamides	349,95	36,80
py-4,1[3]	dca	pyridinium	dicyanamides	350,45	36,30
py-4,1[3]	fap	pyridinium	hexafluorophosphate derivatives	293,15	35,30
py-4,1[3]	fap	pyridinium	hexafluorophosphate derivatives	298,15	34,90
py-4,1[3]	fap	pyridinium	hexafluorophosphate derivatives	303,15	34,70
py-4,1[3]	fap	pyridinium	hexafluorophosphate derivatives	308,15	34,40
py-4,1[3]	fap	pyridinium	hexafluorophosphate derivatives	313,15	34,20
py-4,1[3]	fap	pyridinium	hexafluorophosphate derivatives	318,15	34,00
py-4,1[3]	fap	pyridinium	hexafluorophosphate derivatives	323,15	33,80
py-4,1[3]	ntf2	pyridinium	bistriflamide derivatives	293,30	33,90
py-4,1[3]	ntf2	pyridinium	bistriflamide derivatives	298,30	33,60
py-4,1[3]	ntf2	pyridinium	bistriflamide derivatives	303,20	33,40
py-4,1[3]	ntf2	pyridinium	bistriflamide derivatives	313,10	32,90
py-4,1[3]	ntf2	pyridinium	bistriflamide derivatives	323,00	32,40
py-4,1[3]	ntf2	pyridinium	bistriflamide derivatives	333,20	31,90
py-4,1[3]	ntf2	pyridinium	bistriflamide derivatives	343,00	31,40
py-4,1[3]	ntf2	pyridinium	bistriflamide derivatives	293,15	35,80
py-4,1[3]	ntf2	pyridinium	bistriflamide derivatives	298,15	35,50
py-4,1[3]	ntf2	pyridinium	bistriflamide derivatives	303,15	35,30
py-4,1[3]	ntf2	pyridinium	bistriflamide derivatives	308,15	35,10
py-4,1[3]	ntf2	pyridinium	bistriflamide derivatives	313,15	34,80
py-4,1[3]	ntf2	pyridinium	bistriflamide derivatives	318,15	34,60
py-4,1[3]	ntf2	pyridinium	bistriflamide derivatives	323,15	34,40
py-4,1[3]	ntf2	pyridinium	bistriflamide derivatives	283,15	29,20
py-4,1[3]	ntf2	pyridinium	bistriflamide derivatives	288,15	28,80
py-4,1[3]	ntf2	pyridinium	bistriflamide derivatives	293,15	28,40
py-4,1[3]	ntf2	pyridinium	bistriflamide derivatives	298,15	28,20
py-4,1[3]	ntf2	pyridinium	bistriflamide derivatives	303,15	27,80
py-4,1[3]	ntf2	pyridinium	bistriflamide derivatives	308,15	27,40
py-4,1[3]	ntf2	pyridinium	bistriflamide derivatives	313,15	27,20
py-4,1[3]	ntf2	pyridinium	bistriflamide derivatives	318,15	26,70
py-4,1[3]	ntf2	pyridinium	bistriflamide derivatives	323,15	26,40
py-4,1[3]	ntf2	pyridinium	bistriflamide derivatives	328,15	26,10
py-4,1[3]	ntf2	pyridinium	bistriflamide derivatives	333,15	25,80
py-4,1[3]	ntf2	pyridinium	bistriflamide derivatives	338,15	25,40
py-4,1[3]	otf	pyridinium	sulfonates	293,15	38,60
py-4,1[3]	otf	pyridinium	sulfonates	298,15	38,20
py-4,1[3]	otf	pyridinium	sulfonates	303,15	37,50
py-4,1[3]	otf	pyridinium	sulfonates	308,15	37,10
py-4,1[3]	otf	pyridinium	sulfonates	313,15	36,90
py-4,1[3]	otf	pyridinium	sulfonates	318,15	36,60
py-4,1[3]	otf	pyridinium	sulfonates	323,15	36,20
py-4,1[3]	tdi	pyridinium	heterocyclic amines	298,15	39,68
py-4,1[3]	tdi	pyridinium	heterocyclic amines	308,15	39,05
py-4,1[3]	tdi	pyridinium	heterocyclic amines	318,15	37,36
py-4,1[3]	tdi	pyridinium	heterocyclic amines	328,15	36,70
py-4,1[3]	tdi	pyridinium	heterocyclic amines	338,15	36,01
py-4,1[4]	bf4	pyridinium	tetrafluoroborate derivatives	298,15	45,50
py-4,1[4]	bf4	pyridinium	tetrafluoroborate derivatives	278,15	47,05
py-4,1[4]	bf4	pyridinium	tetrafluoroborate derivatives	280,65	46,86
py-4,1[4]	bf4	pyridinium	tetrafluoroborate derivatives	283,15	46,67
py-4,1[4]	bf4	pyridinium	tetrafluoroborate derivatives	285,65	46,48
py-4,1[4]	bf4	pyridinium	tetrafluoroborate derivatives	288,15	46,29
py-4,1[4]	bf4	pyridinium	tetrafluoroborate derivatives	290,65	46,10
py-4,1[4]	bf4	pyridinium	tetrafluoroborate derivatives	293,15	45,91
py-4,1[4]	bf4	pyridinium	tetrafluoroborate derivatives	295,65	45,72
py-4,1[4]	bf4	pyridinium	tetrafluoroborate derivatives	298,15	45,53
py-4,1[4]	bf4	pyridinium	tetrafluoroborate derivatives	300,65	45,34
py-4,1[4]	bf4	pyridinium	tetrafluoroborate derivatives	303,15	45,16
py-4,1[4]	bf4	pyridinium	tetrafluoroborate derivatives	305,65	44,97
py-4,1[4]	bf4	pyridinium	tetrafluoroborate derivatives	308,15	44,78
py-4,1[4]	bf4	pyridinium	tetrafluoroborate derivatives	310,65	44,59
py-4,1[4]	bf4	pyridinium	tetrafluoroborate derivatives	313,15	44,40
py-4,1[4]	bf4	pyridinium	tetrafluoroborate derivatives	315,65	44,21
py-4,1[4]	bf4	pyridinium	tetrafluoroborate derivatives	318,15	44,02
py-4,1[4]	bf4	pyridinium	tetrafluoroborate derivatives	320,65	43,83
py-4,1[4]	bf4	pyridinium	tetrafluoroborate derivatives	323,15	43,64
py-4,1[4]	bf4	pyridinium	tetrafluoroborate derivatives	293,15	45,82
py-4,1[4]	bf4	pyridinium	tetrafluoroborate derivatives	303,15	45,09
py-4,1[4]	bf4	pyridinium	tetrafluoroborate derivatives	313,15	44,41
py-4,1[4]	bf4	pyridinium	tetrafluoroborate derivatives	323,15	43,71
py-4,1[4]	bf4	pyridinium	tetrafluoroborate derivatives	291,15	45,10
py-4,1[4]	bf4	pyridinium	tetrafluoroborate derivatives	294,25	44,60
py-4,1[4]	bf4	pyridinium	tetrafluoroborate derivatives	298,65	45,10
py-4,1[4]	bf4	pyridinium	tetrafluoroborate derivatives	300,15	45,20
py-4,1[4]	bf4	pyridinium	tetrafluoroborate derivatives	304,05	44,60
py-4,1[4]	bf4	pyridinium	tetrafluoroborate derivatives	303,95	44,70
py-4,1[4]	bf4	pyridinium	tetrafluoroborate derivatives	314,15	44,50
py-4,1[4]	bf4	pyridinium	tetrafluoroborate derivatives	311,85	44,60
py-4,1[4]	bf4	pyridinium	tetrafluoroborate derivatives	311,85	44,20
py-4,1[4]	bf4	pyridinium	tetrafluoroborate derivatives	320,25	43,70
py-4,1[4]	bf4	pyridinium	tetrafluoroborate derivatives	322,05	43,60
py-4,1[4]	bf4	pyridinium	tetrafluoroborate derivatives	331,55	43,00
py-4,1[4]	bf4	pyridinium	tetrafluoroborate derivatives	330,95	43,10
py-4,1[4]	bf4	pyridinium	tetrafluoroborate derivatives	341,75	42,70
py-4,1[4]	bf4	pyridinium	tetrafluoroborate derivatives	342,45	42,30
py-4,1[4]	bf4	pyridinium	tetrafluoroborate derivatives	350,75	42,50
py-4,1[4]	ccn3	pyridinium	methanides	293,53	49,49
py-4,1[4]	ccn3	pyridinium	methanides	298,24	49,18
py-4,1[4]	ccn3	pyridinium	methanides	303,01	48,76
py-4,1[4]	ccn3	pyridinium	methanides	308,01	48,35
py-4,1[4]	ccn3	pyridinium	methanides	313,27	47,89
py-4,1[4]	ccn3	pyridinium	methanides	318,35	47,44
py-4,1[4]	ccn3	pyridinium	methanides	323,38	47,12
py-4,1[4]	ccn3	pyridinium	methanides	327,98	46,65
py-4,1[4]	ccn3	pyridinium	methanides	332,90	46,21
py-4,1[4]	ccn3	pyridinium	methanides	337,68	45,88
py-4,1[4]	ccn3	pyridinium	methanides	344,17	45,37
py-4,1[4]	ccn3	pyridinium	methanides	348,15	45,03
py-4,1[4]	ccn3	pyridinium	methanides	353,43	44,52
py-4,1[4]	ccn3	pyridinium	methanides	358,09	44,17
py-4,1[4]	ccn3	pyridinium	methanides	363,55	43,66
py-4,1[4]	ccn3	pyridinium	methanides	288,60	49,80
py-4,1[4]	ccn3	pyridinium	methanides	293,53	49,54
py-4,1[4]	ccn3	pyridinium	methanides	298,25	49,45
py-4,1[4]	ccn3	pyridinium	methanides	303,02	48,80
py-4,1[4]	ccn3	pyridinium	methanides	307,98	48,37
py-4,1[4]	ccn3	pyridinium	methanides	313,22	48,23
py-4,1[4]	ccn3	pyridinium	methanides	318,30	48,03
py-4,1[4]	ccn3	pyridinium	methanides	323,41	47,28
py-4,1[4]	ccn3	pyridinium	methanides	327,86	47,10
py-4,1[4]	ccn3	pyridinium	methanides	332,94	46,55
py-4,1[4]	ccn3	pyridinium	methanides	337,57	46,06
py-4,1[4]	ccn3	pyridinium	methanides	344,19	45,74
py-4,1[4]	ccn3	pyridinium	methanides	348,14	45,27
py-4,1[4]	ccn3	pyridinium	methanides	353,35	44,97
py-4,1[4]	ccn3	pyridinium	methanides	358,06	44,65
py-4,1[4]	ccn3	pyridinium	methanides	363,37	44,18
py-4,1[4]	ntf2	pyridinium	bistriflamide derivatives	293,15	35,40
py-4,1[4]	ntf2	pyridinium	bistriflamide derivatives	298,15	35,00
py-4,1[4]	ntf2	pyridinium	bistriflamide derivatives	303,15	34,70
py-4,1[4]	ntf2	pyridinium	bistriflamide derivatives	308,15	34,50
py-4,1[4]	ntf2	pyridinium	bistriflamide derivatives	313,15	34,20
py-4,1[4]	ntf2	pyridinium	bistriflamide derivatives	318,15	34,00
py-4,1[4]	ntf2	pyridinium	bistriflamide derivatives	323,15	33,80
py-4,1[4]	scn	pyridinium	inorganics	302,85	47,70
py-4,1[4]	scn	pyridinium	inorganics	302,95	47,60
py-4,1[4]	scn	pyridinium	inorganics	312,35	45,20
py-4,1[4]	scn	pyridinium	inorganics	312,85	45,80
py-4,1[4]	scn	pyridinium	inorganics	320,15	45,80
py-4,1[4]	scn	pyridinium	inorganics	320,35	46,00
py-4,1[4]	scn	pyridinium	inorganics	330,15	39,50
py-4,1[4]	scn	pyridinium	inorganics	330,75	40,90
py-4,1[4]	scn	pyridinium	inorganics	341,75	36,10
py-4,1[4]	scn	pyridinium	inorganics	341,95	40,70
py-4,1[4]	scn	pyridinium	inorganics	342,15	38,40
py-4,cn[3]	ntf2	pyridinium	bistriflamide derivatives	298,15	32,00
py-4,cn[3]	ntf2	pyridinium	bistriflamide derivatives	308,15	31,77
py-4,cn[3]	ntf2	pyridinium	bistriflamide derivatives	318,15	31,59
py-4,cn[3]	ntf2	pyridinium	bistriflamide derivatives	328,15	31,39
py-4,cn[3]	ntf2	pyridinium	bistriflamide derivatives	338,15	31,09
py-4	al2cl7	pyridinium	metal complexes	298,15	40,30
py-4	al2cl7	pyridinium	metal complexes	303,15	40,10
py-4	al2cl7	pyridinium	metal complexes	308,15	39,90
py-4	al2cl7	pyridinium	metal complexes	313,15	39,60
py-4	al2cl7	pyridinium	metal complexes	318,15	39,20
py-4	al2cl7	pyridinium	metal complexes	323,15	38,90
py-4	al2cl7	pyridinium	metal complexes	328,15	38,50
py-4	al2cl7	pyridinium	metal complexes	333,15	38,20
py-4	bf4	pyridinium	tetrafluoroborate derivatives	278,15	47,91
py-4	bf4	pyridinium	tetrafluoroborate derivatives	280,65	47,75
py-4	bf4	pyridinium	tetrafluoroborate derivatives	283,15	47,63
py-4	bf4	pyridinium	tetrafluoroborate derivatives	285,65	47,44
py-4	bf4	pyridinium	tetrafluoroborate derivatives	288,15	47,29
py-4	bf4	pyridinium	tetrafluoroborate derivatives	290,65	47,13
py-4	bf4	pyridinium	tetrafluoroborate derivatives	293,15	46,90
py-4	bf4	pyridinium	tetrafluoroborate derivatives	295,65	46,81
py-4	bf4	pyridinium	tetrafluoroborate derivatives	298,15	46,58
py-4	bf4	pyridinium	tetrafluoroborate derivatives	300,65	46,50
py-4	bf4	pyridinium	tetrafluoroborate derivatives	303,15	46,30
py-4	bf4	pyridinium	tetrafluoroborate derivatives	305,65	46,18
py-4	bf4	pyridinium	tetrafluoroborate derivatives	308,15	45,97
py-4	bf4	pyridinium	tetrafluoroborate derivatives	310,65	45,87
py-4	bf4	pyridinium	tetrafluoroborate derivatives	313,15	45,69
py-4	bf4	pyridinium	tetrafluoroborate derivatives	315,65	45,55
py-4	bf4	pyridinium	tetrafluoroborate derivatives	318,15	45,38
py-4	bf4	pyridinium	tetrafluoroborate derivatives	320,65	45,24
py-4	bf4	pyridinium	tetrafluoroborate derivatives	323,15	45,11
py-4	bf4	pyridinium	tetrafluoroborate derivatives	325,65	44,92
py-4	bf4	pyridinium	tetrafluoroborate derivatives	328,15	44,77
py-4	bf4	pyridinium	tetrafluoroborate derivatives	330,65	44,61
py-4	bf4	pyridinium	tetrafluoroborate derivatives	333,15	44,46
py-4	bf4	pyridinium	tetrafluoroborate derivatives	335,65	44,29
py-4	bf4	pyridinium	tetrafluoroborate derivatives	338,15	44,24
py-4	bf4	pyridinium	tetrafluoroborate derivatives	293,15	46,90
py-4	bf4	pyridinium	tetrafluoroborate derivatives	303,15	46,30
py-4	bf4	pyridinium	tetrafluoroborate derivatives	313,15	45,69
py-4	bf4	pyridinium	tetrafluoroborate derivatives	323,15	45,11
py-4	dca	pyridinium	dicyanamides	298,15	55,70
py-4	no3	pyridinium	inorganics	293,15	52,30
py-4	no3	pyridinium	inorganics	298,15	51,50
py-4	no3	pyridinium	inorganics	303,15	51,20
py-4	no3	pyridinium	inorganics	308,15	51,00
py-4	no3	pyridinium	inorganics	313,15	50,50
py-4	no3	pyridinium	inorganics	318,15	50,00
py-4	no3	pyridinium	inorganics	323,15	49,50
py-4	no3	pyridinium	inorganics	328,15	49,30
py-4	no3	pyridinium	inorganics	333,15	49,00
py-4	no3	pyridinium	inorganics	338,15	48,60
py-4	ntf2	pyridinium	bistriflamide derivatives	293,15	35,00
py-4	ntf2	pyridinium	bistriflamide derivatives	298,15	34,80
py-4	ntf2	pyridinium	bistriflamide derivatives	303,15	34,50
py-4	ntf2	pyridinium	bistriflamide derivatives	308,15	34,40
py-4	ntf2	pyridinium	bistriflamide derivatives	313,15	34,30
py-4	ntf2	pyridinium	bistriflamide derivatives	318,15	34,20
py-4	ntf2	pyridinium	bistriflamide derivatives	323,15	34,10
py-4	ntf2	pyridinium	bistriflamide derivatives	298,15	33,40
py-4	ntf2	pyridinium	bistriflamide derivatives	303,15	33,20
py-4	ntf2	pyridinium	bistriflamide derivatives	308,15	32,90
py-4	ntf2	pyridinium	bistriflamide derivatives	313,15	32,80
py-4	ntf2	pyridinium	bistriflamide derivatives	318,15	32,40
py-4	ntf2	pyridinium	bistriflamide derivatives	323,15	32,10
py-4	ntf2	pyridinium	bistriflamide derivatives	328,15	32,00
py-4	ntf2	pyridinium	bistriflamide derivatives	333,15	31,80
py-4	ntf2	pyridinium	bistriflamide derivatives	338,15	31,50
py-4	otf	pyridinium	sulfonates	298,15	36,47
py-4	otf	pyridinium	sulfonates	300,65	36,37
py-4	otf	pyridinium	sulfonates	303,15	36,27
py-4	otf	pyridinium	sulfonates	305,65	36,15
py-4	otf	pyridinium	sulfonates	308,15	36,04
py-4	otf	pyridinium	sulfonates	310,65	35,98
py-4	otf	pyridinium	sulfonates	313,15	35,84
py-4	otf	pyridinium	sulfonates	315,65	35,76
py-4	otf	pyridinium	sulfonates	318,15	35,66
py-4	otf	pyridinium	sulfonates	320,65	35,56
py-4	otf	pyridinium	sulfonates	323,15	35,41
py-4	otf	pyridinium	sulfonates	325,65	35,33
py-4	otf	pyridinium	sulfonates	328,15	35,20
py-4	otf	pyridinium	sulfonates	330,65	35,13
py-4	otf	pyridinium	sulfonates	333,15	35,04
py-4	otf	pyridinium	sulfonates	335,65	34,90
py-4	otf	pyridinium	sulfonates	338,15	34,82
py-4	reo4	pyridinium	metal complexes	293,15	39,40
py-4	reo4	pyridinium	metal complexes	298,15	39,00
py-4	reo4	pyridinium	metal complexes	303,15	38,60
py-4	reo4	pyridinium	metal complexes	308,15	38,30
py-4	reo4	pyridinium	metal complexes	313,15	38,20
py-4i,1[3]	ntf2	pyridinium	bistriflamide derivatives	298,20	33,45
py-4i,1[3]	ntf2	pyridinium	bistriflamide derivatives	308,20	32,99
py-4i,1[3]	ntf2	pyridinium	bistriflamide derivatives	318,20	32,54
py-4i,1[3]	ntf2	pyridinium	bistriflamide derivatives	328,20	32,08
py-4i,1[3]	ntf2	pyridinium	bistriflamide derivatives	338,20	31,63
py-4i,1[3]	ntf2	pyridinium	bistriflamide derivatives	343,20	31,40
py-4so3h	hso4	pyridinium	sulfates	293,15	43,62
py-4so3h	hso4	pyridinium	sulfates	303,15	42,42
py-4so3h	hso4	pyridinium	sulfates	313,15	41,24
py-4so3h	hso4	pyridinium	sulfates	323,15	39,97
py-4so3h	hso4	pyridinium	sulfates	333,15	38,69
py-4so3h	hso4	pyridinium	sulfates	343,15	37,38
py-4so3h	hso4	pyridinium	sulfates	353,15	36,12
py-4so3h	otf	pyridinium	sulfonates	293,15	44,21
py-4so3h	otf	pyridinium	sulfonates	303,15	42,98
py-4so3h	otf	pyridinium	sulfonates	313,15	41,81
py-4so3h	otf	pyridinium	sulfonates	323,15	40,62
py-4so3h	otf	pyridinium	sulfonates	333,15	39,57
py-4so3h	otf	pyridinium	sulfonates	343,15	38,23
py-4so3h	otf	pyridinium	sulfonates	353,15	37,02
py-5	dca	pyridinium	dicyanamides	298,15	53,40
py-5	ntf2	pyridinium	bistriflamide derivatives	283,15	33,10
py-5	ntf2	pyridinium	bistriflamide derivatives	288,15	32,80
py-5	ntf2	pyridinium	bistriflamide derivatives	293,15	32,70
py-5	ntf2	pyridinium	bistriflamide derivatives	298,15	32,50
py-5	ntf2	pyridinium	bistriflamide derivatives	303,15	32,20
py-5	ntf2	pyridinium	bistriflamide derivatives	308,15	32,00
py-5	ntf2	pyridinium	bistriflamide derivatives	313,15	31,80
py-5	ntf2	pyridinium	bistriflamide derivatives	318,15	31,50
py-5	ntf2	pyridinium	bistriflamide derivatives	323,15	31,30
py-5	ntf2	pyridinium	bistriflamide derivatives	328,15	31,10
py-5	ntf2	pyridinium	bistriflamide derivatives	333,15	30,80
py-5	ntf2	pyridinium	bistriflamide derivatives	338,15	30,50
py-5	reo4	pyridinium	metal complexes	293,15	37,90
py-5	reo4	pyridinium	metal complexes	298,15	37,50
py-5	reo4	pyridinium	metal complexes	303,15	37,30
py-5	reo4	pyridinium	metal complexes	308,15	36,90
py-5	reo4	pyridinium	metal complexes	313,15	36,40
py-5	reo4	pyridinium	metal complexes	318,15	36,30
py-5	reo4	pyridinium	metal complexes	323,15	35,90
py-5	reo4	pyridinium	metal complexes	328,15	35,60
py-5	reo4	pyridinium	metal complexes	333,15	35,20
py-5	reo4	pyridinium	metal complexes	338,15	34,90
py-5	reo4	pyridinium	metal complexes	343,15	34,60
py-6,1[3],1[5]	ntf2	pyridinium	bistriflamide derivatives	298,15	34,70
py-6,cn[3]	ntf2	pyridinium	bistriflamide derivatives	298,15	29,37
py-6,cn[3]	ntf2	pyridinium	bistriflamide derivatives	308,15	29,32
py-6,cn[3]	ntf2	pyridinium	bistriflamide derivatives	318,15	28,58
py-6,cn[3]	ntf2	pyridinium	bistriflamide derivatives	328,15	28,31
py-6,cn[3]	ntf2	pyridinium	bistriflamide derivatives	338,15	28,05
py-6,cn[4]	ntf2	pyridinium	bistriflamide derivatives	298,15	30,60
py-6,cn[4]	ntf2	pyridinium	bistriflamide derivatives	308,15	30,25
py-6,cn[4]	ntf2	pyridinium	bistriflamide derivatives	318,15	29,89
py-6,cn[4]	ntf2	pyridinium	bistriflamide derivatives	328,15	29,48
py-6,cn[4]	ntf2	pyridinium	bistriflamide derivatives	338,15	29,01
py-6	dca	pyridinium	dicyanamides	288,15	49,90
py-6	dca	pyridinium	dicyanamides	293,15	49,60
py-6	dca	pyridinium	dicyanamides	298,15	49,20
py-6	dca	pyridinium	dicyanamides	303,15	48,90
py-6	dca	pyridinium	dicyanamides	308,15	48,50
py-6	dca	pyridinium	dicyanamides	313,15	48,20
py-6	dca	pyridinium	dicyanamides	318,15	47,90
py-6	dca	pyridinium	dicyanamides	323,15	47,70
py-6	dca	pyridinium	dicyanamides	328,15	47,40
py-6	dca	pyridinium	dicyanamides	333,15	47,10
py-6	dca	pyridinium	dicyanamides	338,15	46,80
py-6	dca	pyridinium	dicyanamides	298,15	49,20
py-6	ntf2	pyridinium	bistriflamide derivatives	293,15	34,20
py-6	ntf2	pyridinium	bistriflamide derivatives	298,15	33,90
py-6	ntf2	pyridinium	bistriflamide derivatives	303,15	33,50
py-6	ntf2	pyridinium	bistriflamide derivatives	308,15	33,30
py-6	ntf2	pyridinium	bistriflamide derivatives	313,15	33,00
py-6	ntf2	pyridinium	bistriflamide derivatives	318,15	32,80
py-6	ntf2	pyridinium	bistriflamide derivatives	323,15	32,60
py-6	ntf2	pyridinium	bistriflamide derivatives	283,15	32,50
py-6	ntf2	pyridinium	bistriflamide derivatives	288,15	32,20
py-6	ntf2	pyridinium	bistriflamide derivatives	293,15	32,00
py-6	ntf2	pyridinium	bistriflamide derivatives	298,15	31,70
py-6	ntf2	pyridinium	bistriflamide derivatives	303,15	31,60
py-6	ntf2	pyridinium	bistriflamide derivatives	308,15	31,40
py-6	ntf2	pyridinium	bistriflamide derivatives	313,15	31,20
py-6	ntf2	pyridinium	bistriflamide derivatives	318,15	31,00
py-6	ntf2	pyridinium	bistriflamide derivatives	323,15	30,80
py-6	ntf2	pyridinium	bistriflamide derivatives	328,15	30,60
py-6	ntf2	pyridinium	bistriflamide derivatives	333,15	30,30
py-6	ntf2	pyridinium	bistriflamide derivatives	338,15	30,10
py-6	reo4	pyridinium	metal complexes	293,15	34,40
py-6	reo4	pyridinium	metal complexes	298,15	34,00
py-6	reo4	pyridinium	metal complexes	303,15	33,60
py-6	reo4	pyridinium	metal complexes	308,15	33,20
py-6	reo4	pyridinium	metal complexes	313,15	33,00
py-6	reo4	pyridinium	metal complexes	318,15	32,60
py-6	reo4	pyridinium	metal complexes	323,15	32,30
py-6	reo4	pyridinium	metal complexes	328,15	32,00
py-6	reo4	pyridinium	metal complexes	333,15	31,80
py-6	reo4	pyridinium	metal complexes	338,15	31,50
py-6	reo4	pyridinium	metal complexes	343,15	31,10
py-8,1[3]	bf4	pyridinium	tetrafluoroborate derivatives	278,15	39,82
py-8,1[3]	bf4	pyridinium	tetrafluoroborate derivatives	280,65	39,28
py-8,1[3]	bf4	pyridinium	tetrafluoroborate derivatives	283,15	38,70
py-8,1[3]	bf4	pyridinium	tetrafluoroborate derivatives	285,65	38,30
py-8,1[3]	bf4	pyridinium	tetrafluoroborate derivatives	288,15	37,91
py-8,1[3]	bf4	pyridinium	tetrafluoroborate derivatives	290,65	37,52
py-8,1[3]	bf4	pyridinium	tetrafluoroborate derivatives	293,15	37,19
py-8,1[3]	bf4	pyridinium	tetrafluoroborate derivatives	295,65	36,81
py-8,1[3]	bf4	pyridinium	tetrafluoroborate derivatives	298,15	36,51
py-8,1[3]	bf4	pyridinium	tetrafluoroborate derivatives	300,65	36,23
py-8,1[3]	bf4	pyridinium	tetrafluoroborate derivatives	303,15	35,94
py-8,1[3]	bf4	pyridinium	tetrafluoroborate derivatives	305,65	35,67
py-8,1[3]	bf4	pyridinium	tetrafluoroborate derivatives	308,15	35,46
py-8,1[3]	bf4	pyridinium	tetrafluoroborate derivatives	310,65	35,22
py-8,1[3]	bf4	pyridinium	tetrafluoroborate derivatives	313,15	35,02
py-8,1[3]	bf4	pyridinium	tetrafluoroborate derivatives	315,65	34,81
py-8,1[3]	bf4	pyridinium	tetrafluoroborate derivatives	318,15	34,63
py-8,1[3]	bf4	pyridinium	tetrafluoroborate derivatives	320,65	34,46
py-8,1[3]	bf4	pyridinium	tetrafluoroborate derivatives	323,15	34,28
py-8,1[3]	bf4	pyridinium	tetrafluoroborate derivatives	325,65	34,13
py-8,1[3]	bf4	pyridinium	tetrafluoroborate derivatives	328,15	33,98
py-8,cn[3]	ntf2	pyridinium	bistriflamide derivatives	298,15	28,65
py-8,cn[3]	ntf2	pyridinium	bistriflamide derivatives	308,15	27,44
py-8,cn[3]	ntf2	pyridinium	bistriflamide derivatives	318,15	26,76
py-8,cn[3]	ntf2	pyridinium	bistriflamide derivatives	328,15	25,89
py-8,cn[3]	ntf2	pyridinium	bistriflamide derivatives	338,15	25,77
py-8	no3	pyridinium	inorganics	293,15	36,12
py-8	no3	pyridinium	inorganics	298,15	35,76
py-8	no3	pyridinium	inorganics	303,15	35,50
py-8	no3	pyridinium	inorganics	308,15	35,18
py-8	no3	pyridinium	inorganics	313,15	34,76
py-8	no3	pyridinium	inorganics	318,15	34,48
py-8	no3	pyridinium	inorganics	323,15	34,12
py-8	no3	pyridinium	inorganics	328,15	33,78
py	1ac	pyridinium	carboxylates	298,15	32,73
py	1ac	pyridinium	carboxylates	303,15	31,66
py	1ac	pyridinium	carboxylates	308,15	30,36
py	1ac	pyridinium	carboxylates	313,15	29,12
py	1ac	pyridinium	carboxylates	318,15	27,99
py	1ac	pyridinium	carboxylates	323,15	26,69
py	1ac	pyridinium	carboxylates	328,15	25,48
py	1ac	pyridinium	carboxylates	333,15	24,62
py	1ac	pyridinium	carboxylates	338,15	23,26
py	1ac	pyridinium	carboxylates	343,15	22,33
py	ac	pyridinium	carboxylates	298,15	34,65
py	ac	pyridinium	carboxylates	303,15	33,45
py	ac	pyridinium	carboxylates	308,15	32,27
py	ac	pyridinium	carboxylates	313,15	31,37
py	ac	pyridinium	carboxylates	318,15	30,17
py	ac	pyridinium	carboxylates	323,15	28,74
py	ac	pyridinium	carboxylates	328,15	27,59
py	ac	pyridinium	carboxylates	333,15	26,42
py	ac	pyridinium	carboxylates	338,15	25,53
py	ac	pyridinium	carboxylates	343,15	24,57
py	for	pyridinium	carboxylates	298,15	37,03
py	for	pyridinium	carboxylates	303,15	35,76
py	for	pyridinium	carboxylates	308,15	34,36
py	for	pyridinium	carboxylates	313,15	33,51
py	for	pyridinium	carboxylates	318,15	32,62
py	for	pyridinium	carboxylates	323,15	31,43
py	for	pyridinium	carboxylates	328,15	30,52
py	for	pyridinium	carboxylates	333,15	29,32
py	for	pyridinium	carboxylates	338,15	28,26
py	for	pyridinium	carboxylates	343,15	27,01
pyr-10,1	ntf2	pyrrolidinium	bistriflamide derivatives	298,15	31,40
pyr-1ch,1	ntf2	pyrrolidinium	bistriflamide derivatives	293,15	35,10
pyr-1ph,1	ntf2	pyrrolidinium	bistriflamide derivatives	293,15	38,60
pyr-2oh,1	ntf2	pyrrolidinium	bistriflamide derivatives	298,15	38,00
pyr-3,1	ntf2	pyrrolidinium	bistriflamide derivatives	293,20	34,53
pyr-3,1	ntf2	pyrrolidinium	bistriflamide derivatives	298,20	34,31
pyr-3,1	ntf2	pyrrolidinium	bistriflamide derivatives	303,20	34,08
pyr-3,1	ntf2	pyrrolidinium	bistriflamide derivatives	308,20	33,85
pyr-3,1	ntf2	pyrrolidinium	bistriflamide derivatives	313,20	33,62
pyr-3,1	ntf2	pyrrolidinium	bistriflamide derivatives	318,20	33,41
pyr-3,1	ntf2	pyrrolidinium	bistriflamide derivatives	323,20	33,20
pyr-3,1	ntf2	pyrrolidinium	bistriflamide derivatives	293,15	32,54
pyr-3,1	ntf2	pyrrolidinium	bistriflamide derivatives	303,15	31,95
pyr-3,1	ntf2	pyrrolidinium	bistriflamide derivatives	313,15	31,50
pyr-3,1	ntf2	pyrrolidinium	bistriflamide derivatives	323,15	31,00
pyr-3,1	ntf2	pyrrolidinium	bistriflamide derivatives	333,15	30,47
pyr-3,1	ntf2	pyrrolidinium	bistriflamide derivatives	343,15	29,97
pyr-3,1	ntf2	pyrrolidinium	bistriflamide derivatives	288,15	35,04
pyr-3,1	ntf2	pyrrolidinium	bistriflamide derivatives	293,15	34,87
pyr-3,1	ntf2	pyrrolidinium	bistriflamide derivatives	298,15	34,61
pyr-3,1	ntf2	pyrrolidinium	bistriflamide derivatives	303,15	34,37
pyr-3,1	ntf2	pyrrolidinium	bistriflamide derivatives	308,15	34,14
pyr-3,1	ntf2	pyrrolidinium	bistriflamide derivatives	313,15	33,94
pyr-3,1	ntf2	pyrrolidinium	bistriflamide derivatives	318,15	33,72
pyr-3,1	ntf2	pyrrolidinium	bistriflamide derivatives	323,15	33,48
pyr-3,1	ntf2	pyrrolidinium	bistriflamide derivatives	298,15	34,40
pyr-3,1	ntf2	pyrrolidinium	bistriflamide derivatives	298,20	35,35
pyr-4,1	ac	pyrrolidinium	carboxylates	298,30	37,40
pyr-4,1	ac	pyrrolidinium	carboxylates	307,90	36,80
pyr-4,1	ac	pyrrolidinium	carboxylates	318,00	36,40
pyr-4,1	ac	pyrrolidinium	carboxylates	328,40	36,10
pyr-4,1	ac	pyrrolidinium	carboxylates	338,50	35,60
pyr-4,1	ac	pyrrolidinium	carboxylates	343,00	35,40
pyr-4,1	ccn3	pyrrolidinium	methanides	308,15	48,04
pyr-4,1	ccn3	pyrrolidinium	methanides	318,15	47,59
pyr-4,1	ccn3	pyrrolidinium	methanides	328,15	47,04
pyr-4,1	ccn3	pyrrolidinium	methanides	338,15	46,39
pyr-4,1	ccn3	pyrrolidinium	methanides	283,38	51,36
pyr-4,1	ccn3	pyrrolidinium	methanides	288,45	50,96
pyr-4,1	ccn3	pyrrolidinium	methanides	292,96	50,68
pyr-4,1	ccn3	pyrrolidinium	methanides	298,36	50,23
pyr-4,1	ccn3	pyrrolidinium	methanides	303,20	50,10
pyr-4,1	ccn3	pyrrolidinium	methanides	308,03	49,59
pyr-4,1	ccn3	pyrrolidinium	methanides	313,20	48,94
pyr-4,1	ccn3	pyrrolidinium	methanides	317,94	48,74
pyr-4,1	ccn3	pyrrolidinium	methanides	323,16	48,30
pyr-4,1	ccn3	pyrrolidinium	methanides	328,06	47,88
pyr-4,1	ccn3	pyrrolidinium	methanides	333,03	47,55
pyr-4,1	ccn3	pyrrolidinium	methanides	337,77	47,21
pyr-4,1	ccn3	pyrrolidinium	methanides	343,45	46,74
pyr-4,1	ccn3	pyrrolidinium	methanides	347,78	46,41
pyr-4,1	ccn3	pyrrolidinium	methanides	353,56	46,01
pyr-4,1	ccn3	pyrrolidinium	methanides	358,24	45,64
pyr-4,1	ccn3	pyrrolidinium	methanides	364,77	45,17
pyr-4,1	ccn3	pyrrolidinium	methanides	263,32	52,96
pyr-4,1	ccn3	pyrrolidinium	methanides	267,79	52,64
pyr-4,1	ccn3	pyrrolidinium	methanides	273,16	52,22
pyr-4,1	ccn3	pyrrolidinium	methanides	278,42	52,03
pyr-4,1	ccn3	pyrrolidinium	methanides	283,38	51,73
pyr-4,1	ccn3	pyrrolidinium	methanides	288,46	51,49
pyr-4,1	ccn3	pyrrolidinium	methanides	292,95	51,08
pyr-4,1	ccn3	pyrrolidinium	methanides	298,26	50,33
pyr-4,1	ccn3	pyrrolidinium	methanides	303,17	49,82
pyr-4,1	ccn3	pyrrolidinium	methanides	308,05	49,88
pyr-4,1	ccn3	pyrrolidinium	methanides	313,16	49,27
pyr-4,1	ccn3	pyrrolidinium	methanides	317,89	48,85
pyr-4,1	ccn3	pyrrolidinium	methanides	323,16	48,36
pyr-4,1	ccn3	pyrrolidinium	methanides	328,22	48,20
pyr-4,1	ccn3	pyrrolidinium	methanides	333,06	47,81
pyr-4,1	ccn3	pyrrolidinium	methanides	337,78	47,44
pyr-4,1	dca	pyrrolidinium	dicyanamides	293,05	56,20
pyr-4,1	dca	pyrrolidinium	dicyanamides	293,45	56,40
pyr-4,1	dca	pyrrolidinium	dicyanamides	303,45	55,80
pyr-4,1	dca	pyrrolidinium	dicyanamides	303,55	55,80
pyr-4,1	dca	pyrrolidinium	dicyanamides	312,45	54,80
pyr-4,1	dca	pyrrolidinium	dicyanamides	312,45	54,00
pyr-4,1	dca	pyrrolidinium	dicyanamides	322,15	53,80
pyr-4,1	dca	pyrrolidinium	dicyanamides	322,35	53,70
pyr-4,1	dca	pyrrolidinium	dicyanamides	332,15	53,10
pyr-4,1	dca	pyrrolidinium	dicyanamides	331,95	53,30
pyr-4,1	dca	pyrrolidinium	dicyanamides	342,55	51,60
pyr-4,1	dca	pyrrolidinium	dicyanamides	342,65	51,60
pyr-4,1	dca	pyrrolidinium	dicyanamides	352,85	50,80
pyr-4,1	dca	pyrrolidinium	dicyanamides	352,95	51,10
pyr-4,1	dca	pyrrolidinium	dicyanamides	353,45	51,20
pyr-4,1	fap	pyrrolidinium	hexafluorophosphate derivatives	293,15	38,00
pyr-4,1	fap	pyrrolidinium	hexafluorophosphate derivatives	293,15	35,00
pyr-4,1	fsa	pyrrolidinium	bistriflamide derivatives	298,15	35,04
pyr-4,1	fsa	pyrrolidinium	bistriflamide derivatives	303,15	34,61
pyr-4,1	fsa	pyrrolidinium	bistriflamide derivatives	308,15	34,17
pyr-4,1	fsa	pyrrolidinium	bistriflamide derivatives	313,15	33,72
pyr-4,1	fsa	pyrrolidinium	bistriflamide derivatives	318,15	33,25
pyr-4,1	fsa	pyrrolidinium	bistriflamide derivatives	323,15	32,80
pyr-4,1	fsa	pyrrolidinium	bistriflamide derivatives	328,15	32,31
pyr-4,1	fsa	pyrrolidinium	bistriflamide derivatives	333,15	31,89
pyr-4,1	fsa	pyrrolidinium	bistriflamide derivatives	338,15	31,47
pyr-4,1	fsa	pyrrolidinium	bistriflamide derivatives	343,15	31,01
pyr-4,1	ntf2	pyrrolidinium	bistriflamide derivatives	293,20	33,16
pyr-4,1	ntf2	pyrrolidinium	bistriflamide derivatives	298,20	32,94
pyr-4,1	ntf2	pyrrolidinium	bistriflamide derivatives	303,20	32,72
pyr-4,1	ntf2	pyrrolidinium	bistriflamide derivatives	308,20	32,47
pyr-4,1	ntf2	pyrrolidinium	bistriflamide derivatives	313,20	32,26
pyr-4,1	ntf2	pyrrolidinium	bistriflamide derivatives	318,20	32,03
pyr-4,1	ntf2	pyrrolidinium	bistriflamide derivatives	323,20	31,81
pyr-4,1	ntf2	pyrrolidinium	bistriflamide derivatives	293,15	34,93
pyr-4,1	ntf2	pyrrolidinium	bistriflamide derivatives	303,15	34,35
pyr-4,1	ntf2	pyrrolidinium	bistriflamide derivatives	313,15	33,65
pyr-4,1	ntf2	pyrrolidinium	bistriflamide derivatives	323,15	33,17
pyr-4,1	ntf2	pyrrolidinium	bistriflamide derivatives	333,15	32,61
pyr-4,1	ntf2	pyrrolidinium	bistriflamide derivatives	343,15	31,96
pyr-4,1	ntf2	pyrrolidinium	bistriflamide derivatives	288,15	33,71
pyr-4,1	ntf2	pyrrolidinium	bistriflamide derivatives	293,15	33,44
pyr-4,1	ntf2	pyrrolidinium	bistriflamide derivatives	298,15	33,22
pyr-4,1	ntf2	pyrrolidinium	bistriflamide derivatives	303,15	33,02
pyr-4,1	ntf2	pyrrolidinium	bistriflamide derivatives	308,15	32,82
pyr-4,1	ntf2	pyrrolidinium	bistriflamide derivatives	313,15	32,60
pyr-4,1	ntf2	pyrrolidinium	bistriflamide derivatives	318,15	32,35
pyr-4,1	ntf2	pyrrolidinium	bistriflamide derivatives	323,15	32,15
pyr-4,1	ntf2	pyrrolidinium	bistriflamide derivatives	298,15	33,00
pyr-4,1	ntf2	pyrrolidinium	bistriflamide derivatives	298,15	32,30
pyr-4,1	ntf2	pyrrolidinium	bistriflamide derivatives	283,15	34,52
pyr-4,1	ntf2	pyrrolidinium	bistriflamide derivatives	293,15	34,40
pyr-4,1	ntf2	pyrrolidinium	bistriflamide derivatives	303,15	34,31
pyr-4,1	ntf2	pyrrolidinium	bistriflamide derivatives	313,15	34,19
pyr-4,1	ntf2	pyrrolidinium	bistriflamide derivatives	323,15	34,10
pyr-4,1	ntf2	pyrrolidinium	bistriflamide derivatives	333,15	34,02
pyr-4,1	ntf2	pyrrolidinium	bistriflamide derivatives	343,15	33,71
pyr-4,1	ntf2	pyrrolidinium	bistriflamide derivatives	353,15	33,30
pyr-4,1	ntf2	pyrrolidinium	bistriflamide derivatives	363,15	33,04
pyr-4,1	scn	pyrrolidinium	inorganics	303,35	49,80
pyr-4,1	scn	pyrrolidinium	inorganics	312,15	47,40
pyr-4,1	scn	pyrrolidinium	inorganics	312,35	47,30
pyr-4,1	scn	pyrrolidinium	inorganics	322,15	48,40
pyr-4,1	scn	pyrrolidinium	inorganics	322,15	48,30
pyr-4,1	scn	pyrrolidinium	inorganics	322,65	48,00
pyr-4,1	scn	pyrrolidinium	inorganics	322,95	48,00
pyr-4,1	scn	pyrrolidinium	inorganics	330,85	47,60
pyr-4,1	scn	pyrrolidinium	inorganics	311,85	45,40
pyr-4,1	scn	pyrrolidinium	inorganics	311,55	45,60
pyr-4,1	scn	pyrrolidinium	inorganics	340,55	44,70
pyr-4,1	scn	pyrrolidinium	inorganics	341,35	42,10
pyr-4,1	scn	pyrrolidinium	inorganics	341,65	45,30
pyr-4,1	scn	pyrrolidinium	inorganics	343,45	44,50
pyr-4,1	scn	pyrrolidinium	inorganics	344,15	44,70
pyr-4,1	tfa	pyrrolidinium	carboxylates	292,05	35,70
pyr-4,1	tfa	pyrrolidinium	carboxylates	292,15	35,70
pyr-4,1	tfa	pyrrolidinium	carboxylates	294,05	35,90
pyr-4,1	tfa	pyrrolidinium	carboxylates	294,45	35,80
pyr-4,1	tfa	pyrrolidinium	carboxylates	307,35	34,90
pyr-4,1	tfa	pyrrolidinium	carboxylates	307,15	35,00
pyr-4,1	tfa	pyrrolidinium	carboxylates	309,15	35,30
pyr-4,1	tfa	pyrrolidinium	carboxylates	310,15	34,90
pyr-4,1	tfa	pyrrolidinium	carboxylates	311,65	35,30
pyr-4,1	tfa	pyrrolidinium	carboxylates	312,45	34,80
pyr-4,1	tfa	pyrrolidinium	carboxylates	320,15	34,40
pyr-4,1	tfa	pyrrolidinium	carboxylates	320,25	34,20
pyr-4,1	tfa	pyrrolidinium	carboxylates	330,15	34,20
pyr-4,1	tfa	pyrrolidinium	carboxylates	330,25	34,20
pyr-4,1	tfa	pyrrolidinium	carboxylates	341,85	34,20
pyr-4,1	tfa	pyrrolidinium	carboxylates	357,05	33,40
pyr-4,1	tfa	pyrrolidinium	carboxylates	357,55	33,30
pyr-4	hso4	pyrrolidinium	sulfates	293,15	32,60
pyr-4	hso4	pyrrolidinium	sulfates	303,15	30,42
pyr-4	hso4	pyrrolidinium	sulfates	313,15	28,10
pyr-4	hso4	pyrrolidinium	sulfates	323,15	25,86
pyr-4	hso4	pyrrolidinium	sulfates	333,15	23,52
pyr-4	hso4	pyrrolidinium	sulfates	343,15	21,80
pyr-4	hso4	pyrrolidinium	sulfates	353,15	19,62
pyr-4i,1	ntf2	pyrrolidinium	bistriflamide derivatives	298,20	33,54
pyr-4i,1	ntf2	pyrrolidinium	bistriflamide derivatives	308,20	33,10
pyr-4i,1	ntf2	pyrrolidinium	bistriflamide derivatives	318,20	32,65
pyr-4i,1	ntf2	pyrrolidinium	bistriflamide derivatives	328,20	32,20
pyr-4i,1	ntf2	pyrrolidinium	bistriflamide derivatives	338,20	31,75
pyr-4i,1	ntf2	pyrrolidinium	bistriflamide derivatives	343,20	31,53
pyr-6,1	ntf2	pyrrolidinium	bistriflamide derivatives	293,20	31,78
pyr-6,1	ntf2	pyrrolidinium	bistriflamide derivatives	298,20	31,52
pyr-6,1	ntf2	pyrrolidinium	bistriflamide derivatives	303,20	31,27
pyr-6,1	ntf2	pyrrolidinium	bistriflamide derivatives	308,20	31,02
pyr-6,1	ntf2	pyrrolidinium	bistriflamide derivatives	313,20	30,77
pyr-6,1	ntf2	pyrrolidinium	bistriflamide derivatives	318,20	30,52
pyr-6,1	ntf2	pyrrolidinium	bistriflamide derivatives	323,20	30,27
pyr-6,1	ntf2	pyrrolidinium	bistriflamide derivatives	298,15	31,70
pyr-6nh2,1	fap	pyrrolidinium	hexafluorophosphate derivatives	293,15	39,00
pyr-8,1	ntf2	pyrrolidinium	bistriflamide derivatives	293,20	31,51
pyr-8,1	ntf2	pyrrolidinium	bistriflamide derivatives	298,20	31,24
pyr-8,1	ntf2	pyrrolidinium	bistriflamide derivatives	303,20	30,95
pyr-8,1	ntf2	pyrrolidinium	bistriflamide derivatives	308,20	30,67
pyr-8,1	ntf2	pyrrolidinium	bistriflamide derivatives	313,20	30,39
pyr-8,1	ntf2	pyrrolidinium	bistriflamide derivatives	318,20	30,12
pyr-8,1	ntf2	pyrrolidinium	bistriflamide derivatives	323,20	29,84
pyr	3ac	pyrrolidinium	carboxylates	298,00	34,00
pyr	4ac	pyrrolidinium	carboxylates	298,00	33,50
pyr	6ac	pyrrolidinium	carboxylates	298,00	33,00
pyr	6ac	pyrrolidinium	carboxylates	298,15	32,70
pyr	7ac	pyrrolidinium	carboxylates	298,00	32,70
pyr	tfa-2[f]	pyrrolidinium	carboxylates	298,15	26,30
pyrl-2,o1	otf	cyclic amidium	sulfonates	298,15	40,10
pyrl-2,o2	ntf2	cyclic amidium	bistriflamide derivatives	298,15	35,10
pyrl-2,o2	otf	cyclic amidium	sulfonates	298,15	35,10
pyrro	tfa-2[f]	pyrrolidinium	carboxylates	298,15	27,00
quini-8	fsa	quinolinium	bistriflamide derivatives	298,15	28,73
quini-8	fsa	quinolinium	bistriflamide derivatives	303,15	28,46
quini-8	fsa	quinolinium	bistriflamide derivatives	308,15	28,23
quini-8	fsa	quinolinium	bistriflamide derivatives	313,15	27,97
quini-8	fsa	quinolinium	bistriflamide derivatives	318,15	27,70
quini-8	fsa	quinolinium	bistriflamide derivatives	323,15	27,45
quini-8	fsa	quinolinium	bistriflamide derivatives	328,15	27,18
quini-8	fsa	quinolinium	bistriflamide derivatives	333,15	26,93
quini-8	fsa	quinolinium	bistriflamide derivatives	338,15	26,71
quini-8	fsa	quinolinium	bistriflamide derivatives	343,15	26,45
quini-8	ntf2	quinolinium	bistriflamide derivatives	298,15	31,87
quini-8	ntf2	quinolinium	bistriflamide derivatives	308,15	30,93
quini-8	ntf2	quinolinium	bistriflamide derivatives	318,15	30,26
