smiles,value_x,y_true,entry_id,cation_family,anion_family,value_y
CCCC[n+]1ccn(C)c1.CC(=O)[O-],1.095037817955017,1.0507999658584597,ABjlz,imidazolium,carboxylates,1.0508
Cn1cc[n+](C)c1.COS(=O)(=O)[O-],1.2965502738952637,1.327299952507019,ADkQO,imidazolium,sulfates,1.3273
CCCC[N+](CCCC)(CCCC)CCCC.O=C([O-])C1CCCN1,1.006974697113037,0.981599986553192,AGazE,ammonium,carboxylates,0.9816
CCCC[n+]1ccn(C)c1.O=S(=O)([N-]S(=O)(=O)C(F)(F)F)C(F)(F)F,1.398270606994629,1.437000036239624,AGxcw,imidazolium,bistriflamides,1.437
CC[n+]1ccn(C)c1.CCOS(=O)(=O)[O-],1.2286150455474854,1.236299991607666,AHFxw,imidazolium,sulfates,1.2363
CCCCCn1cc[n+](C)c1.O=[N+]([O-])[O-],1.1246004104614258,1.1269999742507937,AHRGa,imidazolium,inorganics,1.127
CCCCn1c[n+](CCCCS(=O)(=O)O)cn1.O=S(=O)([O-])C(F)(F)F,1.347939133644104,1.3715900182724,AJxaI,triazolium,sulfonates,1.37159
CCCC[n+]1ccn(C)c1C.NCC(=O)[O-],1.0955945253372192,1.1253999471664429,AKUUz,imidazolium,carboxylates,1.1254000000000002
CCCC[n+]1ccn(C)c1.O=C([O-])c1ccccc1O,1.1608970165252686,1.14900004863739,ALVzl,imidazolium,carboxylates,1.149
CCCCCOC[N+](C)(C)CCOC(C)=O.O=S(=O)([N-]S(=O)(=O)C(F)(F)F)C(F)(F)F,1.3210632801055908,1.3420000076293943,AMByY,ammonium,bistriflamides,1.342
CCCC[n+]1ccn(C)c1.F[P-](F)(F)(F)(F)F,1.331512212753296,1.3657000064849854,ANHMt,imidazolium,phosphates,1.3657
C=CC[n+]1ccn(C)c1.O=S(=O)([N-]S(=O)(=O)C(F)(F)F)C(F)(F)F,1.4635674953460691,1.4989999532699585,ANMhI,imidazolium,bistriflamides,1.499
COCC[N+]1(C)CCCC1.FC(F)(F)C(F)(F)[P-](F)(F)(F)(C(F)(F)C(F)(F)F)C(F)(F)C(F)(F)F,1.5621193647384644,1.63100004196167,AOTWl,pyrrolidinium,phosphates,1.631
CCCC[P+](CCCC)(CCCC)CCCC.NC(CS)C(=O)[O-],1.048022985458374,1.0336999893188477,AOfRR,phosphonium,carboxylates,1.0337
CC1(C)OCC(C[N+]2(C)CCCC2)O1.O=S(=O)([N-]S(=O)(=O)C(F)(F)F)C(F)(F)F,1.3948400020599363,1.4249999523162842,AOqHd,pyrrolidinium,bistriflamides,1.425
CCCC[S+]1CCCC1.O=S(=O)([N-]S(=O)(=O)C(F)(F)F)C(F)(F)F,1.3711674213409424,1.4550000429153442,AOsTN,cyclic sulfonium,bistriflamides,1.455
CCCCCCOC[N+](C)(C)CCOC(C)=O.O=S(=O)([N-]S(=O)(=O)C(F)(F)F)C(F)(F)F,1.2977644205093384,1.315000057220459,APIcO,ammonium,bistriflamides,1.315
C=CCn1cc[n+](CCC#N)c1.[Cl-],1.1750822067260742,1.170799970626831,APNfi,imidazolium,inorganics,1.1708
CCCC[N+]1(C)CCCC1.O=S(=O)([N-]S(=O)(=O)C(F)(F)F)C(F)(F)F,1.3421614170074463,1.3940199613571167,APonA,pyrrolidinium,bistriflamides,1.39402
CC[NH+]1CCOCC1.CCCCCCCCCC(=O)[O-],0.9394676089286804,0.9014000296592712,ASLjZ,morpholinium,carboxylates,0.9014
CC[n+]1ccn(C)c1.N#C[N-]C#N,1.107808232307434,1.101199984550476,ATDRY,imidazolium,amides,1.1012
CC[P+](CC)(CC)COCCOC.O=S(=O)([N-]S(=O)(=O)C(F)(F)F)C(F)(F)F,1.3419586420059204,1.3600000143051147,AUIVy,phosphonium,bistriflamides,1.36
N#CCCn1cc[n+](CCO)c1.N#C[S-],1.2346354722976685,1.2161999940872192,AUUdw,imidazolium,inorganics,1.2162
CCCC[n+]1ccn(C)c1.NC(CO)C(=O)[O-],1.1791648864746094,1.156000018119812,AVMxR,imidazolium,carboxylates,1.156
CCCC[P+](CCCC)(CCCC)CCCC.O=C[O-],0.9809026718139648,0.9449999928474426,AVeFd,phosphonium,carboxylates,0.945
CC[n+]1ccn(C)c1.O=S(=O)([N-]S(=O)(=O)C(F)(F)C(F)(F)F)C(F)(F)C(F)(F)F,1.55048406124115,1.5931999683380127,AWdTj,imidazolium,bistriflamides,1.5932
C=Cn1cc[n+](CCCC)c1.NCC(=O)[O-],0.971478283405304,0.8047000169754028,AWsqN,imidazolium,carboxylates,0.8047000000000001
COCCOCC[n+]1ccn(C)c1.O=S(=O)([N-]S(=O)(=O)C(F)(F)F)C(F)(F)F,1.4218652248382568,1.454990029335022,AXRGI,imidazolium,bistriflamides,1.45499
CCCC[N+]1(C)CCCC1.O=S(=O)(F)[N-]S(=O)(=O)F,1.2829352617263794,1.3068599700927734,AYcTR,pyrrolidinium,bistriflamides,1.30686
CCn1cc[n+](C)c1.CCCCCCOS(=O)(=O)[O-],1.129747748374939,1.1296000480651855,AaAot,imidazolium,sulfates,1.1296
CCCC[N+]1(C)CCCC1.FC(F)(F)C(F)(F)[P-](F)(F)(F)(C(F)(F)C(F)(F)F)C(F)(F)C(F)(F)F,1.462999939918518,1.5800000429153442,AaKhv,pyrrolidinium,phosphates,1.58
CCCCCC[n+]1ccccc1.O=S(=O)([N-]S(=O)(=O)C(F)(F)F)C(F)(F)F,1.3626266717910769,1.381999969482422,AanjI,pyridinium,bistriflamides,1.382
CCCCn1cc[n+](C2CCCC2)c1.O=S(=O)([N-]S(=O)(=O)C(F)(F)F)C(F)(F)F,1.3145970106124878,1.3799999952316284,AatXP,imidazolium,bistriflamides,1.38
CCCC[n+]1ccn(C)c1.[I-],1.3920080661773682,1.440000057220459,AdnpP,imidazolium,inorganics,1.44
CCCCCCCC[n+]1ccn(CCC#N)c1.[Br-],1.1967597007751465,1.1765999794006348,AefiO,imidazolium,inorganics,1.1766
CCCCCCCCn1cc[n+](C)c1.O=S(=O)([N-]S(=O)(=O)C(F)(F)F)C(F)(F)F,1.2964904308319092,1.3188999891281128,AeiYk,imidazolium,bistriflamides,1.3189000000000002
CCCCCn1cc[n+](C)c1.O=P([O-])(O)O,1.134425163269043,1.142300009727478,AezAf,imidazolium,organic phosphates,1.1423
CCCCCC[N+]1(C)CCOCC1.CC(=O)NC(CC(C)C)C(=O)[O-],1.0661427974700928,1.0506999492645264,AgkYy,morpholinium,carboxylates,1.0507
CCCC[N+](C)(C)C.O=S(=O)([N-]S(=O)(=O)C(F)(F)F)C(F)(F)F,1.34417986869812,1.3916250467300415,AiQrM,ammonium,bistriflamides,1.391625
CCCCCC[n+]1ccn(CCC#N)c1.CCCCCCCCCCCCOS(=O)(=O)[O-],1.091588258743286,1.0978000164031982,Ajqzx,imidazolium,sulfates,1.0978
CCCCCCCCn1cc[n+](C)c1.N#C[C-](C#N)C#N,1.0229994058609009,1.0008000135421753,AlHSH,imidazolium,methanides,1.0008
CCOCC[N+]1(C)CCCC1.O=S(=O)([N-]S(=O)(=O)C(F)(F)F)C(F)(F)F,1.3658201694488523,1.4111000299453735,Albmz,pyrrolidinium,bistriflamides,1.4110999999999998
CCCCCCC[n+]1ccn(C)c1.O=S(=O)([N-]S(=O)(=O)C(F)(F)F)C(F)(F)F,1.3259650468826294,1.3453999757766724,AmPoQ,imidazolium,bistriflamides,1.3454000000000002
CC[n+]1ccn(C)c1.O=S(=O)([N-]S(=O)(=O)C(F)(F)F)C(F)(F)F,1.486238956451416,1.5169600248336792,ApTEW,imidazolium,bistriflamides,1.51696
CCCC[N+]1(C)C2CCC1CC(O)C2.NC(Cc1ccccc1)C(=O)[O-],1.1502978801727295,1.1330000162124634,Apcsf,pyrrolidinium,carboxylates,1.133
CCC[NH+](C)CCC.O=S(=O)([O-])C(F)(F)F,1.2057063579559326,1.2109999656677246,ArTJi,ammonium,sulfonates,1.211
CCC[n+]1ccccc1C.O=S(=O)([N-]S(=O)(=O)C(F)(F)F)C(F)(F)F,1.4304105043411257,1.4644500017166138,Aravk,pyridinium,bistriflamides,1.46445
CCCCCCCCCCn1c[n+](C)cn1.O=S(=O)([N-]S(=O)(=O)C(F)(F)F)C(F)(F)F,1.2814326286315918,1.2999999523162842,ArazK,triazolium,bistriflamides,1.3
CCCC[n+]1ccn(C)c1.O=S(=O)([O-])C(F)(F)F,1.2725788354873655,1.297600030899048,AuvxC,imidazolium,sulfonates,1.2976
COCCCC[n+]1ccn(C)c1.NCC(=O)[O-],1.138235569000244,1.1619999408721924,AvRqQ,imidazolium,carboxylates,1.162
CCCCn1cc[n+](C)c1C.O=S(=O)([N-]S(=O)(=O)C(F)(F)F)C(F)(F)F,1.365168571472168,1.4212000370025637,BAtyU,imidazolium,bistriflamides,1.4212
CCCC[n+]1ccn(C)c1.O=C([O-])C(F)(F)F,1.2391504049301147,1.2128000259399414,BBdGv,imidazolium,carboxylates,1.2128
CCCC[n+]1ccn(C)c1.CC(C)C(=O)[O-],1.097033143043518,1.0740000009536743,BBgjb,imidazolium,carboxylates,1.074
CCCC[P+](CCCC)(CCCC)CCCC.NCCCCC(N)C(=O)[O-],0.997977614402771,0.9674999713897704,BBwJo,phosphonium,carboxylates,0.9675
CCCC[n+]1ccn(C)c1.COS(=O)(=O)[O-],1.2337239980697632,1.2122000455856323,BKosl,imidazolium,sulfates,1.2122
CCCCC[P+](CC)(CC)CC.O=S(=O)([N-]S(=O)(=O)C(F)(F)C(F)(F)F)C(F)(F)C(F)(F)F,1.353053092956543,1.3823000192642212,BKpqV,phosphonium,bistriflamides,1.3823
CCCCCCCC[N+](C)(CCCCCCCC)CCCCCCCC.O=S(=O)([N-]S(=O)(=O)C(F)(F)F)C(F)(F)F,1.1180232763290403,1.106899976730347,BLwql,ammonium,bistriflamides,1.1069
CCCCCCCCn1cc[n+](C)c1.COS(=O)(=O)[O-],1.1286985874176023,1.1098400354385376,BMxyc,imidazolium,sulfates,1.10984
CCCC[n+]1ccn(C(CC)CC)c1.O=S(=O)([N-]S(=O)(=O)C(F)(F)F)C(F)(F)F,1.2977864742279053,1.319599986076355,BPphN,imidazolium,bistriflamides,1.3196
CC[n+]1ccn(C)c1.O=S(=O)([O-])C(F)(F)F,1.374009609222412,1.381999969482422,BQiyw,imidazolium,sulfonates,1.382
COCC[N+]1(C)CCCCC1.O=S(=O)([N-]S(=O)(=O)C(F)(F)F)C(F)(F)F,1.3882067203521729,1.4332000017166138,BSnus,piperidinium,bistriflamides,1.4332
CCCC[n+]1ccn(C)c1.N#C[S-],1.109034538269043,1.069700002670288,BSreP,imidazolium,inorganics,1.0697
CC[n+]1ccn(C)c1.O=S(=O)(F)[N-]S(=O)(=O)F,1.4113506078720093,1.4420000314712524,BTZrq,imidazolium,bistriflamides,1.442
CC[NH2+]CC.CC(=O)[O-],0.9784256219863892,0.9459999799728394,BUbtb,ammonium,carboxylates,0.946
[NH3+]CCO.CC(O)C(=O)[O-],1.1946014165878296,1.2018699645996094,BXccU,ammonium,carboxylates,1.20187
CC[NH+](C)CC.O=S(=O)([O-])C(F)(F)F,1.2814446687698364,1.284000039100647,BZAam,ammonium,sulfonates,1.284
Cn1cc[n+](CCCCS(=O)(=O)O)c1.O=S(=O)([N-]S(=O)(=O)C(F)(F)F)C(F)(F)F,1.5087060928344729,1.5829999446868896,BZBMk,imidazolium,bistriflamides,1.583
CCCCCC[n+]1ccn(C)c1.F[P-](F)(F)(F)(F)F,1.267955303192139,1.2936999797821045,BZPLJ,imidazolium,phosphates,1.2937
CN(C)C(=[NH2+])N(C)C.CCCCCCC(=O)[O-],0.9982563853263856,0.982699990272522,BaFCP,guanidinium,carboxylates,0.9827
CCCC[n+]1ccn(C)c1.N#C[N-]C#N,1.066639065742493,1.0608500242233276,BaHgW,imidazolium,amides,1.06085
CCCCCCCC[n+]1ccn(C)c1.F[P-](F)(F)(F)(F)F,1.2230515480041504,1.2339999675750732,BbQhq,imidazolium,phosphates,1.234
CC[n+]1ccn(C)c1.CS(=O)(=O)[O-],1.2221336364746094,1.2417999505996704,BguHk,imidazolium,sulfonates,1.2418
Cn1cc[n+](CCO)c1.N#C[N-]C#N,1.194746494293213,1.1862000226974487,BlOTr,imidazolium,amides,1.1862
CN1CCCN2CCC[NH+]=C12.O=S(=O)([N-]S(=O)(=O)C(F)(F)C(F)(F)F)C(F)(F)C(F)(F)F,1.542287826538086,1.5821000337600708,BnkAT,guanidinium,bistriflamides,1.5820999999999998
CCCCCC[n+]1ccn(C)c1.O=S(=O)([N-]S(=O)(=O)C(F)(F)C(F)(F)F)C(F)(F)C(F)(F)F,1.429973006248474,1.4500000476837158,BoHwY,imidazolium,bistriflamides,1.45
CCCCCC[n+]1ccn(C)c1.COS(=O)(=O)[O-],1.1713958978652954,1.156999945640564,BomxD,imidazolium,sulfates,1.157
CCCCCC[n+]1ccn(C)c1.[Br-],1.2201498746871948,1.229200005531311,BpZGI,imidazolium,inorganics,1.2292
CCCC[n+]1ccn(CC)c1.[Br-],1.2491775751113892,1.258999943733215,BpfdE,imidazolium,inorganics,1.259
CCC[n+]1ccn(C)c1C.O=S(=O)([O-])O,1.252360463142395,1.232800006866455,BrDZc,imidazolium,sulfates,1.2328
COCC[n+]1ccccc1.N#C[C-](C#N)C#N,1.1456363201141355,1.127500057220459,BrbdA,pyridinium,methanides,1.1275
CC[n+]1ccn(C)c1.CO[PH](=O)[O-],1.180091142654419,1.1917999982833862,BrvMK,imidazolium,organic phosphates,1.1918
CCCCCCCCCn1cc[n+](C)c1.O=S(=O)([N-]S(=O)(=O)C(F)(F)F)C(F)(F)F,1.277746081352234,1.2990000247955322,BsJcP,imidazolium,bistriflamides,1.299
CC[NH3+].O=[N+]([O-])[O-],1.2052382230758667,1.2059999704360962,BspSz,ammonium,inorganics,1.206
CCCCCCCCCOC[N+](C)(C)CCOC(C)=O.O=S(=O)([N-]S(=O)(=O)C(F)(F)F)C(F)(F)F,1.2363580465316772,1.24399995803833,BwiYt,ammonium,bistriflamides,1.244
CCCn1c[n+](C)cn1.O=S(=O)([N-]S(=O)(=O)C(F)(F)F)C(F)(F)F,1.469188928604126,1.5149999856948853,Bwmte,triazolium,bistriflamides,1.515
CC[N+](CC)=C(N(C)C)N(C)C.O=S(=O)([N-]S(=O)(=O)C(F)(F)F)C(F)(F)F,1.3395452499389648,1.3732000589370728,CAMFh,guanidinium,bistriflamides,1.3732
CC[n+]1ccccc1.N#C[N-]C#N,1.1261979341506958,1.1184899806976318,CDOYd,pyridinium,amides,1.11849
CCCC[N+]1(C)CCCC1.O=S(=O)([O-])C(F)(F)F,1.2082182168960571,1.252709984779358,CEGfX,pyrrolidinium,sulfonates,1.25271
CCCC[P+](C)(CCCC)CCCC.O=S(=O)([N-]S(=O)(=O)C(F)(F)F)C(F)(F)F,1.238339066505432,1.2537000179290771,CEZQB,phosphonium,bistriflamides,1.2537
CC[NH3+].O=C[O-],1.067086696624756,1.0334999561309814,CGbJs,ammonium,carboxylates,1.0335
CC[n+]1ccn(C)c1.COS(=O)(=O)[O-],1.292203426361084,1.280809998512268,CHjBA,imidazolium,sulfates,1.28081
CC[n+]1ccccc1.O=S(=O)([N-]S(=O)(=O)C(F)(F)F)C(F)(F)F,1.5032649040222168,1.535920023918152,CKpQz,pyridinium,bistriflamides,1.5359200000000002
CCCCCC[n+]1ccn(C)c1.[Cl-],1.0691297054290771,1.0442999601364136,CLVOp,imidazolium,inorganics,1.0443
CCCCCCCC[N+](C)(CCCCCCCC)CCCCCCCC.O=[N+]([O-])[O-],0.9497727751731871,0.9122999906539916,COmPB,ammonium,inorganics,0.9123
CCCC[N+]1(C)C2CCC1CC(O)C2.[NH3+]C(CC(=O)[O-])C(=O)[O-],1.1601612567901611,1.1758999824523926,CSPmJ,pyrrolidinium,carboxylates,1.1759000000000002
Cn1cc[n+](C)c1.O=S(=O)([N-]S(=O)(=O)C(F)(F)F)C(F)(F)F,1.508988380432129,1.5540000200271606,CXUxv,imidazolium,bistriflamides,1.554
COCC[n+]1ccn(C)c1.CC(O)C(N)C(=O)[O-],1.1892205476760864,1.1900999546051023,CbtZk,imidazolium,carboxylates,1.1901
CCC[N+]1(C)CCCCC1.O=S(=O)(F)[N-]S(=O)(=O)F,1.299536108970642,1.305999994277954,CeDhP,piperidinium,bistriflamides,1.306
CC[NH+]=C(N(C)C)N(C)C.CCOS(=O)(=O)[O-],1.1571213006973269,1.167199969291687,CeZsw,guanidinium,sulfates,1.1672
CCCC[NH3+].O=[N+]([O-])[O-],1.1142783164978027,1.1054999828338623,CfmfV,ammonium,inorganics,1.1055
CCCCCCCCCCCCCC[P+](CCCCCC)(CCCCCC)CCCCCC.CC(CC(C)(C)C)CP(=O)([O-])CC(C)CC(C)(C)C,0.9029865264892578,0.8845000267028809,CgtDg,phosphonium,organic phosphates,0.8845
CCCC[N+]1(C)CCCC1.N#C[N-]C#N,1.0442047119140625,1.0134899616241455,CkLpg,pyrrolidinium,amides,1.01349
CC(C)C[N+]1(C)CCCC1.O=S(=O)([N-]S(=O)(=O)C(F)(F)F)C(F)(F)F,1.3555142879486084,1.399999976158142,Cksec,pyrrolidinium,bistriflamides,1.4
COc1ccc(-[n+]2c(C)cc(C)n2C)cc1.CS(=O)(=O)[O-],1.2399938106536863,1.259600043296814,CmIiW,pyrazolium,sulfonates,1.2595999999999998
CCCCCCn1cc[n+](C)c1.CC(=O)[O-],1.0561033487319946,1.0166000127792358,CnGNr,imidazolium,carboxylates,1.0166
CCC[NH3+].O=C[O-],1.0286006927490234,0.993499994277954,CnxEz,ammonium,carboxylates,0.9935
Cn1cc[n+](CCCO)c1.N#C[N-]C#N,1.154735088348389,1.1710000038146973,CouuC,imidazolium,amides,1.171
CCCC[P+](CCCC)(CCCC)CCCN.CC(C)CC(N)C(=O)[O-],1.0020018815994265,0.9718999862670898,CpCTq,phosphonium,carboxylates,0.9719
CCCCCC[n+]1cc(C)cc(C)c1CC.O=S(=O)([N-]S(=O)(=O)C(F)(F)F)C(F)(F)F,1.283674240112305,1.310420036315918,CpQKc,pyridinium,bistriflamides,1.31042
CCCCCCCCCCCCCC[P+](CCCCCC)(CCCCCC)CCCCCC.Cc1ccc(S(=O)(=O)[O-])cc1,1.0255687236785889,1.003000020980835,CqEQh,phosphonium,sulfonates,1.003
CC[n+]1ccn(C)c1.O=C([O-])C(F)(F)F,1.3263349533081057,1.2910000085830688,CrDOF,imidazolium,carboxylates,1.291
CCCCCCCCCCCC[n+]1ccn(C)c1.O=S(=O)([N-]S(=O)(=O)C(F)(F)F)C(F)(F)F,1.2317485809326172,1.2480000257492063,CrngN,imidazolium,bistriflamides,1.248
CCCC[n+]1ccn(C)c1.O=S(=O)([N-]S(=O)(=O)C(F)(F)C(F)(F)C(F)(F)C(F)(F)F)C(F)(F)C(F)(F)C(F)(F)C(F)(F)F,1.5478278398513794,1.6110999584197998,CtPjJ,imidazolium,bistriflamides,1.6111
CCC[NH3+].CC(=O)[O-],0.9869447946548462,0.9868999719619752,CtjuV,ammonium,carboxylates,0.9869
CCCCCC[n+]1ccccc1.O=C([O-])C(F)(F)F,1.2534552812576294,1.2851999998092651,Ctotn,pyridinium,carboxylates,1.2852
CCCC[P+](CCCC)(CCCC)CCOCC.CS(=O)(=O)[O-],1.052350401878357,1.0269999504089355,CvQlR,phosphonium,sulfonates,1.027
CCCC[n+]1ccn(C)c1.CCOS(=O)(=O)[O-],1.179616928100586,1.151900053024292,CvZoR,imidazolium,sulfates,1.1519
CCCCCCCCC[n+]1ccn(COC2CC(C)CCC2C(C)C)c1.O=S(=O)([N-]S(=O)(=O)C(F)(F)F)C(F)(F)F,1.1826941967010498,1.2049100399017334,CvxfZ,imidazolium,bistriflamides,1.20491
CCCC[P+](CCCC)(CCCC)CCCC.O=C([O-])c1ccco1,1.0469956398010254,1.0053999423980713,CyBlO,phosphonium,carboxylates,1.0054
CCCCCC[n+]1ccn(C)c1.O=S(=O)([N-]S(=O)(=O)C(F)(F)F)C(F)(F)F,1.3541173934936523,1.371899962425232,DBnaK,imidazolium,bistriflamides,1.3719
C[n+]1ccn(CC2CCCCC2)c1.O=S(=O)([N-]S(=O)(=O)C(F)(F)F)C(F)(F)F,1.3935106992721558,1.4170000553131104,DCFEt,imidazolium,bistriflamides,1.417
C[NH+](C)C.O=P([O-])(O)O,1.3226045370101929,1.353600025177002,DEBwW,ammonium,organic phosphates,1.3536
CCCCn1cc[n+](CC)c1.O=S(=O)([O-])C(F)(F)F,1.2444050312042236,1.2621999979019165,DGTBP,imidazolium,sulfonates,1.2622
CC[n+]1ccn(C)c1.CCCCCCCCOS(=O)(=O)[O-],1.114701747894287,1.0952999591827393,DHHVL,imidazolium,sulfates,1.0953
CCCCCC[n+]1ccn(C)c1.N#C[N-]C#N,1.0506457090377808,1.0289000272750854,DIsjw,imidazolium,amides,1.0289
CCCCCCCCCCCCCC[P+](CCCCCC)(CCCCCC)CCCCCC.CCCCCC(=O)[O-],0.9249715805053712,0.8855000138282776,DJUuU,phosphonium,carboxylates,0.8855
CC[n+]1ccn(C)c1.O=S(=O)([O-])O,1.3148218393325806,1.3658000230789185,DLeoC,imidazolium,sulfates,1.3658
CCCCCn1cc[n+](C)c1.O=S(=O)([N-]S(=O)(=O)C(F)(F)C(F)(F)F)C(F)(F)C(F)(F)F,1.4519391059875488,1.4800000190734863,DMLvs,imidazolium,bistriflamides,1.48
CCCCC[n+]1ccccc1.N#C[N-]C#N,1.074854850769043,1.0530999898910522,DSnSp,pyridinium,amides,1.0531
CCCCCC[n+]1ccn(CCC#N)c1.O=S(=O)([O-])c1ccccc1,1.212938904762268,1.2226999998092651,DVHYO,imidazolium,sulfonates,1.2227
CCC[N+]1(C)CCCCC1.O=S(=O)([N-]S(=O)(=O)C(F)(F)F)C(F)(F)F,1.3646976947784424,1.42739999294281,DVaoN,piperidinium,bistriflamides,1.4274
CCCC[P+](CCCC)(CCCC)CCOCC.O=S(=O)([N-]S(=O)(=O)C(F)(F)F)C(F)(F)F,1.2100938558578491,1.2239999771118164,DWEPb,phosphonium,bistriflamides,1.224
CCCCCCCCn1cc[n+](C)c1.[Cl-],1.0499180555343628,1.009600043296814,DZZGT,imidazolium,inorganics,1.0096
CCCCCCCCn1cc[n+](C)c1.O=[N+]([O-])[O-],1.0797381401062012,1.0642000436782837,DarOI,imidazolium,inorganics,1.0642
CC[n+]1ccn(CCOC)c1.O=S(=O)([N-]S(=O)(=O)C(F)(F)F)C(F)(F)F,1.4296379089355469,1.4616600275039673,DbxpE,imidazolium,bistriflamides,1.4616600000000002
CCCCCC[N+]1(C)CCCC1.O=S(=O)([N-]S(=O)(=O)C(F)(F)F)C(F)(F)F,1.2966923713684082,1.3320000171661377,DgeVf,pyrrolidinium,bistriflamides,1.332
CCCCCC[n+]1ccn(CCC#N)c1.[Br-],1.244098663330078,1.2289999723434448,Dimna,imidazolium,inorganics,1.229
CCCCCC[n+]1ccc2ccccc2c1.N#C[S-],1.091469645500183,1.0813000202178955,DjbEV,quinlolinium,inorganics,1.0813
CCCCCCCCn1cc[n+](C)c1.[Br-],1.1788359880447388,1.173200011253357,DkTLF,imidazolium,inorganics,1.1732
CC[n+]1ccccc1C.O=S(=O)([N-]S(=O)(=O)C(F)(F)F)C(F)(F)F,1.460032939910889,1.5057100057601929,DlBWU,pyridinium,bistriflamides,1.50571
CCCCCCCCC=CCCCCCCCC[n+]1ccn(C)c1.O=S(=O)([N-]S(=O)(=O)C(F)(F)F)C(F)(F)F,1.1877344846725464,1.1799999475479126,DsEAk,imidazolium,bistriflamides,1.18
CCCC[n+]1ccn(C)c1.O=S(=O)([O-])O,1.2760965824127195,1.2769999504089355,DtzuP,imidazolium,sulfates,1.277
CC[N+](C)(CC)CCOC.O=S(=O)([N-]S(=O)(=O)C(F)(F)F)C(F)(F)F,1.3934158086776731,1.4199999570846558,DxIJp,ammonium,bistriflamides,1.42
CCC[n+]1cccc(C)c1.O=S(=O)([N-]S(=O)(=O)C(F)(F)F)C(F)(F)F,1.429466724395752,1.4474999904632568,DyrrV,pyridinium,bistriflamides,1.4475
CCCCCCCC[P+](CC)(CC)CC.O=[N+]([O-])c1c[n-]cn1,1.0549349784851074,1.0288000106811523,EAuGX,phosphonium,cyclic amides,1.0288
CCCCCC[n+]1ccc(N(C)C)cc1.O=S(=O)([N-]S(=O)(=O)C(F)(F)F)C(F)(F)F,1.316887617111206,1.343000054359436,EBtiR,pyridinium,bistriflamides,1.343
CCCC[n+]1ccn(C)c1.O=S(=O)([O-])C(F)(F)C(F)F,1.3237475156784058,1.3473000526428225,ECsro,imidazolium,sulfonates,1.3473
CCCCCCCCn1cc[n+](CCC#N)c1.O=S(=O)([O-])C(F)(F)F,1.224391222000122,1.2294000387191772,ECuVa,imidazolium,sulfonates,1.2294
CCn1cc[n+](C)c1.NC(CO)C(=O)[O-],1.1994550228118896,1.2039999961853027,EDIBu,imidazolium,carboxylates,1.204
CCCCCCCCCC[n+]1ccn(C)c1.O=S(=O)([N-]S(=O)(=O)C(F)(F)F)C(F)(F)F,1.265824556350708,1.2783000469207764,EDTbz,imidazolium,bistriflamides,1.2783
C=CC[n+]1ccn(C)c1.N#C[N-]C#N,1.1318159103393557,1.1098999977111816,EHJXP,imidazolium,amides,1.1099
CC[n+]1ccn(C)c1.N#C[C-](C#N)C#N,1.1201218366622925,1.0817999839782717,EMLie,imidazolium,methanides,1.0818
CCCCCCCC[P+](CCCC)(CCCC)CCCC.O=C(C=C([O-])c1ccccc1)c1ccccc1,1.0021620988845823,0.9632999897003174,EQXzt,phosphonium,carboanions,0.9633
CCCn1cc[n+](C)c1.O=S(=O)([N-]S(=O)(=O)C(F)(F)F)C(F)(F)F,1.4424598217010498,1.4739999771118164,EQjEs,imidazolium,bistriflamides,1.474
CCCC[n+]1ccn(C)c1.O=C([O-])CNCC(=O)O,1.105260133743286,1.0750000476837158,EUOyr,imidazolium,carboxylates,1.075
CCCCCC[n+]1ccc(C)cc1.O=S(=O)([N-]S(=O)(=O)C(F)(F)F)C(F)(F)F,1.3275123834609983,1.3517999649047852,EUtIJ,pyridinium,bistriflamides,1.3518
CCCCOC[N+](C)(C)CCOC(C)=O.O=S(=O)([N-]S(=O)(=O)C(F)(F)F)C(F)(F)F,1.3477354049682615,1.3589999675750732,EViZT,ammonium,bistriflamides,1.359
CC[N+]1(C)CCOCC1.CCC(C)C(NC(C)=O)C(=O)[O-],1.125294208526611,1.1079000234603882,EaqTI,morpholinium,carboxylates,1.1079
C[NH+](C)C.O=S(=O)([O-])O,1.4263155460357666,1.4675999879837036,EbDFg,ammonium,sulfates,1.4676
COCCOCC[n+]1ccccc1.O=S(=O)([N-]S(=O)(=O)C(F)(F)F)C(F)(F)F,1.422327756881714,1.466599941253662,EfRDY,pyridinium,bistriflamides,1.4666
CCC[N+](C)(C)CCO.O=S(=O)([N-]S(=O)(=O)C(F)(F)F)C(F)(F)F,1.4062180519104004,1.452452540397644,EkXFu,ammonium,bistriflamides,1.4524525
CCCCCC[n+]1cccc(C)c1.O=S(=O)([N-]S(=O)(=O)C(F)(F)F)C(F)(F)F,1.3408915996551514,1.385200023651123,EkkXK,pyridinium,bistriflamides,1.3852
CCCCCCCC[P+](CC)(CC)CC.Brc1ccc2[n-]ncc2c1,1.1611182689666748,1.149999976158142,ElTos,phosphonium,cyclic amides,1.15
CC[N+]1(C)CCOCC1.CCOS(=O)(=O)[O-],1.2400838136672974,1.2523000240325928,Elxfg,morpholinium,sulfates,1.2523
CC[n+]1ccn(CCOC)c1.N#C[N-]C#N,1.132341384887695,1.1136000156402588,EnpvT,imidazolium,amides,1.1136
CC(C)n1cc[n+](C)c1.O=S(=O)([N-]S(=O)(=O)C(F)(F)F)C(F)(F)F,1.447119116783142,1.4767999649047852,EnquL,imidazolium,bistriflamides,1.4768
CC[N+](CC)(CC)CCOC.O=S(=O)([N-]S(=O)(=O)C(F)(F)F)C(F)(F)F,1.3598244190216064,1.399999976158142,EpNDe,ammonium,bistriflamides,1.4
C[n+]1ccn(CCCCS(=O)(=O)O)c1.O=S(=O)([O-])O,1.405988335609436,1.437000036239624,EsitZ,imidazolium,sulfates,1.437
CCCCCCCCCCn1cc[n+](C)c1.N#C[C-](C#N)C#N,1.0098179578781128,0.983110010623932,EtPzw,imidazolium,methanides,0.98311
CCCC[n+]1ccn(COC2CC(C)CCC2C(C)C)c1.O=S(=O)([N-]S(=O)(=O)C(F)(F)F)C(F)(F)F,1.2658472061157229,1.274209976196289,EtTfj,imidazolium,bistriflamides,1.27421
CCCCCn1cc[n+](C)c1.F[P-](F)(F)(F)(F)F,1.3084973096847534,1.3278000354766846,FEKiC,imidazolium,phosphates,1.3278
C[n+]1ccn(CCC(F)(F)C(F)(F)C(F)(F)C(F)(F)C(F)(F)C(F)(F)F)c1.CC(=O)[O-],1.467764973640442,1.511489987373352,FGWKM,imidazolium,carboxylates,1.51149
CCCC[n+]1cccc(C)c1.O=S(=O)([N-]S(=O)(=O)C(F)(F)F)C(F)(F)F,1.3796639442443848,1.4147000312805176,FInMi,pyridinium,bistriflamides,1.4147
CCCCCCc1cccc[n+]1CC.O=S(=O)([N-]S(=O)(=O)C(F)(F)F)C(F)(F)F,1.316817045211792,1.3443000316619873,FKapX,pyridinium,bistriflamides,1.3443
CC[n+]1ccn(C)c1.C=CC(=O)NC(C)(C)CS(=O)(=O)[O-],1.1816582679748535,1.1959999799728394,FOrtz,imidazolium,sulfonates,1.196
C[N+](C)(C)CCO.CC(O)C(=O)[O-],1.154841423034668,1.133999943733215,FPFXn,ammonium,carboxylates,1.134
CCCC[n+]1ccccc1.O=S(=O)([N-]S(=O)(=O)C(F)(F)F)C(F)(F)F,1.4132627248764038,1.4491000175476074,FROsu,pyridinium,bistriflamides,1.4490999999999998
Cn1cc[n+](C)c1.COP(=O)([O-])OC,1.232893466949463,1.2582999467849731,FTYrF,imidazolium,organic phosphates,1.2583
CCCCCC[n+]1ccc(C)cc1C.O=S(=O)([N-]S(=O)(=O)C(F)(F)F)C(F)(F)F,1.3167524337768557,1.339400053024292,FUgyW,pyridinium,bistriflamides,1.3394
CC[N+]1(C)CCOCC1.N#C[N-]C#N,1.15929913520813,1.1682000160217283,FVALq,morpholinium,amides,1.1682
CC[n+]1ccn(CCOC)c1.N#C[S-],1.1531623601913452,1.122099995613098,FVvRP,imidazolium,inorganics,1.1221
CCCCCCCCCCCCCC[P+](CCCCCC)(CCCCCC)CCCCCC.[Cl-],0.9250629544258118,0.8906000256538391,FXRXb,phosphonium,inorganics,0.8906000000000001
CCCCCCCCC[N+]1(C)CCOCC1.N#C[N-]C#N,1.042881965637207,1.0325000286102295,FaLWD,morpholinium,amides,1.0325
C=Cn1cc[n+](CCCCCC)c1.[Br-],1.211625576019287,1.2094000577926636,FegJj,imidazolium,inorganics,1.2094
CCCC[N+]1(C)CCCC1.N#C[C-](C#N)C#N,1.0270452499389648,1.0067100524902344,FeguQ,pyrrolidinium,methanides,1.00671
C[N+](C)(C)CCO.O=S(=O)([O-])CCN(CCO)CCO,1.2436463832855225,1.2447999715805054,FfNSS,ammonium,sulfonates,1.2448
CCOCC[P+](CC)(CC)CC.O=S(=O)([N-]S(=O)(=O)C(F)(F)F)C(F)(F)F,1.3215925693511963,1.340000033378601,Ffdpg,phosphonium,bistriflamides,1.34
CC[N+](C)(C)CCO.O=S(=O)([N-]S(=O)(=O)C(F)(F)F)C(F)(F)F,1.4447451829910278,1.494989991188049,Ffzqd,ammonium,bistriflamides,1.49499
CC[N+](C)(C)CCOC.FC(F)(F)C(F)(F)[P-](F)(F)(F)(C(F)(F)C(F)(F)F)C(F)(F)C(F)(F)F,1.5800914764404297,1.6249200105667114,FgFSp,ammonium,phosphates,1.62492
CCCC[P+](CCCC)(CCCC)CCCC.O=S(=O)([O-])CC(O)CN1CCOCC1,1.0636441707611084,1.0568000078201294,FgbFG,phosphonium,sulfonates,1.0568
CCCCC[N+](CC)(CC)CC.O=S(=O)([N-]S(=O)(=O)C(F)(F)F)C(F)(F)F,1.2856011390686035,1.321499943733215,FlJqB,ammonium,bistriflamides,1.3215
CCCCCCCCCC[n+]1ccn(C)c1.[Br-],1.1205391883850098,1.1282000541687012,FlxBv,imidazolium,inorganics,1.1282
CC[S+](C)CC.O=S(=O)([N-]S(=O)(=O)C(F)(F)F)C(F)(F)F,1.4480005502700806,1.5006999969482422,FxVVG,sulfonium,bistriflamides,1.5007
CCCC[P+](CCCC)(CCCC)CCCC.O=C([O-])C1CCCO1,1.0495741367340088,1.0037000179290771,GCzEh,phosphonium,carboxylates,1.0037
Cn1cc[n+](CCO)c1.O=C([O-])C(F)(F)F,1.34699285030365,1.3664000034332275,GGKwu,imidazolium,carboxylates,1.3664
CCn1cc[n+](C)c1.COCCOCCOS(=O)(=O)[O-],1.2203989028930664,1.2365000247955322,GGdhL,imidazolium,sulfates,1.2365
C=CC[n+]1ccn(CCC#N)c1.N#C[S-],1.1832510232925415,1.1620999574661257,GHncQ,imidazolium,inorganics,1.1621
OCC[NH2+]c1ccccc1.CCCCC(=O)[O-],1.0669355392456057,1.0388000011444092,GIkTg,ammonium,carboxylates,1.0388
CC[n+]1cccc(C)c1.O=S(=O)(F)[N-]S(=O)(=O)F,1.398655891418457,1.407099962234497,GQfTE,pyridinium,bistriflamides,1.4071
CCCCCC[n+]1cc[nH]c1.O=S(=O)([N-]S(=O)(=O)C(F)(F)F)C(F)(F)F,1.370100021362305,1.402400016784668,GSPKn,imidazolium,bistriflamides,1.4024
CCC[n+]1ccn(C)c1.CCC(=O)[O-],1.1049628257751465,1.0526000261306765,GXimO,imidazolium,carboxylates,1.0526
CC[n+]1ccn(C)c1.N#Cc1ccc[n-]1,1.102583646774292,1.0855000019073486,GgbTb,imidazolium,cyclic amides,1.0855
C=CC[N+](C)(C)CC.N#C[N-]C#N,1.0444371700286863,1.0097999572753906,Ghuyj,ammonium,amides,1.0098
CC[N+](C)(C)CCOC.O=S(=O)([N-]S(=O)(=O)C(F)(F)F)C(F)(F)F,1.4139373302459717,1.4500000476837158,GkfZF,ammonium,bistriflamides,1.45
CCCC[S+]1CCCC1.N#C[N-]C#N,1.099782109260559,1.0980000495910645,GmErA,cyclic sulfonium,amides,1.098
CCc1cccc[n+]1CC.CCOS(=O)(=O)[O-],1.1973260641098022,1.2201999425888062,GsETI,pyridinium,sulfates,1.2202
Cc1cc(C)[n+](-c2ccc(Cl)cc2)n1C.CS(=O)(=O)[O-],1.2817769050598145,1.3046000003814695,GtJVi,pyrazolium,sulfonates,1.3046
CCCCCCCCn1cc[n+](C)c1.N#C[S-],1.0429601669311523,1.0353000164031982,HAjwg,imidazolium,inorganics,1.0353
CC[n+]1cccc(C)c1.O=C([O-])C(F)(F)C(F)(F)C(F)(F)C(F)(F)F,1.4295525550842283,1.45360004901886,HDLri,pyridinium,carboxylates,1.4536
CCCCCCCCCCCCCC[P+](CCCCCC)(CCCCCC)CCCCCC.FC(F)(F)C(F)(F)[P-](F)(F)(F)(C(F)(F)C(F)(F)F)C(F)(F)C(F)(F)F,1.1639615297317505,1.1959999799728394,HIFzi,phosphonium,phosphates,1.196
CCn1cc[n+](CC)c1.CCOS(=O)(=O)[O-],1.1864248514175415,1.2034000158309937,HJVqz,imidazolium,sulfates,1.2034
CC[n+]1ccn(C)c1.N#C[S-],1.131121039390564,1.116000056266785,HJlja,imidazolium,inorganics,1.116
CCCCCCCCCCCCCC[P+](CCCCCC)(CCCCCC)CCCCCC.O=S(=O)([N-]S(=O)(=O)C(F)(F)F)C(F)(F)F,1.0729058980941772,1.066100001335144,HJybd,phosphonium,bistriflamides,1.0660999999999998
CC[N+]1(C)CCCC1.CC(=O)[O-],1.0798813104629517,1.0644999742507937,HKUpt,pyrrolidinium,carboxylates,1.0645
CCCC[n+]1ccn(CCC#N)c1.[Cl-],1.1372511386871338,1.1294000148773191,HKrxv,imidazolium,inorganics,1.1294000000000002
CCCCCC[N+](CC)(CC)CC.O=S(=O)([N-]S(=O)(=O)C(F)(F)F)C(F)(F)F,1.2659703493118286,1.2920000553131104,HMMQf,ammonium,bistriflamides,1.292
CCCC[N+](C)(CC)CC.O=S(=O)([N-]S(=O)(=O)C(F)(F)F)C(F)(F)F,1.325209617614746,1.3799999952316284,HOEGu,ammonium,bistriflamides,1.38
Cn1cc[n+](CCO)c1.O=S(=O)([N-]S(=O)(=O)C(F)(F)F)C(F)(F)F,1.496716022491455,1.5750000476837158,HPhbl,imidazolium,bistriflamides,1.575
C=CC[n+]1ccn(C=C)c1.[Br-],1.196971416473389,1.2100000381469729,HQWgD,imidazolium,inorganics,1.21
CC(C)[n+]1ccn(C)c1.O=S(=O)([N-]S(=O)(=O)C(F)(F)C(F)(F)F)C(F)(F)C(F)(F)F,1.508592128753662,1.551300048828125,HQcZF,imidazolium,bistriflamides,1.5513
CCCC[n+]1ccsc1.O=S(=O)([N-]S(=O)(=O)C(F)(F)F)C(F)(F)F,1.4564963579177856,1.5140000581741333,HSFya,thiazolium,bistriflamides,1.514
CCCCCC[n+]1ccn(C)c1.CC(O)C(N)C(=O)[O-],1.0943567752838137,1.083359956741333,HUUoe,imidazolium,carboxylates,1.08336
CCCCCCCC[P+](CC)(CC)CC.N#Cc1ccc2cn[n-]c2c1,1.0460164546966553,1.0130000114440918,HXoIa,phosphonium,cyclic amides,1.013
CCCCCC[N+]1(C)CCCCC1.O=S(=O)([N-]S(=O)(=O)C(F)(F)F)C(F)(F)F,1.288968563079834,1.3253999948501587,Hcdoh,piperidinium,bistriflamides,1.3254
CCCC[n+]1ccn(C)c1.O=[N+]([O-])[O-],1.1555495262145996,1.152999997138977,HcfxF,imidazolium,inorganics,1.153
CCCC[P+](CCCC)(CCCC)CCCC.O=S(=O)([O-])CC(O)CNC1CCCCC1,1.0406564474105835,1.0311000347137451,HdxCK,phosphonium,sulfonates,1.0311
CC[N+](C)(C)CCO.CCOS(=O)(=O)[O-],1.1667847633361816,1.1256999969482422,HgQgu,ammonium,sulfates,1.1257
OCCC[n+]1ccccc1.N#C[N-]C#N,1.1783615350723269,1.1710000038146973,HiFLV,pyridinium,amides,1.171
C[NH2+]CCO.CCCCC(=O)[O-],1.0381345748901367,1.01629376411438,HkngG,ammonium,carboxylates,1.01629375
CCCCCCCC[P+](CC)(CC)CC.O=S(=O)([N-]S(=O)(=O)C(F)(F)C(F)(F)F)C(F)(F)C(F)(F)F,1.297151803970337,1.320199966430664,HlZQX,phosphonium,bistriflamides,1.3202
CCCC[N+]1(C)CCCCC1.O=S(=O)([N-]S(=O)(=O)C(F)(F)F)C(F)(F)F,1.3322898149490356,1.3795599937438965,HnrNN,piperidinium,bistriflamides,1.37956
CCCC[n+]1ccn(C)c1.N#C[C-](C#N)C#N,1.0741645097732544,1.0466599464416504,HoHDh,imidazolium,methanides,1.04666
CCCCCCCC[P+](CCCC)(CCCC)CCCC.FC(F)(F)C(F)(F)[P-](F)(F)(F)(C(F)(F)C(F)(F)F)C(F)(F)C(F)(F)F,1.2829784154891968,1.2999999523162842,HqLEb,phosphonium,phosphates,1.3
CCCC[n+]1ccccc1.O=S(=O)([O-])C(F)(F)F,1.2751593589782717,1.314329981803894,HqONL,pyridinium,sulfonates,1.31433
CC[n+]1ccn(C)c1.CC(=O)[O-],1.1224308013916016,1.1039999723434448,HrVSB,imidazolium,carboxylates,1.104
C[n+]1ccn(CCCC#N)c1.O=S(=O)([N-]S(=O)(=O)C(F)(F)F)C(F)(F)F,1.4709938764572144,1.5146000385284424,HtBvc,imidazolium,bistriflamides,1.5146
CCCCCCCCOC[N+](C)(C)CCO.O=S(=O)([N-]S(=O)(=O)C(F)(F)F)C(F)(F)F,1.2714639902114868,1.284000039100647,HvuJn,ammonium,bistriflamides,1.284
CC(C)[N+](C)(C)CCO.O=S(=O)([N-]S(=O)(=O)C(F)(F)F)C(F)(F)F,1.417793869972229,1.4800000190734863,Hvwsl,ammonium,bistriflamides,1.48
CCCCCCCCn1cc[n+](C)c1.FC(F)(F)C(F)(F)[P-](F)(F)(F)(C(F)(F)C(F)(F)F)C(F)(F)C(F)(F)F,1.45513653755188,1.496880054473877,Hvxfh,imidazolium,phosphates,1.4968800000000002
CCCC[P+](CCCC)(CCCC)CCCN.CC(N)C(=O)[O-],1.0079023838043213,0.9868000149726868,Hvzkx,phosphonium,carboxylates,0.9868
CC[n+]1ccn(C)c1.NCC(=O)[O-],1.164827585220337,1.1610000133514404,HxAvJ,imidazolium,carboxylates,1.161
CCCn1cc[n+](C)c1.N#C[N-]C#N,1.1027218103408811,1.0769000053405762,HxLXQ,imidazolium,amides,1.0769000000000002
CCCCC[P+](CC)(CC)CC.O=S(=O)([N-]S(=O)(=O)C(F)(F)F)C(F)(F)F,1.2917815446853638,1.3020000457763672,HxinI,phosphonium,bistriflamides,1.302
CCCCn1cc[n+](CCCC)c1.[Br-],1.1995325088500977,1.1937999725341797,HxoGn,imidazolium,inorganics,1.1938
CCCCCC[n+]1ccn(CCC#N)c1.O=S(=O)([O-])C(F)(F)F,1.270833134651184,1.2856999635696411,ICRbZ,imidazolium,sulfonates,1.2857
CC(C)C[n+]1ccn(C)c1.O=S(=O)([N-]S(=O)(=O)C(F)(F)F)C(F)(F)F,1.4137040376663208,1.437199950218201,IFRiG,imidazolium,bistriflamides,1.4372
CCCCCCCCCCCCCC[P+](CCCCCC)(CCCCCC)CCCCCC.N#C[N-]C#N,0.9372842311859132,0.8999000191688538,IIBMU,phosphonium,amides,0.8998999999999999
CCCCC[n+]1ccn(C)c1.O=C([O-])O,1.1521202325820925,1.141800045967102,IIFVH,imidazolium,carboxylates,1.1418
C[N+](C)(C)CCO.O=C([O-])C1CCCC1,1.104353427886963,1.0895999670028689,IIUJx,ammonium,carboxylates,1.0896
CCCC[n+]1ccc(C)cc1.O=S(=O)([O-])C(F)(F)F,1.2314701080322266,1.1699999570846558,ILRPn,pyridinium,sulfonates,1.17
CCC(O)=[N+](C)C.O=S(=O)([N-]S(=O)(=O)C(F)(F)F)C(F)(F)F,1.4636602401733398,1.520300030708313,ILwbl,amidium,bistriflamides,1.5203
Cn1cc[n+](CC(CBr)N=[N+]=[N-])c1.[Br-],1.2992655038833618,1.2899999618530271,INguo,imidazolium,inorganics,1.29
CCCn1cc[n+](C)c1.O=P([O-])(O)O,1.1858174800872805,1.1955000162124634,IQtEM,imidazolium,organic phosphates,1.1955
CCCCCCCC[N+](C)(CCCCCCCC)CCCCCCCC.CCCCC(CC)CCC(=O)[O-],0.9346325397491456,0.8899999856948853,IRQlH,ammonium,carboxylates,0.89
Cn1cc[n+](CC#N)c1.O=S(=O)([N-]S(=O)(=O)C(F)(F)F)C(F)(F)F,1.545889139175415,1.6083500385284424,IXkvC,imidazolium,bistriflamides,1.60835
CCCC[P+](CCCC)(CCCC)CCCC.O=S(=O)([O-])CCN(CCO)CCO,1.0737277269363403,1.0609999895095823,IYeaE,phosphonium,sulfonates,1.061
CCCC[n+]1ccn(C)c1.O=C([O-])O,1.1597623825073242,1.157099962234497,IZjGU,imidazolium,carboxylates,1.1571
CCCCCCCC[P+](CC)(CC)CC.Ic1cc[n-]n1,1.2511608600616455,1.2519999742507937,IbCmQ,phosphonium,cyclic amides,1.252
CC[n+]1cccc(C)c1.CCOS(=O)(=O)[O-],1.2049272060394287,1.2196099758148191,Icddd,pyridinium,sulfates,1.21961
Cc1cc(C)[nH+]c(C)c1.O=C[O-],1.0527114868164062,1.0210000276565552,IfjQw,pyridinium,carboxylates,1.021
CCCCCCCC[N+](C)(CCCCCCCC)CCCCCCCC.O=C([O-])C(F)(F)F,1.0210309028625488,0.9660000205039978,IhAsq,ammonium,carboxylates,0.966
O=S(=O)(O)n1cc[n+](S(=O)(=O)O)c1.O=C([O-])C(F)(F)F,1.5633339881896973,1.6200000047683716,IkpLk,imidazolium,carboxylates,1.62
CCCCCCCC[n+]1ccn(C)c1.O=S(=O)([O-])O,1.264496088027954,1.3799999952316284,IlshM,imidazolium,sulfates,1.38
CCCCCC[N+](CCCCCC)=C(N(C)C)N(C)C.N#C[C-](C#N)C#N,0.9948963522911072,0.9560999870300292,IoeKE,guanidinium,methanides,0.9561
CCCCCCCCCC[n+]1ccn(CCC#N)c1.O=C([O-])c1cccc(S(=O)(=O)O)c1,1.1608803272247314,1.1334999799728394,IohUp,imidazolium,carboxylates,1.1335
CCCCCCCC[P+](CC)(CC)CC.Cc1ncc([N+](=O)[O-])[n-]1,1.0521198511123655,1.028599977493286,IojUH,phosphonium,cyclic amides,1.0286
C[NH2+]CCO.CC(C)C(=O)[O-],1.0744850635528564,1.04344379901886,Ipjhi,ammonium,carboxylates,1.04344375
CCCC[n+]1ccn(CCC(C)C)c1.O=S(=O)([N-]S(=O)(=O)C(F)(F)F)C(F)(F)F,1.2873367071151731,1.3186999559402466,ItrFy,imidazolium,bistriflamides,1.3187
CCCCn1cc[n+](CCC#N)c1.N#C[S-],1.149203181266785,1.1605000495910645,IyGHc,imidazolium,inorganics,1.1605
c1c[nH+]c[nH]1.CCCCCCCC(=O)[O-],1.0132074356079102,0.9869999885559082,IyWhT,imidazolium,carboxylates,0.987
OCC[NH2+]CCO.O=C[O-],1.2074085474014282,1.194125056266785,IzgIC,ammonium,carboxylates,1.194125
CCCC[N+]1(C)CCOCC1.CC(=O)NC(CC(C)C)C(=O)[O-],1.0841490030288696,1.069000005722046,JAjvm,morpholinium,carboxylates,1.069
CCCCn1cc[n+](C)c1C.FC(F)(F)C(F)(F)[P-](F)(F)(F)(C(F)(F)C(F)(F)F)C(F)(F)C(F)(F)F,1.507394313812256,1.598399996757507,JCkPy,imidazolium,phosphates,1.5984
CCCCCC[n+]1ccc(C#N)cc1.O=S(=O)([N-]S(=O)(=O)C(F)(F)F)C(F)(F)F,1.3663840293884275,1.406999945640564,JFWMe,pyridinium,bistriflamides,1.407
CCCCCCCC[n+]1ccccc1.O=S(=O)([N-]S(=O)(=O)C(F)(F)F)C(F)(F)F,1.3111692667007446,1.326799988746643,JHQjF,pyridinium,bistriflamides,1.3268
CCCCCCCC[P+](CCCC)(CCCC)CCCC.O=C1C=C([O-])c2ccccc21,1.0100315809249878,0.984499990940094,JIzay,phosphonium,carboanions,0.9845
CCC[N+]1(C)CCCC1.O=S(=O)([N-]S(=O)(=O)C(F)(F)F)C(F)(F)F,1.3800342082977295,1.3600000143051147,JJFuE,pyrrolidinium,bistriflamides,1.36
C=CC[n+]1ccn(C)c1.O=C([O-])CO,1.1821539402008057,1.1890000104904177,JMWhO,imidazolium,carboxylates,1.189
CCCCCn1cc[n+](C)c1.O=S(=O)([N-]S(=O)(=O)C(F)(F)F)C(F)(F)F,1.3786135911941528,1.4103000164031982,JSgdo,imidazolium,bistriflamides,1.4103
CCCC[N+]1(C)CCCC1.[Br-],1.226886510848999,1.2211999893188477,JTeGa,pyrrolidinium,inorganics,1.2212
N#CC[P+](c1ccccc1)(c1ccccc1)c1ccccc1.C=CC(=O)NC(C)(C)CS(=O)(=O)[O-],1.28099262714386,1.23989999294281,JTfCB,phosphonium,sulfonates,1.2399
CCCC[N+](C)(CCCC)CCCC.O=S(=O)([N-]S(=O)(=O)C(F)(F)F)C(F)(F)F,1.2473491430282593,1.2627999782562256,JUfvR,ammonium,bistriflamides,1.2628
COCCOCC[n+]1ccn(C)c1.F[P-](F)(F)(F)(F)F,1.3270214796066284,1.3200000524520874,JWAxB,imidazolium,phosphates,1.32
CC[S+](CC)CC.O=S(=O)([N-]S(=O)(=O)C(F)(F)F)C(F)(F)F,1.402428150177002,1.4607000350952148,JWMab,sulfonium,bistriflamides,1.4607
CC[n+]1ccn(C)n1.CC(=O)[O-],1.1518919467926023,1.1460000276565552,JWfkP,triazolium,carboxylates,1.146
CC[NH+](CC)CC.O=S(=O)([O-])O,1.1678205728530884,1.1428899765014648,JZzQt,ammonium,sulfates,1.1428900000000002
Cn1cc[n+](Cc2ccccc2)c1.O=S(=O)([N-]S(=O)(=O)C(F)(F)F)C(F)(F)F,1.4429643154144287,1.491000056266785,JblTg,imidazolium,bistriflamides,1.491
C=C[n+]1ccn(CCCC)c1.NCCCCC(N)C(=O)[O-],1.08289897441864,1.0967999696731567,JfKlO,imidazolium,carboxylates,1.0968
CCCC[P+](CC)(CCCC)CCCC.CCOP(=O)([O-])OCC,1.029797911643982,1.0083999633789062,Jfbii,phosphonium,organic phosphates,1.0084
C[NH+](C)C.CC(=O)[O-],1.0833686590194702,1.0537999868392944,JphIx,ammonium,carboxylates,1.0537999999999998
C=CC[n+]1ccn(C)c1.[Cl-],1.1572425365447998,1.1509000062942505,JrQRH,imidazolium,inorganics,1.1509
CCCC[n+]1ccn(C)c1.[Cl-],1.0977532863616943,1.0750000476837158,JvWRK,imidazolium,inorganics,1.075
C[N+](C)(CCO)CCO.CS(=O)(=O)[O-],1.2821217775344849,1.298200011253357,JxBos,ammonium,sulfonates,1.2982
CCCC[N+]1(C)CCOCC1.CCCCO[PH](=O)[O-],1.1160683631896973,1.1187000274658203,JxtjO,morpholinium,organic phosphates,1.1187
COCC[N+]1(C)CCCC1.O=S(=O)([N-]S(=O)(=O)C(F)(F)F)C(F)(F)F,1.4069530963897705,1.4536999464035034,JxumJ,pyrrolidinium,bistriflamides,1.4537
CC[n+]1ccn(C)c1.CCOP(=O)([O-])OCC,1.120510816574097,1.1449999809265137,KBIrD,imidazolium,organic phosphates,1.145
CCCC[P+](CCCC)(CCCC)CCC(F)(F)C(F)(F)C(F)(F)C(F)(F)C(F)(F)C(F)(F)F.FC(F)(F)C(F)(F)[P-](F)(F)(F)(C(F)(F)C(F)(F)F)C(F)(F)C(F)(F)F,1.4365077018737793,1.4919999837875366,KEVuL,phosphonium,phosphates,1.492
CCCCCCCC[n+]1ccn(CCC#N)c1.CCCCCCCCCCOS(=O)(=O)[O-],1.0915725231170654,1.0816999673843384,KEpUO,imidazolium,sulfates,1.0817
CCCCCCCC[P+](CC)(CC)CC.Brc1cccc2[n-]ncc12,1.1583844423294067,1.156000018119812,KFDIu,phosphonium,cyclic amides,1.156
CCCCn1c(C)cc(C)[n+]1-c1ccccc1.CS(=O)(=O)[O-],1.1670523881912231,1.1862000226974487,KFwHA,pyrazolium,sulfonates,1.1862
CCCC[n+]1ccc(C)cc1.N#C[C-](C#N)C#N,1.0581066608428955,1.0367000102996826,KGixO,pyridinium,methanides,1.0367
CCCC[n+]1ccn(C)c1.[O-][Cl+3]([O-])([O-])[O-],1.2500951290130615,1.2526999711990356,KQPVj,imidazolium,inorganics,1.2527
CCCCCCCCn1cc[n+](C)c1.O=S(=O)([O-])C(F)(F)C(F)(F)C(F)(F)C(F)(F)F,1.312049150466919,1.3300000429153442,KSCCB,imidazolium,sulfonates,1.33
Cc1ccc(-[n+]2c(C)cc(C)n2C)cc1.CS(=O)(=O)[O-],1.1953504085540771,1.2236000299453735,KXNGq,pyrazolium,sulfonates,1.2235999999999998
CCCCCC[n+]1ccn(C)c1.[I-],1.3470555543899536,1.38100004196167,KXUXc,imidazolium,inorganics,1.381
Cn1cc[n+](Cc2ccccc2)c1.[Cl-],1.184823751449585,1.1928000450134275,KYxIe,imidazolium,inorganics,1.1928
CC[N+](C)(C)CCOC(C)=O.O=S(=O)([N-]S(=O)(=O)C(F)(F)F)C(F)(F)F,1.4211325645446775,1.4586999416351318,KfGuz,ammonium,bistriflamides,1.4587
COCC[n+]1ccn(C)c1.F[P-](F)(F)(F)(F)F,1.367436408996582,1.399999976158142,KmVLL,imidazolium,phosphates,1.4
C=C[n+]1ccn(CCCC)c1.N=C(N)NCCCC(N)C(=O)[O-],1.1863328218460083,1.2038999795913696,KniLw,imidazolium,carboxylates,1.2039000000000002
CCCC[n+]1ccn(C)c1.NCC(=O)[O-],1.101189136505127,1.1109000444412231,KoHOf,imidazolium,carboxylates,1.1109
CCC[N+]1(C)CCOCC1.CC(=O)NC(CC(C)C)C(=O)[O-],1.0943808555603027,1.0813000202178955,KoHpw,morpholinium,carboxylates,1.0813
CCCCCC[n+]1cc(C)cc(C)c1.O=S(=O)([N-]S(=O)(=O)C(F)(F)F)C(F)(F)F,1.3098928928375244,1.3281400203704834,KpihD,pyridinium,bistriflamides,1.32814
CC(C)CCC[n+]1ccn(C)c1.O=S(=O)([N-]S(=O)(=O)C(F)(F)F)C(F)(F)F,1.3554868698120115,1.3724000453948977,KrdoP,imidazolium,bistriflamides,1.3724
CCCCCC[NH+](CCCCCC)CCCCCC.CCCCCC(=O)[O-],0.8876733183860779,0.8461999893188477,KtVDx,ammonium,carboxylates,0.8462000000000001
CCCC[n+]1ccn(CCC#N)c1.O=S(=O)([O-])c1ccccc1,1.2403792142868042,1.236799955368042,LCIXZ,imidazolium,sulfonates,1.2368
COCC[N+]1(C)CCCC1.N#C[N-]C#N,1.1896789073944092,1.2089999914169312,LCJZi,pyrrolidinium,amides,1.209
Cn1cc[n+](CCO)c1.O=S(=O)([O-])C(F)(F)C(F)(F)C(F)(F)C(F)(F)F,1.56272554397583,1.6200000047683716,LFREc,imidazolium,sulfonates,1.62
CC(C)OC(=O)C1CCC[NH2+]1.CCCCCCCCCCCCOS(=O)(=O)[O-],1.0545802116394043,1.0468000173568726,LGFuK,pyrrolidinium,sulfates,1.0468
CCCCCCCCCCCCCC[P+](CCCCCC)(CCCCCC)CCCCCC.N#Cc1nc[n-]c1C#N,0.9405078291893004,0.919700026512146,LITgh,phosphonium,cyclic amides,0.9197
CCn1cc[n+](CC)c1.CCOP(=O)([O-])OCC,1.1180607080459597,1.1259599924087524,LNKXj,imidazolium,organic phosphates,1.12596
CC[n+]1ccn(C)c1.COP(=O)([O-])OC,1.2126528024673462,1.2178000211715698,LQCkw,imidazolium,organic phosphates,1.2178
CCCCCCCC[P+](CCCC)(CCCC)CCCC.[Cl-],0.9668257236480712,0.9243999719619752,LQvDI,phosphonium,inorganics,0.9244
CCCCCCCCCCCC[P+](CCCC)(CCCC)CCCC.c1c[n-]nn1,0.9343671202659608,0.911899983882904,LRNkx,phosphonium,cyclic amides,0.9119
CCCOC[N+](C)(C)CCOC(C)=O.O=S(=O)([N-]S(=O)(=O)C(F)(F)F)C(F)(F)F,1.367523431777954,1.3930000066757202,LSOQM,ammonium,bistriflamides,1.393
CCCC[n+]1ccc(C)cc1.O=S(=O)([N-]S(=O)(=O)C(F)(F)F)C(F)(F)F,1.3683791160583496,1.350000023841858,LUICt,pyridinium,bistriflamides,1.35
CC[N+]1(C)CCOCC1.CC(=O)NC(C)C(=O)[O-],1.1494280099868774,1.1507999897003174,LXdhB,morpholinium,carboxylates,1.1508
CCC[N+](C)(C)C.O=S(=O)([N-]S(=O)(=O)C(F)(F)F)C(F)(F)F,1.3813191652297974,1.4292999505996704,LaJyv,ammonium,bistriflamides,1.4293
Cc1cc(C)[n+](-c2ccccc2)n1C.CS(=O)(=O)[O-],1.218313694000244,1.246999979019165,LbZLh,pyrazolium,sulfonates,1.247
CCCCCCCCCOC[N+](C)(C)CCO.O=S(=O)([N-]S(=O)(=O)C(F)(F)F)C(F)(F)F,1.2529443502426147,1.2680000066757202,Lbpzf,ammonium,bistriflamides,1.268
CC[N+](C)(C)CCO.CC1(C)CC(OS(=O)(=O)[O-])CC(C)(C)N1[O],1.1590088605880735,1.141800045967102,LeCSl,ammonium,sulfates,1.1418
CCCCCCCCCCCCCC[P+](CCCCCC)(CCCCCC)CCCCCC.c1nnn[n-]1,0.9200797080993652,0.902400016784668,LgEbB,phosphonium,cyclic amides,0.9024
C=CC[N+](C)(C)CC.O=S(=O)([O-])C(F)(F)F,1.2622720003128052,1.2575000524520874,LhmfV,ammonium,sulfonates,1.2575
CCCC[NH+](CCCC)CCCC.O=S(=O)([N-]S(=O)(=O)C(F)(F)F)C(F)(F)F,1.2260230779647827,1.2407000064849854,LjNSd,ammonium,bistriflamides,1.2407
CCCCCCCC[NH+](CCCCCCCC)CCCCCCCC.O=C([O-])CCCCCCCCC(=O)O,0.9597607254981996,0.9257000088691713,LlZYR,ammonium,carboxylates,0.9257
CC[NH+](C(C)C)C(C)C.O=C[O-],1.0445462465286257,1.0140000581741333,LlcSN,ammonium,carboxylates,1.014
CCC[n+]1ccccc1.N#C[N-]C#N,1.1093451976776123,1.0901000499725342,LmPwS,pyridinium,amides,1.0900999999999998
CC[n+]1ccn(C)c1.c1c[n-]nn1,1.1328728199005127,1.1325000524520874,LoZrZ,imidazolium,cyclic amides,1.1324999999999998
CCCCCCCC[P+](CC)(CC)CC.O=S(=O)([N-]S(=O)(=O)C(F)(F)F)C(F)(F)F,1.2308472394943235,1.2441999912261963,Lqsyp,phosphonium,bistriflamides,1.2442
CCCCCCn1cc[n+](C)c1.FC(F)(F)C(F)(F)[P-](F)(F)(F)(C(F)(F)C(F)(F)F)C(F)(F)C(F)(F)F,1.5070085525512695,1.5570000410079956,LspHb,imidazolium,phosphates,1.557
CCCCCCCCCC[N+](CC)(CC)CC.O=S(=O)([N-]S(=O)(=O)C(F)(F)F)C(F)(F)F,1.189330816268921,1.2180999517440796,LwJQo,ammonium,bistriflamides,1.2181
Cn1cc[n+](CC(CBr)N=[N+]=[N-])c1.N#C[N-]C#N,1.2998648881912231,1.309999942779541,MAjmM,imidazolium,amides,1.31
CCOCCOCC[n+]1ccn(CC(C)(C)C)c1.O=S(=O)([N-]S(=O)(=O)C(F)(F)F)C(F)(F)F,1.3020613193511963,1.3207000494003296,MCOGl,imidazolium,bistriflamides,1.3207
CCC=C[n+]1ccn(C)c1C.O=[N+]([O-])c1cn[n-]c1,1.195323467254639,1.180799961090088,MDmPY,imidazolium,cyclic amides,1.1807999999999998
CCCC[n+]1ccn(C)c1.COP(=O)([O-])OC,1.1564736366271973,1.1578999757766724,MHhbw,imidazolium,organic phosphates,1.1579000000000002
CC[NH3+].CCCC(=O)[O-],0.9933032393455504,0.962000012397766,MKKph,ammonium,carboxylates,0.962
C[N+]1=C(O)CCC1.CCC(=O)[O-],1.04431414604187,1.0278600454330444,MMrfE,amidium,carboxylates,1.02786
CCCCCCCCn1cc[n+](C)c1.CCOS(=O)(=O)[O-],1.1011217832565308,1.1159000396728516,MPiQZ,imidazolium,sulfates,1.1159
CCCCn1cc[n+](C)c1.O=S(=O)(F)[N-]S(=O)(=O)F,1.325537919998169,1.357200026512146,MTGZz,imidazolium,bistriflamides,1.3572
CCCCCn1cc[n+](CCCC)c1.O=S(=O)([N-]S(=O)(=O)C(F)(F)F)C(F)(F)F,1.3011845350265503,1.317399978637695,MVftF,imidazolium,bistriflamides,1.3174
C[N+](C)(C)CCO.CCCCCC(=O)[O-],1.0400505065917969,1.0156999826431274,MXpjC,ammonium,carboxylates,1.0157
CCCCCCCCCCOC[N+](C)(C)CCO.O=S(=O)([N-]S(=O)(=O)C(F)(F)F)C(F)(F)F,1.2354594469070437,1.258999943733215,MeHqi,ammonium,bistriflamides,1.259
CCC[N+]1(C)CCOCC1.N#C[N-]C#N,1.1311897039413452,1.163699984550476,MeSQT,morpholinium,amides,1.1637
CCCCCCCC[P+](CCCC)(CCCC)CCCC.O=S(=O)([N-]S(=O)(=O)C(F)(F)F)C(F)(F)F,1.155327081680298,1.1619999408721924,MmUbI,phosphonium,bistriflamides,1.162
N#CCCC[n+]1ccccc1.O=S(=O)([N-]S(=O)(=O)C(F)(F)F)C(F)(F)F,1.4945807456970217,1.534000039100647,MscbA,pyridinium,bistriflamides,1.534
CCCCCCCC[N+]1(C)CCCC1.O=S(=O)([N-]S(=O)(=O)C(F)(F)F)C(F)(F)F,1.263206958770752,1.2910000085830688,MtCUZ,pyrrolidinium,bistriflamides,1.291
CCC[n+]1cn(C)cn1.O=[N+]([O-])[O-],1.2164570093154907,1.2367000579833984,MtNmd,triazolium,inorganics,1.2367
CCCCCC[n+]1ccn(C)c1.N#C[S-],1.0779448747634888,1.0568000078201294,MtaOz,imidazolium,inorganics,1.0568
CCCC[n+]1ccn(CC)c1.O=S(=O)([N-]S(=O)(=O)C(F)(F)F)C(F)(F)F,1.3629350662231443,1.4019999504089355,MwvMb,imidazolium,bistriflamides,1.402
CCCC[n+]1ccn(C)c1C.O=S(=O)([O-])O,1.185688853263855,1.2106000185012815,NCyWy,imidazolium,sulfates,1.2106
CCCn1cc[n+](C)c1C.O=S(=O)([N-]S(=O)(=O)C(F)(F)F)C(F)(F)F,1.4078309535980225,1.4539999961853027,NJpKM,imidazolium,bistriflamides,1.454
CCCCCCCCn1cc[n+](C)c1.COP(=O)([O-])OC,1.096389889717102,1.0821000337600708,NOHdo,imidazolium,organic phosphates,1.0820999999999998
C[n+]1ccn(CCCc2ccccc2)c1.O=S(=O)([N-]S(=O)(=O)C(F)(F)F)C(F)(F)F,1.401626467704773,1.4550000429153442,NPSzp,imidazolium,bistriflamides,1.455
CC1CCC(C(C)C)C(OCn2cc[n+](C)c2)C1.O=S(=O)([N-]S(=O)(=O)C(F)(F)F)C(F)(F)F,1.3112832307815552,1.3326300382614136,NVwGG,imidazolium,bistriflamides,1.3326300000000002
CCCCCC[N+]1(C)CCOCC1.O=S(=O)(F)[N-]S(=O)(=O)F,1.2795867919921875,1.2973999977111816,NXMSf,morpholinium,bistriflamides,1.2974
Cn1cc[n+](Cc2ccccc2)c1.N#C[N-]C#N,1.1605539321899414,1.1581000089645386,NXzRB,imidazolium,amides,1.1581
Cc1n(S(=O)(=O)O)cc[n+]1S(=O)(=O)O.O=C([O-])C(F)(F)F,1.5713238716125488,1.590000033378601,NYgae,imidazolium,carboxylates,1.59
CCCCCC[N+]1(CC)CCCC1.O=S(=O)([N-]S(=O)(=O)C(F)(F)F)C(F)(F)F,1.2806097269058228,1.3220000267028809,NZOMr,pyrrolidinium,bistriflamides,1.322
CCCC[P+](CC)(CC)CC.O=[N+]([O-])c1cn[n-]c1,1.099961280822754,1.0784000158309937,NbfBd,phosphonium,cyclic amides,1.0784
c1cc[n+](CC2CCCCC2)cc1.O=S(=O)([N-]S(=O)(=O)C(F)(F)F)C(F)(F)F,1.4003276824951172,1.42330002784729,NdgXQ,pyridinium,bistriflamides,1.4233
CCC[N+](C)(C)CC.O=S(=O)([N-]S(=O)(=O)C(F)(F)F)C(F)(F)F,1.3778146505355835,1.402999997138977,NjwjA,ammonium,bistriflamides,1.403
C[n+]1ccn(CCc2ccccc2)c1.O=S(=O)([N-]S(=O)(=O)C(F)(F)F)C(F)(F)F,1.423702597618103,1.4700000286102295,NoKVg,imidazolium,bistriflamides,1.47
CCC[n+]1ccn(C)c1.CC(=O)[O-],1.1053452491760254,1.0782999992370603,NpHHf,imidazolium,carboxylates,1.0783
C[N+](C)(C)CCO.O=C([O-])C1CCCCC1,1.1031304597854614,1.0678000450134275,NsPPX,ammonium,carboxylates,1.0678
CCCCCCCC[NH+](CCCCCCCC)CCCCCCCC.CCCCCC(=O)[O-],0.8670841455459595,0.8445000052452087,NtCFA,ammonium,carboxylates,0.8445
CCCCC[n+]1ccn(C)c1.N#C[N-]C#N,1.0605523586273191,1.0494999885559082,NvZzQ,imidazolium,amides,1.0495
CC[N+]1(C)CCOCC1.CCO[PH](=O)[O-],1.1687195301055908,1.1615999937057495,NvaWq,morpholinium,organic phosphates,1.1616
CCCCCCn1cc[n+](C)c1.N#C[C-](C#N)C#N,1.0431349277496338,1.019700050354004,Nwllu,imidazolium,methanides,1.0197
COCC[N+]1(C)CCOCC1.FC(F)(F)C(F)(F)[P-](F)(F)(F)(C(F)(F)C(F)(F)F)C(F)(F)C(F)(F)F,1.5678883790969849,1.6756999492645264,OFLar,morpholinium,phosphates,1.6757
CC[n+]1ccn(C)c1.O=C([O-])C1CCCN1,1.167086839675903,1.1550999879837036,OIQIo,imidazolium,carboxylates,1.1551
CCCCCC[n+]1ccn(C)c1C.O=S(=O)([N-]S(=O)(=O)C(F)(F)F)C(F)(F)F,1.319606065750122,1.3530999422073364,OIxOl,imidazolium,bistriflamides,1.3531
CCCC[n+]1cccc(C)c1.O=S(=O)([O-])C(F)(F)F,1.248237371444702,1.279770016670227,OKZRr,pyridinium,sulfonates,1.27977
CCCCCCCCCCCCCC[P+](CCCCCC)(CCCCCC)CCCCCC.O=S(=O)([O-])C(F)(F)C(F)(F)C(F)(F)C(F)(F)C(F)(F)C(F)(F)C(F)(F)C(F)(F)F,1.1595053672790527,1.1729999780654907,ONiWE,phosphonium,sulfonates,1.173
COCCOCC[n+]1ccn(C)c1.[Cl-],1.1444518566131592,1.1399999856948853,OQrJF,imidazolium,inorganics,1.14
CCCCCCC[n+]1ccccc1.O=S(=O)([N-]S(=O)(=O)C(F)(F)F)C(F)(F)F,1.33400559425354,1.354099988937378,OSdRH,pyridinium,bistriflamides,1.3541
C[N+](C)(C)CCO.NC(CO)C(=O)[O-],1.1994402408599854,1.2125999927520752,OUWxh,ammonium,carboxylates,1.2126
CCCCCCCCCCCCCC[P+](CCCCCC)(CCCCCC)CCCCCC.CC(=O)[O-],0.9444470405578612,0.8913000226020813,OWwml,phosphonium,carboxylates,0.8913
CCn1cc[n+](C)c1.NCCC(=O)[O-],1.1300175189971924,1.1469000577926636,OXqpg,imidazolium,carboxylates,1.1469
COCCn1cc[n+](C)c1.CCC(=O)[O-],1.1311439275741575,1.1094000339508057,OcULk,imidazolium,carboxylates,1.1094000000000002
CCCCCCCC[n+]1ccn(C)c1.O=S(=O)([O-])C(F)(F)F,1.1836527585983276,1.1888099908828735,OchDY,imidazolium,sulfonates,1.18881
CCn1cc[n+](C)c1.Nc1ncnc2nc[n-]c12,1.2378170490264893,1.2331199645996094,OcjIV,imidazolium,cyclic amides,1.23312
CCCCCCn1c[n+](C)cn1.O=S(=O)([N-]S(=O)(=O)C(F)(F)F)C(F)(F)F,1.369070291519165,1.399999976158142,OjckP,triazolium,bistriflamides,1.4
CCCCCCCn1cc[n+](CCCCCCC)c1.O=S(=O)([N-]S(=O)(=O)C(F)(F)F)C(F)(F)F,1.1981688737869265,1.225200057029724,Okkvt,imidazolium,bistriflamides,1.2252
C[N+]1(C)CCN(c2ccccc2)CC1.[I-],1.0469601154327393,1.006700038909912,OlQMX,piperazinium,inorganics,1.0067000000000002
C=CC[NH+](C)C.O=S(=O)([O-])C(F)(F)F,1.2884255647659302,1.3029999732971191,OlQQc,ammonium,sulfonates,1.303
CCCC[n+]1ccccc1.N#C[N-]C#N,1.07395339012146,1.0687999725341797,OnlaQ,pyridinium,amides,1.0688
CCCC[N+](C)(C)CC.CCOS(=O)(=O)[O-],1.1912999153137207,1.2080999612808228,OoNZC,ammonium,sulfates,1.2081
Cn1cc[n+](CC(Br)CN=[N+]=[N-])c1.[Br-],1.3232024908065796,1.340000033378601,OpXYU,imidazolium,inorganics,1.34
C[n+]1ccn(CCCc2ccccc2)c1.F[P-](F)(F)(F)(F)F,1.3815118074417114,1.406999945640564,OqMiA,imidazolium,phosphates,1.407
CCCCCCCCCC[n+]1cc[nH]c1.O=S(=O)([N-]S(=O)(=O)C(F)(F)F)C(F)(F)F,1.2657015323638916,1.287500023841858,OsKzO,imidazolium,bistriflamides,1.2875
Cc1ccc[n+](C)c1.COS(=O)(=O)[O-],1.2990596294403076,1.3025000095367432,OvGyv,pyridinium,sulfates,1.3025
CCCCCCCC[N+](C)(CCCCCCCC)CCCCCCCC.CCCCCCCCC=CCCCCCCCC(=O)[O-],0.9175918698310852,0.887499988079071,PAAoA,ammonium,carboxylates,0.8875
C[N+]1(CC(O)CO)CCCC1.O=S(=O)([N-]S(=O)(=O)C(F)(F)F)C(F)(F)F,1.456823229789734,1.6100000143051147,PDlkw,pyrrolidinium,bistriflamides,1.61
CCCCn1cc[n+](C)c1.CCC(=O)[O-],1.0663000345230105,1.034909963607788,PGbRF,imidazolium,carboxylates,1.03491
COCC[n+]1ccn(C)c1.O=S(=O)([N-]S(=O)(=O)C(F)(F)F)C(F)(F)F,1.459057331085205,1.5049999952316284,PKBGp,imidazolium,bistriflamides,1.505
CCOC(=O)C[n+]1ccn(C)c1.[Cl-],1.1711527109146118,1.1779999732971191,PQkXp,imidazolium,inorganics,1.178
Cn1cc[n+](C(C)(C)C)c1.O=S(=O)([N-]S(=O)(=O)C(F)(F)C(F)(F)F)C(F)(F)C(F)(F)F,1.4844757318496704,1.5252000093460083,PRKzF,imidazolium,bistriflamides,1.5252
CCCCCC[n+]1ccccc1.F[P-](F)(F)(F)(F)F,1.2475217580795288,1.25,PSIUe,pyridinium,phosphates,1.25
C=Cn1cc[n+](CC(CBr)N=[N+]=[N-])c1.N#C[N-]C#N,1.304771900177002,1.309999942779541,PStxD,imidazolium,amides,1.31
CCCCC[n+]1ccn(C)c1.CC(O)C(N)C(=O)[O-],1.1164495944976809,1.1010799407958984,PTADg,imidazolium,carboxylates,1.1010799999999998
CC[n+]1ccn(C)c1C.O=S(=O)([N-]S(=O)(=O)C(F)(F)F)C(F)(F)F,1.443636178970337,1.491000056266785,PbjxJ,imidazolium,bistriflamides,1.491
CCCCCCCC[N+](C)(CCCCCCCC)CCCCCCCC.[Cl-],0.9264799356460572,0.8880000114440918,PcQjW,ammonium,inorganics,0.888
CCCCn1cc[n+](CCC#N)c1.N#C[N-]C#N,1.1254295110702517,1.1200000047683716,PlcYy,imidazolium,amides,1.12
CC[n+]1ccsc1.O=S(=O)([O-])C(F)(F)F,1.4617571830749512,1.508999943733215,PqOMx,thiazolium,sulfonates,1.509
CCCCCCCCCC[N+](C)(C)C(C)C.O=S(=O)([N-]S(=O)(=O)C(F)(F)F)C(F)(F)F,1.1730457544326782,1.1799999475479126,PsniV,ammonium,bistriflamides,1.18
CCCCn1cc[n+](CC)c1.CCOP(=O)([O-])OCC,1.0928690433502195,1.083209991455078,PwHAh,imidazolium,organic phosphates,1.08321
CCCC[P+](CCCC)(CCCC)CCOC.O=S(=O)([N-]S(=O)(=O)C(F)(F)F)C(F)(F)F,1.21331787109375,1.2382999658584597,QHBIi,phosphonium,bistriflamides,1.2383
CCCCCC[n+]1ccn(C)c1.CCC(=O)[O-],1.026927471160889,1.007349967956543,QICZM,imidazolium,carboxylates,1.00735
CCCCn1cc[n+](C)c1.Cc1c[n-]c(=O)[nH]c1=O,1.1727161407470703,1.1637099981307983,QIlhI,imidazolium,amides,1.16371
CCC[N+]1(C)CCCC1.O=S(=O)(F)[N-]S(=O)(=O)F,1.312375783920288,1.3387000560760498,QJTjB,pyrrolidinium,bistriflamides,1.3387
CCCC[N+](C)(C)CCO.CC1(C)CC(OS(=O)(=O)[O-])CC(C)(C)N1[O],1.1287680864334106,1.1090999841690063,QXXHV,ammonium,sulfates,1.1091
CCCC[n+]1ccn(C)c1.CCCCCCCCOS(=O)(=O)[O-],1.0978317260742188,1.0679999589920044,QakhF,imidazolium,sulfates,1.068
CCCCCCCC[N+](CC)(CC)CC.O=S(=O)([N-]S(=O)(=O)C(F)(F)F)C(F)(F)F,1.2242028713226318,1.2492400407791138,QexuE,ammonium,bistriflamides,1.24924
C=CC[n+]1ccn(C)c1.CCCC(=O)[O-],1.078951120376587,1.062000036239624,QiIMo,imidazolium,carboxylates,1.062
Cn1cc[n+](CCCCS(=O)(=O)O)c1.O=S(=O)([O-])C(F)(F)F,1.4335482120513916,1.4781999588012695,QjoTm,imidazolium,sulfonates,1.4782000000000002
CCCC[N+](C)(CCCC)CCCC.NC(CO)C(=O)[O-],1.0590349435806274,1.0156999826431274,QmTec,ammonium,carboxylates,1.0157
CCCCCC[n+]1ccn(C)c1.O=[N+]([O-])c1cn[n-]c1,1.1339818239212036,1.1232999563217163,QmoSi,imidazolium,cyclic amides,1.1233
C[NH2+]CCO.CCC(=O)[O-],1.0890905857086182,1.0713437795639038,Qmsgg,ammonium,carboxylates,1.07134375
CCCCCC[N+]1(C)CCCC1.CCCCCCO[PH](=O)[O-],1.0385887622833252,1.0607000589370728,Qnskm,pyrrolidinium,organic phosphates,1.0607
CCN(CC)c1c(N(CC)CC)[c+]1N(CC)CC.O=S(=O)([N-]S(=O)(=O)C(F)(F)F)C(F)(F)F,1.269645094871521,1.2733999490737915,QosXR,cyclopropenium,bistriflamides,1.2734
C[n+]1ccn(Cc2ccc3ccccc3c2)c1.O=S(=O)([N-]S(=O)(=O)C(F)(F)F)C(F)(F)F,1.438759207725525,1.4819999933242798,QouAd,imidazolium,bistriflamides,1.482
CC[P+](CC)(CC)CCOC.O=S(=O)([N-]S(=O)(=O)C(F)(F)F)C(F)(F)F,1.3373922109603882,1.3747999668121338,QrUtU,phosphonium,bistriflamides,1.3748
CCn1cc[n+](C)c1.CC(O)C(=O)[O-],1.1486469507217407,1.1461000442504885,QsVEq,imidazolium,carboxylates,1.1461
CC(C)OC(=O)C([NH3+])C(C)C.CCCCCCCCCCCCOS(=O)(=O)[O-],1.0359392166137695,1.0261000394821167,QstjW,ammonium,sulfates,1.0261
CCCCCC[n+]1ccn(C)c1.O=S(=O)([O-])O,1.2742269039154053,1.3079999685287476,QxOuL,imidazolium,sulfates,1.308
C=CC[n+]1ccn(C)c1.O=C([O-])c1ccccc1,1.1548243761062622,1.14900004863739,QyZBp,imidazolium,carboxylates,1.149
CCCCn1cc[n+](C)c1.FC(F)(F)C(F)(F)[P-](F)(F)(F)(C(F)(F)C(F)(F)F)C(F)(F)C(F)(F)F,1.5486290454864502,1.625890016555786,RBbxu,imidazolium,phosphates,1.62589
C[n+]1ccn(CCO)c1.F[P-](F)(F)(F)(F)F,1.433456540107727,1.4800000190734863,REUVT,imidazolium,phosphates,1.48
CCn1cc[n+](C)c1.N#C[N-]S(=O)(=O)C(F)(F)F,1.3469862937927246,1.347000002861023,RFpOX,imidazolium,bistriflamides,1.347
COCC[NH3+].O=[N+]([O-])[O-],1.2402878999710083,1.2519999742507937,RJruV,ammonium,inorganics,1.252
CCCCCCCCCCn1cc[n+](CCC#N)c1.CCCCCCCCOC(=O)CC(C(=O)OCCCCCCCC)S(=O)(=O)[O-],1.0685865879058838,1.0357999801635742,RNwKr,imidazolium,sulfonates,1.0358
CCCCCCCCCCCCCC[P+](CCCCCC)(CCCCCC)CCCCCC.CCCCCCCC(=O)[O-],0.9219784140586852,0.8813999891281128,RQkjO,phosphonium,carboxylates,0.8814
CCCC[n+]1ccn(C)c1.NCCS(=O)(=O)[O-],1.1787798404693604,1.1921000480651855,RRKlg,imidazolium,sulfonates,1.1921
C[N+]1=C(O)CCC1.CCCCC(=O)[O-],1.0168193578720093,0.9900100231170654,RXldu,amidium,carboxylates,0.99001
COCC[n+]1ccccc1.N#C[N-]C#N,1.1638020277023315,1.152500033378601,RZkNs,pyridinium,amides,1.1525
CCCC[n+]1ccccc1.O=C([O-])C(F)(F)F,1.2559735774993896,1.2325999736785889,RekGW,pyridinium,carboxylates,1.2326
CCCCCC[n+]1cc(C)cc(C)c1CCCCC.O=S(=O)([N-]S(=O)(=O)C(F)(F)F)C(F)(F)F,1.2221245765686035,1.253469944000244,RhDpd,pyridinium,bistriflamides,1.25347
CC[N+]1(C)CCCC1.CCOP(=O)([O-])OCC,1.1242884397506714,1.1080000400543213,RiPCT,pyrrolidinium,organic phosphates,1.108
C[N+]1=C(O)CCC1.CCCC(=O)[O-],1.0397484302520752,1.0061099529266355,Rlgli,amidium,carboxylates,1.00611
CCCCC[N+](C)(C)CCO.O=S(=O)([N-]S(=O)(=O)C(F)(F)F)C(F)(F)F,1.3512392044067385,1.382789969444275,RmOQj,ammonium,bistriflamides,1.38279
CC[N+](C)(CCO)CCO.O=S(=O)([N-]S(=O)(=O)C(F)(F)F)C(F)(F)F,1.4542194604873655,1.5157500505447388,Romgi,ammonium,bistriflamides,1.51575
CCCCCCCc1cccc[n+]1CC.O=S(=O)([N-]S(=O)(=O)C(F)(F)F)C(F)(F)F,1.2904016971588137,1.3207999467849731,RpMpM,pyridinium,bistriflamides,1.3208
COC[P+](c1ccccc1)(c1ccccc1)c1ccccc1.C=CC(=O)NC(C)(C)CS(=O)(=O)[O-],1.2208328247070312,1.2181999683380127,RpuuD,phosphonium,sulfonates,1.2182
CCCCn1cc[n+](CCCC)c1.O=S(=O)([N-]S(=O)(=O)C(F)(F)F)C(F)(F)F,1.3025596141815186,1.3428000211715698,RqBAY,imidazolium,bistriflamides,1.3428
CCCCn1cc[n+](CCC#N)c1.CCCCCCCCCCCCOS(=O)(=O)[O-],1.105151653289795,1.1232000589370728,RrvTo,imidazolium,sulfates,1.1232
CC[n+]1ccn(C)c1.c1nnn[n-]1,1.161598563194275,1.1684999465942385,RuFFT,imidazolium,cyclic amides,1.1685
CCOCn1cc[n+](C)c1.O=S(=O)([N-]S(=O)(=O)C(F)(F)F)C(F)(F)F,1.445920467376709,1.5015000104904177,Rvzmr,imidazolium,bistriflamides,1.5015
CCC[n+]1ccn(C)c1.O=C([O-])O,1.1709167957305908,1.1655000448226929,RwGxJ,imidazolium,carboxylates,1.1655
CCCn1cc[n+](CC)c1.O=S(=O)([N-]S(=O)(=O)C(F)(F)F)C(F)(F)F,1.4170032739639282,1.45360004901886,RxVDN,imidazolium,bistriflamides,1.4536
CCCCCC[n+]1ccn(C)c1.O=S(=O)([O-])C(F)(F)F,1.2269946336746216,1.2396999597549438,SCOTN,imidazolium,sulfonates,1.2397
CCCCCCCCCCC[n+]1ccn(COC2CC(C)CCC2C(C)C)c1.O=S(=O)([N-]S(=O)(=O)C(F)(F)F)C(F)(F)F,1.1655720472335815,1.1827499866485596,SClFf,imidazolium,bistriflamides,1.18275
CCCCCCCCn1cc[n+](CCC#N)c1.[Cl-],1.0718481540679932,1.0427000522613523,SDDKZ,imidazolium,inorganics,1.0427
CCCC[NH3+].CC(=O)[O-],0.9803683757781982,0.9559999704360962,SFJOl,ammonium,carboxylates,0.956
COCCn1cc[n+](C)c1.N#C[S-],1.1710258722305298,1.177299976348877,SFevs,imidazolium,inorganics,1.1773
CC[N+]1(C)CCCCC1.CCOS(=O)(=O)[O-],1.183193922042847,1.1813000440597534,SJICz,piperidinium,sulfates,1.1813
COC[n+]1ccn(C)c1.O=S(=O)([N-]S(=O)(=O)C(F)(F)F)C(F)(F)F,1.5174025297164917,1.551200032234192,SMmxC,imidazolium,bistriflamides,1.5512
CCCC[N+](C)(C)CCO.O=S(=O)([N-]S(=O)(=O)C(F)(F)F)C(F)(F)F,1.375428318977356,1.4153000116348269,SPtLD,ammonium,bistriflamides,1.4153
CCCCCCCCCCCCCC[P+](CCCCCC)(CCCCCC)CCCCCC.[Br-],0.993522882461548,0.9552000164985656,SQDhx,phosphonium,inorganics,0.9552
CCCCC[N+](C)(C)CC.O=S(=O)([N-]S(=O)(=O)C(F)(F)F)C(F)(F)F,1.3185054063796997,1.3414000272750854,SQhPU,ammonium,bistriflamides,1.3414
CCCCc1cccc[n+]1CC.O=S(=O)([N-]S(=O)(=O)C(F)(F)F)C(F)(F)F,1.3610475063323977,1.40910005569458,SSdyj,pyridinium,bistriflamides,1.4091
CCCCCC[n+]1ccn(C)c1.O=[N+]([O-])[O-],1.1299253702163696,1.1174999475479126,STJIR,imidazolium,inorganics,1.1175
CCCCCCCCn1cc[n+](C)c1.COCCOCCOS(=O)(=O)[O-],1.121153712272644,1.1166000366210938,SVIdl,imidazolium,sulfates,1.1165999999999998
CCCCCCCC[NH+](CCCCCCCC)CCCCCCCC.O=C([O-])CCCCC(=O)O,0.9636134505271912,0.9448000192642212,SXyez,ammonium,carboxylates,0.9448
CCCCCCCC[n+]1ccn(C)c1.O=S(=O)([N-]S(=O)(=O)C(F)(F)C(F)(F)F)C(F)(F)C(F)(F)F,1.3753944635391235,1.3959699869155884,SZHDK,imidazolium,bistriflamides,1.39597
CCCC[N+]1(C)CCCC1.COS(=O)(=O)[O-],1.1722701787948608,1.1670000553131104,SZokS,pyrrolidinium,sulfates,1.167
CCCCCCCCCCCCCC[P+](CCCC)(CCCC)CCCC.CCCCCCCCCCCCc1ccccc1S(=O)(=O)[O-],0.9892648458480836,0.9556000232696532,SdScb,phosphonium,sulfonates,0.9556
CC[n+]1ccccc1.O=S(=O)(F)[N-]S(=O)(=O)F,1.4374191761016846,1.4586999416351318,ShaXP,pyridinium,bistriflamides,1.4587
CCCC[n+]1ccccc1.O=S(=O)(F)[N-]S(=O)(=O)F,1.3396430015563965,1.36899995803833,SjWKa,pyridinium,bistriflamides,1.369
CCCCC[n+]1ccccc1.O=S(=O)([N-]S(=O)(=O)C(F)(F)F)C(F)(F)F,1.3943508863449097,1.4210000038146973,SjmKl,pyridinium,bistriflamides,1.421
Cn1cc[n+](Cc2ccccc2)c1.COS(=O)(=O)[O-],1.193514108657837,1.184599995613098,SnItN,imidazolium,sulfates,1.1846
CCc1n(S(=O)(=O)O)cc[n+]1S(=O)(=O)O.O=C([O-])C(F)(F)F,1.536323070526123,1.559999942779541,Ssjvb,imidazolium,carboxylates,1.56
CCC[n+]1ccccc1.O=S(=O)([O-])C(F)(F)F,1.3544318675994873,1.371999979019165,TMDqJ,pyridinium,sulfonates,1.372
CCOCCOCC[n+]1ccn(CCC(C)C)c1.O=S(=O)([N-]S(=O)(=O)C(F)(F)F)C(F)(F)F,1.290649652481079,1.3198000192642212,TMENU,imidazolium,bistriflamides,1.3198
C=C[n+]1ccn(CCCCCCCC)c1.[Br-],1.1539374589920044,1.1720999479293823,TNehe,imidazolium,inorganics,1.1721
CCCC[n+]1ccn(CC)c1.O=C([O-])C(F)(F)F,1.199198603630066,1.1829999685287476,TTSvs,imidazolium,carboxylates,1.183
CCCCCC[n+]1ccn(C)c1.COP(=O)([O-])OC,1.1219794750213623,1.1160999536514282,TYisS,imidazolium,organic phosphates,1.1161
CCCCCC[n+]1ccccc1.O=S(=O)(F)[N-]S(=O)(=O)F,1.299286127090454,1.301900029182434,TdXQq,pyridinium,bistriflamides,1.3019
c1ccc(C[P+](c2ccccc2)(c2ccccc2)c2ccccc2)cc1.C=CC(=O)NC(C)(C)CS(=O)(=O)[O-],1.2190937995910645,1.231899976730347,ToafK,phosphonium,sulfonates,1.2319
CC[n+]1ccn(C)c1.CCCCCCCCCCOS(=O)(=O)[O-],1.1001322269439695,1.1007000207901,TryyA,imidazolium,sulfates,1.1007
CCCn1cc[n+](C)c1.[I-],1.4884531497955322,1.5470999479293823,TxIPV,imidazolium,inorganics,1.5471
COCCCC[n+]1ccn(C)c1.[Cl-],1.1196038722991943,1.1208000183105469,UAIKH,imidazolium,inorganics,1.1208
CCCCCC[NH+](CCCCCC)CCCCCC.CCCCCCCC(=O)[O-],0.880968451499939,0.847599983215332,UDSsY,ammonium,carboxylates,0.8476
COCC[N+]1(C)CCOCC1.O=S(=O)([N-]S(=O)(=O)C(F)(F)F)C(F)(F)F,1.428899884223938,1.5002000331878662,UIWSt,morpholinium,bistriflamides,1.5002
CCn1cc[n+](C)c1.CCCCOS(=O)(=O)[O-],1.1628361940383911,1.1756999492645264,UKido,imidazolium,sulfates,1.1757
CC[n+]1ccn(C)c1.NCCS(=O)(=O)[O-],1.258328199386597,1.2519999742507937,ULfgW,imidazolium,sulfonates,1.252
CC[n+]1cccc(C)c1.O=S(=O)([N-]S(=O)(=O)C(F)(F)F)C(F)(F)F,1.4611753225326538,1.4885400533676147,UMCmx,pyridinium,bistriflamides,1.48854
CCn1cc[n+](CC)c1.O=S(=O)([N-]S(=O)(=O)C(F)(F)F)C(F)(F)F,1.4379475116729736,1.47599995136261,USsln,imidazolium,bistriflamides,1.476
CC[n+]1ccccc1.O=S(=O)([O-])C(F)(F)F,1.3880012035369873,1.4048000574111938,UUfff,pyridinium,sulfonates,1.4048
c1ccc(Cn2cc[n+](Cc3ccccc3)c2)cc1.O=S(=O)([N-]S(=O)(=O)C(F)(F)F)C(F)(F)F,1.416414499282837,1.434000015258789,UUqmm,imidazolium,bistriflamides,1.434
CCCCC[N+]1(C)CCCCC1.O=S(=O)([N-]S(=O)(=O)C(F)(F)F)C(F)(F)F,1.306632399559021,1.3501299619674685,UVpmX,piperidinium,bistriflamides,1.35013
CCCCCCCC[N+](CCCCCCCC)(CCCCCCCC)CCCCCCCC.CCCCCCCCC=CCCCCCCCC(=O)[O-],0.9135185480117798,0.8752999901771545,UWMaZ,ammonium,carboxylates,0.8753
CCCC[NH3+].O=C[O-],1.0183409452438354,0.973800003528595,UaXDc,ammonium,carboxylates,0.9738
CCCCCC[N+](C)(C)C(C)C.O=S(=O)([N-]S(=O)(=O)C(F)(F)F)C(F)(F)F,1.265674114227295,1.2899999618530271,UcreS,ammonium,bistriflamides,1.29
CC[NH3+].CC(=O)[O-],1.022811770439148,1.0177099704742432,UeTgs,ammonium,carboxylates,1.01771
C[N+](C)(C)CCO.O=C([O-])C1CCCN1,1.1401212215423584,1.133999943733215,UeXAb,ammonium,carboxylates,1.134
CCCCCCCCCC[n+]1ccn(C)c1.[Cl-],1.01123046875,0.9871000051498412,UkVav,imidazolium,inorganics,0.9871
COCCOCCOCC[n+]1ccccc1.O=S(=O)([N-]S(=O)(=O)C(F)(F)F)C(F)(F)F,1.3975279331207275,1.4320000410079956,UkVvc,pyridinium,bistriflamides,1.432
C[NH2+]CCO.CCCCCC(=O)[O-],1.0265893936157229,0.9941999912261964,UqpOB,ammonium,carboxylates,0.9942
CCCCCCCC[N+]1(C)CCCCC1.CCCCCCCCO[PH](=O)[O-],1.0084270238876345,0.9693999886512756,UvDBT,piperidinium,organic phosphates,0.9694
CCCCn1cc[n+](C)c1.O=C([O-])c1ccccc1,1.1160446405410769,1.1052000522613523,UyoCh,imidazolium,carboxylates,1.1052
CCCCCCCC[n+]1ccccc1.O=[N+]([O-])[O-],1.11366605758667,1.0894999504089355,VAEXr,pyridinium,inorganics,1.0895
CCCC[n+]1ccn(CCC#N)c1.[Br-],1.2895302772521973,1.3047000169754028,VDsQy,imidazolium,inorganics,1.3047
CCC[N+]1(C)CC2CCC(CC2)C1.O=S(=O)([N-]S(=O)(=O)C(F)(F)F)C(F)(F)F,1.3438372611999512,1.4040000438690186,VEoUo,ammonium,bistriflamides,1.404
C=C[n+]1ccn(CCCC)c1.CC(C)C(N)C(=O)[O-],0.946803092956543,0.7968000173568726,VFkXU,imidazolium,carboxylates,0.7968
CCCCCCCC[P+](CC)(CC)CC.O=[N+]([O-])c1cn[n-]c1,1.0606741905212402,1.031999945640564,VOXeu,phosphonium,cyclic amides,1.032
C[N+](CCO)(CCO)CCO.O=S(=O)([N-]S(=O)(=O)C(F)(F)F)C(F)(F)F,1.5075955390930176,1.5672500133514404,VWaYh,ammonium,bistriflamides,1.56725
CCCCCCOC[N+](C)(C)CCO.O=S(=O)([N-]S(=O)(=O)C(F)(F)F)C(F)(F)F,1.31382954120636,1.343000054359436,VebRS,ammonium,bistriflamides,1.343
CCCC[n+]1ccn(C)c1C.N#C[S-],1.1099516153335571,1.0781999826431274,VjlWc,imidazolium,inorganics,1.0782
COCCC[n+]1ccccc1.O=S(=O)([N-]S(=O)(=O)C(F)(F)F)C(F)(F)F,1.4452910423278809,1.4789999723434448,VlkrO,pyridinium,bistriflamides,1.479
CCC[n+]1ccn(C)c1.CC(O)C(N)C(=O)[O-],1.1582472324371338,1.1445200443267822,VvIOJ,imidazolium,carboxylates,1.14452
CCCCCCCC[P+](CC)(CC)CC.Brc1ccc2cn[n-]c2c1,1.1605119705200195,1.1610000133514404,VwvZY,phosphonium,cyclic amides,1.161
CCCCCCC[n+]1ccn(C)c1.F[P-](F)(F)(F)(F)F,1.2395199537277222,1.2625999450683594,VyoBd,imidazolium,phosphates,1.2626
CCCC[N+](C)(CCCC)CCCC.CC(O)C(N)C(=O)[O-],1.0292770862579346,0.9994999766349792,VzEpY,ammonium,carboxylates,0.9995
C[N+]1=C(O)CCC1.O=C[O-],1.0895581245422363,1.071660041809082,WELgA,amidium,carboxylates,1.07166
CCCCCCCCCC[N+](C)(C)C.O=S(=O)([N-]S(=O)(=O)C(F)(F)F)C(F)(F)F,1.2003581523895264,1.22599995136261,WFFYE,ammonium,bistriflamides,1.226
CCCCCC[n+]1ccsc1.O=S(=O)([N-]S(=O)(=O)C(F)(F)F)C(F)(F)F,1.4019898176193235,1.4609999656677246,WHzHz,thiazolium,bistriflamides,1.461
C=CC[n+]1ccn(C)c1.O=C[O-],1.1384670734405518,1.1299999952316284,WJSNH,imidazolium,carboxylates,1.13
CCCn1cc[n+](CCC)c1.O=S(=O)([N-]S(=O)(=O)C(F)(F)F)C(F)(F)F,1.376595377922058,1.39900004863739,WKKIk,imidazolium,bistriflamides,1.399
Cn1cc[n+](CCO)c1.CC(=O)[O-],1.1647279262542725,1.176800012588501,WaCLa,imidazolium,carboxylates,1.1767999999999998
CCCCCCCOC[N+](C)(C)CCOC(C)=O.O=S(=O)([N-]S(=O)(=O)C(F)(F)F)C(F)(F)F,1.2755334377288818,1.2970000505447388,WcVLt,ammonium,bistriflamides,1.297
CCOCCn1cc[n+](C)c1.CCC(=O)[O-],1.1057177782058716,1.079699993133545,WdGlV,imidazolium,carboxylates,1.0797
CCCCCCn1cc[n+](CC)c1.[Br-],1.1817556619644165,1.194000005722046,WdmLS,imidazolium,inorganics,1.194
CCCC[n+]1ccn(C)c1.O=S(=O)([O-])C(F)(F)C(F)OC(F)(F)C(F)(F)F,1.4111688137054443,1.4229999780654907,WeLbB,imidazolium,sulfonates,1.423
CCCCNC(=O)Cn1cc[n+](CC)c1.O=S(=O)([N-]S(=O)(=O)C(F)(F)F)C(F)(F)F,1.371286153793335,1.4179999828338623,WkCWD,imidazolium,bistriflamides,1.418
CC[n+]1ccn(C)c1.c1nc[n-]n1,1.1518646478652954,1.1390000581741333,WkfNW,imidazolium,cyclic amides,1.1389999999999998
CCCCC[n+]1ccn(COC2CC(C)CCC2C(C)C)c1.O=S(=O)([N-]S(=O)(=O)C(F)(F)F)C(F)(F)F,1.254756212234497,1.2581299543380735,WplWW,imidazolium,bistriflamides,1.2581300000000002
CCCC[n+]1ccn(C)c1.O=C([N-]S(=O)(=O)C(F)(F)F)C(F)(F)C(F)(F)F,1.383965253829956,1.4146000146865845,WtJfv,imidazolium,bistriflamides,1.4146
CCCC[P+](CCCC)(CCCC)CCCC.CC(O)C(N)C(=O)[O-],1.0063742399215698,0.9799000024795532,WuBtx,phosphonium,carboxylates,0.9799
CCC[N+](C)(C)CCO.CC1(C)CC(OS(=O)(=O)[O-])CC(C)(C)N1[O],1.141926646232605,1.1223000288009644,WyYFT,ammonium,sulfates,1.1223
C[N+](C)(C)CCO.NCCC(=O)[O-],1.1214735507965088,1.120300054550171,XDKYV,ammonium,carboxylates,1.1203
CCCCCCCCCCCC[n+]1ccccc1.O=S(=O)([N-]S(=O)(=O)C(F)(F)F)C(F)(F)F,1.2465397119522097,1.2488000392913818,XDjUW,pyridinium,bistriflamides,1.2488
CC[n+]1ccccc1.CCOS(=O)(=O)[O-],1.2598466873168943,1.2519999742507937,XEcGd,pyridinium,sulfates,1.252
CCCCn1cc[n+](C)c1.CC(N)C(=O)[O-],1.1066960096359253,1.080199956893921,XHCTe,imidazolium,carboxylates,1.0802
CCCCCCCC[n+]1cccc(C#N)c1.O=S(=O)([N-]S(=O)(=O)C(F)(F)F)C(F)(F)F,1.3210780620574951,1.3551000356674194,XHFNL,pyridinium,bistriflamides,1.3551
CCCC[n+]1ccn(C)c1.N#Cc1nc(C(F)(F)F)[n-]c1C#N,1.1934404373168943,1.1996999979019165,XIwVU,imidazolium,cyclic amides,1.1997
CCCC[P+](C)(CCCC)CCCC.COS(=O)(=O)[O-],1.075819969177246,1.0586999654769895,XJyzt,phosphonium,sulfates,1.0587
CCCCCCCCC[n+]1ccn(C)c1.F[P-](F)(F)(F)(F)F,1.213953733444214,1.2125999927520752,XNJgc,imidazolium,phosphates,1.2126
CCn1cc[n+](C)c1.FC(F)(F)C(F)(F)[P-](F)(F)(F)(C(F)(F)C(F)(F)F)C(F)(F)C(F)(F)F,1.6315456628799438,1.707900047302246,XPJBg,imidazolium,phosphates,1.7079000000000002
CCCC[n+]1ccn(CC)c1.CS(=O)(=O)[O-],1.164374828338623,1.1410000324249268,XQJhR,imidazolium,sulfonates,1.141
CCCCC(CC)C[NH2+]CCN.O=S(=O)([O-])C(F)(F)F,1.2072422504425049,1.222000002861023,XQouh,ammonium,sulfonates,1.222
CCCCCCCC[n+]1ccsc1.O=S(=O)([N-]S(=O)(=O)C(F)(F)F)C(F)(F)F,1.3459745645523071,1.3930000066757202,XRZYD,thiazolium,bistriflamides,1.393
CCCC[n+]1ccn(C)c1.CC(=O)CCC(=O)[O-],1.103305101394653,1.1139999628067017,XSELc,imidazolium,carboxylates,1.114
CCC[n+]1ccn(C)c1.NC(CCC(=O)O)C(=O)[O-],1.2328214645385742,1.229200005531311,XXoCV,imidazolium,carboxylates,1.2292
Cn1cc[n+](C)c1.N#C[S-],1.1430168151855469,1.1574000120162964,XZjnz,imidazolium,inorganics,1.1574
CC[NH3+].CCC(=O)[O-],1.0023787021636963,0.9873999953269958,XcjnE,ammonium,carboxylates,0.9874
C[N+](C)(C)CCO.NCC(=O)[O-],1.1611223220825195,1.146299958229065,XeOdd,ammonium,carboxylates,1.1463
COCC[n+]1ccccc1.N#C[S-],1.20326828956604,1.1969000101089478,XgIfv,pyridinium,inorganics,1.1969
CCCCCCCCCC[n+]1ccn(CCC#N)c1.CCCCCCCCCCCCOS(=O)(=O)[O-],1.065859079360962,1.0504000186920166,XiTxG,imidazolium,sulfates,1.0504
CCCCCC[n+]1ccccc1.CC(=O)[O-],1.204417109489441,1.232100009918213,XilKG,pyridinium,carboxylates,1.2321
CC(C)CCCC[n+]1ccn(C)c1.O=S(=O)([N-]S(=O)(=O)C(F)(F)F)C(F)(F)F,1.3355941772460938,1.3442000150680542,XjsFk,imidazolium,bistriflamides,1.3442
C[n+]1ccn(CCCN)c1.F[P-](F)(F)(F)(F)F,1.3938305377960205,1.496000051498413,XlMmB,imidazolium,phosphates,1.496
CC[N+](C)(C)CCO.CCCCS(=O)(=O)[O-],1.1257028579711914,1.111600041389465,XoNVU,ammonium,sulfonates,1.1116
CCCCCC[N+]1(C)CCOCC1.CCCCCCO[PH](=O)[O-],1.0525338649749756,1.0199999809265137,XsgpE,morpholinium,organic phosphates,1.02
CCC[N+]1(C)CCCC1.[Br-],1.237558126449585,1.2599999904632568,XtPSb,pyrrolidinium,inorganics,1.26
CCCCCCC[n+]1ccn(C)c1.[Br-],1.1767421960830688,1.1448999643325806,YBDRU,imidazolium,inorganics,1.1449
CCCC[P+](CCCC)(CCCC)CCCC.NC(CO)C(=O)[O-],1.0405410528182983,0.9922999739646912,YINjH,phosphonium,carboxylates,0.9923
C[NH2+]CCO.CCCC(=O)[O-],1.0623692274093628,1.039199948310852,YJslX,ammonium,carboxylates,1.0392
CCCCCCCCCCn1cc[n+](C)c1.N#C[S-],1.0253242254257202,1.0110000371932983,YPplp,imidazolium,inorganics,1.011
COCC[n+]1ccccc1.O=S(=O)([N-]S(=O)(=O)C(F)(F)F)C(F)(F)F,1.4660755395889282,1.514899969100952,YRkOI,pyridinium,bistriflamides,1.5149
CCCC[n+]1ccn(C)c1.COCCOCCOS(=O)(=O)[O-],1.1694363355636597,1.1699999570846558,YVxit,imidazolium,sulfates,1.17
CCCCCC[n+]1ccccc1.O=[N+]([O-])[O-],1.154693603515625,1.1124999523162842,YXvqN,pyridinium,inorganics,1.1125
CCCCCCCCCCOC[N+](C)(C)CCOC(C)=O.O=S(=O)([N-]S(=O)(=O)C(F)(F)F)C(F)(F)F,1.220272421836853,1.2200000286102295,YbAfT,ammonium,bistriflamides,1.22
CCC[NH+](CC)CC.O=S(=O)([O-])C(F)(F)F,1.2066388130187988,1.222000002861023,YjGPQ,ammonium,sulfonates,1.222
CCOCC[n+]1ccn(C)c1.CC(O)C(N)C(=O)[O-],1.1712987422943115,1.1543999910354614,YrwMl,imidazolium,carboxylates,1.1544
CC[N+]1(C)CCCC1.COP(=O)([O-])OC,1.178194522857666,1.1779999732971191,YyjXp,pyrrolidinium,organic phosphates,1.178
CC[NH+](CC)CC.CC(=O)[O-],1.021481156349182,1.009600043296814,ZCLsr,ammonium,carboxylates,1.0096
CCCCC[N+]1(C)CCCC1.[Br-],1.1936558485031128,1.1889599561691284,ZCOmu,pyrrolidinium,inorganics,1.18896
CCC[N+](C)(C)CCN(C)C.O=S(=O)([N-]S(=O)(=O)C(F)(F)F)C(F)(F)F,1.364736557006836,1.343500018119812,ZDcue,ammonium,bistriflamides,1.3435
CCCCCC[NH+](CCCCCC)CCCCCC.CCCC(=O)[O-],0.8861241340637207,0.8442999720573425,ZEVkG,ammonium,carboxylates,0.8442999999999999
CC[n+]1ccn(C)c1C.O=S(=O)([O-])O,1.2502278089523315,1.2544000148773191,ZHUMT,imidazolium,sulfates,1.2544000000000002
CCCC[N+]1(C)CCCC1.O=S(=O)(F)[N-]S(=O)(=O)C(F)(F)F,1.317959547042847,1.3569999933242798,ZIIVe,pyrrolidinium,bistriflamides,1.357
CCCCCCCCCCCC[n+]1ccn(COC2CC(C)CCC2C(C)C)c1.O=S(=O)([N-]S(=O)(=O)C(F)(F)F)C(F)(F)F,1.159288763999939,1.1730600595474243,ZJGYd,imidazolium,bistriflamides,1.17306
CCCCCCCC[N+](C)(CCCCCCCC)CCCCCCCC.N#C[N-]C#N,0.9101445078849792,0.8899999856948853,ZOTAU,ammonium,amides,0.89
CCCCCCCCCCCCCC[P+](CCCCCC)(CCCCCC)CCCCCC.O=[N+]([O-])c1cn[n-]c1,0.973205864429474,0.939300000667572,ZQFGz,phosphonium,cyclic amides,0.9393
CCCCCCC[N+]1(C)CCOCC1.N#C[N-]C#N,1.0730122327804563,1.063099980354309,ZStgT,morpholinium,amides,1.0631
CCCCCC[NH2+]CCN.O=S(=O)([N-]S(=O)(=O)C(F)(F)F)C(F)(F)F,1.3476089239120483,1.3775999546051023,ZTttD,ammonium,bistriflamides,1.3776
CC(C)C[P+](C)(CC(C)C)CC(C)C.Cc1ccc(S(=O)(=O)[O-])cc1,1.0916541814804075,1.0679999589920044,ZUksc,phosphonium,sulfonates,1.068
C1CC[NH2+]C1.O=[N+]([O-])[O-],1.2385647296905518,1.1679999828338623,ZVxjg,pyrrolidinium,inorganics,1.168
CCOCCOCC[n+]1ccn(C(CC)CC)c1.O=S(=O)([N-]S(=O)(=O)C(F)(F)F)C(F)(F)F,1.301478385925293,1.3179999589920044,ZWQIy,imidazolium,bistriflamides,1.318
C[NH+]1CCOCC1.CCCCCCCCCC(=O)[O-],0.9220005869865416,0.8934000134468079,Zdsvt,morpholinium,carboxylates,0.8934
C=CC[n+]1ccn(C)c1.[Br-],1.176101565361023,1.1699999570846558,Zjfqa,imidazolium,inorganics,1.17
C=CC[n+]1ccn(C)c1.N#C[S-],1.164941906929016,1.1670000553131104,ZlHbY,imidazolium,inorganics,1.167
CCCCCCCCCCCCCC[P+](CCCCCC)(CCCCCC)CCCCCC.CCCC(=O)[O-],0.9270201325416564,0.8903999924659729,ZsalB,phosphonium,carboxylates,0.8904
CCCCCCCCCC[P+](CC)(CC)CC.O=[N+]([O-])c1cn[n-]c1,1.0446897745132446,1.0109000205993652,ZuDlt,phosphonium,cyclic amides,1.0109
CCCCCC[N+]1(C)CCOCC1.N#C[N-]C#N,1.0902249813079834,1.069700002670288,ZveBc,morpholinium,amides,1.0697
CCCC[n+]1ccn(C)c1.NC(=O)CCC(=O)[O-],1.1572781801223757,1.1540000438690186,aAKBO,imidazolium,carboxylates,1.154
CC[N+](C)(C)CCCO.O=S(=O)([N-]S(=O)(=O)C(F)(F)F)C(F)(F)F,1.3982253074645996,1.463850021362305,aBawT,ammonium,bistriflamides,1.46385
C=CC[NH+](CC)CC.O=S(=O)([O-])C(F)(F)F,1.2356672286987305,1.2549999952316284,aCYdb,ammonium,sulfonates,1.255
CCCOCCn1cc[n+](C)c1.O=S(=O)([N-]S(=O)(=O)C(F)(F)F)C(F)(F)F,1.3893541097640991,1.4210000038146973,aJVjj,imidazolium,bistriflamides,1.421
C[N+]1(CCCC#N)CCCC1.N#C[N-]C#N,1.1137607097625732,1.096400022506714,aJmYs,pyrrolidinium,amides,1.0964
CCCC[n+]1ccccc1.C=CC(=O)NC(C)(C)CS(=O)(=O)[O-],1.167508840560913,1.1959999799728394,aKfQm,pyridinium,sulfonates,1.196
CCOCCn1cc[n+](C)c1.CC(=O)[O-],1.137346267700195,1.100100040435791,aMzUB,imidazolium,carboxylates,1.1001
CC[N+](CCO)(CCO)CCO.O=S(=O)([N-]S(=O)(=O)C(F)(F)F)C(F)(F)F,1.4718501567840576,1.530174970626831,aQFLU,ammonium,bistriflamides,1.530175
CCCCCCCC[N+]1(C)CCOCC1.CCCCCCCCO[PH](=O)[O-],1.0175899267196655,0.9781000018119812,aRmca,morpholinium,organic phosphates,0.9781
CCCC[n+]1ccn(C)c1.O=C([O-])CO,1.1390279531478882,1.1292999982833862,aSQyh,imidazolium,carboxylates,1.1293
CCCC[n+]1cccc(C#N)c1.O=S(=O)([N-]S(=O)(=O)C(F)(F)F)C(F)(F)F,1.432886242866516,1.4789999723434448,abklI,pyridinium,bistriflamides,1.479
CCC[NH+](C)C.O=S(=O)([O-])C(F)(F)F,1.2628166675567627,1.2760000228881836,afXpb,ammonium,sulfonates,1.276
CC[n+]1ccn(CCOC)c1.O=S(=O)([O-])C(F)(F)F,1.3376600742340088,1.340399980545044,ajSoJ,imidazolium,sulfonates,1.3404
CCCC[P+](CCCC)(CCCC)CCCC.O=C([O-])c1cccs1,1.070764183998108,1.0391000509262085,ajjCw,phosphonium,carboxylates,1.0391
COCCCC[n+]1ccn(C)c1.CC(O)C(N)C(=O)[O-],1.1540558338165283,1.1469000577926636,amnDk,imidazolium,carboxylates,1.1469
CCC[n+]1cn(C)cn1.O=S(=O)([O-])C(F)(F)F,1.3723325729370115,1.3796000480651855,amxjx,triazolium,sulfonates,1.3796
CCCCCC[N+](CCCCCC)=C(N(C)C)N(C)C.N#C[N-]C#N,0.9797853231430054,0.968500018119812,anTns,guanidinium,amides,0.9685
CCCCC[n+]1ccccc1.CC(=O)[O-],1.227874994277954,1.267899990081787,apflJ,pyridinium,carboxylates,1.2679
CCCC[P+](CCCC)(CCCC)CCOCC.O=S(=O)([O-])C(F)(F)F,1.1220285892486572,1.1109999418258667,bASYX,phosphonium,sulfonates,1.111
C=Cc1ccc(Cn2cc[n+](C)c2C)cc1.O=S(=O)([N-]S(=O)(=O)C(F)(F)F)C(F)(F)F,1.334657907485962,1.3420000076293943,bGsdV,imidazolium,bistriflamides,1.342
CC[n+]1ccn(COC2CC(C)CCC2C(C)C)c1.O=S(=O)([N-]S(=O)(=O)C(F)(F)F)C(F)(F)F,1.293383002281189,1.3115700483322144,bHEoq,imidazolium,bistriflamides,1.31157
CCCCCCCCn1cc[n+](CCC#N)c1.O=C([O-])c1cccc(S(=O)(=O)O)c1,1.1766830682754517,1.182800054550171,bIoHJ,imidazolium,carboxylates,1.1828
CCOC[n+]1ccccc1.O=S(=O)([N-]S(=O)(=O)C(F)(F)F)C(F)(F)F,1.4653102159500122,1.5117000341415403,bMWuB,pyridinium,bistriflamides,1.5117
CC[n+]1ccn(C)c1.O=C([O-])C(F)(F)C(F)(F)C(F)(F)C(F)(F)F,1.4487749338150024,1.486799955368042,bMlry,imidazolium,carboxylates,1.4868
CCCCCC[P+](CCCC)(CCCC)CCCC.O=S(=O)([N-]S(=O)(=O)C(F)(F)F)C(F)(F)F,1.177952766418457,1.1820000410079956,bNXjb,phosphonium,bistriflamides,1.182
CCn1c[n+](C)cn1.O=S(=O)([N-]S(=O)(=O)C(F)(F)F)C(F)(F)F,1.4974334239959717,1.559999942779541,bUmxU,triazolium,bistriflamides,1.56
CCCCCc1c(C)cc(C)c[n+]1CC.O=S(=O)([N-]S(=O)(=O)C(F)(F)F)C(F)(F)F,1.311110258102417,1.3238999843597412,bVoQX,pyridinium,bistriflamides,1.3239
C=C[n+]1ccn(CC(N)=O)c1.O=S(=O)([N-]S(=O)(=O)C(F)(F)F)C(F)(F)F,1.5387945175170898,1.607100009918213,bXFTy,imidazolium,bistriflamides,1.6071
CCCC[N+]1(C)CCCCC1.N#C[C-](C#N)C#N,1.0192471742630005,1.0099999904632568,bcxqD,piperidinium,methanides,1.01
CCCCCCCC[P+](CC)(CC)CC.Brc1c[n-]cn1,1.160980224609375,1.1619999408721924,bhSGo,phosphonium,cyclic amides,1.162
CCCCCC[n+]1ccccc1.N#C[N-]C#N,1.061310648918152,1.0363999605178833,bkElc,pyridinium,amides,1.0364
C[N+](CCO)(CCO)CCO.COS(=O)(=O)[O-],1.3293355703353882,1.343999981880188,boMmP,ammonium,sulfates,1.344
CCCC[N+]1(C)CCCC1.CCCCO[PH](=O)[O-],1.090152144432068,1.0815999507904053,bqoEQ,pyrrolidinium,organic phosphates,1.0816
C=CC[n+]1ccn(C)c1.CC(O)C(=O)[O-],1.1599855422973633,1.1480000019073486,bsNYu,imidazolium,carboxylates,1.148
C[n+]1ccn(CCCC#N)c1.O=S(=O)([O-])C(F)(F)F,1.3804681301116943,1.4408999681472778,bxZTt,imidazolium,sulfonates,1.4409
CCCCCCCCC[P+](CC)(CC)CC.O=[N+]([O-])c1cn[n-]c1,1.0520532131195068,1.0218000411987305,byLPC,phosphonium,cyclic amides,1.0218
CCn1cc[n+](CC)c1.[Br-],1.3567321300506592,1.351199984550476,bzbpu,imidazolium,inorganics,1.3512
C[N+]1(CCCO)CCOCC1.N#C[N-]C#N,1.1980814933776855,1.1754000186920166,cAuGA,morpholinium,amides,1.1754
CCCCCCCC[NH+](CCCCCCCC)CCCCCCCC.CCCC(=O)[O-],0.866089940071106,0.842199981212616,cGZWT,ammonium,carboxylates,0.8422000000000001
CC[N+]1(C)CCOCC1.CCOP(=O)([O-])OCC,1.1599071025848389,1.159000039100647,cOwkF,morpholinium,organic phosphates,1.159
CCn1cn[n+](C)c1.CC(=O)[O-],1.140730619430542,1.1089999675750732,cWdku,triazolium,carboxylates,1.109
N#CCCn1cc[n+](Cc2ccccc2)c1.N#C[S-],1.1861493587493896,1.1740000247955322,cZpyS,imidazolium,inorganics,1.174
CCCCn1c[n+](C)cn1.O=S(=O)([N-]S(=O)(=O)C(F)(F)F)C(F)(F)F,1.4213651418685913,1.4859999418258667,cghot,triazolium,bistriflamides,1.486
COCC[n+]1ccn(C)c1.[Cl-],1.1727640628814695,1.1622999906539917,ckwwo,imidazolium,inorganics,1.1623
CCCOC[N+](C)(C)CCO.O=S(=O)([N-]S(=O)(=O)C(F)(F)F)C(F)(F)F,1.3865286111831665,1.4199999570846558,cnPrv,ammonium,bistriflamides,1.42
Cn1cc[n+](CCCSCCC(F)(F)C(F)(F)C(F)(F)C(F)(F)C(F)(F)C(F)(F)C(F)(F)C(F)(F)F)c1.O=S(=O)([N-]S(=O)(=O)C(F)(F)F)C(F)(F)F,1.6200976371765137,1.6720000505447388,conBC,imidazolium,bistriflamides,1.672
CCCCCCCCCC[n+]1ccccc1.O=S(=O)([N-]S(=O)(=O)C(F)(F)F)C(F)(F)F,1.2761454582214355,1.2834999561309814,cqUVE,pyridinium,bistriflamides,1.2835
C[N+](C)(C)CCO.CC(N)C(=O)[O-],1.1275640726089478,1.1129000186920166,crQSK,ammonium,carboxylates,1.1129
CCCCCCn1cc[n+](CCC#N)c1.[Cl-],1.1024539470672607,1.0741000175476074,ctNHW,imidazolium,inorganics,1.0740999999999998
COCC[N+]1(C)CCCCC1.FC(F)(F)C(F)(F)[P-](F)(F)(F)(C(F)(F)C(F)(F)F)C(F)(F)C(F)(F)F,1.543146014213562,1.6073499917984009,cuJBK,piperidinium,phosphates,1.6073499999999998
CCCn1c(C)cc(C)[n+]1C.O=S(=O)([N-]S(=O)(=O)C(F)(F)F)C(F)(F)F,1.3960909843444824,1.4292999505996704,cwwaJ,pyrazolium,bistriflamides,1.4293000000000002
CCCC[P+](CCCC)(CCCC)CCCC.O=C([O-])C1CCCN1,1.026128172874451,0.9925000071525574,cxvAs,phosphonium,carboxylates,0.9925
CCCCCCCCn1cc[n+](C)c1.[I-],1.3015172481536863,1.304819941520691,cxykf,imidazolium,inorganics,1.30482
CCCCn1cc[n+](C)c1.CCCC(=O)[O-],1.022600173950195,1.0322200059890747,dBVmI,imidazolium,carboxylates,1.03222
CN(C)C(=[NH2+])N(C)C.O=S(=O)([N-]S(=O)(=O)C(F)(F)C(F)(F)F)C(F)(F)C(F)(F)F,1.5127077102661133,1.571300029754639,dEgqt,guanidinium,bistriflamides,1.5713
COCCn1cc[n+](C)c1.CC(=O)[O-],1.1583337783813477,1.133999943733215,dJISN,imidazolium,carboxylates,1.134
CCCCCC[n+]1ccn(CCC#N)c1.CCCCC(CC)COC(=O)CC(C(=O)OCC(CC)CCCC)S(=O)(=O)[O-],1.0828181505203247,1.0889999866485596,dWydQ,imidazolium,sulfonates,1.089
C=C[n+]1ccn(CCCC)c1.O=C([O-])C1CCCN1,1.1108900308609009,1.2278000116348269,dZdJn,imidazolium,carboxylates,1.2278
C=Cc1ccc(C[N+](CC)(CC)CC)cc1.O=S(=O)([N-]S(=O)(=O)C(F)(F)F)C(F)(F)F,1.3508086204528809,1.4110000133514404,dboct,ammonium,bistriflamides,1.411
CCCCCC[n+]1ccn(CC)c1.O=S(=O)([N-]S(=O)(=O)C(F)(F)F)C(F)(F)F,1.3191379308700562,1.3450000286102295,ddasB,imidazolium,bistriflamides,1.345
CC[n+]1ccn(CCOC)c1.CC(=O)[O-],1.1727551221847534,1.192399978637695,dfFSn,imidazolium,carboxylates,1.1924
CC[n+]1ccn(C)c1.CC(N)C(=O)[O-],1.1697494983673096,1.1361000537872314,diqpC,imidazolium,carboxylates,1.1361
CCCCCn1cc[n+](CC)c1.O=S(=O)([N-]S(=O)(=O)C(F)(F)F)C(F)(F)F,1.3499796390533447,1.3894000053405762,dnBeJ,imidazolium,bistriflamides,1.3894000000000002
CC[n+]1ccsc1.O=S(=O)([N-]S(=O)(=O)C(F)(F)F)C(F)(F)F,1.5636509656906128,1.616000056266785,dpZSl,thiazolium,bistriflamides,1.616
CCCC[N+]1(C)CCCC1.CC(=O)[O-],1.030888915061951,1.0211999416351318,duhXg,pyrrolidinium,carboxylates,1.0212
c1cc[nH+]cc1.CCOCCOS(=O)(=O)[O-],1.2691705226898191,1.281000018119812,dzTJH,pyridinium,sulfates,1.281
CCCC[N+]1(C)CCOCC1.CC(=O)NC(C(=O)[O-])C(C)C,1.102344989776611,1.0825999975204468,eDNQb,morpholinium,carboxylates,1.0826
CCCC[n+]1ccn(C)c1.O=P([O-])(O)O,1.1587789058685305,1.1764999628067017,eEpVO,imidazolium,organic phosphates,1.1765
CCCCCCCC[n+]1ccc2ccccc2c1.N#C[S-],1.085776686668396,1.0616999864578247,eIstS,quinlolinium,inorganics,1.0617
CCCC[N+](C)(C)CC.O=S(=O)([N-]S(=O)(=O)C(F)(F)F)C(F)(F)F,1.3454421758651731,1.3720749616622925,eMpxk,ammonium,bistriflamides,1.3720750000000002
Cc1ccc[n+](CC(C)C)c1.O=S(=O)([N-]S(=O)(=O)C(F)(F)F)C(F)(F)F,1.3932898044586182,1.412600040435791,eNdaH,pyridinium,bistriflamides,1.4126
CCCn1cc[n+](C)c1.[Br-],1.3698577880859375,1.3162000179290771,eRwbu,imidazolium,inorganics,1.3162
C=CCn1cc[n+](C)c1.CCC(=O)[O-],1.100857138633728,1.0859999656677246,eSZPS,imidazolium,carboxylates,1.086
CCCCCCC[n+]1ccn(C)c1.N#C[C-](C#N)C#N,1.0305980443954468,1.009600043296814,eTgnF,imidazolium,methanides,1.0096
C[NH2+]CCO.CC(=O)[O-],1.1018530130386353,1.10089373588562,eZGGB,ammonium,carboxylates,1.10089375
CCCCCn1cc[n+](CCCCC)c1.O=S(=O)([N-]S(=O)(=O)C(F)(F)F)C(F)(F)F,1.2763326168060305,1.2924000024795532,eZrQK,imidazolium,bistriflamides,1.2924
C=CC[NH+](C)CC=C.O=S(=O)([O-])C(F)(F)F,1.2604658603668213,1.253000020980835,eaHnu,ammonium,sulfonates,1.253
CC[S+]1CCCC1.N#C[N-]C#N,1.1509406566619873,1.1349999904632568,egcdc,cyclic sulfonium,amides,1.135
C[n+]1ccn(CCCS(=O)(=O)O)c1.CC(=O)[O-],1.2471680641174316,1.2635999917984009,eoUbA,imidazolium,carboxylates,1.2635999999999998
CCCCCCCC[P+](CC)(CC)CC.Cc1n[n-]cc1Br,1.1463115215301514,1.11899995803833,ergvb,phosphonium,cyclic amides,1.119
CCCCCOC[N+](C)(C)CCO.O=S(=O)([N-]S(=O)(=O)C(F)(F)F)C(F)(F)F,1.3369771242141724,1.378000020980835,esDeE,ammonium,bistriflamides,1.378
CCOC[N+]1(C)CCCC1.O=S(=O)([N-]S(=O)(=O)C(F)(F)F)C(F)(F)F,1.3784711360931396,1.4391000270843506,fDSSv,pyrrolidinium,bistriflamides,1.4390999999999998
CCCC[n+]1cscc1C.O=S(=O)([N-]S(=O)(=O)C(F)(F)F)C(F)(F)F,1.422783136367798,1.4882999658584597,fIfpY,thiazolium,bistriflamides,1.4883
CCCC[n+]1ccn(CCCS(=O)(=O)O)c1.CC(=O)[O-],1.1731832027435305,1.1793999671936035,fIsaA,imidazolium,carboxylates,1.1794
CCCCCCCOC[N+](C)(C)CCO.O=S(=O)([N-]S(=O)(=O)C(F)(F)F)C(F)(F)F,1.29188334941864,1.309000015258789,fVVDZ,ammonium,bistriflamides,1.309
CCCCCCCCn1cc[n+](CC)c1.[Br-],1.1430262327194214,1.145400047302246,fVZGx,imidazolium,inorganics,1.1454000000000002
CCCn1cc[n+](C)c1C.O=S(=O)([C-](S(=O)(=O)C(F)(F)F)S(=O)(=O)C(F)(F)F)C(F)(F)F,1.5294177532196045,1.597000002861023,ffqku,imidazolium,methanides,1.597
COC(=O)CCC[n+]1ccn(C)c1.N#C[N-]C#N,1.1693123579025269,1.1734999418258667,fyLLn,imidazolium,amides,1.1735
CCCCCCCCCCCC[n+]1cc[nH]c1.O=S(=O)([N-]S(=O)(=O)C(F)(F)F)C(F)(F)F,1.2264256477355957,1.260699987411499,fyarj,imidazolium,bistriflamides,1.2607000000000002
CCCCn1cc[n+](C)c1.CC(C)Cc1ccc(C(C)C(=O)[O-])cc1,1.0578410625457764,1.0290000438690186,fygJu,imidazolium,carboxylates,1.029
Cn1cc[n+](CCCC#N)c1.N#C[N-]C#N,1.143025040626526,1.152400016784668,fzXvD,imidazolium,amides,1.1524
CCCn1cc[n+](C)c1C.O=[N+]([O-])c1cn[n-]c1,1.199409008026123,1.1821999549865725,gBXpB,imidazolium,cyclic amides,1.1822
C=Cc1ccc(C[N+]2(C)CCCC2)cc1.O=S(=O)([N-]S(=O)(=O)C(F)(F)F)C(F)(F)F,1.3031420707702637,1.256999969482422,gBjCe,pyrrolidinium,bistriflamides,1.257
CCCCCCCCCCCCCC[P+](CCCCCC)(CCCCCC)CCCCCC.O=[N+]([O-])c1c[n-]cn1,0.9775642156600952,0.9401000142097472,gCObY,phosphonium,cyclic amides,0.9401
C[N+]1(CCCO)CCOCC1.O=S(=O)([N-]S(=O)(=O)C(F)(F)F)C(F)(F)F,1.4636335372924805,1.5361000299453735,gEHWn,morpholinium,bistriflamides,1.5360999999999998
CCC[N+](C)(CC)CC.O=S(=O)([N-]S(=O)(=O)C(F)(F)F)C(F)(F)F,1.365889310836792,1.4199999570846558,gEukJ,ammonium,bistriflamides,1.42
C=Cc1ccc(C[N+](C)(C)CCCCCCCCCC)cc1.O=S(=O)([N-]S(=O)(=O)C(F)(F)F)C(F)(F)F,1.280914068222046,1.312999963760376,gNmuB,ammonium,bistriflamides,1.313
CCCCC[n+]1ccn(C)c1.CC(O)C(=O)[O-],1.1260210275650024,1.1059999465942385,gVoAh,imidazolium,carboxylates,1.106
Cn1cc[n+](C(C)(C)C)c1.O=S(=O)([N-]S(=O)(=O)C(F)(F)F)C(F)(F)F,1.4193538427352903,1.4465999603271484,gidqL,imidazolium,bistriflamides,1.4466
OCC[n+]1ccccc1.O=S(=O)([N-]S(=O)(=O)C(F)(F)F)C(F)(F)F,1.522602081298828,1.5895099639892578,goqBT,pyridinium,bistriflamides,1.58951
CCCCCC[N+](CCCCCC)(CCCCCC)CCCCCC.CCCCCCCCC=CCCCCCCCC(=O)[O-],0.920901656150818,0.886900007724762,grXxm,ammonium,carboxylates,0.8869
CCCCCCCCCCCCOC[N+](C)(C)CCO.O=S(=O)([N-]S(=O)(=O)C(F)(F)F)C(F)(F)F,1.20793616771698,1.194000005722046,gxERh,ammonium,bistriflamides,1.194
CN(C)C(=[NH2+])N(C)C.c1c[n-]cn1,1.0258588790893557,0.992799997329712,hGwRK,guanidinium,cyclic amides,0.9928
C[N+]1=C(O)CCC1.CCCCCC(=O)[O-],1.0048635005950928,0.9788100123405457,hHGJx,amidium,carboxylates,0.97881
CCCCCC[N+]1(C)CCOCC1.CC(=O)NC(C)C(=O)[O-],1.0967506170272827,1.086899995803833,hIEux,morpholinium,carboxylates,1.0869000000000002
OCC[NH2+]c1ccccc1.CCC(=O)[O-],1.0702866315841677,1.0729999542236328,hTTzs,ammonium,carboxylates,1.073
CCCCCCCCCCCCCC[P+](CCCCCC)(CCCCCC)CCCCCC.CCCCCCCCCC(=O)[O-],0.9188324213027954,0.8805999755859375,haPvi,phosphonium,carboxylates,0.8806
CCn1cc[n+](C)c1.O=c1cc[n-]c(=O)[nH]1,1.2277473211288452,1.2291200160980225,haaUu,imidazolium,amides,1.22912
CCCC[N+](C)(C)C(C)C.O=S(=O)([N-]S(=O)(=O)C(F)(F)F)C(F)(F)F,1.318447232246399,1.3600000143051147,hfCWU,ammonium,bistriflamides,1.36
CCCCCC[n+]1ccn(C)c1.CCOS(=O)(=O)[O-],1.147118330001831,1.1380000114440918,hhDTC,imidazolium,sulfates,1.138
CCCCCCSC(N(C)C)=[N+](C)C.O=S(=O)([N-]S(=O)(=O)C(F)(F)F)C(F)(F)F,1.3203588724136353,1.3389999866485596,hjJlL,amidium,bistriflamides,1.339
CCCCCC[N+]1(C)CCOCC1.CC(=O)NC(C(=O)[O-])C(C)C,1.0815393924713137,1.0693000555038452,hjSfS,morpholinium,carboxylates,1.0693
N#CCC[n+]1ccn(Cc2ccccc2)c1.[Cl-],1.1864560842514038,1.2027000188827517,hpQiR,imidazolium,inorganics,1.2027
CCC[n+]1ccn(C)c1.NCC(=O)[O-],1.1376818418502808,1.135800004005432,hqfhO,imidazolium,carboxylates,1.1358
CCCCCCCC[n+]1cc(C)cc(C)c1.O=S(=O)([N-]S(=O)(=O)C(F)(F)F)C(F)(F)F,1.2598488330841064,1.285599946975708,hsjnI,pyridinium,bistriflamides,1.2856
CCCC[N+]1(C)C2CCC1CC(O)C2.[NH3+]C(CCC(=O)[O-])C(=O)[O-],1.1565805673599243,1.1562000513076782,hwCFS,pyrrolidinium,carboxylates,1.1562
CC[NH2+]CC.O=S(=O)([O-])O,1.347115993499756,1.3799999952316284,iCJIK,ammonium,sulfates,1.38
CCCCCn1cc[n+](C)c1.CC(=O)[O-],1.0789324045181274,1.0300999879837036,iCoBO,imidazolium,carboxylates,1.0301
CCn1cc[n+](C)c1.O=C([N-]S(=O)(=O)C(F)(F)F)C(F)(F)F,1.4200875759124756,1.4539999961853027,iENsx,imidazolium,bistriflamides,1.454
CCCCn1cc[n+](CCC#N)c1.CCCCCCCCOC(=O)CC(C(=O)OCCCCCCCC)S(=O)(=O)[O-],1.0960780382156372,1.1104999780654907,iOfaF,imidazolium,sulfonates,1.1105
C[N+]1(CCO)CCCC1.COP(=O)([O-])OC,1.240203619003296,1.2339999675750732,iPeuU,pyrrolidinium,organic phosphates,1.234
CCCCCCCCSC(N(C)C)=[N+](C)C.O=S(=O)([N-]S(=O)(=O)C(F)(F)F)C(F)(F)F,1.2741289138793943,1.2967000007629397,iPfBe,amidium,bistriflamides,1.2967
CC[n+]1ccc(C)cc1.O=S(=O)([N-]S(=O)(=O)C(F)(F)F)C(F)(F)F,1.4496484994888306,1.4919999837875366,iRDKN,pyridinium,bistriflamides,1.492
CCCCC[n+]1ccccc1.O=C([O-])C(F)(F)F,1.27668297290802,1.3186999559402466,iSQDG,pyridinium,carboxylates,1.3187
CCCC[n+]1ccn(C)c1.CC(O)C(=O)[O-],1.1279029846191406,1.100200057029724,iTJYz,imidazolium,carboxylates,1.1002
CCCCCCCCCCCCCC[P+](CCCCCC)(CCCCCC)CCCCCC.O=S(=O)([O-])C(F)(F)C(F)(F)C(F)(F)C(F)(F)F,1.0953227281570437,1.0800000429153442,iWBRZ,phosphonium,sulfonates,1.08
CCCC[n+]1ccn(CC)c1.F[P-](F)(F)(F)(F)F,1.3075562715530396,1.3279999494552612,iWHoQ,imidazolium,phosphates,1.328
CC[N+]1(C)CCCC1.O=C([O-])CO,1.141792893409729,1.133999943733215,iWgVA,pyrrolidinium,carboxylates,1.134
CCCC[N+]1(C)CCCCC1.N#C[N-]C#N,1.040494084358215,1.016129970550537,iWhMm,piperidinium,amides,1.01613
CCCCCCn1cc[n+](C)c1.O=C1[N-]S(=O)(=O)c2ccccc21,1.186569333076477,1.2033499479293823,iYnOa,imidazolium,bistriflamides,1.20335
CCCn1cc[n+](C)c1.NC(CO)C(=O)[O-],1.1905676126480105,1.18149995803833,icePA,imidazolium,carboxylates,1.1815
CCCCCC[n+]1cccc(C#N)c1.O=S(=O)([N-]S(=O)(=O)C(F)(F)F)C(F)(F)F,1.3766568899154663,1.408900022506714,ifydz,pyridinium,bistriflamides,1.4089
CCCC[N+](C)(C)CCC.O=S(=O)([N-]S(=O)(=O)C(F)(F)F)C(F)(F)F,1.3160827159881592,1.3480000495910645,igyKQ,ammonium,bistriflamides,1.348
Cn1cc[n+](CCCl)c1.N#C[N-]C#N,1.210512638092041,1.238700032234192,ipZbv,imidazolium,amides,1.2387
CCCn1cc[n+](C)c1C.N#C[S-],1.124241590499878,1.0937000513076782,iwglY,imidazolium,inorganics,1.0937
CCCCOC[N+](C)(C)CCO.O=S(=O)([N-]S(=O)(=O)C(F)(F)F)C(F)(F)F,1.3660017251968384,1.3860000371932983,jDNWh,ammonium,bistriflamides,1.386
CCCCCCCCCCCCCC[P+](CCCCCC)(CCCCCC)CCCCCC.O=C([O-])C(F)(F)C(F)(F)C(F)(F)C(F)(F)C(F)(F)C(F)(F)C(F)(F)C(F)(F)F,1.1408230066299438,1.1549999713897705,jDnwS,phosphonium,carboxylates,1.155
CCCCCC[n+]1ccn(COC2CC(C)CCC2C(C)C)c1.O=S(=O)([N-]S(=O)(=O)C(F)(F)F)C(F)(F)F,1.2327775955200195,1.237460017204285,jGYpI,imidazolium,bistriflamides,1.23746
CCn1cc[n+](C)c1.O=c1[n-]cnc2nc[nH]c12,1.2569938898086548,1.2621899843215942,jJZir,imidazolium,amides,1.26219
CCCC[n+]1cccc(C)c1C.O=S(=O)([N-]S(=O)(=O)C(F)(F)F)C(F)(F)F,1.3580291271209717,1.3846999406814575,jKrwc,pyridinium,bistriflamides,1.3847
CC[NH+]1CCNCC1.CCC(=O)[O-],1.0431581735610962,1.0083999633789062,jMgwv,piperazinium,carboxylates,1.0084
CCCCCC[N+](C)(C)C.O=S(=O)([N-]S(=O)(=O)C(F)(F)F)C(F)(F)F,1.2884291410446167,1.3109999895095823,jQqzY,ammonium,bistriflamides,1.311
CCC[N+]1(C)CCCC1.CC(=O)[O-],1.0578436851501465,1.0399999618530271,jarRt,pyrrolidinium,carboxylates,1.04
CCCC[n+]1ccn(C)c1.CC(C)(C)C(=O)[O-],1.0687553882598877,1.0570000410079956,jgipd,imidazolium,carboxylates,1.057
CCCCCCCCCCCCn1cc[n+](CC)c1.[Br-],1.1055511236190796,1.0809999704360962,jpqdy,imidazolium,inorganics,1.081
OCC[NH2+]c1ccccc1.CCCCCC(=O)[O-],1.0608389377593994,1.0355000495910645,jvVjG,ammonium,carboxylates,1.0355
CCCCCCCC[P+](CC)(CC)CC.Clc1n[n-]c2ccccc12,1.0889892578125,1.0429999828338623,kDiSM,phosphonium,cyclic amides,1.043
CCCCC[S+]1CCCC1.O=S(=O)([N-]S(=O)(=O)C(F)(F)F)C(F)(F)F,1.332571506500244,1.309999942779541,kEiqQ,cyclic sulfonium,bistriflamides,1.31
N#CCCC[n+]1ccccc1.N#C[N-]C#N,1.159690022468567,1.1679999828338623,kIHQC,pyridinium,amides,1.168
CCCC[N+]1(C)C2CCC1CC(O)C2.NC(Cc1c[nH]c2ccccc12)C(=O)[O-],1.1595505475997925,1.1406999826431274,kKngV,pyrrolidinium,carboxylates,1.1407
CCCC[n+]1cc(C)cc(C)c1.O=S(=O)([N-]S(=O)(=O)C(F)(F)F)C(F)(F)F,1.3431380987167358,1.381600022315979,kNjII,pyridinium,bistriflamides,1.3816
CCOCCn1cc[n+](C)c1.CC(O)C(=O)[O-],1.1282596588134766,1.12909996509552,kREXL,imidazolium,carboxylates,1.1291
CCCCCC[n+]1ccn(C)c1.N#Cc1ccc[n-]1,1.0538760423660278,1.0218000411987305,kYERe,imidazolium,cyclic amides,1.0218
CCCC[n+]1ccn(C)c1.O=S(=O)([N-]S(=O)(=O)C(F)(F)C(F)(F)F)C(F)(F)C(F)(F)F,1.466558814048767,1.5140000581741333,kYhaI,imidazolium,bistriflamides,1.514
CCCCCn1c(C)cc(C)[n+]1-c1ccccc1.CS(=O)(=O)[O-],1.1543738842010498,1.169100046157837,kYuUV,pyrazolium,sulfonates,1.1690999999999998
CCCCCCCCCn1cc[n+](C)c1.[Br-],1.162050485610962,1.14752995967865,kcJdC,imidazolium,inorganics,1.14753
Cn1cn[n+](CCN=[N+]=[N-])c1.[O-][Cl+3]([O-])([O-])[O-],1.535698175430298,1.600000023841858,keGFC,triazolium,inorganics,1.6
CCCCn1cc[nH+]c1.O=S(=O)([N-]S(=O)(=O)C(F)(F)F)C(F)(F)F,1.4214940071105957,1.4718999862670898,knJng,imidazolium,bistriflamides,1.4719
COCCCn1cc[n+](C)c1.O=S(=O)([N-]S(=O)(=O)C(F)(F)F)C(F)(F)F,1.443905472755432,1.468400001525879,koVsT,imidazolium,bistriflamides,1.4684
CCCCCCCCCCCC[n+]1ccn(CC)c1.O=S(=O)([O-])C(F)(F)F,1.1149981021881104,1.1089999675750732,krEGg,imidazolium,sulfonates,1.109
C=Cn1cc[n+](CCCC)c1.[Br-],1.2859779596328735,1.3171000480651855,ksBPG,imidazolium,inorganics,1.3171
CC(C)COC(=O)C(C)[NH3+].CCCCCCCCCCCCOS(=O)(=O)[O-],1.0453399419784546,1.041800022125244,kxpZk,ammonium,sulfates,1.0418
CC(C)OC(=O)C(C)[NH3+].CCCCCCCCCCCCOS(=O)(=O)[O-],1.0561161041259766,1.0469000339508057,lCiGD,ammonium,sulfates,1.0469000000000002
CCC[N+]1(C)CCOCC1.CC(=O)NC(C)C(=O)[O-],1.1341973543167114,1.1360000371932983,lFCLi,morpholinium,carboxylates,1.136
CCCCCC[n+]1ccn(C)c1.c1nc[n-]n1,1.124535322189331,1.122499942779541,lMHeP,imidazolium,cyclic amides,1.1225
CCC[N+](C)(CC)CC.O=S(=O)(F)[N-]S(=O)(=O)F,1.283485770225525,1.287500023841858,lOpKr,ammonium,bistriflamides,1.2875
CCC[N+]1(C)CCCC1.CC(O)C(=O)[O-],1.095129132270813,1.0800000429153442,lXuXY,pyrrolidinium,carboxylates,1.08
CCc1cccc[n+]1CC.O=S(=O)([N-]S(=O)(=O)C(F)(F)F)C(F)(F)F,1.4201775789260864,1.4706000089645386,lbBSr,pyridinium,bistriflamides,1.4706
CCCCCC[n+]1ccn(C)c1C.O=[N+]([O-])c1cn[n-]c1,1.1278340816497805,1.118899941444397,lfYpq,imidazolium,cyclic amides,1.1189
CCC[N+]1(C)CCCC1.N#C[N-]C#N,1.056875705718994,1.0268000364303589,lfwiA,pyrrolidinium,amides,1.0268
CCC[n+]1ccccc1.O=C([O-])C(F)(F)F,1.320101261138916,1.388200044631958,lhBEV,pyridinium,carboxylates,1.3882
CCCC[NH+](C)C.O=S(=O)([N-]S(=O)(=O)C(F)(F)F)C(F)(F)F,1.3626693487167358,1.4127999544143677,liJWF,ammonium,bistriflamides,1.4128
CCCCn1cc[n+](C)c1.O=C[O-],1.097885012626648,1.0734100341796875,lpQnv,imidazolium,carboxylates,1.07341
CC[P+](CC)(CC)COCCOC.O=[N+]([O-])c1cn[n-]c1,1.1547495126724243,1.1390000581741333,lvluC,phosphonium,cyclic amides,1.139
CCCC[N+]1(C)CCCC1.C=CC(=O)NC(C)(C)CS(=O)(=O)[O-],1.1182518005371094,1.1059999465942385,lyHBx,pyrrolidinium,sulfonates,1.106
CCCCC[N+](C)(C)CCO.CC1(C)CC(OS(=O)(=O)[O-])CC(C)(C)N1[O],1.119801640510559,1.0944000482559204,lzIdg,ammonium,sulfates,1.0944
CCCCCCCC[n+]1ccn(C)c1.N#C[N-]C#N,1.0234991312026978,1.0,lzpLe,imidazolium,amides,1.0
CCCC[N+]1(C)C2CCC1CC(O)C2.NC(CO)C(=O)[O-],1.175849437713623,1.166800022125244,mAGFp,pyrrolidinium,carboxylates,1.1668
CCCC[n+]1ccccc1C.O=S(=O)([N-]S(=O)(=O)C(F)(F)F)C(F)(F)F,1.3883193731307983,1.47599995136261,mEONc,pyridinium,bistriflamides,1.476
C=Cn1cc[n+](CC(CBr)N=[N+]=[N-])c1.[Br-],1.3350844383239746,1.3600000143051147,mHFGi,imidazolium,inorganics,1.36
CC[N+]1(C)CCCC1.CCO[PH](=O)[O-],1.1354403495788574,1.1230000257492063,mOQNd,pyrrolidinium,organic phosphates,1.123
CCCC[n+]1ccn(CC)c1.CCOS(=O)(=O)[O-],1.1585325002670288,1.1990000009536743,mQLBl,imidazolium,sulfates,1.199
C[n+]1ccn(CCC(F)(F)C(F)(F)C(F)(F)C(F)(F)C(F)(F)C(F)(F)F)c1.O=S(=O)([N-]S(=O)(=O)C(F)(F)F)C(F)(F)F,1.647438883781433,1.684499979019165,mSsRD,imidazolium,bistriflamides,1.6845
CCCC[n+]1ccn(C)c1.O=S(=O)([O-])C(F)(F)C(F)(F)OC(F)C(F)(F)F,1.434254765510559,1.4490000009536743,mVDys,imidazolium,sulfonates,1.449
CCC[n+]1ccc(C)cc1.O=S(=O)([N-]S(=O)(=O)C(F)(F)F)C(F)(F)F,1.4155104160308838,1.4509299993515017,mVrCw,pyridinium,bistriflamides,1.45093
CCCC[P+](CC)(CC)CC.Cc1ncc([N+](=O)[O-])[n-]1,1.082452654838562,1.0652999877929688,mXNyo,phosphonium,cyclic amides,1.0653
CCCCCCCC[N+](CC)(CC)CC.O=S(=O)(F)[N-]S(=O)(=O)F,1.164217472076416,1.1646000146865845,mdBTZ,ammonium,bistriflamides,1.1646
CC(C)n1cc[n+](C)c1.O=S(=O)(F)[N-]S(=O)(=O)F,1.3671188354492188,1.3948999643325806,meFle,imidazolium,bistriflamides,1.3949
CCC[n+]1ccn(COC2CC(C)CCC2C(C)C)c1.O=S(=O)([N-]S(=O)(=O)C(F)(F)F)C(F)(F)F,1.2932953834533691,1.2915199995040894,mflrJ,imidazolium,bistriflamides,1.29152
N#CCC[n+]1ccn(CCO)c1.[Cl-],1.2601131200790403,1.2549999952316284,mhLvV,imidazolium,inorganics,1.255
[N-]=[N+]=NCCn1c[nH+]c(N=[N+]=[N-])n1.O=[N+]([O-])[O-],1.5250842571258545,1.5800000429153442,mjChd,triazolium,inorganics,1.58
CN(C)C(=[NH2+])N(C)C.CCCCCC(=O)[O-],1.0092262029647827,0.9940999746322632,mlclN,guanidinium,carboxylates,0.9941
COCCCCn1cc[n+](C)c1.CC(N)C(=O)[O-],1.1560273170471191,1.155500054359436,mlslR,imidazolium,carboxylates,1.1555
CCCCCCCC[n+]1ccn(COC2CC(C)CCC2C(C)C)c1.O=S(=O)([N-]S(=O)(=O)C(F)(F)F)C(F)(F)F,1.1952613592147827,1.2170100212097168,mreBG,imidazolium,bistriflamides,1.21701
CCCCCCCC[NH+](CCCCCCCC)CCCCCCCC.CCCCCCCC(=O)[O-],0.8628831505775452,0.8461999893188477,mrwiX,ammonium,carboxylates,0.8462000000000001
CC[n+]1ccccc1.O=C([O-])C(F)(F)F,1.3622641563415527,1.416700005531311,mttUY,pyridinium,carboxylates,1.4167
CCCCCCn1cc[n+](CCCC)c1.[Br-],1.1605662107467651,1.1454999446868896,mwKAf,imidazolium,inorganics,1.1455
CC(C)COC(=O)C1CCC[NH2+]1.CCCCCCCCCCCCOS(=O)(=O)[O-],1.050437569618225,1.035899996757507,mwyLZ,pyrrolidinium,sulfates,1.0359
CCCC[n+]1ccn(C)c1.CCCCC(CC)COC(=O)CC(C(=O)OCC(CC)CCCC)S(=O)(=O)[O-],1.0808693170547483,1.0820000171661377,mzeYs,imidazolium,sulfonates,1.082
CCCC[P+](CCCC)(CCCC)CCCC.NCCS(=O)(=O)[O-],1.0464404821395874,1.0268000364303589,nChFL,phosphonium,sulfonates,1.0268
CCC[N+](C)(C)C(C)C.O=S(=O)([N-]S(=O)(=O)C(F)(F)F)C(F)(F)F,1.3571090698242188,1.399999976158142,nLIZV,ammonium,bistriflamides,1.4
CCCCCCCC[n+]1cc[nH]c1.O=S(=O)([N-]S(=O)(=O)C(F)(F)F)C(F)(F)F,1.3124736547470093,1.3463000059127808,nPXIg,imidazolium,bistriflamides,1.3463
C[N+]1(CCCO)CCOCC1.N#C[C-](C#N)C#N,1.1669490337371826,1.1619999408721924,nSBvB,morpholinium,methanides,1.162
CCOC[N+](C)(C)CCO.O=S(=O)([N-]S(=O)(=O)C(F)(F)F)C(F)(F)F,1.4098730087280271,1.4529999494552612,nSDfw,ammonium,bistriflamides,1.453
CCCC[n+]1cccc(C)c1.FC(F)(F)C(F)(F)[P-](F)(F)(F)(C(F)(F)C(F)(F)F)C(F)(F)C(F)(F)F,1.5263988971710205,1.5859999656677246,nSYDo,pyridinium,phosphates,1.586
CCCC[n+]1cccn1C.O=S(=O)([N-]S(=O)(=O)C(F)(F)F)C(F)(F)F,1.4039356708526611,1.4509999752044678,nVAjQ,pyrazolium,bistriflamides,1.451
CCCn1cc[n+](C)c1.O=[N+]([O-])[O-],1.178117752075195,1.184000015258789,nVmna,imidazolium,inorganics,1.184
CCCCCCCCCC[N+](C)(C)CCC.O=S(=O)([N-]S(=O)(=O)C(F)(F)F)C(F)(F)F,1.1961183547973633,1.2009999752044678,nWEoR,ammonium,bistriflamides,1.201
CCCC[N+](C)(C)CCN(C)C.O=S(=O)([N-]S(=O)(=O)C(F)(F)F)C(F)(F)F,1.3390191793441772,1.322100043296814,nZzQL,ammonium,bistriflamides,1.3220999999999998
CCCCCC[NH2+]CCN.O=C([O-])C(F)(F)F,1.147060751914978,1.1634000539779663,ndaZI,ammonium,carboxylates,1.1634
C[n+]1ccn(CCCC#N)c1.O=S(=O)(F)[N-]S(=O)(=O)F,1.4559481143951416,1.5113999843597412,nimLP,imidazolium,bistriflamides,1.5114
CCn1cc[n+](C)c1.O=S(=O)([O-])C(F)(F)C(F)(F)C(F)(F)C(F)(F)F,1.5139508247375488,1.5464999675750732,nrNka,imidazolium,sulfonates,1.5465
CC[N+]1(C)CCOCC1.CC(=O)NC(CC(C)C)C(=O)[O-],1.1082992553710938,1.104200005531311,nrklt,morpholinium,carboxylates,1.1042
CCCCCn1cc[n+](CCOCCOCC)c1.O=S(=O)([N-]S(=O)(=O)C(F)(F)F)C(F)(F)F,1.3151813745498655,1.3174999952316284,nsTEa,imidazolium,bistriflamides,1.3175
CCCC[N+](C)(CCCC)CCCC.NCCCCC(N)C(=O)[O-],1.0213088989257812,0.9797000288963318,oCnBM,ammonium,carboxylates,0.9797
Cn1cc[n+](C)c1.CC(=O)[O-],1.131639838218689,1.1275999546051023,oDfUa,imidazolium,carboxylates,1.1276
OCC[NH2+]c1ccccc1.CCCC(=O)[O-],1.0685415267944336,1.0608999729156494,oDxAq,ammonium,carboxylates,1.0609000000000002
CCCCCn1cc[n+](C)c1C.O=S(=O)([N-]S(=O)(=O)C(F)(F)F)C(F)(F)F,1.339044213294983,1.3954999446868896,oEFFf,imidazolium,bistriflamides,1.3955
CCCCCCCCCC[N+]1(C)CCCC1.O=S(=O)([N-]S(=O)(=O)C(F)(F)F)C(F)(F)F,1.230593204498291,1.25,oKABm,pyrrolidinium,bistriflamides,1.25
CCCC[n+]1ccccc1.FC(F)(F)C(F)(F)[P-](F)(F)(F)(C(F)(F)C(F)(F)F)C(F)(F)C(F)(F)F,1.555280685424805,1.6330000162124634,oXdls,pyridinium,phosphates,1.633
CCCCCCCCCCCn1cc[n+](C)c1.O=S(=O)([N-]S(=O)(=O)C(F)(F)F)C(F)(F)F,1.2443833351135254,1.2613999843597412,ombmu,imidazolium,bistriflamides,1.2614
CCCCCCCCCCCOC[N+](C)(C)CCO.O=S(=O)([N-]S(=O)(=O)C(F)(F)F)C(F)(F)F,1.2202690839767456,1.2300000190734863,omkPu,ammonium,bistriflamides,1.23
CCCC[n+]1ccn(C)c1.NC(CCC(=O)O)C(=O)[O-],1.2103382349014282,1.194000005722046,onktK,imidazolium,carboxylates,1.194
CCCCCCCCc1cccc[n+]1CC.O=S(=O)([N-]S(=O)(=O)C(F)(F)F)C(F)(F)F,1.2683842182159424,1.2973999977111816,ooIni,pyridinium,bistriflamides,1.2974
C[N+](C)(C)CCO.CCC(=O)[O-],1.0912909507751465,1.071499943733215,oortE,ammonium,carboxylates,1.0715
CC(C)CC[n+]1ccn(C)c1.O=S(=O)([N-]S(=O)(=O)C(F)(F)F)C(F)(F)F,1.3689281940460205,1.4033000469207764,orZYl,imidazolium,bistriflamides,1.4033
CCCCCC[n+]1ccn(C)c1.c1c[n-]nn1,1.073689579963684,1.0425000190734863,ovZru,imidazolium,cyclic amides,1.0425
CCn1cc[nH+]c1.O=S(=O)([N-]S(=O)(=O)C(F)(F)F)C(F)(F)F,1.510587453842163,1.569100022315979,owLqR,imidazolium,bistriflamides,1.5691
CCCCC(CC)C[NH2+]CCN.O=C([O-])C(F)(F)F,1.1285215616226196,1.1305999755859375,ozVei,ammonium,carboxylates,1.1305999999999998
CCCCCCCCCCCC[N+](CC)(CC)CC.O=S(=O)([N-]S(=O)(=O)C(F)(F)F)C(F)(F)F,1.1630877256393433,1.1877000331878662,pBPRZ,ammonium,bistriflamides,1.1877
CCCCCCCC[n+]1ccc2ccccc2c1.O=S(=O)([N-]S(=O)(=O)C(F)(F)F)C(F)(F)F,1.30716073513031,1.3308000564575195,pFmxD,quinlolinium,bistriflamides,1.3308
CC[n+]1ccn(C)c1.[Br-],1.302845478057861,1.388100028038025,pKcAM,imidazolium,inorganics,1.3881
C=C[n+]1ccn(CCCC)c1.CC(N)C(=O)[O-],1.0531067848205566,1.0282000303268433,pLugb,imidazolium,carboxylates,1.0282
CCCCCCCCCC[P+](CCCC)(CCCC)CCCC.O=S(=O)([N-]S(=O)(=O)C(F)(F)F)C(F)(F)F,1.1355385780334473,1.1419999599456787,pPNSw,phosphonium,bistriflamides,1.142
CCOCC[n+]1ccn(C)c1.O=S(=O)([N-]S(=O)(=O)C(F)(F)F)C(F)(F)F,1.4217954874038696,1.45770001411438,pQdKz,imidazolium,bistriflamides,1.4577
CCn1cc[n+](C)c1.Cc1c[n-]c(=O)[nH]c1=O,1.1966642141342163,1.21396005153656,pSHMq,imidazolium,amides,1.21396
CCCCCCCC[P+](CCCCCCCC)(CCCCCCCC)CCCCCCCC.O=S(=O)([N-]S(=O)(=O)C(F)(F)F)C(F)(F)F,1.072728395462036,1.06659996509552,phJZb,phosphonium,bistriflamides,1.0666
CCCCCCCC[n+]1ccn(C)c1.O=P([O-])(O)OP(=O)(O)O,1.1612248420715332,1.4259999990463257,pjpXs,imidazolium,organic phosphates,1.426
CCCCc1n(S(=O)(=O)O)cc[n+]1S(=O)(=O)O.O=C([O-])C(F)(F)F,1.4370590448379517,1.4900000095367432,pnThm,imidazolium,carboxylates,1.49
[N-]=[N+]=NCC[n+]1cn(N)cn1.[O-][Cl+3]([O-])([O-])[O-],1.5855398178100586,1.6299999952316284,qEZAp,triazolium,inorganics,1.63
CC[N+](C)(C)CCOCCOC.O=S(=O)([N-]S(=O)(=O)C(F)(F)F)C(F)(F)F,1.3795645236968994,1.39110004901886,qFsWO,ammonium,bistriflamides,1.3911
C[n+]1cn(CCN=[N+]=[N-])cn1.O=[N+]([O-])[O-],1.4350489377975464,1.4500000476837158,qGNeF,triazolium,inorganics,1.45
Cn1cc[n+](CCN)c1.F[P-](F)(F)(F)(F)F,1.4621915817260742,1.561900019645691,qGfsd,imidazolium,phosphates,1.5619
CC[NH+](C)C.CC(=O)[O-],1.0351990461349487,1.01610004901886,qOIsH,ammonium,carboxylates,1.0161
CCCCCC[n+]1cn(CCCCS(=O)(=O)O)cn1.O=S(=O)([O-])C(F)(F)F,1.313938856124878,1.3175599575042725,qRKFF,triazolium,sulfonates,1.3175599999999998
COCCC[N+]1(C)CCCC1.O=S(=O)([N-]S(=O)(=O)C(F)(F)F)C(F)(F)F,1.3892356157302856,1.424399971961975,qWBhX,pyrrolidinium,bistriflamides,1.4244
CC[n+]1ccn(C)c1.CC(O)C(=O)[O-],1.144871473312378,1.1425000429153442,qWQxW,imidazolium,carboxylates,1.1425
CCCC[n+]1ccn(C)c1C.CC(N)C(=O)[O-],1.1226452589035034,1.0882999897003174,qYAwc,imidazolium,carboxylates,1.0883
CCCC[n+]1ccn(C)c1.C=CC(=O)NC(C)(C)CS(=O)(=O)[O-],1.150421977043152,1.156000018119812,qoLDP,imidazolium,sulfonates,1.156
CCCCCC[n+]1cc(C)cc(C)c1C.O=S(=O)([N-]S(=O)(=O)C(F)(F)F)C(F)(F)F,1.2995611429214478,1.3361799716949463,qwjjJ,pyridinium,bistriflamides,1.33618
CCCOCC[n+]1ccccc1.O=S(=O)([N-]S(=O)(=O)C(F)(F)F)C(F)(F)F,1.3941543102264404,1.430500030517578,qyLGE,pyridinium,bistriflamides,1.4305
CC[NH+](CC)CC.O=P([O-])(O)O,1.1317437887191772,1.1256999969482422,qyMUS,ammonium,organic phosphates,1.1257
CC[n+]1c(C)cc(C)n1C.O=S(=O)([N-]S(=O)(=O)C(F)(F)F)C(F)(F)F,1.4346764087677002,1.458899974822998,qyyJc,pyrazolium,bistriflamides,1.4589
CCCCCCCCOC[N+](C)(C)CCOC(C)=O.O=S(=O)([N-]S(=O)(=O)C(F)(F)F)C(F)(F)F,1.254488468170166,1.253999948501587,rDFgP,ammonium,bistriflamides,1.254
CCCC[n+]1ccn(C)c1.O=S(=O)([O-])C(F)(F)C(F)C(F)(F)F,1.350846529006958,1.409000039100647,rFqOQ,imidazolium,sulfonates,1.409
CCCCCCCCCn1cc[n+](CCCCCCCCC)c1.O=S(=O)([N-]S(=O)(=O)C(F)(F)F)C(F)(F)F,1.1648921966552734,1.1691999435424805,rJCZb,imidazolium,bistriflamides,1.1692
CCCCC[N+]1(C)CCOCC1.N#C[N-]C#N,1.1066898107528689,1.1224000453948977,rKrfh,morpholinium,amides,1.1224
CN(C)C(=[NH2+])N(C)C.CCCCCCCC(=O)[O-],0.9903082847595216,0.9656000137329102,rPNoa,guanidinium,carboxylates,0.9656
CCCOCC[N+]1(C)CCCC1.O=S(=O)([N-]S(=O)(=O)C(F)(F)F)C(F)(F)F,1.3501482009887695,1.3787000179290771,rWXHo,pyrrolidinium,bistriflamides,1.3787
CCCCCCCCCCCCOC[N+](C)(C)CCOC(C)=O.O=S(=O)([N-]S(=O)(=O)C(F)(F)F)C(F)(F)F,1.1946605443954468,1.2000000476837158,rhJcY,ammonium,bistriflamides,1.2
CCCCCCC[P+](CC)(CC)CC.O=[N+]([O-])c1cn[n-]c1,1.070055603981018,1.0377999544143677,rhpxx,phosphonium,cyclic amides,1.0378
CCC[N+]1(C)CCOCC1.CC(=O)NC(C(=O)[O-])C(C)C,1.1086591482162476,1.10099995136261,rloSO,morpholinium,carboxylates,1.101
COCCOCCn1cc[n+](C)c1.CS(=O)(=O)[O-],1.219021558761597,1.218000054359436,rmnYI,imidazolium,sulfonates,1.218
C[n+]1ccn(CCO)c1.CCC(=O)[O-],1.1262240409851074,1.1619999408721924,rqaSv,imidazolium,carboxylates,1.162
CCCCn1cc[n+](C)c1.O=C1[N-]S(=O)(=O)c2ccccc21,1.21612286567688,1.2480499744415283,rtyGn,imidazolium,bistriflamides,1.24805
CCn1c[n+](CC)cc1C.O=S(=O)([N-]S(=O)(=O)C(F)(F)F)C(F)(F)F,1.4141817092895508,1.4320000410079956,rusHn,imidazolium,bistriflamides,1.432
CCCCC[n+]1ccn(C)c1.[Br-],1.248852252960205,1.2628300189971924,sAlhb,imidazolium,inorganics,1.26283
CCCCCc1c(C)cc(C)c[n+]1CCCC.O=S(=O)([N-]S(=O)(=O)C(F)(F)F)C(F)(F)F,1.2635469436645508,1.2882299423217771,sCbiU,pyridinium,bistriflamides,1.28823
CCC[N+](CCC)(CCC)CCC.[Br-],1.170138955116272,1.1699999570846558,sHtyc,ammonium,inorganics,1.17
CCCCC[P+](CC)(CC)CC.O=S(=O)(F)[N-]S(=O)(=O)F,1.2029069662094116,1.218999981880188,sIlbs,phosphonium,bistriflamides,1.219
c1ccc([P+](c2ccccc2)(c2ccccc2)c2ccccc2)cc1.C=CC(=O)NC(C)(C)CS(=O)(=O)[O-],1.2575275897979736,1.239400029182434,sMdQS,phosphonium,sulfonates,1.2394
CCCCC[n+]1ccn(C)c1.N#C[S-],1.0865191221237185,1.0630799531936646,sPylP,imidazolium,inorganics,1.06308
C[n+]1ccccc1.COS(=O)(=O)[O-],1.312877178192139,1.3447999954223633,sUlFL,pyridinium,sulfates,1.3448
CCCCCCCCCCCCCC[P+](CCCC)(CCCC)CCCC.CCCCCCCCCCCCc1ccc(S(=O)(=O)[O-])cc1,1.0031884908676147,0.9556000232696532,sahVh,phosphonium,sulfonates,0.9556
CCn1cc[n+](C)c1.O=C([O-])CO,1.183688402175903,1.1959999799728394,sbQJP,imidazolium,carboxylates,1.196
Cn1cc[n+](C)c1.CO[PH](=O)[O-],1.2293781042099,1.2302000522613523,scDUm,imidazolium,organic phosphates,1.2302
Cn1cc[n+](CCO)c1.O=C([O-])C(F)(F)C(F)(F)C(F)(F)C(F)(F)F,1.4878487586975098,1.5413000583648682,sdBsZ,imidazolium,carboxylates,1.5413
CCCC[n+]1ccn(C)c1.[Br-],1.281162977218628,1.302299976348877,seSGV,imidazolium,inorganics,1.3023
CCCC[N+]1(C)CCOCC1.N#C[N-]C#N,1.1226993799209597,1.118299961090088,sgMdl,morpholinium,amides,1.1182999999999998
CCCCCCn1c(C)cc(C)[n+]1-c1ccccc1.CS(=O)(=O)[O-],1.1417527198791504,1.1416000127792358,sgrLA,pyrazolium,sulfonates,1.1416
CCCC[n+]1ccc(N(C)C)cc1.O=S(=O)([N-]S(=O)(=O)C(F)(F)F)C(F)(F)F,1.3599759340286257,1.3970999717712402,sjqUq,pyridinium,bistriflamides,1.3971
CC[N+]1(C)CCOCC1.CC(=O)NC(C(=O)[O-])C(C)C,1.1249101161956787,1.1231000423431396,ssxwG,morpholinium,carboxylates,1.1231
CCCCCCCCCCCCCC[P+](CCCCCC)(CCCCCC)CCCCCC.Cc1ncc([N+](=O)[O-])[n-]1,0.9717186093330384,0.9387000203132628,stdbB,phosphonium,cyclic amides,0.9387
Cn1cn[n+](CCN=[N+]=[N-])c1.O=[N+]([O-])[O-],1.441362380981445,1.4900000095367432,szZQK,triazolium,inorganics,1.49
CCCCCCCCCCCCCC[P+](CCCCCC)(CCCCCC)CCCCCC.O=C([O-])C(F)(F)C(F)(F)C(F)(F)C(F)(F)F,1.0916016101837158,1.0770000219345093,tAIWe,phosphonium,carboxylates,1.077
CCOCCOCC[n+]1ccn(C2CCCC2)c1.O=S(=O)([N-]S(=O)(=O)C(F)(F)F)C(F)(F)F,1.333387017250061,1.368499994277954,tBLho,imidazolium,bistriflamides,1.3685
CCCC[n+]1ccn(C)c1.NC(CC(=O)O)C(=O)[O-],1.202046513557434,1.1829999685287476,tHGdZ,imidazolium,carboxylates,1.183
C[N+](C)(C)CCO.NC(Cc1ccccc1)C(=O)[O-],1.167544722557068,1.1650999784469604,tITTZ,ammonium,carboxylates,1.1650999999999998
CCCCCCCCCCCCn1c[n+](C)cn1.O=S(=O)([N-]S(=O)(=O)C(F)(F)F)C(F)(F)F,1.2498618364334106,1.2619999647140503,tIvZT,triazolium,bistriflamides,1.262
CCCC[P+](CCCC)(CCCC)CCOCC.O=C([O-])C(F)(F)F,1.0991541147232056,1.055999994277954,tJnVx,phosphonium,carboxylates,1.056
CCCCCCCCCCCCCC[P+](CCCCCC)(CCCCCC)CCCCCC.Clc1nc[n-]c1Cl,1.0038021802902222,0.9643999934196472,tRyJk,phosphonium,cyclic amides,0.9644
CCCn1cc[n+](C)c1.O=S(=O)(F)[N-]S(=O)(=O)F,1.3710143566131592,1.3950999975204468,tSVhT,imidazolium,bistriflamides,1.3951
CCCCCC[n+]1ccn(CCC#N)c1.O=C([O-])c1cccc(S(=O)(=O)O)c1,1.2146129608154297,1.2446000576019287,tWWeK,imidazolium,carboxylates,1.2446
CCCCCCCCCCCCCC[P+](CCCCCC)(CCCCCC)CCCCCC.O=S(=O)([O-])C(F)(F)F,0.9907121062278748,0.9822999835014344,tYmKR,phosphonium,sulfonates,0.9823
CCCCCC[N+]1(C)CCOCC1.N#C[C-](C#N)C#N,1.0679371356964111,1.0396000146865845,tbxxw,morpholinium,methanides,1.0396
CCCCCCCC[n+]1ccn(CCC#N)c1.O=S(=O)([O-])c1ccccc1,1.190967679023743,1.205199956893921,tccyN,imidazolium,sulfonates,1.2052
CCCCCCC[N+](C)(C)CC.O=S(=O)([N-]S(=O)(=O)C(F)(F)F)C(F)(F)F,1.2666834592819214,1.2910000085830688,tckba,ammonium,bistriflamides,1.291
COC[n+]1ccccc1.O=S(=O)([N-]S(=O)(=O)C(F)(F)F)C(F)(F)F,1.505443096160889,1.5670000314712524,thaYl,pyridinium,bistriflamides,1.567
C[N+]1=C(O)CCC1.CC(=O)[O-],1.0674268007278442,1.0460599660873413,tsMoB,amidium,carboxylates,1.04606
Cn1cc[nH+]c1.CC(=O)[O-],1.0941929817199707,1.0753300189971924,ttYnL,imidazolium,carboxylates,1.07533
C[N+]1(CCO)CCCC1.O=S(=O)([N-]S(=O)(=O)C(F)(F)F)C(F)(F)F,1.4511889219284058,1.5174000263214111,tuwGS,pyrrolidinium,bistriflamides,1.5174
CCCCCCCCCCn1cc[n+](C)c1.O=C1[N-]S(=O)(=O)c2ccccc21,1.1568526029586792,1.1325500011444092,uCjIh,imidazolium,bistriflamides,1.1325500000000002
CCCCCCCCCC[n+]1ccn(COC2CC(C)CCC2C(C)C)c1.O=S(=O)([N-]S(=O)(=O)C(F)(F)F)C(F)(F)F,1.1731573343276978,1.194290041923523,uHkZe,imidazolium,bistriflamides,1.19429
CCOC[N+](C)(C)CCOC(C)=O.O=S(=O)([N-]S(=O)(=O)C(F)(F)F)C(F)(F)F,1.3865413665771484,1.4259999990463257,uIYie,ammonium,bistriflamides,1.426
CCCCCCCCCCCCCC[P+](CCCCCC)(CCCCCC)CCCCCC.CS(=O)(=O)[O-],0.9535465240478516,0.9280999898910522,uRpUP,phosphonium,sulfonates,0.9281
CCC[n+]1ccn(C)c1.COS(=O)(=O)[O-],1.331857204437256,1.5113999843597412,uSYUX,imidazolium,sulfates,1.5114
C[NH2+]CCO.O=C[O-],1.1402918100357056,1.1283124685287476,uTjfy,ammonium,carboxylates,1.1283125
C=CC[N+](C)(C)CC.O=S(=O)([N-]S(=O)(=O)C(F)(F)F)C(F)(F)F,1.4055591821670532,1.4239000082015991,uaCCP,ammonium,bistriflamides,1.4239000000000002
CC[n+]1ccn(C)c1.Cc1ccc(S(=O)(=O)[O-])cc1,1.189489245414734,1.2100000381469729,uagWg,imidazolium,sulfonates,1.21
CCCn1cc[n+](C)c1.NCCS(=O)(=O)[O-],1.1993485689163208,1.219099998474121,udsNC,imidazolium,sulfonates,1.2191
CCCCC[n+]1ccn(C)c1C.O=S(=O)([O-])O,1.1762615442276,1.1900999546051023,ugiQu,imidazolium,sulfates,1.1901
CCCC[N+](C)(CCCC)CCCC.NCCS(=O)(=O)[O-],1.0698118209838867,1.0511000156402588,uhVKJ,ammonium,sulfonates,1.0511
CCCCCCCCn1cc[n+](C)c1.O=C1[N-]S(=O)(=O)c2ccccc21,1.168053150177002,1.162999987602234,ujIDZ,imidazolium,bistriflamides,1.1629999999999998
COCCn1cc[n+](C)c1.CS(=O)(=O)[O-],1.232645034790039,1.2338000535964966,ujwAj,imidazolium,sulfonates,1.2338
CCCCCn1cc[n+](C)c1.CCC(=O)[O-],1.055401086807251,1.020509958267212,umLdo,imidazolium,carboxylates,1.02051
C[N+]1(Cc2ccccc2)CCCC1.O=S(=O)([N-]S(=O)(=O)C(F)(F)F)C(F)(F)F,1.3899375200271606,1.4443999528884888,upAvB,pyrrolidinium,bistriflamides,1.4444
CC[N+]1(C)CCOCC1.O=C([O-])CO,1.2202590703964231,1.2325999736785889,upFug,morpholinium,carboxylates,1.2326
CCCC[NH+](CCCC)CCCC.[Cl-],1.1172794103622437,1.1059999465942385,uqNXf,ammonium,inorganics,1.106
CCCCCC[N+]1(C)CCOCC1.O=S(=O)([N-]S(=O)(=O)C(F)(F)F)C(F)(F)F,1.331970453262329,1.3712999820709229,uqbiA,morpholinium,bistriflamides,1.3713
CC(C)CCn1c[n+](CCCCS(=O)(=O)O)cn1.O=S(=O)([O-])C(F)(F)F,1.3169211149215698,1.3733199834823608,urxzi,triazolium,sulfonates,1.37332
C[N+](C)(C)CCO.O=S(=O)([N-]S(=O)(=O)C(F)(F)F)C(F)(F)F,1.4524117708206177,1.5265475511550903,uscIQ,ammonium,bistriflamides,1.5265475
C=CC[n+]1ccn(C)c1.CC(=O)[O-],1.1154567003250122,1.1109999418258667,uvYuz,imidazolium,carboxylates,1.111
CCCCCCCC[N+]1(C)CCOCC1.CC(=O)NC(C(=O)[O-])C(C)C,1.0590918064117432,1.0404000282287598,uxTYN,morpholinium,carboxylates,1.0404
CCOCC[n+]1ccccc1.O=S(=O)([N-]S(=O)(=O)C(F)(F)F)C(F)(F)F,1.431368112564087,1.4661999940872192,uyRLs,pyridinium,bistriflamides,1.4662
[N-]=[N+]=NCCn1c[nH+]cn1.[O-][Cl+3]([O-])([O-])[O-],1.5757882595062256,1.6100000143051147,uzeWz,triazolium,inorganics,1.61
CCCCCCCCCCCCn1cc[n+](CCCC)c1.[Br-],1.082109451293945,1.055999994277954,vIdLn,imidazolium,inorganics,1.056
CCCCCCCCn1cc[n+](CCCC)c1.[Br-],1.1197552680969238,1.1196999549865725,vMmPu,imidazolium,inorganics,1.1197
C[NH+]1CCOCC1.CCCCCC(=O)[O-],0.9593403935432434,0.9286999702453612,vOMGE,morpholinium,carboxylates,0.9287
C[N+]1(CC#N)CCCC1.O=S(=O)([N-]S(=O)(=O)C(F)(F)F)C(F)(F)F,1.4777023792266846,1.5377999544143677,vQteh,pyrrolidinium,bistriflamides,1.5378
CCCCCCCCCCCOC[N+](C)(C)CCOC(C)=O.O=S(=O)([N-]S(=O)(=O)C(F)(F)F)C(F)(F)F,1.2070881128311155,1.2100000381469729,vRHLV,ammonium,bistriflamides,1.21
CCCC[N+]1(C)C2CCC1CC(O)C2.NCC(=O)[O-],1.1600714921951294,1.142799973487854,vRMkd,pyrrolidinium,carboxylates,1.1428
CCCC[n+]1ccn(C)c1.O=S(=O)([O-])C(F)(F)C(F)OC(F)(F)F,1.3653326034545898,1.3930000066757202,vTyKL,imidazolium,sulfonates,1.393
Cn1cc[n+](C)c1.COCCOS(=O)(=O)[O-],1.279038667678833,1.3140000104904177,vXAVE,imidazolium,sulfates,1.314
CCCCCC[n+]1ccn(C)c1.c1nnn[n-]1,1.0790656805038452,1.0680999755859375,vaudK,imidazolium,cyclic amides,1.0680999999999998
N#CC[n+]1ccccc1.O=S(=O)([N-]S(=O)(=O)C(F)(F)F)C(F)(F)F,1.5689224004745483,1.6311999559402466,vbHUt,pyridinium,bistriflamides,1.6312
CCCC[N+]1(C)CCCC1.N#C[N-]S(=O)(=O)C(F)(F)F,1.218299150466919,1.2319999933242798,vgbTC,pyrrolidinium,bistriflamides,1.232
CCCC[N+]1(C)C2CCC1CC(O)C2.CC(N)C(=O)[O-],1.1355599164962769,1.1233999729156494,voLjw,pyrrolidinium,carboxylates,1.1234000000000002
CCCCCC[N+](C)(C)CCC.O=S(=O)([N-]S(=O)(=O)C(F)(F)F)C(F)(F)F,1.2750234603881836,1.284999966621399,vqWtW,ammonium,bistriflamides,1.285
CCCCCCCCn1c[n+](C)cn1.O=S(=O)([N-]S(=O)(=O)C(F)(F)F)C(F)(F)F,1.317542314529419,1.3420000076293943,vtsjP,triazolium,bistriflamides,1.342
CCCC[n+]1ccn(C)c1.CCCCOP(=O)([O-])OCCCC,1.0533332824707031,1.046180009841919,vymxP,imidazolium,organic phosphates,1.04618
CCC[n+]1ccn(C)c1.N#C[S-],1.1072803735733032,1.084089994430542,wOoDo,imidazolium,inorganics,1.08409
CCCC[N+]1(C)CCCC1.N#C[S-],1.0465610027313232,1.024799942970276,wVFFQ,pyrrolidinium,inorganics,1.0248
CCCCCCCn1c(C)cc(C)[n+]1-c1ccccc1.CS(=O)(=O)[O-],1.1318027973175049,1.1238000392913818,wZOPc,pyrazolium,sulfonates,1.1238
CCCC[n+]1ccc(C#N)cc1.O=S(=O)([N-]S(=O)(=O)C(F)(F)F)C(F)(F)F,1.4229642152786257,1.4742000102996826,wcAYd,pyridinium,bistriflamides,1.4742
C[n+]1ccn(CCO)c1.FC(F)(F)C(F)(F)[P-](F)(F)(F)(C(F)(F)C(F)(F)F)C(F)(F)C(F)(F)F,1.6815261840820312,1.7645399570465088,wfkBF,imidazolium,phosphates,1.76454
CCCCCCCC[N+]1(C)CCCC1.CCCCCCCCO[PH](=O)[O-],1.004619836807251,0.9890999794006348,wgwzB,pyrrolidinium,organic phosphates,0.9891
CCCC[N+](C)(C)CCOCCN(C)C.O=S(=O)([N-]S(=O)(=O)C(F)(F)F)C(F)(F)F,1.3365973234176636,1.4394999742507937,wjvhT,ammonium,bistriflamides,1.4395
CCCC[N+]1(C)CCCCC1.CCCCO[PH](=O)[O-],1.0838555097579956,1.0536099672317505,wkiKt,piperidinium,organic phosphates,1.05361
CCc1cccc[n+]1C.COS(=O)(=O)[O-],1.276042342185974,1.2847000360488892,wlqiG,pyridinium,sulfates,1.2847
CC[n+]1ccn(C)c1.[Cl-],1.1368783712387085,1.1230100393295288,wqWwe,imidazolium,inorganics,1.12301
CCCCCCCCn1cc[n+](CCCCCCCC)c1.O=S(=O)([N-]S(=O)(=O)C(F)(F)F)C(F)(F)F,1.1762242317199707,1.1948000192642212,wuGBJ,imidazolium,bistriflamides,1.1948
C[N+](C)(C)CCO.CCCC(=O)[O-],1.0721439123153689,1.0464999675750732,wwIRB,ammonium,carboxylates,1.0465
CCCC[n+]1cccc(C)c1.N#C[N-]C#N,1.0639084577560425,1.0496000051498413,wyRxP,pyridinium,amides,1.0496
CCCCCCCC[P+](CCCC)(CCCC)CCCC.CC(=O)C=C(C)[O-],0.9472501277923584,0.921999990940094,xAXRN,phosphonium,carboanions,0.922
CCCCCCCC[P+](CCCC)(CCCC)CCCC.CC1(C)CC(=O)C=C([O-])C1,0.965818464756012,0.9332000017166138,xCUkO,phosphonium,carboanions,0.9332
CC(C)OC(=O)CCC([NH3+])C(=O)OC(C)C.CCCCCCCCCCCCOS(=O)(=O)[O-],1.051755666732788,1.0503000020980835,xEaIz,ammonium,sulfates,1.0503
C=CC[N+](C)(C)CC.O=C([O-])C(F)(F)F,1.2167953252792358,1.2210999727249146,xJUKL,ammonium,carboxylates,1.2211
CCC[n+]1cn(C)cn1.Cc1ccc(S(=O)(=O)[O-])cc1,1.2425929307937622,1.2247999906539917,xQOkb,triazolium,sulfonates,1.2248
COCCCC[n+]1ccn(C)c1.NC(CC(=O)O)C(=O)[O-],1.2384535074234009,1.2187000513076782,xVNFR,imidazolium,carboxylates,1.2187
CCCC[P+](CC)(CCCC)CCCC.O=S(=O)([N-]S(=O)(=O)C(F)(F)F)C(F)(F)F,1.2217351198196411,1.24399995803833,xWCqM,phosphonium,bistriflamides,1.244
CCCCn1cc[n+](C)c1.O=c1cc[n-]c(=O)[nH]1,1.1780927181243896,1.1761399507522583,xWDSz,imidazolium,amides,1.1761400000000002
C[NH+](C)CCO.CC1(C)CC(OS(=O)(=O)[O-])CC(C)(C)N1[O],1.1778773069381714,1.1755000352859497,xblQq,ammonium,sulfates,1.1755
CC[NH+]1CCOCC1.CCCCCC(=O)[O-],0.9755144119262696,0.9333999752998352,xdByN,morpholinium,carboxylates,0.9334
CCCC[N+]1(C)CCOCC1.CC(=O)NC(C)C(=O)[O-],1.1228530406951904,1.1152000427246094,xekAR,morpholinium,carboxylates,1.1152
C=CC[n+]1ccn(C=C)c1.N#C[N-]C#N,1.1806633472442627,1.190000057220459,xfhlK,imidazolium,amides,1.19
CCCCCCCCCCCC[P+](CCCC)(CCCC)CCCC.O=S(=O)([N-]S(=O)(=O)C(F)(F)F)C(F)(F)F,1.1175843477249146,1.1299999952316284,xljut,phosphonium,bistriflamides,1.13
CCCC[n+]1ccn(C)c1.CCCCCCOC(=O)CC(C(=O)OCCCCCC)C(C(=O)OCCCCCC)S(=O)(=O)[O-],1.0785753726959229,1.0789999961853027,xrOfR,imidazolium,sulfonates,1.079
CCCCn1cc[n+](C)c1.O=c1[n-]cnc2nc[nH]c12,1.2121059894561768,1.207900047302246,xvRmJ,imidazolium,amides,1.2079000000000002
CCCCCCn1cc[n+](C)c1.CC1=CC(=O)[N-]S(=O)(=O)O1,1.1785402297973633,1.1959999799728394,xwTTf,imidazolium,bistriflamides,1.196
CCCCCCCC[NH+](CCCCCCCC)CCCCCCCC.O=C([O-])c1ccccc1C(=O)O,1.0146437883377075,0.9699000120162964,yDfPh,ammonium,carboxylates,0.9699
CCCc1cccc[n+]1CC.O=S(=O)([N-]S(=O)(=O)C(F)(F)F)C(F)(F)F,1.406776785850525,1.4471999406814575,yDivz,pyridinium,bistriflamides,1.4472
CC[N+]1(C)CCCCC1.CCO[PH](=O)[O-],1.1294372081756592,1.094099998474121,yIsYz,piperidinium,organic phosphates,1.0941
COC[N+]1(C)CCCC1.O=S(=O)(F)[N-]S(=O)(=O)F,1.3550922870635986,1.4047499895095823,yJGBl,pyrrolidinium,bistriflamides,1.40475
CCC[N+](C)(C)CCOCCN(C)C.O=S(=O)([N-]S(=O)(=O)C(F)(F)F)C(F)(F)F,1.3570899963378906,1.3414000272750854,yJUei,ammonium,bistriflamides,1.3414
CCCC[n+]1ccn(CCC#N)c1.O=S(=O)([O-])C(F)(F)F,1.3045910596847534,1.3323999643325806,yNkoz,imidazolium,sulfonates,1.3324
CCCC[n+]1ccn(C)c1.O=S(=O)([C-](S(=O)(=O)C(F)(F)F)S(=O)(=O)C(F)(F)F)C(F)(F)F,1.5233525037765503,1.559999942779541,ySxYR,imidazolium,methanides,1.56
CCCC[n+]1ccc(C)cc1.N#C[S-],1.0835130214691162,1.061269998550415,yVkPB,pyridinium,inorganics,1.06127
CCCCC[N+]1(C)CCCC1.O=S(=O)([N-]S(=O)(=O)C(F)(F)F)C(F)(F)F,1.3151516914367676,1.3599200248718262,yYxxA,pyrrolidinium,bistriflamides,1.35992
CCCCCCCC[N+]1(C)CCOCC1.N#C[N-]C#N,1.0573313236236572,1.0347000360488892,ycPhd,morpholinium,amides,1.0347
CCCCCCCC[N+]1(C)CCOCC1.CC(=O)NC(C)C(=O)[O-],1.0758540630340576,1.059999942779541,yclrf,morpholinium,carboxylates,1.06
Cn1cc[n+](Cc2ccccc2)c1.C=CC(=O)NC(C)(C)CS(=O)(=O)[O-],1.1561455726623535,1.1480000019073486,yfFek,imidazolium,sulfonates,1.148
Cn1cc[n+](CC(Br)CN=[N+]=[N-])c1.N#C[N-]C#N,1.2764030694961548,1.2799999713897705,yfdsE,imidazolium,amides,1.28
CCCCCCCCCCn1cc[n+](CCCCCCCCCC)c1.O=S(=O)([N-]S(=O)(=O)C(F)(F)F)C(F)(F)F,1.1562570333480835,1.1521999835968018,yhRvm,imidazolium,bistriflamides,1.1522
CCCCCCN(CCCCCC)C(N(C)C)=[N+](CCCCCC)CCCCCC.[Cl-],0.94807368516922,0.9430000185966492,yifQp,guanidinium,inorganics,0.943
CCCCCCCC[n+]1ccn(C)c1.O=S(=O)([O-])C(F)(F)C(F)F,1.237528681755066,1.2330000400543213,yjWew,imidazolium,sulfonates,1.233
CCn1cc[nH+]c1.CC(=O)[O-],1.1143780946731567,1.0341999530792236,ynVyP,imidazolium,carboxylates,1.0342
CCCCCC[N+]1(C)CCCCC1.CCCCCCO[PH](=O)[O-],1.0392167568206787,1.013100028038025,yocdP,piperidinium,organic phosphates,1.0131
CCCC[P+](CCCC)(CCCC)CCCN.CC(C)C(N)C(=O)[O-],1.0089151859283447,0.9807000160217284,zAhMn,phosphonium,carboxylates,0.9807
C=C[n+]1ccn(CCCC)c1.NC(Cc1c[nH]cn1)C(=O)[O-],1.3217183351516724,1.3502999544143677,zISZw,imidazolium,carboxylates,1.3503
CCCCn1cc[n+](C)c1C.CC(O)C(N)C(=O)[O-],1.1162078380584717,1.1231000423431396,zSPkd,imidazolium,carboxylates,1.1231
CCCCCc1cccc[n+]1CC.O=S(=O)([N-]S(=O)(=O)C(F)(F)F)C(F)(F)F,1.344576120376587,1.3710999488830566,zVMXD,pyridinium,bistriflamides,1.3711
CCCC[N+](CCO)(CCO)CCO.O=S(=O)([N-]S(=O)(=O)C(F)(F)F)C(F)(F)F,1.3965576887130735,1.4570250511169434,zVheO,ammonium,bistriflamides,1.457025
CCCCCCOCn1cc[n+](COCCCCCC)c1.O=S(=O)([N-]S(=O)(=O)C(F)(F)F)C(F)(F)F,1.239806056022644,1.254899978637695,zcgaE,imidazolium,bistriflamides,1.2549
CC[NH+]=C(N(C)C)N(C)C.O=S(=O)([N-]S(=O)(=O)C(F)(F)F)C(F)(F)F,1.3867714405059814,1.409999966621399,zgHEJ,guanidinium,bistriflamides,1.41
CCCCCCn1cc[n+](CCCCCC)c1.O=S(=O)([N-]S(=O)(=O)C(F)(F)F)C(F)(F)F,1.2370641231536863,1.2549999952316284,zgpwy,imidazolium,bistriflamides,1.255
Cc1n(CCCC#N)cc[n+]1C.N#C[N-]C#N,1.164381980895996,1.1679999828338623,zhCVG,imidazolium,amides,1.168
CCCC[n+]1ccccc1.O=[N+]([O-])[O-],1.1908520460128784,1.1885000467300415,zwJrr,pyridinium,inorganics,1.1885
