smiles,value_x,y_true,value_y
[Cl-].CN1C=C[NH+]=C1,76.01789093017578,72.0,72.0
[Br-].CN1C=C[NH+]=C1,77.66073608398438,41.0,41.0
[O-][Cl](=O)(=O)=O.CN1C=C[NH+]=C1,104.83547973632812,157.0,157.0
F[B-](F)(F)F.CN1C=C[NH+]=C1,48.01342010498047,37.0,37.0
CN1C=C[NH+]=C1.FC(F)(F)S(=O)(=O)[N-]S(=O)(=O)C(F)(F)F,3.4246177673339844,9.0,9.0
CN1C=C[NH+]=C1.FC(F)(F)C(F)(F)S(=O)(=O)[N-]S(=O)(=O)C(F)(F)C(F)(F)F,0.3085315227508545,11.0,11.0
[O-][N+]([O-])=O.CN1C=C[NH+]=C1,63.99381256103515,70.0,70.0
CN1C=C[NH+]=C1.[O-]S(=O)(=O)C(F)(F)F,41.279781341552734,84.0,84.0
CN1C=C[NH+]=C1.F[P-](F)(F)(F)(F)F,102.65442657470705,116.0,116.0
CN1C=C[NH+]=C1.[O-]C(=O)C(F)(F)F,66.74529266357422,51.0,51.0
CC([O-])=O.CN1C=C[NH+]=C1,33.25189208984375,-23.0,-23.0
[Cl-].CCN1C=C[NH+]=C1,66.79376220703125,58.0,58.0
[Br-].CCN1C=C[NH+]=C1,67.99620819091797,60.0,60.0
[O-][Cl](=O)(=O)=O.CCN1C=C[NH+]=C1,44.94361877441406,21.0,21.0
[O-][N+]([O-])=O.CCN1C=C[NH+]=C1,29.885475158691406,31.0,31.0
CCN1C=C[NH+]=C1.[O-]S(=O)(=O)C(F)(F)F,19.17767333984375,8.0,8.0
[Cl-].CN1C=C[N+](C)=C1,112.37557220458984,125.0,125.0
F[B-](F)(F)F.CN1C=C[N+](C)=C1,66.33326721191406,103.0,103.0
CN1C=C[N+](C)=C1.FC(F)(F)S(=O)(=O)[N-]S(=O)(=O)C(F)(F)F,12.568479537963867,22.0,22.0
CN1C=C[N+](C)=C1.[O-]C(=O)C(F)(F)F,61.49005508422851,52.0,52.0
CN1C=C[N+](C)=C1.F[B-](F)(F)C(F)(F)F,35.00707244873047,15.0,15.0
CN1C=C[N+](C)=C1.F[B-](F)(F)C(F)(F)C(F)(F)F,23.723800659179688,27.0,27.0
CN1C=C[N+](C)=C1.F[B-](F)(F)C(F)(F)C(F)(F)C(F)(F)F,19.415267944335938,11.0,11.0
CN1C=C[N+](C)=C1.F[B-](F)(F)C(F)(F)C(F)(F)C(F)(F)C(F)(F)F,19.428775787353516,16.0,16.0
[Cl-].CN1C=C[NH+]=C1C,169.78341674804688,181.0,181.0
[Br-].CN1C=C[NH+]=C1C,185.8682098388672,176.0,176.0
[O-][Cl](=O)(=O)=O.CN1C=C[NH+]=C1C,78.46985626220703,64.0,64.0
CN1C=C[NH+]=C1C.FC(F)(F)S(=O)(=O)[N-]S(=O)(=O)C(F)(F)F,31.779003143310547,22.0,22.0
CN1C=C[NH+]=C1C.FC(F)(F)C(F)(F)S(=O)(=O)[N-]S(=O)(=O)C(F)(F)C(F)(F)F,31.702449798583984,15.0,15.0
[O-][N+]([O-])=O.CN1C=C[NH+]=C1C,80.99706268310547,84.0,84.0
CN1C=C[NH+]=C1C.[O-]S(=O)(=O)C(F)(F)F,83.23648071289062,119.0,119.0
CN1C=C[NH+]=C1C.F[P-](F)(F)(F)(F)F,120.64508819580078,115.0,115.0
[Cl-].CC[N+]1=CN(C)C=C1,71.29104614257812,80.0,80.0
[I-].CC[N+]1=CN(C)C=C1,72.49921417236328,79.0,79.0
CC[N+]1=CN(C)C=C1.F[B-](F)(F)C(F)(F)F,-0.2857730388641357,-20.0,-20.0
CC[N+]1=CN(C)C=C1.F[B-](F)(F)C(F)(F)C(F)(F)F,-8.277847290039062,1.0,1.0
CC[N+]1=CN(C)C=C1.F[B-](F)(F)C(F)(F)C(F)(F)C(F)(F)F,-5.911795616149902,8.0,8.0
CC[N+]1=CN(C)C=C1.F[B-](F)(F)C(F)(F)C(F)(F)C(F)(F)C(F)(F)F,-3.9462101459503174,-4.0,-4.0
CCC[B-](F)(F)F.CC[N+]1=CN(C)C=C1,-4.649420738220215,-14.0,-14.0
CCCC[B-](F)(F)F.CC[N+]1=CN(C)C=C1,-4.753847122192383,-9.0,-9.0
CC[N+]1=CN(C)C=C1.CCCCC[B-](F)(F)F,-9.2985258102417,16.0,16.0
CC[N+]1=CN(C)C=C1.FC(F)(F)S(=O)(=O)[N-]S(=O)(=O)C(F)(F)F,5.5242133140563965,-16.0,-16.0
CC[N+]1=CN(C)C=C1.FC(F)(F)C(F)(F)S(=O)(=O)[N-]S(=O)(=O)C(F)(F)C(F)(F)F,4.37106466293335,-1.0,-1.0
N#C[N-]C#N.CC[N+]1=CN(C)C=C1,-6.596400260925293,-21.0,-21.0
CC[N+]1=CN(C)C=C1.FC(F)(F)C(=O)[N-]S(=O)(=O)C(F)(F)F,5.17812442779541,3.0,3.0
[O-]N=O.CC[N+]1=CN(C)C=C1,27.632213592529297,55.0,55.0
[O-][N+]([O-])=O.CC[N+]1=CN(C)C=C1,35.66925048828125,38.0,38.0
CC[N+]1=CN(C)C=C1.FS(=O)(=O)[N-]S(F)(=O)=O,-12.53455638885498,-13.0,-13.0
CC[N+]1=CN(C)C=C1.[O-]S(=O)(=O)C(F)(F)C(F)(F)C(F)(F)C(F)(F)F,21.114337921142575,28.0,28.0
CC[N+]1=CN(C)C=C1.[O-]S(=O)(=O)OCC(F)(F)C(F)(F)C(F)(F)C(F)F,-2.586137056350708,-16.0,-16.0
COS([O-])(=O)=O.CC[N+]1=CN(C)C=C1,6.1965484619140625,5.0,5.0
CC[N+]1=CN(C)C=C1.[O-]S(=O)(=O)OC(F)(F)C(F)(F)F,0.8386776447296143,-65.0,-65.0
CC[N+]1=CN(C)C=C1.FC(F)(F)C(F)(F)[P-](F)(F)(F)(C(F)(F)C(F)(F)F)C(F)(F)C(F)(F)F,-19.59527015686035,-37.0,-37.0
[O-]C(=O)C(F)(F)F.CC[N+]1=CN(C)C=C1,-6.054959297180176,-14.0,-14.0
CC([O-])=O.CC[N+]1=CN(C)C=C1,-30.935585021972656,-45.0,-45.0
CC[N+]1=CN(C)C=C1.OC(=O)C1=CC=CC=C1C([O-])=O,-14.677037239074709,-47.0,-47.0
CC[N+]1=CN(C)C=C1.FC(F)(F)S(=O)(=O)[C-](S(=O)(=O)C(F)(F)F)S(=O)(=O)C(F)(F)F,32.278785705566406,39.0,39.0
N#C[C-](C#N)C#N.CC[N+]1=CN(C)C=C1,-21.74129867553711,-10.0,-10.0
[S-]C#N.CC[N+]1=CN(C)C=C1,0.1340720653533935,-6.0,-6.0
[Cl-].CCN1C=C[NH+]=C1C,161.0580291748047,178.0,178.0
[Br-].CCN1C=C[NH+]=C1C,156.51719665527344,144.0,144.0
[O-][Cl](=O)(=O)=O.CCN1C=C[NH+]=C1C,6.764160633087158,7.0,7.0
CCN1C=C[NH+]=C1C.FC(F)(F)C(F)(F)S(=O)(=O)[N-]S(=O)(=O)C(F)(F)C(F)(F)F,17.198387145996094,-19.0,-19.0
[O-][N+]([O-])=O.CCN1C=C[NH+]=C1C,74.49551391601562,75.0,75.0
CCN1C=C[NH+]=C1C.[O-]S(=O)(=O)C(F)(F)F,43.56312942504883,33.0,33.0
[O-]S(=O)(=O)C(F)(F)F.CN1C=C[N+](CC(F)(F)F)=C1,44.91568374633789,45.0,45.0
[O-]S(=O)(=O)C(F)(F)F.CCN1C=C[N+](CC)=C1,35.7477912902832,23.0,23.0
[Cl-].CCC[N+]1=CN(C)C=C1,48.22859191894531,60.0,60.0
F[B-](F)(F)F.CCC[N+]1=CN(C)C=C1,5.894618034362793,-17.0,-17.0
F[B-](F)(F)C(F)(F)F.CCC[N+]1=CN(C)C=C1,-2.3454859256744385,-21.0,-21.0
CCC[N+]1=CN(C)C=C1.F[B-](F)(F)C(F)(F)C(F)(F)F,-16.801475524902344,-42.0,-42.0
CCC[N+]1=CN(C)C=C1.F[B-](F)(F)C(F)(F)C(F)(F)C(F)(F)F,-18.720149993896484,-5.0,-5.0
CCC[N+]1=CN(C)C=C1.F[B-](F)(F)C(F)(F)C(F)(F)C(F)(F)C(F)(F)F,-15.78432559967041,-12.0,-12.0
CCC[N+]1=CN(C)C=C1.[O-]S(=O)(=O)C(F)(F)C(F)(F)C(F)(F)C(F)(F)F,15.009263038635254,34.0,34.0
F[P-](F)(F)(F)(F)F.CCC[N+]1=CN(C)C=C1,57.978614807128906,40.0,40.0
[I-].CC(C)[N+]1=CN(C)C=C1,94.55489349365234,114.0,114.0
CC(C)[N+]1=CN(C)C=C1.FC(F)(F)S(=O)(=O)[N-]S(=O)(=O)C(F)(F)F,37.24058532714844,16.0,16.0
CC(C)[N+]1=CN(C)C=C1.FC(F)(F)C(F)(F)C(F)(F)C(F)(F)S(=O)(=O)[N-]S(=O)(=O)C(F)(F)C(F)(F)C(F)(F)C(F)(F)F,45.492794036865234,29.0,29.0
F[P-](F)(F)(F)(F)F.CC(C)[N+]1=CN(C)C=C1,97.0011978149414,102.0,102.0
[Cl-].COCC[N+]1=CN(C)C=C1,65.69417572021484,67.0,67.0
F[B-](F)(F)C(F)(F)F.COCC[N+]1=CN(C)C=C1,0.9048526287078856,2.0,2.0
COCC[N+]1=CN(C)C=C1.F[B-](F)(F)C(F)(F)C(F)(F)F,-5.871158599853516,-9.0,-9.0
[O-]S(=O)(=O)C(F)(F)F.COCC[N+]1=CN(C)C=C1,23.961559295654297,27.0,27.0
F[P-](F)(F)(F)(F)F.COCC[N+]1=CN(C)C=C1,25.46088409423828,26.0,26.0
CCCC[N+]1=CN(C)C=C1.FC(F)(F)C1=CC(=CC(=C1)[B-](C1=CC(=CC(=C1)C(F)(F)F)C(F)(F)F)(C1=CC(=CC(=C1)C(F)(F)F)C(F)(F)F)C1=CC(=CC(=C1)C(F)(F)F)C(F)(F)F)C(F)(F)F,93.38621520996094,104.0,104.0
CCCC[N+]1=CN(C)C=C1.C[Si](C)(CCC(F)(F)F)C1=CC=C(C=C1)[B-](C1=CC=C(C=C1)[Si](C)(C)CCC(F)(F)F)(C1=CC=C(C=C1)[Si](C)(C)CCC(F)(F)F)C1=CC=C(C=C1)[Si](C)(C)CCC(F)(F)F,97.33036041259766,104.0,104.0
CCCC[N+]1=CN(C)C=C1.FC(F)(F)C(F)(F)C(F)(F)C(F)(F)C(F)(F)C(F)(F)C1=CC=C(C=C1)[B-](C1=CC=C(C=C1)C(F)(F)C(F)(F)C(F)(F)C(F)(F)C(F)(F)C(F)(F)F)(C1=CC=C(C=C1)C(F)(F)C(F)(F)C(F)(F)C(F)(F)C(F)(F)C(F)(F)F)C1=CC=C(C=C1)C(F)(F)C(F)(F)C(F)(F)C(F)(F)C(F)(F)C(F)(F)F,60.343143463134766,90.0,90.0
CCCC[N+]1=CN(C)C=C1.F[B-](F)(F)C(F)(F)C(F)(F)F,-24.336368560791016,-42.0,-42.0
CC(CC#N)[B-](F)(F)F.CCCC[N+]1=CN(C)C=C1,-52.528717041015625,-85.0,-85.0
CCCC[N+]1=CN(C)C=C1.FC(F)(F)S(=O)(=O)[N-]S(=O)(=O)C(F)(F)F,2.569960355758667,-9.0,-9.0
N#C[N-]C#N.CCCC[N+]1=CN(C)C=C1,1.2624423503875732,-6.0,-6.0
[O-]S(=O)(=O)C(F)(F)F.CCCC[N+]1=CN(C)C=C1,22.35443687438965,16.0,16.0
CCCC[N+]1=CN(C)C=C1.[O-]S(=O)(=O)C(F)(F)C(F)(F)C(F)(F)C(F)(F)F,21.0830078125,20.0,20.0
CCCCCOS([O-])(=O)=O.CCCC[N+]1=CN(C)C=C1,9.330954551696776,-17.0,-17.0
CCCC[N+]1=CN(C)C=C1.[O-]S(=O)(=O)OCCCC(F)(F)C(F)(F)F,-6.914586067199707,-15.0,-15.0
CCCC[N+]1=CN(C)C=C1.[O-]S(=O)(=O)OCC(F)(F)C(F)(F)C(F)(F)C(F)F,-8.579314231872559,-61.0,-61.0
[O-]C(=O)C(F)(F)F.CCCC[N+]1=CN(C)C=C1,-10.276610374450684,-40.0,-40.0
CC([O-])=O.CCCC[N+]1=CN(C)C=C1,-7.54880428314209,-20.0,-20.0
CCCCC[N+]1=CN(C)C=C1.FC(F)(F)C1=CC(=CC(=C1)[B-](C1=CC(=CC(=C1)C(F)(F)F)C(F)(F)F)(C1=CC(=CC(=C1)C(F)(F)F)C(F)(F)F)C1=CC(=CC(=C1)C(F)(F)F)C(F)(F)F)C(F)(F)F,73.87930297851562,82.0,82.0
CCCCC[N+]1=CN(C)C=C1.FC(F)(F)S(=O)(=O)[N-]S(=O)(=O)C(F)(F)F,4.549613952636719,-9.0,-9.0
CCCCC[N+]1=CN(C)C=C1.O=C1[N-]S(=O)(=O)C2=CC=CC=C12,45.679229736328125,64.0,64.0
CCCC[N+]1=CN(CC)C=C1.FC(F)(F)S(=O)(=O)[N-]S(=O)(=O)C(F)(F)F,-7.019515037536621,-8.0,-8.0
[O-]S(=O)(=O)C(F)(F)F.CCCC[N+]1=CN(CC)C=C1,11.018550872802734,2.0,2.0
CCCC[N+]1=CN(CC)C=C1.[O-]S(=O)(=O)C(F)(F)C(F)(F)C(F)(F)C(F)(F)F,16.27334213256836,21.0,21.0
[O-]C(=O)C(F)(F)F.CCCC[N+]1=CN(CC)C=C1,-23.91153335571289,-40.0,-40.0
[Cl-].CCCCCC[N+]1=CN(C)C=C1,26.993989944458008,-75.0,-75.0
CCCCCC[N+]1=CN(C)C=C1.FC(F)(F)C1=CC(=CC(=C1)[B-](C1=CC(=CC(=C1)C(F)(F)F)C(F)(F)F)(C1=CC(=CC(=C1)C(F)(F)F)C(F)(F)F)C1=CC(=CC(=C1)C(F)(F)F)C(F)(F)F)C(F)(F)F,69.10009002685547,82.0,82.0
F[B-](F)(F)C(F)(F)C(F)(F)F.CCCCCC[N+]1=CN(C)C=C1,-16.354206085205078,-10.0,-10.0
CCCCCC[N+]1=CN(C)C=C1.FC(F)(F)S(=O)(=O)[N-]S(=O)(=O)C(F)(F)F,5.429549217224121,-7.0,-7.0
[O-]S(=O)(=O)C(F)(F)F.CCCCCC[N+]1=CN(C)C=C1,25.12126922607422,29.0,29.0
CCCCCC[N+]1=CN(C)C=C1.FC(F)(F)C(F)(F)[P-](F)(F)(F)(C(F)(F)C(F)(F)F)C(F)(F)C(F)(F)F,-28.684268951416016,-50.0,-50.0
[Br-].CN1C=C[N+](CC(=O)C2=CC=CC=C2)=C1,184.1657867431641,49.0,49.0
CCCCCCC[N+]1=CN(C)C=C1.FC(F)(F)C1=CC(=CC(=C1)[B-](C1=CC(=CC(=C1)C(F)(F)F)C(F)(F)F)(C1=CC(=CC(=C1)C(F)(F)F)C(F)(F)F)C1=CC(=CC(=C1)C(F)(F)F)C(F)(F)F)C(F)(F)F,68.4254150390625,69.0,69.0
CCCCCCC[N+]1=CN(C)C=C1.FC(F)(F)S(=O)(=O)[N-]S(=O)(=O)C(F)(F)F,5.853133201599121,7.0,7.0
[Cl-].CCCCN1C=C[N+](CCCC)=C1,37.31048583984375,55.0,55.0
[Br-].CN1C=C[N+](CC2=CC=CC=C2)=C1,104.68244171142578,126.0,126.0
[O-]S(=O)(=O)C(F)(F)F.CN1C=C[N+](CC2=CC=CC=C2)=C1,38.39183044433594,27.0,27.0
F[P-](F)(F)(F)(F)F.CN1C=C[N+](CC2=CC=CC=C2)=C1,115.6334457397461,130.0,130.0
[O-]S(=O)(=O)C(F)(F)F.COC1=CC=C(C=C1)[N+]1=CN(C)C=C1,62.08684539794922,45.0,45.0
CCCCCCCC[N+]1=CN(C)C=C1.FC(F)(F)C1=CC(=CC(=C1)[B-](C1=CC(=CC(=C1)C(F)(F)F)C(F)(F)F)(C1=CC(=CC(=C1)C(F)(F)F)C(F)(F)F)C1=CC(=CC(=C1)C(F)(F)F)C(F)(F)F)C(F)(F)F,63.05121612548828,75.0,75.0
F[P-](F)(F)(F)(F)F.CCCCCCCC[N+]1=CN(C)C=C1,10.37671184539795,-40.0,-40.0
CN1C=C[N+](CCC2=CC=CC=C2)=C1.FC(F)(F)S(=O)(=O)[N-]S(=O)(=O)C(F)(F)F,25.94656753540039,37.0,37.0
F[P-](F)(F)(F)(F)F.CN1C=C[N+](CCC2=CC=CC=C2)=C1,106.39546966552734,103.0,103.0
F[P-](F)(F)(F)(F)F.CCCCCCCOC[N+]1=CN(C)C=C1,11.57310390472412,38.0,38.0
F[P-](F)(F)(F)(F)F.CCCCOC[N+]1=CN(COCCC)C=C1,29.214658737182617,48.0,48.0
F[P-](F)(F)(F)(F)F.CCCCCCCCC[N+]1=CN(C)C=C1,19.801437377929688,14.0,14.0
CC1=CC=C(C=C1)S([O-])(=O)=O.CCCCCCCC[N+]1=CN(CC)C=C1,36.06586837768555,70.0,70.0
CN1C=C[N+](CCCC2=CC=CC=C2)=C1.FC(F)(F)S(=O)(=O)[N-]S(=O)(=O)C(F)(F)F,17.420156478881836,48.0,48.0
F[P-](F)(F)(F)(F)F.CN1C=C[N+](CCCC2=CC=CC=C2)=C1,82.55018615722656,52.0,52.0
F[P-](F)(F)(F)(F)F.CCCCOCN1C=C[N+](COCCCC)=C1,36.372291564941406,57.0,57.0
F[P-](F)(F)(F)(F)F.CCCCCCCC[N+]1=CN(CCC)C=C1,16.941162109375,-30.0,-30.0
[Cl-].CCCCCCCCCC[N+]1=CN(C)C=C1,35.05577087402344,38.0,38.0
CCCCCCCCCC[N+]1=CN(C)C=C1.FC(F)(F)C1=CC(=CC(=C1)[B-](C1=CC(=CC(=C1)C(F)(F)F)C(F)(F)F)(C1=CC(=CC(=C1)C(F)(F)F)C(F)(F)F)C1=CC(=CC(=C1)C(F)(F)F)C(F)(F)F)C(F)(F)F,66.74612426757812,85.0,85.0
FC(F)(F)S(=O)(=O)[N-]S(=O)(=O)C(F)(F)F.CCCCCCCCCC[N+]1=CN(C)C=C1,6.111358642578125,-2.0,-2.0
CC1=CC=C(C=C1)S([O-])(=O)=O.CCCCCCCCCC[N+]1=CN(C)C=C1,54.10590362548828,79.0,79.0
F[P-](F)(F)(F)(F)F.CCCCCCCCCC[N+]1=CN(C)C=C1,31.957237243652344,32.0,32.0
F[B-](F)(F)F.CCCCCCCCCCC[N+]1=CN(C)C=C1,40.806522369384766,21.0,21.0
[Cl-].CCCCCCCCCCCC[N+]1=CN(C)C=C1,41.67559814453125,97.0,97.0
[Br-].CCCCCCCCCCCC[N+]1=CN(C)C=C1,56.96288299560547,-5.0,-5.0
F[B-](F)(F)F.CCCCCCCCCCCC[N+]1=CN(C)C=C1,45.416893005371094,34.0,34.0
FC(F)(F)S(=O)(=O)[N-]S(=O)(=O)C(F)(F)F.CCCCCCCCCCCC[N+]1=CN(C)C=C1,17.90540313720703,17.0,17.0
[O-]S(=O)(=O)C(F)(F)F.CCCCCCCCCCCC[N+]1=CN(C)C=C1,55.06058120727539,40.0,40.0
F[P-](F)(F)(F)(F)F.CCCCCCCCCCCC[N+]1=CN(C)C=C1,52.5042610168457,60.0,60.0
CCCCCCCCCCCC[N+]1=CN(C)C=C1.FC(F)(F)C1=CC(=CC(=C1)[B-](C1=CC(=CC(=C1)C(F)(F)F)C(F)(F)F)(C1=CC(=CC(=C1)C(F)(F)F)C(F)(F)F)C1=CC(=CC(=C1)C(F)(F)F)C(F)(F)F)C(F)(F)F,65.96532440185547,72.0,72.0
F[B-](F)(F)F.CCCCCCCCCCCCCN1C=C[N+](C)=C1,53.27824020385742,49.0,49.0
[Cl-].CCCCCCCCCCCCCC[N+]1=CN(C)C=C1,43.76171112060547,19.0,19.0
[Br-].CCCCCCCCCCCCCC[N+]1=CN(C)C=C1,59.052242279052734,54.0,54.0
F[B-](F)(F)F.CCCCCCCCCCCCCC[N+]1=CN(C)C=C1,57.51337432861328,38.0,38.0
FC(F)(F)S(=O)(=O)[N-]S(=O)(=O)C(F)(F)F.CCCCCCCCCCCCCC[N+]1=CN(C)C=C1,30.461830139160156,34.0,34.0
[O-]S(=O)(=O)C(F)(F)F.CCCCCCCCCCCCCC[N+]1=CN(C)C=C1,67.41637420654297,50.0,50.0
F[P-](F)(F)(F)(F)F.CCCCCCCCCCCCCC[N+]1=CN(C)C=C1,67.2302017211914,73.0,73.0
F[B-](F)(F)F.CCCCCCCCCCCCCCC[N+]1=CN(C)C=C1,60.38360595703125,55.0,55.0
[Cl-].CCCCCCCCCCCCCCCC[N+]1=CN(C)C=C1,43.137813568115234,42.0,42.0
[Br-].CCCCCCCCCCCCCCCC[N+]1=CN(C)C=C1,60.91265106201172,40.0,40.0
F[B-](F)(F)F.CCCCCCCCCCCCCCCC[N+]1=CN(C)C=C1,60.30080795288086,46.0,46.0
FC(F)(F)S(=O)(=O)[N-]S(=O)(=O)C(F)(F)F.CCCCCCCCCCCCCCCC[N+]1=CN(C)C=C1,44.950340270996094,42.0,42.0
[O-]S(=O)(=O)C(F)(F)F.CCCCCCCCCCCCCCCC[N+]1=CN(C)C=C1,68.36967468261719,58.0,58.0
F[P-](F)(F)(F)(F)F.CCCCCCCCCCCCCCCC[N+]1=CN(C)C=C1,66.44535064697266,75.0,75.0
[Cl-].CCCCCCCCCCCCCCCCCC[N+]1=CN(C)C=C1,43.468841552734375,53.0,53.0
F[B-](F)(F)F.CCCCCCCCCCCCCCCCCC[N+]1=CN(C)C=C1,62.56401062011719,67.0,67.0
FC(F)(F)S(=O)(=O)[N-]S(=O)(=O)C(F)(F)F.CCCCCCCCCCCCCCCCCC[N+]1=CN(C)C=C1,56.596073150634766,45.0,45.0
[O-]S(=O)(=O)C(F)(F)F.CCCCCCCCCCCCCCCCCC[N+]1=CN(C)C=C1,68.28118133544922,66.0,66.0
F[P-](F)(F)(F)(F)F.CCCCCCCCCCCCCCCCCC[N+]1=CN(C)C=C1,67.99384307861328,80.0,80.0
[Br-].CCCCCCCCCCCCCCCCCCCC[N+]1=CN(C)C=C1,64.64219665527344,60.0,60.0
[Cl-].COC[N+]1=CN(C)C=C1,46.14544296264648,17.0,17.0
F[B-](F)(F)C(F)(F)F.COC[N+]1=CN(C)C=C1,18.705646514892575,17.0,17.0
COC[N+]1=CN(C)C=C1.F[B-](F)(F)C(F)(F)C(F)(F)F,12.60499668121338,-21.0,-21.0
[I-].C[N+]1=CN(C=C1)C(F)(F)C(F)F,106.58456420898438,141.0,141.0
F[B-](F)(F)F.C[N+]1=CN(C=C1)C(F)(F)C(F)F,60.26522064208984,64.0,64.0
C[N+]1=CN(C=C1)C(F)(F)C(F)F.FC(F)(F)S(=O)(=O)[N-]S(=O)(=O)C(F)(F)F,25.7522029876709,42.0,42.0
[I-].CC[N+]1=CN(C=C1)C(F)(F)C(F)F,81.41958618164062,91.0,91.0
F[B-](F)(F)F.CC[N+]1=CN(C=C1)C(F)(F)C(F)F,16.744871139526367,25.0,25.0
CC[N+]1=CN(C=C1)C(F)(F)C(F)F.FC(F)(F)S(=O)(=O)[N-]S(=O)(=O)C(F)(F)F,9.731719017028809,16.0,16.0
[I-].CCC[N+]1=CN(C=C1)C(F)(F)C(F)F,86.6956558227539,78.0,78.0
[I-].CCCC[N+]1=CN(C=C1)C(F)(F)C(F)F,92.17571258544922,74.0,74.0
CCOC(=O)[C@@H](C)[N+]1=CN(C)C=C1.FC(F)(F)S(=O)(=O)[N-]S(=O)(=O)C(F)(F)F,50.92191696166992,45.0,45.0
[O-]S(=O)(=O)C(F)(F)F.CCOC(=O)[C@@H](C)[N+]1=CN(C)C=C1,58.550994873046875,73.0,73.0
F[B-](F)(F)F.CCCCCCCCOCN1C=C[N+](COCCCCCCCC)=C1,47.435211181640625,54.0,54.0
F[B-](F)(F)F.CCCCCCCCCOCN1C=C[N+](COCCCCCCCCC)=C1,50.77189636230469,57.0,57.0
F[B-](F)(F)F.CCCCCCCCCOCN1C=C[N+](COCCCCCCCCC)=C1,50.77189636230469,57.0,55.0
F[B-](F)(F)F.CCCCCCCCCCOCN1C=C[N+](COCCCCCCCCCC)=C1,49.80419158935547,69.0,69.0
F[B-](F)(F)F.CCCCCCCCCCCOCN1C=C[N+](COCCCCCCCCCCC)=C1,49.73502349853515,71.0,71.0
F[B-](F)(F)F.CCCCCCCCCCCCOCN1C=C[N+](COCCCCCCCCCCCC)=C1,52.925804138183594,79.0,79.0
[Cl-].CN1C=C[N+](CCO)=C1,60.09239196777344,61.0,61.0
F[P-](F)(F)(F)(F)F.CN1C=C[N+](CCO)=C1,46.35063934326172,23.0,23.0
COC(=O)C[N+]1=CN(C)C=C1.FC(F)(F)S(=O)(=O)[N-]S(=O)(=O)C(F)(F)F,58.499080657958984,-43.0,-43.0
F[P-](F)(F)(F)(F)F.COC(=O)C[N+]1=CN(C)C=C1,78.75527954101562,77.0,77.0
CCC(C)[N+]1=CN(C)C=C1.[O-]S(=O)(=O)C(F)(F)C(F)(F)C(F)(F)C(F)(F)F,34.429691314697266,43.0,43.0
CC(C)CC[N+]1=CN(C)C=C1.FC(F)(F)C(F)(F)C(F)(F)C(F)(F)S(=O)(=O)[N-]S(=O)(=O)C(F)(F)C(F)(F)C(F)(F)C(F)(F)F,45.77867889404297,40.0,40.0
[I-].C[N+]1=CN(CCO[Si](C)(C)C)C=C1,78.92517852783203,69.0,69.0
[Br-].C[Si](C)(C)OCCN1C=C[N+](CCF)=C1,101.49374389648438,126.0,126.0
[I-].C[Si](C)(C)OCCN1C=C[N+](CCC(F)(F)F)=C1,108.6371078491211,133.0,133.0
FC(F)(F)S(=O)(=O)[N-]S(=O)(=O)C(F)(F)F.CCC(=O)C[N+]1=CN(CCC(F)(F)F)C=C1,65.24834442138672,128.0,128.0
F[B-](F)(F)F.C[N+]1=CN(CC#N)C=C1,39.06526184082031,35.0,35.0
F[P-](F)(F)(F)(F)F.C[N+]1=CN(CC#N)C=C1,74.29002380371094,78.0,78.0
[Cl-].C[N+]1=CN(CCC#N)C=C1,62.33250045776367,50.0,50.0
F[B-](F)(F)F.C[N+]1=CN(CCC#N)C=C1,21.78829574584961,20.0,20.0
F[P-](F)(F)(F)(F)F.C[N+]1=CN(CCC#N)C=C1,67.48574829101562,35.0,35.0
[Cl-].C[N+]1=CN(CCCC#N)C=C1,66.8814697265625,80.0,80.0
F[B-](F)(F)F.C[N+]1=CN(CCCC#N)C=C1,-9.807384490966797,-72.0,-72.0
CC(CC#N)[B-](F)(F)F.C[N+]1=CN(CCCC#N)C=C1,-44.6494026184082,-77.0,-77.0
F[P-](F)(F)(F)(F)F.C[N+]1=CN(CCCC#N)C=C1,45.71502304077149,75.0,75.0
[Cl-].C[N+]1=CN(CCCCC#N)C=C1,50.7078971862793,32.0,32.0
F[B-](F)(F)F.C[N+]1=CN(CCCCC#N)C=C1,-28.395355224609375,-72.0,-72.0
F[P-](F)(F)(F)(F)F.C[N+]1=CN(CCCCC#N)C=C1,19.05730628967285,-60.0,-60.0
F[B-](F)(F)F.CCCC[NH+]1CN(CCP(=O)(OCC)OCC)C=C1,-72.6653823852539,-81.0,-81.0
F[P-](F)(F)(F)(F)F.CCCC[NH+]1CN(CCP(=O)(OCC)OCC)C=C1,-39.7309684753418,-50.0,-50.0
F[B-](F)(F)F.CCCC[NH+]1CN(CCCP(=O)(OCC)OCC)C=C1,-64.65303802490234,-64.0,-64.0
F[P-](F)(F)(F)(F)F.CCCC[NH+]1CN(CCCP(=O)(OCC)OCC)C=C1,-39.13728332519531,-53.0,-53.0
F[B-](F)(F)F.CCCCCC[NH+]1CN(CCP(=O)(OCC)OCC)C=C1,-71.61738586425781,-83.0,-83.0
F[P-](F)(F)(F)(F)F.CCCCCC[NH+]1CN(CCP(=O)(OCC)OCC)C=C1,-47.79681396484375,-62.0,-62.0
F[B-](F)(F)F.CCCCCC[NH+]1CN(CCCP(=O)(OCC)OCC)C=C1,-74.37969207763672,-76.0,-76.0
F[P-](F)(F)(F)(F)F.CCCCCC[NH+]1CN(CCCP(=O)(OCC)OCC)C=C1,-54.75836944580078,-66.0,-66.0
F[B-](F)(F)F.CCCCCCCC[NH+]1CN(CCP(=O)(OCC)OCC)C=C1,-78.48920440673828,-80.0,-80.0
F[P-](F)(F)(F)(F)F.CCCCCCCC[NH+]1CN(CCP(=O)(OCC)OCC)C=C1,-53.70707702636719,-64.0,-64.0
F[B-](F)(F)F.CCCCCCCC[NH+]1CN(CCCP(=O)(OCC)OCC)C=C1,-77.38021850585938,-65.0,-65.0
F[P-](F)(F)(F)(F)F.CCCCCCCC[NH+]1CN(CCCP(=O)(OCC)OCC)C=C1,-56.27960205078125,-93.0,-93.0
FC(F)(F)S(=O)(=O)[N-]S(=O)(=O)C(F)(F)F.C[N+]1=CN(CCC(F)(F)C(F)(F)S(F)(F)(F)(F)F)C=C1,-41.43450927734375,-56.0,-56.0
FC(F)(F)S(=O)(=O)[N-]S(=O)(=O)C(F)(F)F.C[N+]1=CN(CCCCC(F)(F)C(F)(F)S(F)(F)(F)(F)F)C=C1,-33.30128479003906,-57.0,-57.0
FC(F)(F)S(=O)(=O)[N-]S(=O)(=O)C(F)(F)F.C[N+]1=CN(CCC(F)(F)C(F)(F)C(F)(F)C(F)(F)S(F)(F)(F)(F)F)C=C1,-35.89746856689453,-50.0,-50.0
F[P-](F)(F)(F)(F)F.C[N+]1=CN(CCCSC(=S)N(C2=CC=CC=C2)C2=CC=CC=C2)C=C1,49.263423919677734,54.0,54.0
F[P-](F)(F)(F)(F)F.C[N+]1=CN(CCCSC(=S)N2CCOCC2)C=C1,63.5658073425293,51.0,51.0
F[P-](F)(F)(F)(F)F.C[N+]1=CN(CCCSC(=S)N2C=CN=C2)C=C1,105.6313247680664,125.0,125.0
F[P-](F)(F)(F)(F)F.CN1C=C[N+](CCCBr)=C1,46.66815185546875,46.0,46.0
[Cl-].CCCCN1C=C[N+](CC(C)O)=C1,108.4417495727539,137.0,137.0
F[P-](F)(F)(F)(F)F.CCCCNC(=O)CN1C=C[N+](C)=C1,75.07784271240234,65.0,65.0
F[P-](F)(F)(F)(F)F.CCCCN(C)C(=O)CN1C=C[N+](C)=C1,65.32785034179688,63.0,63.0
[Br-].CCN(CC)C(=O)C[N+]1=CN(C)C=C1,75.85253143310547,67.0,67.0
CCN(CC)C(=O)C[N+]1=CN(C)C=C1.FC(F)(F)S(=O)(=O)[N-]S(=O)(=O)C(F)(F)F,28.8743839263916,44.0,44.0
F[P-](F)(F)(F)(F)F.CCN(CC)C(=O)C[N+]1=CN(C)C=C1,63.10832214355469,65.0,65.0
CC(CC#N)[B-](F)(F)F.C[N+]1=CN(CC#C)C=C1,-39.441463470458984,-80.0,-80.0
F[B-](F)(F)F.C[N+]1=CN(CC=C)C=C1,15.912278175354004,-81.0,-81.0
CC(CC#N)[B-](F)(F)F.C[N+]1=CN(CC=C)C=C1,-60.952659606933594,-89.0,-89.0
CC(CC#N)[B-](F)(F)F.C[N+]1=CN(CCCC(O)=O)C=C1,14.395630836486816,-59.0,-59.0
F[B-](F)(F)F.C#CCN1C=C[N+](CC#C)=C1,75.0473403930664,67.0,67.0
CC(CC#N)[B-](F)(F)F.C#CCN1C=C[N+](CC#C)=C1,-21.610031127929688,-55.0,-55.0
CC(CC#N)[B-](F)(F)F.C=CCN1C=C[N+](CC=C)=C1,-57.70893478393555,-87.0,-87.0
CC(CC#N)[B-](F)(F)F.N#CCCCN1C=C[N+](CCCC#N)=C1,-39.65778350830078,-70.0,-70.0
CC(CC#N)[B-](F)(F)F.OC(=O)CCCN1C=C[N+](CCCC(O)=O)=C1,24.88583755493164,38.0,38.0
[Br-].C[C@H](C[N+]1=CN(C)C=C1)OCC1=CC=CC=C1,67.38671112060547,58.0,58.0
F[B-](F)(F)F.C[C@H](C[N+]1=CN(C)C=C1)OCC1=CC=CC=C1,42.41107940673828,42.0,42.0
F[P-](F)(F)(F)(F)F.C[C@H](C[N+]1=CN(C)C=C1)OCC1=CC=CC=C1,68.7384262084961,93.0,93.0
F[P-](F)(F)(F)(F)F.CN1C=C[N+](CC(Br)CBr)=C1,66.13507843017578,71.0,71.0
[Cl-].C#CCCCN1C=C[N+](CCCC#C)=C1,70.06426239013672,65.0,65.0
F[B-](F)(F)F.C#CCCCN1C=C[N+](CCCC#C)=C1,0.5061171054840088,-23.0,-23.0
[O-]S(=O)(=O)C(F)(F)F.C(N1C=C[N+](CC2=CC=CC=C2)=C1)C1=CC=CC=C1,41.023189544677734,73.0,73.0
CC1=CC=C(C=C1)S([O-])(=O)=O.C(N1C=C[N+](CC2=CC=CC=C2)=C1)C1=CC=CC=C1,89.6875228881836,114.0,114.0
[Cl-].CC1=NC(C)=C(C)[NH2+]1,183.6050567626953,194.0,194.0
[Cl-].CN1C=C[N+](C)=C1C,172.5829315185547,189.0,189.0
[Cl-].CCN1C=C[N+](C)=C1C,168.69625854492188,188.0,188.0
[Br-].CCN1C=C[N+](C)=C1C,158.3652801513672,141.0,141.0
CCN1C=C[N+](C)=C1C.FC(F)(F)C(F)(F)S(=O)(=O)[N-]S(=O)(=O)C(F)(F)C(F)(F)F,27.69915008544922,25.0,25.0
[O-]S(=O)(=O)C(F)(F)F.CCN1C=C[N+](C)=C1C,80.55000305175781,109.0,109.0
[O-]C(=O)C(F)(F)F.CCN1C=C[N+](C)=C1C,49.40346145629883,59.0,59.0
CC[N+]1=CN(C)C=C1C.FC(F)(F)S(=O)(=O)[N-]S(=O)(=O)C(F)(F)F,-0.8515617847442627,-39.0,-39.0
[O-]S(=O)(=O)C(F)(F)F.CC[N+]1=CN(C)C=C1C,34.81312942504883,6.0,6.0
[O-]C(=O)C1=CC=CC=C1.CCN1C=C(C)[N+](CC)=C1,9.905656814575195,16.0,16.0
CCN1C=C(C)[N+](CC)=C1.FC(F)(F)S(=O)(=O)[N-]S(=O)(=O)C(F)(F)F,4.66694974899292,-22.0,-22.0
[O-]S(=O)(=O)C(F)(F)F.CCN1C=C(C)[N+](CC)=C1,36.83765411376953,35.0,35.0
[Cl-].CCCN1C=C[N+](CC)=C1CC,138.2605438232422,138.0,138.0
CCCN1C=C[N+](C)=C1C.FC(F)(F)S(=O)(=O)[N-]S(=O)(=O)C(F)(F)F,23.243579864501953,15.0,15.0
CCCN1C=C[N+](C)=C1C.FC(F)(F)C(F)(F)S(=O)(=O)[N-]S(=O)(=O)C(F)(F)C(F)(F)F,15.066628456115724,34.0,34.0
F[P-](F)(F)(F)(F)F.CCCN1C=C[N+](C)=C1C,95.5765609741211,78.0,78.0
CCC1=[N+](CC)C=CN1C.FC(F)(F)S(=O)(=O)[N-]S(=O)(=O)C(F)(F)F,34.69310760498047,28.0,28.0
[O-]S(=O)(=O)C(F)(F)F.CCC1=[N+](CC)C=CN1C,90.29093170166016,113.0,113.0
F[B-](F)(F)F.CCCC[N+]1=C(C)N(C)C=C1,5.428531169891357,37.0,37.0
CCCC[N+]1=C(C)N(C)C=C1.O=C1[N-]S(=O)(=O)C2=CC=CC=C12,61.86571502685547,70.0,70.0
CCCC[N+]1=C(C)N(C)C=C1.[O-]S(=O)(=O)C(F)(F)C(F)(F)C(F)(F)C(F)(F)F,37.96106719970703,60.0,60.0
CCCC[N+]1=C(C)N(C)C=C1.[O-]S(=O)(=O)OCCCC(F)(F)C(F)(F)F,7.464171409606934,13.0,13.0
CCCC[N+]1=C(C)N(C)C=C1.[O-]S(=O)(=O)OCC(F)(F)C(F)(F)C(F)(F)C(F)F,6.372648239135742,-14.0,-14.0
CCCC[N+]1=C(C)N(C)C=C1.CCCCCCOCCOCCOCCOCCOCCOCCOCCOCCOCCOCCOS([O-])(=O)=O,32.9888801574707,36.0,36.0
F[P-](F)(F)(F)(F)F.CCCC[N+]1=C(C)N(C)C=C1,69.14217376708984,40.0,40.0
[O-]S(=O)(=O)C(F)(F)F.CCCCCCCC[N+]1=C(C)N(C)C=C1,14.880942344665527,-38.0,-38.0
[Cl-].CC1=[NH+]C=CN1CCCC#N,119.0909423828125,105.0,105.0
F[B-](F)(F)F.CC1=[NH+]C=CN1CCCC#N,45.12842559814453,40.0,40.0
F[P-](F)(F)(F)(F)F.CC1=[NH+]C=CN1CCCC#N,78.86634826660156,85.0,85.0
[O-][Cl](=O)(=O)=O.CN1C=C([N+]([O-])=O)[N+](C)=C1,148.72511291503906,172.0,172.0
[O-][N+]([O-])=O.CN1C=C([N+]([O-])=O)[N+](C)=C1,142.50537109375,163.0,163.0
CN1C=C[N+]2=C1CCC2.FC(F)(F)S(=O)(=O)[N-]S(=O)(=O)C(F)(F)F,79.626708984375,84.0,84.0
CCCCCC[N+]1=C(C)N(C)C=C1.FC(F)(F)S(=O)(=O)[N-]S(=O)(=O)C(F)(F)F,5.7765913009643555,-5.0,-5.0
[Br-].CCN1C=C[N+](=C1)C(C)CO,34.76493453979492,6.0,6.0
[Br-].CCN1C=C[N+](=C1)C(CO)C(C)C,28.552907943725582,12.0,12.0
[Br-].CCN1C=C[N+](=C1)C(CO)CC(C)C,30.90052604675293,16.0,16.0
C[N+]1=C2CCCCN2C=C1.FC(F)(F)S(=O)(=O)[N-]S(=O)(=O)C(F)(F)F,53.41267776489258,47.0,47.0
CCN1C=C[N+](CC)=C1C.FC(F)(F)S(=O)(=O)[N-]S(=O)(=O)C(F)(F)F,19.089120864868164,-22.0,-22.0
[O-][Cl](=O)(=O)=O.CN1C=C([N+]([O-])=O)[N+](C)=C1C,167.35824584960938,186.0,186.0
[O-][N+]([O-])=O.CN1C=C([N+]([O-])=O)[N+](C)=C1C,132.76771545410156,161.0,161.0
[O-][Cl](=O)(=O)=O.CC[N+]1=C(C)N(C)C=C1[N+]([O-])=O,96.37468719482422,146.0,146.0
[O-][N+]([O-])=O.CC[N+]1=C(C)N(C)C=C1[N+]([O-])=O,70.13867950439453,65.0,65.0
[I-].CN1C(C)=C(C)[N+](C)=C1C,197.4222717285156,213.0,213.0
CN1C(C)=C(C)[N+](C)=C1C.FC(F)(F)S(=O)(=O)[N-]S(=O)(=O)C(F)(F)F,92.09888458251952,118.0,118.0
F[P-](F)(F)(F)(F)F.CN1C(C)=C(C)[N+](C)=C1C,144.1814422607422,166.0,166.0
CCCC[N+]1=NN(C)C2=CC=CC=C12.FC(F)(F)S(=O)(=O)[N-]S(=O)(=O)C(F)(F)F,47.24592208862305,29.0,29.0
CS([O-])(=O)=O.CCCC[N+]1=NN(C)C2=CC=CC=C12,81.61151885986328,57.0,57.0
CC1=CC=C(C=C1)S([O-])(=O)=O.CCCC[N+]1=NN(C)C2=CC=CC=C12,92.91716766357422,120.0,120.0
[Br-].CN1N=[N+](CC2=CC=CC=C2)C2=CC=CC=C12,171.45278930664062,173.0,173.0
FC(F)(F)S(=O)(=O)[N-]S(=O)(=O)C(F)(F)F.CN1N=[N+](CC2=CC=CC=C2)C2=CC=CC=C12,61.30698013305664,69.0,69.0
CS([O-])(=O)=O.CN1N=[N+](CC2=CC=CC=C2)C2=CC=CC=C12,80.00135040283203,92.0,92.0
CC1=CC=C(C=C1)S([O-])(=O)=O.CN1N=[N+](CC2=CC=CC=C2)C2=CC=CC=C12,137.2743377685547,143.0,143.0
[I-].CN1C=N[N+](CCN=[N+]=[N-])=C1,46.55162048339844,54.0,54.0
[O-][Cl](=O)(=O)=O.C[N+]1=CN(CCN=[N+]=[N-])C=N1,38.59684753417969,63.0,63.0
[O-][N+]([O-])=O.[N-]=[N+]=NCC[NH+]1C=NC=N1,79.50778198242188,99.0,99.0
[Br-].NN1C=N[N+](CCN=[N+]=[N-])=C1,94.9281997680664,85.0,85.0
[O-][N+]([O-])=O.NN1C=N[N+](CCN=[N+]=[N-])=C1,-22.01047134399414,70.0,70.0
[O-]S(=O)(=O)C(F)(F)F.CCCC[N+]1=CN(CCC(F)(F)F)C=N1,35.51335144042969,33.0,33.0
CCCC[N+]1=CN(CCC(F)(F)F)C=N1.FC(F)(F)S(=O)(=O)[N-]S(=O)(=O)C(F)(F)F,29.980911254882812,69.0,69.0
FC(F)(F)S(=O)(=O)[N-]S(=O)(=O)C(F)(F)F.CCCCCCCN1C=[N+](CCC(F)(F)C(F)(F)C(F)(F)C(F)(F)F)C=N1,30.331933975219727,55.0,55.0
FC(F)(F)S(=O)(=O)[N-]S(=O)(=O)C(F)(F)F.CCCCCCCCCCN1C=[N+](CCC(F)(F)C(F)(F)C(F)(F)C(F)(F)F)C=N1,37.12439727783203,53.0,53.0
FC(F)(F)S(=O)(=O)[N-]S(=O)(=O)C(F)(F)F.CN1C=[N+](CCC(F)(F)C(F)(F)C(F)(F)C(F)(F)C(F)(F)C(F)(F)F)C=N1,66.02900695800781,62.0,62.0
FC(F)(F)S(=O)(=O)[N-]S(=O)(=O)C(F)(F)F.CCCCN1C=[N+](CCC(F)(F)C(F)(F)C(F)(F)C(F)(F)C(F)(F)C(F)(F)F)C=N1,54.54674530029297,28.0,28.0
FC(F)(F)S(=O)(=O)[N-]S(=O)(=O)C(F)(F)F.CCCCCCCN1C=[N+](CCC(F)(F)C(F)(F)C(F)(F)C(F)(F)C(F)(F)C(F)(F)F)C=N1,38.11643981933594,22.0,22.0
F[B-](F)(F)F.CCCCCCC[N+]1=CN(C=N1)C(C)F,32.2652587890625,52.0,52.0
[O-]S(=O)(=O)C(F)(F)F.CCCCCCCCCC[N+]1=CN(C=N1)C(C)F,60.552730560302734,46.0,46.0
[Br-].CCCCCCCN1C=[N+](CC(O)C(F)(F)F)C=N1,86.62079620361328,98.0,98.0
[O-][N+]([O-])=O.CN1C=[N+](C)C=N1,14.682656288146973,1.0,1.0
[O-][Cl](=O)(=O)=O.C[N+]1=CN(N)C=N1,71.30205535888672,86.0,86.0
[O-][N+]([O-])=O.C[N+]1=CN(N)C=N1,62.539161682128906,54.0,54.0
[N-]=[N+]=[N-].C[N+]1=CN(N)C=N1,24.56947326660156,43.0,43.0
[O-][Cl](=O)(=O)=O.C[NH+]1C=NC(N=[N+]=[N-])=N1,52.0243034362793,55.0,55.0
[O-][N+]([O-])=O.C[NH+]1C=NC(N=[N+]=[N-])=N1,69.16919708251953,66.0,66.0
C[NH+]1C=NC(N=[N]#N)=N1.O=C(ON(=O)=O)C1=N[N-]N=N1,-27.846439361572266,-38.0,-38.0
C[NH+]1C=NC(N=[N+]=[N-])=N1.[O-]C(=O)C1=NC(=C(N1)[N+]([O-])=O)[N+]([O-])=O,67.01359558105469,80.0,80.0
[O-][N+]([O-])=O.CC1=NC(N=[N+]=[N-])=N[NH2+]1,108.38018035888672,118.0,118.0
[O-][N+]([O-])=O.[N-]=[N+]=NC1=N[NH2+]C=N1,134.46055603027344,147.0,147.0
[N-]=[N+]=NC1=N[NH2+]C=N1.[O-]C(=O)C1=NC(=C(N1)[N+]([O-])=O)[N+]([O-])=O,99.15198516845705,92.0,92.0
[O-][N+]([O-])=O.[N-]=[N+]=NC1=NC(N=[N+]=[N-])=N[NH2+]1,96.97499084472656,97.0,97.0
[O-][Cl](=O)(=O)=O.CN1C=[N+](C)N=C1N=[N+]=[N-],86.01203155517578,68.0,68.0
[O-][N+]([O-])=O.CN1C=[N+](C)N=C1N=[N+]=[N-],83.8643569946289,98.0,98.0
FC(F)(F)S(=O)(=O)[N-]S(=O)(=O)C(F)(F)F.CCCN1C=[N+](CCCCC(F)(F)C(F)(F)S(F)(F)(F)(F)F)C=N1,-6.877107620239258,-55.0,-55.0
[O-][Cl](=O)(=O)=O.N[NH+]1C=NC=N1,101.7410125732422,91.0,91.0
[O-][N+]([O-])=O.N[NH+]1C=NC=N1,111.75150299072266,121.0,121.0
[NH3+]N1C=NN=C1.O=C(ON(=O)=O)C1=N[N-]N=N1,110.34012603759766,102.0,102.0
[NH3+]N1C=NN=C1.[O-]C(=O)C1=NC(=C(N1)[N+]([O-])=O)[N+]([O-])=O,107.57921600341795,137.0,137.0
[NH3+]N1C=NN=C1.O=N(=O)C1=NC=N[N-]1,75.68506622314453,64.0,64.0
[O-][Cl](=O)(=O)=O.[NH3+]N1C=NN=C1,68.35551452636719,83.0,83.0
[O-][N+]([O-])=O.[NH3+]N1C=NN=C1,82.51071166992188,69.0,69.0
[O-][Cl](=O)(=O)=O.CN1C=N[N+](N)=C1,87.82909393310547,108.0,108.0
[O-][Cl](=O)(=O)=O.N[NH+]1N=CN=C1N,105.74063873291016,138.0,138.0
[O-][N+]([O-])=O.N[NH+]1N=CN=C1N,127.3212890625,159.0,159.0
N[NH+]1N=CN=C1N.[O-]C(=O)C1=NC(=C(N1)[N+]([O-])=O)[N+]([O-])=O,109.854736328125,153.0,153.0
[NH2+]1C=NC=N1.[O-]C(=O)C1=NC(=C(N1)[N+]([O-])=O)[N+]([O-])=O,119.87999725341795,156.0,156.0
C[NH+]1C=NC=N1.[O-]C(=O)C1=NC(=C(N1)[N+]([O-])=O)[N+]([O-])=O,85.46302032470703,102.0,102.0
F[P-](F)(F)(F)(F)F.CCCC[N+]1=NN(CC)C2=CC=CC=C12,93.4910659790039,101.0,101.0
[Br-].CCCCN1N=[N+](CCCC)C2=CC=CC=C12,106.43147277832033,88.0,88.0
F[B-](F)(F)F.CCCCN1N=[N+](CCCC)C2=CC=CC=C12,71.5074691772461,85.0,85.0
F[P-](F)(F)(F)(F)F.CCCCN1N=[N+](CCCC)C2=CC=CC=C12,74.73924255371094,113.0,113.0
[I-].CN1C(C)=[N+](CCCF)N=C1C(F)(F)F,110.37123107910156,115.0,115.0
CN1C(C)=[N+](CCCF)N=C1C(F)(F)F.FC(F)(F)S(=O)(=O)[N-]S(=O)(=O)C(F)(F)F,53.2170295715332,49.0,49.0
[O-][Cl](=O)(=O)=O.CN1N=C([N+](C)=C1C)C(F)(F)C(F)(F)C(F)(F)C(F)(F)C(F)(F)C(F)(F)C(F)(F)C(F)(F)F,66.37705993652344,90.0,90.0
F[B-](F)(F)F.CN1N=C([N+](C)=C1C)C(F)(F)C(F)(F)C(F)(F)C(F)(F)C(F)(F)C(F)(F)C(F)(F)C(F)(F)F,44.99208450317383,98.0,98.0
FC(F)(F)S(=O)(=O)[N-]S(=O)(=O)C(F)(F)F.CN1N=C([N+](C)=C1C)C(F)(F)C(F)(F)C(F)(F)C(F)(F)C(F)(F)C(F)(F)C(F)(F)C(F)(F)F,35.82856369018555,81.0,81.0
[O-][Cl](=O)(=O)=O.CN1C(C)=[N+](C)N=C1C(F)(F)F,118.75421905517578,128.0,128.0
F[B-](F)(F)F.CN1C(C)=[N+](C)N=C1C(F)(F)F,122.08869171142578,130.0,130.0
CN1C(C)=[N+](C)N=C1C(F)(F)F.FC(F)(F)S(=O)(=O)[N-]S(=O)(=O)C(F)(F)F,74.4624252319336,70.0,70.0
[O-]S(=O)(=O)C(F)(F)F.CN1C(C)=[N+](C)N=C1C(F)(F)F,96.53629302978516,137.0,137.0
[O-][N+]([O-])=O.CN1C=C[N+](N)=N1,77.5857162475586,87.0,87.0
[N-]=[N+]=[N-].CN1C=C[N+](N)=N1,45.45376205444336,50.0,50.0
[O-][N+]([O-])=O.CCN1C=C[N+](N)=N1,44.469818115234375,31.0,31.0
[O-][N+]([O-])=O.CCCN1C=C[N+](N)=N1,44.622825622558594,34.0,34.0
[O-][N+]([O-])=O.N[N+]1=NN(CC=C)C=C1,24.868642807006836,10.0,10.0
[O-][N+]([O-])=O.CCCCN1C=C[N+](N)=N1,47.66460418701172,49.0,49.0
[Br-].NN1C=N[N+](CCBr)=C1,131.5979461669922,131.0,131.0
C[N+]1(C)CCCC1.FC(F)(F)S(=O)(=O)[N-]S(=O)(=O)C(F)(F)F,82.79212951660156,105.0,105.0
N#C[N-]C#N.C[N+]1(C)CCCC1,85.47200775146484,115.0,115.0
C[N+]1(C)CCCC1.FC(F)(F)C(=O)[N-]S(=O)(=O)C(F)(F)F,28.96297836303711,14.0,14.0
C[N+]1(C)CCCC1.CS(=O)(=O)[N-]S(C)(=O)=O,49.39629364013672,48.0,48.0
CS([O-])(=O)=O.C[N+]1(C)CCCC1,160.45472717285156,200.0,200.0
C[N+]1(C)CCCC1.[O-]S(=O)(=O)C(F)(F)C(F)(F)C(F)(F)C(F)(F)F,176.89601135253906,198.0,198.0
C[N+]1(C)CCCC1.CC1=CC=C(C=C1)S([O-])(=O)=O,137.9608917236328,167.0,167.0
C[N+]1(C)CCCC1.OC(=O)C=CC([O-])=O,68.94780731201172,74.0,74.0
C[N+]1(C)CCCC1.OC(=O)C1=CC=CC=C1C([O-])=O,56.36065673828125,88.0,88.0
N#C[N-]C#N.CC[N+]1(C)CCCC1,-8.042717933654785,-10.0,-10.0
CS([O-])(=O)=O.CC[N+]1(C)CCCC1,73.91529846191406,40.0,40.0
CC[N+]1(C)CCCC1.[O-]S(=O)(=O)C(F)(F)C(F)(F)C(F)(F)C(F)(F)F,127.29600524902344,176.0,176.0
CC[N+]1(C)CCCC1.CC1=CC=C(C=C1)S([O-])(=O)=O,105.8150634765625,120.0,120.0
N#C[N-]C#N.CCC[N+]1(C)CCCC1,-42.8844108581543,-35.0,-35.0
CCC[N+]1(C)CCCC1.FS(=O)(=O)[N-]S(F)(=O)=O,4.07453727722168,-18.0,-18.0
CS([O-])(=O)=O.CCC[N+]1(C)CCCC1,77.23028564453125,80.0,80.0
CCC[N+]1(C)CCCC1.CC1=CC=C(C=C1)S([O-])(=O)=O,90.11511993408205,80.0,80.0
F[B-](F)(F)F.CCCC[N+]1(C)CCCC1,100.2029037475586,78.0,78.0
F[B-](F)(F)C(F)(F)F.CCCC[N+]1(C)CCCC1,26.203189849853516,-18.0,-18.0
CCCC[N+]1(C)CCCC1.F[B-](F)(F)C(F)(F)C(F)(F)F,18.942947387695312,22.0,22.0
CCCC[N+]1(C)CCCC1.F[B-](F)(F)C(F)(F)C(F)(F)C(F)(F)F,32.573097229003906,53.0,53.0
CCCC[N+]1(C)CCCC1.F[B-](F)(F)C(F)(F)C(F)(F)C(F)(F)C(F)(F)F,43.130126953125,61.0,61.0
N#C[N-]C#N.CCCC[N+]1(C)CCCC1,-48.12108612060547,-55.0,-55.0
CS(=O)(=O)[N-]S(C)(=O)=O.CCCC[N+]1(C)CCCC1,-33.93950271606445,-58.0,-58.0
CS([O-])(=O)=O.CCCC[N+]1(C)CCCC1,76.79956817626953,63.0,63.0
CCCC[N+]1(C)CCCC1.[O-]S(=O)(=O)C(F)(F)C(F)(F)C(F)(F)C(F)(F)F,79.50374603271484,94.0,94.0
CCCC[N+]1(C)CCCC1.CC1=CC=C(C=C1)S([O-])(=O)=O,98.60808563232422,115.0,115.0
OP(O)([O-])=O.CCCC[N+]1(C)CCCC1,87.79292297363281,112.0,112.0
CC([O-])=O.CCCC[N+]1(C)CCCC1,59.34783554077149,81.0,81.0
N#C[N-]C#N.CCCCCC[N+]1(C)CCCC1,-51.88497543334961,-55.0,-55.0
CS(=O)(=O)[N-]S(C)(=O)=O.CCCCCC[N+]1(C)CCCC1,-11.699356079101562,-55.0,-55.0
CS([O-])(=O)=O.CCCCCC[N+]1(C)CCCC1,71.22579193115234,86.0,86.0
CCCCCC[N+]1(C)CCCC1.[O-]S(=O)(=O)C(F)(F)C(F)(F)C(F)(F)C(F)(F)F,72.7238998413086,120.0,120.0
CC1=CC=C(C=C1)S([O-])(=O)=O.CCCCCC[N+]1(C)CCCC1,88.99686431884766,137.0,137.0
COC(=O)C[N+]1(C)CCCC1.FC(F)(F)S(=O)(=O)[N-]S(=O)(=O)C(F)(F)F,-3.5752766132354736,-42.0,-42.0
CCCCC[N+]1(C)CCCC1.[O-]S(=O)(=O)C(F)(F)C(F)(F)C(F)(F)C(F)(F)F,72.3586196899414,117.0,117.0
C[NH+]1CCCC1.[O-]C(=O)C(F)(F)F,37.94011688232422,38.0,38.0
[O-]C=O.C[NH+]1CCCC1,-22.8855037689209,-32.0,-32.0
F[B-](F)(F)F.COC[N+]1(C)CCCC1,-1.2664434909820557,-18.0,-18.0
COC[N+]1(C)CCCC1.FC(F)(F)S(=O)(=O)[N-]S(=O)(=O)C(F)(F)F,5.2061614990234375,-21.0,-21.0
F[B-](F)(F)C(F)(F)F.COC[N+]1(C)CCCC1,1.258212327957153,-4.0,-4.0
COC[N+]1(C)CCCC1.F[B-](F)(F)C(F)(F)C(F)(F)F,7.596771240234375,26.0,26.0
F[B-](F)(F)F.COCC[N+]1(C)CCCC1,10.008158683776855,12.0,12.0
F[B-](F)(F)C(F)(F)F.COCC[N+]1(C)CCCC1,-2.744762659072876,-16.0,-16.0
COCC[N+]1(C)CCCC1.F[B-](F)(F)C(F)(F)C(F)(F)F,1.928556203842163,-3.0,-3.0
CCC[N+]1(C)CCCCC1.FC(F)(F)C(F)(F)S(=O)(=O)[N-]S(=O)(=O)C(F)(F)F,13.061806678771973,-4.0,-4.0
CC[N+]1(CC(=O)OC)CCCCC1.FC(F)(F)S(=O)(=O)[N-]S(=O)(=O)C(F)(F)F,-11.350459098815918,-42.0,-42.0
CC1(C)CC(N)CC(C)(C)[NH2+]1.FC(F)(F)C(=O)[CH-]C(=O)C(F)(F)F,93.32202911376952,88.0,88.0
CC1(C)CC(N)CC(C)(C)[NH2+]1.FC(F)(F)C(=O)[CH-]C(=O)C1=CC=CO1,107.77643585205078,152.0,152.0
F[B-](F)(F)C(F)(F)F.COCC[N+]1(C)CCCCC1,-17.479778289794922,-16.0,-16.0
COCC[N+]1(C)CCCCC1.F[B-](F)(F)C(F)(F)C(F)(F)F,-12.802205085754396,-15.0,-15.0
COCC[N+]1(C)CCCCC1.F[B-](F)(F)C(F)(F)C(F)(F)C(F)(F)F,-1.871256113052368,-9.0,-9.0
COCC[N+]1(C)CCCCC1.F[B-](F)(F)C(F)(F)C(F)(F)C(F)(F)C(F)(F)F,5.055126190185547,20.0,20.0
F[B-](F)(F)F.CCCC[N+]1(C)CCCCC1,119.78961944580078,146.0,146.0
F[B-](F)(F)C(F)(F)F.CCCC[N+]1(C)CCCCC1,30.579086303710938,12.0,12.0
CCCC[N+]1(C)CCCCC1.F[B-](F)(F)C(F)(F)C(F)(F)F,23.79327964782715,41.0,41.0
CCCC[N+]1(C)CCCCC1.F[B-](F)(F)C(F)(F)C(F)(F)C(F)(F)F,35.95439910888672,81.0,81.0
CCCC[N+]1(C)CCCCC1.F[B-](F)(F)C(F)(F)C(F)(F)C(F)(F)C(F)(F)F,49.102882385253906,92.0,92.0
F[B-](F)(F)F.CCCCCCCC[N+]1(C)CCCCC1,86.08155059814453,92.0,92.0
[O-]S(=O)(=O)C(F)(F)F.CCCCCCCC[N+]1(C)CCCCC1,73.47405242919922,47.0,47.0
CC[NH+]1CCC=C1C.FC(F)(F)S(=O)(=O)[N-]S(=O)(=O)C(F)(F)F,39.0905647277832,45.0,45.0
[I-].CCC[NH+]1CCC=C1C,98.84333801269533,85.0,85.0
CCC[NH+]1CCC=C1C.FC(F)(F)S(=O)(=O)[N-]S(=O)(=O)C(F)(F)F,19.86878776550293,19.0,19.0
[I-].CCCC[NH+]1CCC=C1C,93.2102279663086,111.0,111.0
CCCC[NH+]1CCC=C1C.FC(F)(F)S(=O)(=O)[N-]S(=O)(=O)C(F)(F)F,22.14521026611328,36.0,36.0
F[B-](F)(F)F.CCCC[N+]1=CC=CC=C1,15.302302360534668,15.0,15.0
CCCC[N+]1=CC=CC=C1.FC(F)(F)S(=O)(=O)[N-]S(=O)(=O)C(F)(F)F,15.782122611999512,26.0,26.0
CCCC[N+]1=CC=CC=C1.[O-]S(=O)(=O)OCC(F)(F)C(F)(F)C(F)(F)C(F)F,13.022830963134766,3.0,3.0
[O-]C(=O)C1=CC=CC=C1.CCCC[N+]1=CC=CC=C1,15.948468208312988,11.0,11.0
F[P-](F)(F)(F)(F)F.CCCCCCCCCCCC[N+]1=CC=CC=C1,84.19306182861328,106.0,106.0
CCCCCCCCCCCC[N+]1=CC=CC=C1.FC(F)(F)C1=CC(=CC(=C1)[B-](C1=CC(=CC(=C1)C(F)(F)F)C(F)(F)F)(C1=CC(=CC(=C1)C(F)(F)F)C(F)(F)F)C1=CC(=CC(=C1)C(F)(F)F)C(F)(F)F)C(F)(F)F,63.27785110473633,64.0,64.0
F[P-](F)(F)(F)(F)F.CCCCCCCCCCCCCC[N+]1=CC=CC=C1,92.66078186035156,124.0,124.0
F[P-](F)(F)(F)(F)F.CCCCCCCCCCCCCCCC[N+]1=CC=CC=C1,96.0761947631836,126.0,126.0
F[P-](F)(F)(F)(F)F.CCCCCCCCCCCCCCCCCC[N+]1=CC=CC=C1,100.29200744628906,126.0,126.0
[O-]C(=O)C1=CC=CC=C1.CCCC[N+]1=CC=C(C)C=C1,20.057205200195312,10.0,10.0
F[P-](F)(F)(F)(F)F.CCCCCCCCCCCC[N+]1=CC=CC(C)=C1,58.05487060546875,55.0,55.0
F[P-](F)(F)(F)(F)F.CCCCCCCCCCCC[N+]1=CC=C(C)C=C1,61.65003204345703,56.0,56.0
F[P-](F)(F)(F)(F)F.CCCCCCCCCCCCCC[N+]1=CC=CC(C)=C1,68.7915267944336,68.0,68.0
F[P-](F)(F)(F)(F)F.CCCCCCCCCCCCCC[N+]1=CC=C(C)C=C1,71.9413833618164,71.0,71.0
F[P-](F)(F)(F)(F)F.CCCCCCCCCCCCCCCC[N+]1=CC=CC(C)=C1,78.5145034790039,74.0,74.0
F[P-](F)(F)(F)(F)F.CCCCCCCCCCCCCCCC[N+]1=CC=C(C)C=C1,74.7189712524414,75.0,75.0
F[P-](F)(F)(F)(F)F.CCCCCCCCCCCCCCCCCC[N+]1=CC=CC(C)=C1,85.0433120727539,87.0,87.0
F[P-](F)(F)(F)(F)F.CCCCCCCCCCCCCCCCCC[N+]1=CC=C(C)C=C1,76.9288558959961,88.0,88.0
[Cl-].N#CCCC[N+]1=CC=CC=C1,86.69388580322266,101.0,101.0
F[B-](F)(F)F.N#CCCC[N+]1=CC=CC=C1,46.13365173339844,62.0,62.0
N#CCCC[N+]1=CC=CC=C1.FC(F)(F)S(=O)(=O)[N-]S(=O)(=O)C(F)(F)F,-16.98371124267578,-65.0,-65.0
F[P-](F)(F)(F)(F)F.N#CCCC[N+]1=CC=CC=C1,82.89604187011719,95.0,95.0
CC[N+]1=CC=CC=C1.[O-]S(=O)(=O)OCC(F)(F)C(F)(F)C(F)(F)C(F)F,0.6974000930786133,-11.0,-11.0
FC(F)(F)S(=O)(=O)[N-]S(=O)(=O)C(F)(F)F.FC(F)(CC[N+]1=CC=CC=C1)C(F)(F)S(F)(F)(F)(F)F,6.232903480529785,33.0,33.0
FC(F)(F)S(=O)(=O)[N-]S(=O)(=O)C(F)(F)F.FC(F)(CCCC[N+]1=CC=CC=C1)C(F)(F)S(F)(F)(F)(F)F,-2.5404908657073975,18.0,18.0
FC(F)(F)S(=O)(=O)[N-]S(=O)(=O)C(F)(F)F.FC(F)(CC[N+]1=CC=CC=C1)C(F)(F)C(F)(F)C(F)(F)S(F)(F)(F)(F)F,7.195254802703857,36.0,36.0
FC(F)(F)S(=O)(=O)[N-]S(=O)(=O)C(F)(F)F.FCCC[N+]1=CC=C(C=C1)C1=CC=NC=C1,62.06217956542969,62.0,62.0
[O-]S(=O)(=O)C(F)(F)F.FCCC[N+]1=CC=C(C=C1)C1=CC=NC=C1,95.69457244873048,88.0,88.0
FC(F)(F)S(=O)(=O)[N-]S(=O)(=O)C(F)(F)F.FC(F)(F)CC[N+]1=CC=C(C=C1)C1=CC=NC=C1,76.09969329833984,67.0,67.0
[O-]S(=O)(=O)C(F)(F)F.FC(F)(F)CC[N+]1=CC=C(C=C1)C1=CC=NC=C1,94.15694427490234,98.0,98.0
FC(F)(F)S(=O)(=O)[N-]S(=O)(=O)C(F)(F)F.FC(F)(F)C(F)(F)C(F)(F)C(F)(F)C(F)(F)C(F)(F)CC[N+]1=CC=C(C=C1)C1=CC=NC=C1,65.12982177734375,52.0,52.0
[O-]S(=O)(=O)C(F)(F)F.FC(F)(F)C(F)(F)C(F)(F)C(F)(F)C(F)(F)C(F)(F)CC[N+]1=CC=C(C=C1)C1=CC=NC=C1,79.08767700195312,104.0,104.0
FC(F)(F)S(=O)(=O)[N-]S(=O)(=O)C(F)(F)F.FC(F)(F)C(F)(F)C(F)(F)C(F)(F)C(F)(F)C(F)(F)C(F)(F)C(F)(F)CC[N+]1=CC=C(C=C1)C1=CC=NC=C1,63.49664306640625,94.0,94.0
[O-]S(=O)(=O)C(F)(F)F.FC(F)(F)C(F)(F)C(F)(F)C(F)(F)C(F)(F)C(F)(F)C(F)(F)C(F)(F)CC[N+]1=CC=C(C=C1)C1=CC=NC=C1,77.70783996582031,109.0,109.0
[Br-].CCCC[N+]1=CC(C)=CC(C)=C1,101.91810607910156,95.0,95.0
[Br-].CCCC[N+]1=CC=C(C=C1)N(C)C,198.06304931640625,222.0,222.0
FC(F)(F)S(=O)(=O)[N-]S(=O)(=O)C(F)(F)F.CCCCOC(=O)C1=CC=C[N+](CCCC)=C1,9.681036949157717,15.0,15.0
CCCCCC[N+]1=CC(C)=CC(C)=C1.FC(F)(F)S(=O)(=O)[N-]S(=O)(=O)C(F)(F)F,22.544506072998047,10.0,10.0
[Br-].CCCCCC[N+]1=CC=C(C=C1)N(C)C,165.66281127929688,196.0,196.0
[Br-].CCCCCC[N+]1=CC=C(N(C)C)C(C)=C1,137.60194396972656,119.0,119.0
FC(F)(F)S(=O)(=O)[N-]S(=O)(=O)C(F)(F)F.CCCCCC[N+]1=CC=C(N(C)C)C(C)=C1,11.166818618774414,-2.0,-2.0
FC(F)(F)S(=O)(=O)[N-]S(=O)(=O)C(F)(F)F.CCCCCC[N+]1=CC=C(C=C1)N1CCC(C)CC1,22.265914916992188,37.0,37.0
OP(O)([O-])=O.OS(=O)(=O)CCC[N+]1=CC=CC=C1,79.48408508300781,90.0,90.0
CCCCCCCCCCCC[N+]1=CC=C2C=CC=CC2=C1.FC(F)(F)C1=CC(=CC(=C1)[B-](C1=CC(=CC(=C1)C(F)(F)F)C(F)(F)F)(C1=CC(=CC(=C1)C(F)(F)F)C(F)(F)F)C1=CC(=CC(=C1)C(F)(F)F)C(F)(F)F)C(F)(F)F,47.07350540161133,72.0,72.0
CCCCCCCCCCCCCCCCCC[N+]1=CC=C2C=CC=CC2=C1.FC(F)(F)C1=CC(=CC(=C1)[B-](C1=CC(=CC(=C1)C(F)(F)F)C(F)(F)F)(C1=CC(=CC(=C1)C(F)(F)F)C(F)(F)F)C1=CC(=CC(=C1)C(F)(F)F)C(F)(F)F)C(F)(F)F,25.58262634277344,31.0,31.0
[I-].CCCC[N+]1=C(SC[C@H]1CC)C(C)C,148.1876678466797,137.0,137.0
F[B-](F)(F)F.CCCC[N+]1=C(SC[C@H]1CC)C(C)C,106.90596771240234,111.0,111.0
F[P-](F)(F)(F)(F)F.CCCC[N+]1=C(SC[C@H]1CC)C(C)C,130.72528076171875,136.0,136.0
F[P-](F)(F)(F)(F)F.CCCCCCCCCCCC[N+]1=C(SC[C@H]1CC)C(C)C,72.09542846679688,42.0,42.0
C[S+](C)C.F[B-](F)(F)F,195.2141876220703,217.0,217.0
C[S+](C)C.FC(F)(F)S(=O)(=O)[N-]S(=O)(=O)C(F)(F)F,51.92266082763672,45.0,45.0
C[S+](C)C.N#C[N-]C#N,-0.4522407054901123,-1.0,-1.0
C[S+](C)C.FC(F)(F)C(=O)[N-]S(=O)(=O)C(F)(F)F,38.346195220947266,32.0,32.0
CC[S+](CC)CC.FC(F)(F)C(=O)[N-]S(=O)(=O)C(F)(F)F,26.861671447753903,32.0,32.0
CCCC[S+](CCCC)CCCC.FC(F)(F)S(=O)(=O)[N-]S(=O)(=O)C(F)(F)F,22.424135208129883,-8.0,-8.0
CC[S+](C)C.N#C[N-]C#N,-23.736618041992188,-28.0,-28.0
C[N+](C)(C)C.FC(F)(F)S(=O)(=O)[N-]S(=O)(=O)C(F)(F)F,118.22978973388672,136.0,136.0
CC[N+](C)(C)C.FC(F)(F)S(=O)(=O)[N-]S(=O)(=O)C(F)(F)F,56.750144958496094,105.0,105.0
CC[N+](C)(C)C.FC(F)(F)C(=O)[N-]S(=O)(=O)C(F)(F)F,8.837398529052734,-10.0,-10.0
F[B-](F)(F)F.COC[N+](C)(C)C,49.700679779052734,46.0,46.0
COC[N+](C)(C)C.FC(F)(F)S(=O)(=O)[N-]S(=O)(=O)C(F)(F)F,25.57605743408203,5.0,5.0
CCC[N+](C)(C)C.FC(F)(F)S(=O)(=O)[N-]S(=O)(=O)C(F)(F)F,29.01474380493164,19.0,19.0
CCC[N+](C)(C)C.FC(F)(F)C(=O)[N-]S(=O)(=O)C(F)(F)F,14.16783046722412,10.0,10.0
CCC[N+](C)(C)C.FC(F)(F)C(F)(F)S(=O)(=O)[N-]S(=O)(=O)C(F)(F)F,22.236045837402344,19.0,19.0
CC(C)[N+](C)(C)C.FC(F)(F)S(=O)(=O)[N-]S(=O)(=O)C(F)(F)F,104.08755493164062,129.0,129.0
CC(C)[N+](C)(C)C.FC(F)(F)C(=O)[N-]S(=O)(=O)C(F)(F)F,18.96934700012207,29.0,29.0
CC[N+](C)(C)CC.FC(F)(F)S(=O)(=O)[N-]S(=O)(=O)C(F)(F)F,62.66980743408203,96.0,96.0
C[N+](C)(C)CC=C.FC(F)(F)S(=O)(=O)[N-]S(=O)(=O)C(F)(F)F,40.77516555786133,41.0,41.0
C[N+](C)(C)CC=C.FC(F)(F)C(=O)[N-]S(=O)(=O)C(F)(F)F,43.75563430786133,-3.0,-3.0
C[N+](C)(C)CC#C.FC(F)(F)S(=O)(=O)[N-]S(=O)(=O)C(F)(F)F,51.86096954345703,45.0,45.0
F[B-](F)(F)F.COC=C(C)[NH+](C)C,-10.539349555969238,-16.0,-16.0
COC=C(C)[NH+](C)C.O=C1O[B-]2(OC1=O)OC(=O)C(=O)O2,40.362892150878906,51.0,51.0
CCC[N+](C)(C)CC.FC(F)(F)S(=O)(=O)[N-]S(=O)(=O)C(F)(F)F,27.050683975219727,-14.0,-14.0
CC[N+](C)(CC)CC.FC(F)(F)S(=O)(=O)[N-]S(=O)(=O)C(F)(F)F,74.61237335205078,129.0,129.0
CC[N+](C)(CC)CC.FC(F)(F)C(=O)[N-]S(=O)(=O)C(F)(F)F,12.827939987182615,20.0,20.0
CC[N+](C)(CC)CC.O=C1[N-]S(=O)(=O)C2=CC=CC=C12,75.88797760009766,26.0,26.0
CCOC=C(C)[NH+](C)C.O=C1O[B-]2(OC1=O)OC(=O)C(=O)O2,31.14752960205078,47.0,47.0
CC[N+](C)(C)CCOC.O=C1O[B-]2(OC1=O)OC(=O)C(=O)O2,50.52938079833984,48.0,48.0
CC[N+](CC)(CC)CC.FC(F)(F)S(=O)(=O)[N-]S(=O)(=O)C(F)(F)F,80.856201171875,105.0,105.0
CC[N+](CC)(CC)CC.FC(F)(F)C(F)(F)S(=O)(=O)[N-]S(=O)(=O)C(F)(F)C(F)(F)F,63.04302978515625,83.0,83.0
CC[N+](CC)(CC)CC.FC(F)(F)C(=O)[N-]S(=O)(=O)C(F)(F)F,30.952892303466797,20.0,20.0
CC[N+](CC)(CC)CC.FC(F)(F)C(F)(F)S(=O)(=O)[N-]S(=O)(=O)C(F)(F)F,66.28640747070312,69.0,69.0
CC[N+](CC)(CC)CC.[O-]S(=O)(=O)OCC(F)(F)F,10.194161415100098,5.0,5.0
CC[N+](CC)(CC)CC.[O-]S(=O)(=O)OCC(F)(F)C(F)F,14.88333511352539,-9.0,-9.0
CC[N+](CC)(CC)CC.[O-]S(=O)(=O)OCC(F)(F)C(F)(F)C(F)(F)C(F)F,10.815123558044434,-13.0,-13.0
CC[N+](CC)(CC)CC.FC(F)(F)S(=O)(=O)[C-](S(=O)(=O)C(F)(F)F)S(=O)(=O)C(F)(F)F,47.204986572265625,46.0,46.0
F[B-](F)(F)F.CCCC[N+](C)(C)CC,136.32386779785156,158.0,158.0
CCCC[N+](C)(C)CC.FC(F)(F)S(=O)(=O)[N-]S(=O)(=O)C(F)(F)F,12.33991527557373,-8.0,-8.0
CCCC[N+](C)(C)CCC.FC(F)(F)S(=O)(=O)[N-]S(=O)(=O)C(F)(F)F,24.34994125366211,15.0,15.0
N#C[C-](C#N)C#N.CCCC[N+](C)(C)CCC,17.992267608642578,7.0,7.0
F[B-](F)(F)F.CCCCCC[N+](C)(C)C,137.95143127441406,126.0,126.0
CCCCCC[N+](C)(C)C.FC(F)(F)S(=O)(=O)[N-]S(=O)(=O)C(F)(F)F,38.260711669921875,27.0,27.0
CC[N+](C)(C(C)C)C(C)C.FC(F)(F)S(=O)(=O)[N-]S(=O)(=O)C(F)(F)F,133.29420471191406,140.0,140.0
CC[N+](CC)(C(C)C)C(C)C.FC(F)(F)S(=O)(=O)[N-]S(=O)(=O)C(F)(F)F,128.8941192626953,148.0,148.0
CCCCCCCC[N+](C)(C)C.FC(F)(F)S(=O)(=O)[N-]S(=O)(=O)C(F)(F)F,28.056955337524418,5.0,5.0
[Br-].CCC(C)C[N+](CC)(CC)CC,100.04491424560548,100.0,100.0
CCC[N+](CCC)(CCC)CCC.FC(F)(F)S(=O)(=O)[N-]S(=O)(=O)C(F)(F)F,85.90685272216797,105.0,105.0
O=C1[N-]S(=O)(=O)C2=CC=CC=C12.CCC[N+](CCC)(CCC)CCC,92.02626037597656,96.0,96.0
CCCCCC[N+](CC)(CC)CC.FC(F)(F)S(=O)(=O)[N-]S(=O)(=O)C(F)(F)F,38.05455780029297,20.0,20.0
CS(=O)(=O)[N-]S(C)(=O)=O.CCCCCC[N+](CC)(CC)CC,-5.652037620544434,-54.0,-54.0
CS([O-])(=O)=O.CCCCCC[N+](CC)(CC)CC,77.02637481689453,62.0,62.0
CC1=CC=C(C=C1)S([O-])(=O)=O.CCCCCC[N+](CC)(CC)CC,92.11980438232422,109.0,109.0
FC(F)(F)S(=O)(=O)[N-]S(=O)(=O)C(F)(F)F.CCCC[N+](CCCC)(CCCC)CCCC,88.48212432861328,90.0,90.0
[O-]S(=O)(=O)OCC(F)(F)F.CCCC[N+](CCCC)(CCCC)CCCC,57.81950378417969,80.0,80.0
[O-]S(=O)(=O)OCC(F)(F)C(F)F.CCCC[N+](CCCC)(CCCC)CCCC,29.721330642700195,-4.0,-4.0
CCCC[N+](CCCC)(CCCC)CCCC.[O-]S(=O)(=O)OCC(F)(F)C(F)(F)C(F)(F)C(F)F,20.536060333251953,-8.0,-8.0
CCCC[N+](CCCC)(CCCC)CCCC.FC(F)(F)S(=O)(=O)[C-](S(=O)(=O)C(F)(F)F)S(=O)(=O)C(F)(F)F,74.11216735839844,59.0,59.0
N#C[N-]C#N.CCCCCC[N+](CCCC)(CCCC)CCCC,-17.017765045166016,-43.0,-43.0
CC1=CC=C(C=C1)S([O-])(=O)=O.CCCCCC[N+](CCCC)(CCCC)CCCC,80.32838439941406,50.0,50.0
FC(F)(F)S(=O)(=O)[N-]S(=O)(=O)C(F)(F)F.CCCCC[N+](CCCCC)(CCCCC)CCCCC,70.84476470947266,25.0,25.0
FC(F)(F)C(=O)[N-]S(=O)(=O)C(F)(F)F.CCCCC[N+](CCCCC)(CCCCC)CCCCC,32.263023376464844,16.0,16.0
FC(F)(F)C(F)(F)S(=O)(=O)[N-]S(=O)(=O)C(F)(F)F.CCCCC[N+](CCCCC)(CCCCC)CCCCC,63.0692138671875,25.0,25.0
FC(F)(F)S(=O)(=O)[N-]S(=O)(=O)C(F)(F)F.CCCCCC[N+](CCCCCC)(CCCCCC)CCCCCC,40.399375915527344,-8.0,-8.0
[O-]C(=O)C1=CC=CC=C1.CCCCCC[N+](CCCCCC)(CCCCCC)CCCCCC,16.664060592651367,-50.0,-50.0
[Br-].CCCCCCCC[N+](CCC)(CCCCCCCC)CCCCCCCC,87.02942657470703,74.0,74.0
[Cl-].CCCCCCC[N+](CCCCCCC)(CCCCCCC)CCCCCCC,59.96466827392578,-9.0,-9.0
FC(F)(F)S(=O)(=O)[N-]S(=O)(=O)C(F)(F)F.CCCCCCC[N+](CCCCCCC)(CCCCCCC)CCCCCCC,35.12082290649414,11.0,11.0
[Br-].CCCCCCCCCCCCCC[N+](CCCCC)(CCCCC)CCCCC,86.31315612792969,63.0,63.0
FC(F)(F)S(=O)(=O)[N-]S(=O)(=O)C(F)(F)F.CCCCCCCC[N+](CCCCCCCC)(CCCCCCCC)CCCCCCCC,44.0125732421875,31.0,31.0
[Br-].CCCCCCCCCCCC[N+](C)(CCCCCCCCCCCC)CCCCCCCCCCCC,76.73011779785156,75.0,75.0
CCCCCCCCCCCCCC[NH3+].FC(F)(F)S(=O)(=O)[N-]S(=O)(=O)C(F)(F)F,76.38117980957031,31.0,31.0
F[B-](F)(F)F.CC[N+](C)(C)CO[C@H]1C[C@@H](C)CC[C@@H]1C(C)C,143.1547088623047,163.0,163.0
F[B-](F)(F)F.CC(C)[C@@H]1CC[C@@H](C)C[C@H]1OC[N+](C)(C)C(C)C,164.3149871826172,205.0,205.0
FC(F)(F)S(=O)(=O)[N-]S(=O)(=O)C(F)(F)F.CC(C)[C@@H]1CC[C@@H](C)C[C@H]1OC[N+](C)(C)C(C)C,47.01167297363281,41.0,41.0
[I-].CCCC[N+](C)(C)CO[C@H]1C[C@@H](C)CC[C@@H]1C(C)C,88.52477264404297,82.0,82.0
[O-][Cl](=O)(=O)=O.CCCC[N+](C)(C)CO[C@H]1C[C@@H](C)CC[C@@H]1C(C)C,80.4308090209961,78.0,78.0
F[B-](F)(F)F.CCCC[N+](C)(C)CO[C@H]1C[C@@H](C)CC[C@@H]1C(C)C,69.94343566894531,70.0,70.0
F[P-](F)(F)(F)(F)F.CCCC[N+](C)(C)CO[C@H]1C[C@@H](C)CC[C@@H]1C(C)C,114.36046600341795,104.0,104.0
[O-]C(=O)C(F)(F)F.CCCC[N+](C)(C)CO[C@H]1C[C@@H](C)CC[C@@H]1C(C)C,31.67410469055176,73.0,73.0
F[B-](F)(F)F.CCCCCC[N+](C)(C)CO[C@H]1C[C@@H](C)CC[C@@H]1C(C)C,60.20921325683594,43.0,43.0
F[B-](F)(F)F.CCCCCCC[N+](C)(C)CO[C@H]1C[C@@H](C)CC[C@@H]1C(C)C,51.560302734375,71.0,71.0
F[B-](F)(F)F.CCCCCCCC[N+](C)(C)CO[C@@H]1C[C@H](C)CC[C@H]1C(C)C,76.84532928466797,88.0,88.0
F[B-](F)(F)F.CCCCCCCCC[N+](C)(C)CO[C@@H]1C[C@H](C)CC[C@H]1C(C)C,75.9475326538086,71.0,71.0
F[B-](F)(F)F.CCCCCCCCCC[N+](C)(C)CO[C@H]1C[C@@H](C)CC[C@@H]1C(C)C,47.602874755859375,57.0,57.0
F[B-](F)(F)F.CCCCCCCCCCC[N+](C)(C)CO[C@H]1C[C@@H](C)CC[C@@H]1C(C)C,45.62628555297851,46.0,46.0
F[B-](F)(F)F.CCCCCCCCCCCC[N+](C)(C)CO[C@H]1C[C@@H](C)CC[C@@H]1C(C)C,42.54597473144531,43.0,43.0
F[B-](F)(F)F.CC(C)[C@H]1CC[C@H](C)C[C@@H]1OC[N+](C)(C)CC1=CC=CC=C1,87.62710571289062,99.0,99.0
FC(F)(F)S(=O)(=O)[N-]S(=O)(=O)C(F)(F)F.CC(C)[C@H]1CC[C@H](C)C[C@@H]1OC[N+](C)(C)CC1=CC=CC=C1,47.24078750610352,47.0,47.0
F[B-](F)(F)F.CC[N+](C)(CC)CO[C@H]1C[C@@H](C)CC[C@@H]1C(C)C,120.94100952148438,151.0,151.0
F[B-](F)(F)F.CC[N+](CC)(CC)CO[C@H]1C[C@@H](C)CC[C@@H]1C(C)C,108.48917388916016,126.0,126.0
F[B-](F)(F)F.CCC[N+](C)(CC)CC,138.4088134765625,186.0,186.0
CCC[N+](C)(CC)CC.FC(F)(F)S(=O)(=O)[N-]S(=O)(=O)C(F)(F)F,22.452260971069336,14.0,14.0
F[B-](F)(F)C(F)(F)F.CCC[N+](C)(CC)CC,76.83348846435547,95.0,95.0
CCC[N+](C)(CC)CC.F[B-](F)(F)C(F)(F)C(F)(F)F,55.02122116088867,54.0,54.0
CCC[N+](C)(CC)CC.F[B-](F)(F)C(F)(F)C(F)(F)C(F)(F)F,55.30525207519531,57.0,57.0
CCC[N+](C)(CC)CC.F[B-](F)(F)C(F)(F)C(F)(F)C(F)(F)C(F)(F)F,56.64070892333984,54.0,54.0
F[B-](F)(F)F.CCCC[N+](C)(CC)CC,119.97523498535156,165.0,165.0
CCCC[N+](C)(CC)CC.FC(F)(F)S(=O)(=O)[N-]S(=O)(=O)C(F)(F)F,11.062505722045898,9.0,9.0
F[B-](F)(F)C(F)(F)F.CCCC[N+](C)(CC)CC,55.297637939453125,-3.0,-3.0
CCCC[N+](C)(CC)CC.F[B-](F)(F)C(F)(F)C(F)(F)F,35.90193557739258,15.0,15.0
CCCC[N+](C)(CC)CC.F[B-](F)(F)C(F)(F)C(F)(F)C(F)(F)F,34.983219146728516,50.0,50.0
CCCC[N+](C)(CC)CC.F[B-](F)(F)C(F)(F)C(F)(F)C(F)(F)C(F)(F)F,44.51249694824219,60.0,60.0
F[B-](F)(F)F.COCC[N+](C)(C)C,64.84928131103516,54.0,54.0
COCC[N+](C)(C)C.FC(F)(F)S(=O)(=O)[N-]S(=O)(=O)C(F)(F)F,38.050838470458984,37.0,37.0
COCC[N+](C)(C)C.F[B-](F)(F)C(F)(F)F,59.17253112792969,77.0,77.0
COCC[N+](C)(C)C.F[B-](F)(F)C(F)(F)C(F)(F)F,36.8250732421875,30.0,30.0
COCC[N+](C)(C)C.F[B-](F)(F)C(F)(F)C(F)(F)C(F)(F)F,42.4239387512207,23.0,23.0
COCC[N+](C)(C)C.F[B-](F)(F)C(F)(F)C(F)(F)C(F)(F)C(F)(F)F,43.98891830444336,50.0,50.0
F[B-](F)(F)F.CC[N+](C)(C)CCOC,11.277365684509276,4.0,4.0
F[B-](F)(F)F.CC[N+](C)(C)CCOC,11.277365684509276,4.0,7.8
F[B-](F)(F)C(F)(F)F.CC[N+](C)(C)CCOC,-9.88088321685791,8.0,8.0
CC[N+](C)(C)CCOC.F[B-](F)(F)C(F)(F)C(F)(F)F,-16.905284881591797,-33.0,-33.0
CC[N+](C)(C)CCOC.F[B-](F)(F)C(F)(F)C(F)(F)C(F)(F)C(F)(F)F,-10.146313667297363,-28.0,-28.0
F[B-](F)(F)C(F)(F)F.CC[N+](C)(CC)CCOC,-3.8294193744659424,-22.0,-22.0
F[B-](F)(F)F.CC[N+](CC)(CC)CCOC,37.343223571777344,56.0,56.0
F[B-](F)(F)C(F)(F)F.CC[N+](CC)(CC)CCOC,9.955242156982422,10.0,10.0
CC[N+](CC)(CC)CCOC.F[B-](F)(F)C(F)(F)C(F)(F)F,5.520251274108887,3.0,3.0
CC[N+](CC)(CC)CCOC.F[B-](F)(F)C(F)(F)C(F)(F)C(F)(F)F,9.952122688293455,6.0,6.0
CC[N+](CC)(CC)CCOC.F[B-](F)(F)C(F)(F)C(F)(F)C(F)(F)C(F)(F)F,4.058107852935791,11.0,11.0
F[B-](F)(F)F.CCCCCCCC[N+](C)(CCCCCCCC)CCCCCCCC,49.93691635131836,60.0,60.0
CCCCCCCC[N+](C)(CCCCCCCC)CCCCCCCC.FC(F)(F)C1=CC(=CC(=C1)[B-](C1=CC(=CC(=C1)C(F)(F)F)C(F)(F)F)(C1=CC(=CC(=C1)C(F)(F)F)C(F)(F)F)C1=CC(=CC(=C1)C(F)(F)F)C(F)(F)F)C(F)(F)F,1.8417218923568728,36.0,36.0
[BH4-].CCCCCCCC[N+](C)(CCCCCCCC)CCCCCCCC,21.727598190307617,-8.0,-8.0
FC(F)(F)S(=O)(=O)[N-]S(=O)(=O)C(F)(F)F.CCCCCCCC[N+](C)(CCCCCCCC)CCCCCCCC,24.916088104248047,-39.0,-39.0
[O-][N+]([O-])=O.CCCCCCCC[N+](C)(CCCCCCCC)CCCCCCCC,45.64385223388672,13.0,13.0
CC1=CC=C(C=C1)S([O-])(=O)=O.CCCCCCCC[N+](C)(CCCCCCCC)CCCCCCCC,78.78846740722656,78.0,78.0
[O-]S(=O)(=O)OCC(F)(F)F.CCCCCCCC[N+](C)(CCCCCCCC)CCCCCCCC,25.572193145751953,4.0,4.0
[O-]S(=O)(=O)OCC(F)(F)C(F)F.CCCCCCCC[N+](C)(CCCCCCCC)CCCCCCCC,13.674216270446776,-5.0,-5.0
[O-]S(=O)(=O)OCC(F)(F)C(F)(F)C(F)(F)C(F)F.CCCCCCCC[N+](C)(CCCCCCCC)CCCCCCCC,14.85912799835205,-2.0,-2.0
OS([O-])(=O)=O.CCCCCCCC[N+](C)(CCCCCCCC)CCCCCCCC,49.361331939697266,-22.0,-22.0
F[P-](F)(F)(F)(F)F.CCCCCCCC[N+](C)(CCCCCCCC)CCCCCCCC,36.5467529296875,59.0,59.0
OP(O)([O-])=O.CCCCCCCC[N+](C)(CCCCCCCC)CCCCCCCC,76.69682312011719,-23.0,-23.0
CC([O-])=O.CCCCCCCC[N+](C)(CCCCCCCC)CCCCCCCC,-22.30773544311523,-23.0,-23.0
[O-]C=O.CCCCCCCC[N+](C)(CCCCCCCC)CCCCCCCC,14.138513565063477,4.0,4.0
OC([O-])=O.CCCCCCCC[N+](C)(CCCCCCCC)CCCCCCCC,10.647061347961426,-7.0,-7.0
CC=CC([O-])=O.CCCCCCCC[N+](C)(CCCCCCCC)CCCCCCCC,10.723753929138184,18.0,18.0
FC(F)(F)S(=O)(=O)[N-]S(=O)(=O)C(F)(F)F.CCCCCCCC[N+]12CCN(CC1)CC2,33.263023376464844,26.0,26.0
CCC[NH+](CCC)CCC.FC(F)(F)C(=O)[CH-]C(=O)C(F)(F)F,-11.93969440460205,-10.0,-10.0
CCC[NH+](CCC)CCC.CC(C)(C)C(=O)[CH-]C(=O)C(F)(F)C(F)(F)C(F)(F)F,-40.26829528808594,-83.0,-83.0
CCC[NH+](CCC)CCC.FC(F)(F)C(=O)[CH-]C(=O)C1=CC=CO1,-38.37668991088867,-82.0,-82.0
CCC[NH+](CCC)CCC.FC(F)(F)C(=O)[CH-]C(=O)C1=CC=CS1,-12.22976016998291,-65.0,-65.0
[O-][N+]([O-])=O.CCCC[NH+](CCCC)CCCC,52.36094284057617,22.0,22.0
CCCC[NH+](CCCC)CCCC.FC(F)(F)C(=O)[CH-]C(=O)C(F)(F)F,-48.27019119262695,-93.0,-93.0
CCCC[NH+](CCCC)CCCC.CC(C)(C)C(=O)[CH-]C(=O)C(F)(F)C(F)(F)C(F)(F)F,-50.75205993652344,-65.0,-65.0
CCCC[NH+](CCCC)CCCC.FC(F)(F)C(=O)[CH-]C(=O)C1=CC=CO1,-47.5870361328125,-65.0,-65.0
CCCC[NH+](CCCC)CCCC.FC(F)(F)C(=O)[CH-]C(=O)C1=CC=CS1,-17.38441276550293,52.0,52.0
FC(F)(F)C(=O)[CH-]C(=O)C(F)(F)F.CC(C)CCCCC[NH+](CCCCCC(C)C)CCCCCC(C)C,-11.993891716003418,-11.0,-11.0
CC(C)(C)C(=O)[CH-]C(=O)C(F)(F)C(F)(F)C(F)(F)F.CC(C)CCCCC[NH+](CCCCCC(C)C)CCCCCC(C)C,-44.49402618408203,-96.0,-96.0
FC(F)(F)C(=O)[CH-]C(=O)C1=CC=CO1.CC(C)CCCCC[NH+](CCCCCC(C)C)CCCCCC(C)C,-79.41259002685547,-92.0,-92.0
FC(F)(F)C(=O)[CH-]C(=O)C1=CC=CS1.CC(C)CCCCC[NH+](CCCCCC(C)C)CCCCCC(C)C,-42.74870300292969,-86.0,-86.0
CCC[NH2+]CCC.FC(F)(F)C(=O)[CH-]C(=O)C(F)(F)F,72.92756652832031,97.0,97.0
CCC[NH2+]CCC.FC(F)(F)C(=O)[CH-]C(=O)C1=CC=CS1,96.54002380371094,103.0,103.0
[S-]C#N.CCC[NH2+]CCC,10.457378387451172,6.0,6.0
CC(C)[NH2+]C(C)C.CC(C)(C)C(=O)[CH-]C(=O)C(F)(F)C(F)(F)C(F)(F)F,17.873802185058594,91.0,91.0
CC(C)[NH2+]C(C)C.FC(F)(F)C(=O)[CH-]C(=O)C1=CC=CS1,100.28279876708984,124.0,124.0
CCCC[NH2+]CCCC.FC(F)(F)C(=O)[CH-]C(=O)C(F)(F)F,34.66986846923828,84.0,84.0
CCCC[NH2+]CCCC.FC(F)(F)C(=O)[CH-]C(=O)C1=CC=CS1,61.71955108642578,71.0,71.0
CC(C)C[NH2+]CC(C)C.CC(C)(C)C(=O)[CH-]C(=O)C(F)(F)C(F)(F)C(F)(F)F,38.08902359008789,63.0,63.0
CC(C)C[NH2+]CC(C)C.FC(F)(F)C(=O)[CH-]C(=O)C1=CC=CS1,107.42391204833984,140.0,140.0
CC[N+]12CCN(CC1)CC2.FC(F)(F)S(=O)(=O)[N-]S(=O)(=O)C(F)(F)F,43.66936492919922,76.0,76.0
CC[NH+](CC)CC.FC(F)(F)S(=O)(=O)[N-]S(=O)(=O)C(F)(F)F,40.20874786376953,3.0,3.0
CC[NH3+].FC(F)(F)S(=O)(=O)[N-]S(=O)(=O)C(F)(F)F,57.188934326171875,48.0,48.0
CC[NH3+].[O-][N+]([O-])=O,29.215229034423828,9.0,9.0
CC[NH3+].OS([O-])(=O)=O,32.82039260864258,40.0,40.0
CC[NH3+].CC([O-])=O,72.48108673095703,87.0,87.0
CC[NH3+].[O-]C=O,8.234964370727539,-15.0,-15.0
C[N+](C)(C)CC#N.FC(F)(F)S(=O)(=O)[N-]S(=O)(=O)C(F)(F)F,45.111534118652344,35.0,35.0
[NH3+]CCO.[O-][N+]([O-])=O,38.23155212402344,51.0,51.0
[O-]C=O.[NH3+]CCO,-18.06454849243164,-82.0,-82.0
[NH3+]CCO.COS([O-])(=O)=O,74.85591888427734,99.0,99.0
[Br-].CCCCC[N+](C)(C)CCCCC,84.05658721923828,76.0,76.0
[I-].CCCCC[N+](C)(C)CCCCC,84.61869049072266,86.0,86.0
[Br-].CCCCCC[N+](C)(C)CCCCCC,80.94628143310547,54.0,54.0
[I-].CCCCCC[N+](C)(C)CCCCCC,78.08284759521484,45.0,45.0
[Br-].CCCCC[N+](CC)(CC)CCCCC,89.83454895019531,58.0,58.0
[I-].CCCCC[N+](CC)(CC)CCCCC,95.39691925048828,95.0,95.0
[Br-].CCCCCC[N+](CC)(CC)CCCCCC,79.86325073242188,75.0,75.0
[I-].CCCCCC[N+](CC)(CC)CCCCCC,84.39781188964844,73.0,73.0
[O-][N+]([O-])=O.O=C1CCCCC[NH2+]1,43.304141998291016,45.0,45.0
O=C1CCCCC[NH2+]1.[O-]C(=O)C1=CC=CC=C1,14.281590461730955,31.0,31.0
[O-]C(=O)CCl.O=C1CCCCC[NH2+]1,35.72712707519531,29.0,29.0
CCCC(=O)OCC[N+](C)(C)C.O=C1[N-]S(=O)(=O)C2=CC=CC=C12,93.32999420166016,89.0,89.0
CC1=CC(=O)[N-]S(=O)(=O)O1.CCCC(=O)OCC[N+](C)(C)C,38.017372131347656,49.0,49.0
OP(O)([O-])=O.C[N+](C)(C)CCO,106.52462005615234,119.0,119.0
[O-][N+]([O-])=O.O=C1CCC[NH2+]1,25.345035552978516,8.0,8.0
O=C1CCC[NH2+]1.[O-]C(=O)C1=CC=CC=C1,10.208354949951172,7.0,7.0
[O-]C(=O)CCl.O=C1CCC[NH2+]1,42.03744888305664,32.0,32.0
F[B-](F)(F)F.CCCCCCCCCC[N+](C)(C)CCCCCCCCCC,45.821197509765625,28.0,28.0
[O-]N=O.CCCCCCCCCC[N+](C)(C)CCCCCCCCCC,28.136274337768555,-2.0,-2.0
F[B-](F)(F)F.CCCCCCCCCCCCC[N+](C)(C)CC1=CC=CC=C1,59.76409912109375,56.0,56.0
[O-][N+]([O-])=O.CCCCCCCCCCCCC[N+](C)(C)CC1=CC=CC=C1,37.206787109375,36.0,36.0
[O-][N+]([O-])=O.CC(C)(C)CC(C)(C)C1=CC=C(OCCOCC[N+](C)(C)CC2=CC=CC=C2)C=C1,65.78155517578125,85.0,85.0
OS([O-])(=O)=O.C[N+](C)(C)CCCCS(O)(=O)=O,3.425038576126098,-11.0,-11.0
C[NH3+].[O-]C=O,20.61852264404297,13.0,13.0
CCC[NH3+].[O-][N+]([O-])=O,19.836421966552734,4.0,4.0
CCC[NH3+].[O-]C(=O)C(F)(F)F,67.01113891601562,67.0,67.0
[O-]C=O.CCC[NH3+],30.646305084228516,50.0,50.0
[O-]C=O.CCCC[NH3+],35.83926010131836,2.0,2.0
[S-]C#N.CCCC[NH3+],18.951414108276367,21.0,21.0
[O-]C=O.CCCCC[NH3+],18.50747299194336,12.0,12.0
[O-]C=O.CC(C)C[NH3+],53.09718704223633,26.0,26.0
[O-]C=O.CCC(C)C[NH3+],49.66307067871094,-1.0,-1.0
[O-]C=O.CC(C)CC[NH3+],63.920654296875,47.0,47.0
OS([O-])(=O)=O.C[N+](C)(C)CCCS(O)(=O)=O,6.059691905975342,-12.0,-12.0
OS([O-])(=O)=O.CC[N+](CC)(CC)CCCS(O)(=O)=O,0.2767336368560791,-9.0,-9.0
OS([O-])(=O)=O.CCCC[N+](CCCC)(CCCC)CCCS(O)(=O)=O,41.33872985839844,-7.0,-7.0
N#C[N-]C#N.CC[N+](CC)(CC)CC1=CC=CC=C1,90.52828979492188,83.0,83.0
[O-]S(=O)(=O)C(F)(F)F.CC[N+](CC)(CC)CC1=CC=CC=C1,93.66728973388672,109.0,109.0
O=C1[N-]S(=O)(=O)C2=CC=CC=C12.CC[N+](CC)(CC)CC1=CC=CC=C1,116.6051025390625,151.0,151.0
[S-]C#N.CC[N+](CC)(CC)CC1=CC=CC=C1,88.96434783935547,88.0,88.0
N#C[N-]C#N.C[N+](C)(C)C1=CC=CC=C1,96.12775421142578,117.0,117.0
[O-]S(=O)(=O)C(F)(F)F.C[N+](C)(C)C1=CC=CC=C1,72.84821319580078,83.0,83.0
C[N+](C)(C)C1=CC=CC=C1.CC1=CC=C(C=C1)S([O-])(=O)=O,107.40821075439452,150.0,150.0
C[N+](C)(C)C1=CC=CC=C1.O=C1[N-]S(=O)(=O)C2=CC=CC=C12,95.86557006835938,194.0,194.0
[S-]C#N.C[N+](C)(C)C1=CC=CC=C1,102.04047393798828,116.0,116.0
FC(F)(F)S(=O)(=O)[N-]S(=O)(=O)C(F)(F)F.CCCCCCCCCCCC[N+](CC)(CC)CC,57.83618927001953,7.0,7.0
CC[N+](CC)(CC)COC.FC(F)(F)S(=O)(=O)[N-]S(=O)(=O)C(F)(F)F,9.097858428955078,-3.0,-3.0
[Br-].C[N+](C)(CC1=CC=CC=C1)CC1=CC=CC=C1,184.15577697753903,175.0,175.0
F[B-](F)(F)F.C[N+](C)(CC1=CC=CC=C1)CC1=CC=CC=C1,170.51148986816406,166.0,166.0
F[P-](F)(F)(F)(F)F.C[N+](C)(CC1=CC=CC=C1)CC1=CC=CC=C1,199.16091918945312,218.0,218.0
F[B-](F)(F)F.CC1=CC=CC=C1C[N+](C)(C)CC1=CC=CC=C1C,189.8630828857422,231.0,231.0
F[P-](F)(F)(F)(F)F.CC1=CC=CC=C1C[N+](C)(C)CC1=CC=CC=C1C,210.95310974121097,270.0,270.0
[Cl-].CC1=CC(C[N+](C)(C)CC2=CC(C)=CC=C2)=CC=C1,161.1759796142578,149.0,149.0
F[B-](F)(F)F.CC1=CC(C[N+](C)(C)CC2=CC(C)=CC=C2)=CC=C1,144.87057495117188,163.0,163.0
F[P-](F)(F)(F)(F)F.CC1=CC(C[N+](C)(C)CC2=CC(C)=CC=C2)=CC=C1,164.7122344970703,161.0,161.0
[Br-].CC1=CC=C(C[N+](C)(C)CC2=CC=C(C)C=C2)C=C1,198.36097717285156,202.0,202.0
F[B-](F)(F)F.CC1=CC=C(C[N+](C)(C)CC2=CC=C(C)C=C2)C=C1,195.94837951660156,206.0,206.0
F[P-](F)(F)(F)(F)F.CC1=CC=C(C[N+](C)(C)CC2=CC=C(C)C=C2)C=C1,229.67230224609375,218.0,218.0
F[P-](F)(F)(F)(F)F.CCCC[N+](C)(C)CCCC,137.7932586669922,164.0,164.0
[O-][N+]([O-])=O.CCCC[N+](C)=C(N(C)C)N(C)C,81.7325439453125,72.0,72.0
O=N(=O)[N-]N(=O)=O.CCCC[N+](C)=C(N(C)C)N(C)C,82.19046783447266,75.0,75.0
[O-][N+]([O-])=O.CN1C=NN(C)C1=[N+](C)C,70.7696762084961,74.0,74.0
[O-][N+]([O-])=O.C[NH+]=C1N(C)CCN1C,22.633708953857425,3.0,3.0
[O-][Cl](=O)(=O)=O.CCC[NH+]=C1N(C)CCN1C,12.223005294799805,6.0,6.0
[O-][Cl](=O)(=O)=O.CCC[N+](C)=C1N(C)CCN1C,57.4801139831543,39.0,39.0
[O-][N+]([O-])=O.CCC[N+](C)=C1N(C)CCN1C,36.95786666870117,31.0,31.0
[O-][Cl](=O)(=O)=O.CCCC[N+](C)=C1N(C)CCN1C,45.98447799682617,28.0,28.0
[O-][N+]([O-])=O.CCCC[N+](C)=C1N(C)CCN1C,27.741432189941406,7.0,7.0
F[P-](F)(F)(F)(F)F.CCCC[N+](C)=C1N(C)CCN1C,15.253988265991213,-15.0,-15.0
[O-][Cl](=O)(=O)=O.CCC[N+](C)=C1N(C)CCCN1C,88.83892059326172,128.0,128.0
[O-][N+]([O-])=O.CCC[N+](C)=C1N(C)CCCN1C,60.40874481201172,57.0,57.0
[O-][Cl](=O)(=O)=O.CCCC[N+](C)=C1N(C)CCCN1C,69.96259307861328,78.0,78.0
[O-][N+]([O-])=O.CCCC[N+](C)=C1N(C)CCCN1C,37.298980712890625,6.0,6.0
[O-][Cl](=O)(=O)=O.CCC[N+](C)=C1N(C)COCN1C,80.86012268066406,94.0,94.0
[O-][N+]([O-])=O.CCC[N+](C)=C1N(C)COCN1C,50.19866180419922,65.0,65.0
[Cl-].CCCCCCOC1=C(OCCCCCC)C=C2C(=C1)C1=CC(OCCCCCC)=C(OCCCCCC)C=C1C1=CC(OCCCCC[NH+]=C(N(C)C)N(C)C)=C(OCCCCCC)C=C21,55.410850524902344,46.0,46.0
C[P+](C)(C)C.FC(F)(F)S(=O)(=O)[N-]S(=O)(=O)C(F)(F)F,139.1466522216797,150.0,150.0
CC[P+](CC)(CC)CC.FC(F)(F)S(=O)(=O)[N-]S(=O)(=O)C(F)(F)F,106.8797378540039,118.0,118.0
CC[P+](CC)(CC)CC.FC(F)(F)C(=O)[N-]S(=O)(=O)C(F)(F)F,43.2255973815918,19.0,19.0
[Cl-].CCCCCCCCCCCCC[PH2+]C,104.59437561035156,101.0,101.0
[Br-].CCCCCCCCCCCCC[PH2+]C,99.34957122802734,95.0,95.0
[O-][N+]([O-])=O.CCCCCCCCCCCCC[PH2+]C,47.13819122314453,60.0,60.0
F[B-](F)(F)F.CCCCCCCCCCCCCC[P+](CCCCCC)(CCCCCC)CCCCCC,64.50701141357422,39.0,39.0
F[P-](F)(F)(F)(F)F.CCCCCCCCCCCCCC[P+](CCCCCC)(CCCCCC)CCCCCC,27.869285583496097,40.0,40.0
[Br-].CCCCCC[P+](CC)(CCCCCC)CCCCCC,71.47703552246094,60.0,60.0
[Br-].CCCCCC[P+](CCCCCC)(CCCCCC)CCCCCC,68.03802490234375,70.0,70.0
[O-]C(=O)C1=CC=CC=C1.CCCC[P+](C1=CC=CC=C1)(C1=CC=CC=C1)C1=CC=CC=C1,36.394004821777344,19.0,19.0
CCCCCC[P+](C)(C)C.FC(F)(F)S(=O)(=O)[N-]S(=O)(=O)C(F)(F)F,25.941482543945312,21.0,21.0
CCCCCC[P+](C)(C)C.FC(F)(F)C(=O)[N-]S(=O)(=O)C(F)(F)F,14.89761447906494,7.0,7.0
CCCCCC[P+](C)(C)C.FC(F)(F)C(F)(F)S(=O)(=O)[N-]S(=O)(=O)C(F)(F)F,33.49623107910156,40.0,40.0
[O-]S(=O)(=O)C(F)(F)F.ClS(=O)(=O)CCCC[P+](C1=CC=CC=C1)(C1=CC=CC=C1)C1=CC=CC=C1,88.88407135009766,91.0,91.0
CC[P+](C)(CC)CC.FC(F)(F)S(=O)(=O)[N-]S(=O)(=O)C(F)(F)F,97.3370590209961,97.0,97.0
CCCC[P+](CC)(CC)CC.FC(F)(F)S(=O)(=O)[N-]S(=O)(=O)C(F)(F)F,35.44119644165039,55.0,55.0
CCCCC[P+](CC)(CC)CC.FC(F)(F)S(=O)(=O)[N-]S(=O)(=O)C(F)(F)F,28.157617568969727,17.0,17.0
FC(F)(F)S(=O)(=O)[N-]S(=O)(=O)C(F)(F)F.CCCCCCCCCCCC[P+](CC)(CC)CC,34.2486686706543,13.0,13.0
CC[P+](CC)(CC)COC.FC(F)(F)S(=O)(=O)[N-]S(=O)(=O)C(F)(F)F,23.904695510864254,14.0,14.0
CC[P+](CC)(CC)CCOC.FC(F)(F)S(=O)(=O)[N-]S(=O)(=O)C(F)(F)F,17.88336753845215,10.0,10.0
[Br-].CCCCCCCCCCCCCCCC[P+](CCCC)(CCCC)CCCC,64.08694458007812,59.0,59.0
CCOC(N(C)C)=[N+](C)C.FC(F)(F)C(F)(F)[P-](F)(F)(F)(C(F)(F)C(F)(F)F)C(F)(F)C(F)(F)F,49.73686218261719,33.0,33.0
CCSC(N(C)C)=[N+](C)C.FC(F)(F)C(F)(F)[P-](F)(F)(F)(C(F)(F)C(F)(F)F)C(F)(F)C(F)(F)F,16.747350692749023,1.0,1.0
[Br-].C[N+]1(CCO)CCOCC1,94.22284698486328,150.0,150.0
C[N+]1(CCO)CCOCC1.FC(F)(F)S(=O)(=O)[N-]S(=O)(=O)C(F)(F)F,5.480343341827393,-42.0,-42.0
[O-][Cl](=O)(=O)=O.CCC[N+]1(C)CCOCC1,79.40754699707031,91.0,91.0
[O-][N+]([O-])=O.CCC[N+]1(C)CCOCC1,39.91752624511719,58.0,58.0
F[P-](F)(F)(F)(F)F.CCC[N+]1(C)CCOCC1,92.00383758544922,86.0,86.0
[O-][N+]([O-])=O.C[N+]1(CCCF)CCOCC1,61.45247650146485,58.0,58.0
[O-]S(=O)(=O)C(F)(F)F.C[N+]1(CCCF)CCOCC1,81.7763442993164,68.0,68.0
F[P-](F)(F)(F)(F)F.C[N+]1(CCCF)CCOCC1,94.33329010009766,80.0,80.0
F[P-](F)(F)(F)(F)F.C[N+]1(CCOCC(F)(F)F)CCOCC1,76.88001251220703,72.0,72.0
F[P-](F)(F)(F)(F)F.C[N+]1(CCOCC1)C(OCCC(F)(F)C(F)(F)C(F)F)C(F)F,54.70782852172851,62.0,62.0
C1COCC[NH2+]1.FC(F)(F)C(=O)[CH-]C(=O)C(F)(F)F,57.09321212768555,62.0,62.0
C1COCC[NH2+]1.CC(C)(C)C(=O)[CH-]C(=O)C(F)(F)C(F)(F)C(F)(F)F,63.704986572265625,86.0,86.0
C1COCC[NH2+]1.FC(F)(F)C(=O)[CH-]C(=O)C1=CC=CO1,49.59572982788086,72.0,72.0
C1COCC[NH2+]1.FC(F)(F)C(=O)[CH-]C(=O)C1=CC=CS1,72.36336517333984,102.0,102.0
CC[N+]1(C)CCOCC1.FC(F)(F)S(=O)(=O)[N-]S(=O)(=O)C(F)(F)F,29.498144149780273,29.0,29.0
F[B-](F)(F)F.CCCC[N+]1(C)CCOCC1,73.14246368408203,66.0,66.0
CCCC[N+]1(C)CCOCC1.FC(F)(F)S(=O)(=O)[N-]S(=O)(=O)C(F)(F)F,23.289714813232425,35.0,35.0
CCCC[N+]1(C)CCOCC1.F[B-](F)(F)C(F)(F)C(F)(F)C(F)(F)F,59.51234817504883,69.0,69.0
CCCC[N+]1(C)CCOCC1.F[B-](F)(F)C(F)(F)C(F)(F)C(F)(F)C(F)(F)F,68.9518814086914,76.0,76.0
F[B-](F)(F)F.COCC[N+]1(C)CCOCC1,71.79472351074219,85.0,85.0
F[B-](F)(F)C(F)(F)F.COCC[N+]1(C)CCOCC1,35.08058547973633,1.0,1.0
COCC[N+]1(C)CCOCC1.F[B-](F)(F)C(F)(F)C(F)(F)C(F)(F)C(F)(F)F,98.70429229736328,126.0,126.0
O=N(=O)[N-]N(=O)=O.CN1N=N[N+](N)=C1N,84.24600982666016,85.0,85.0
[O-][Cl](=O)(=O)=O.CN1NN(C)C(C)=[NH+]1,106.6262435913086,133.0,133.0
[I-].CN1N=N[N+](N)=C1C,114.43729400634766,121.0,121.0
[O-][Cl](=O)(=O)=O.CN1N=N[N+](N)=C1C,77.6434555053711,51.0,51.0
[I-].CN1NN(N)[NH+]=C1C,114.9348602294922,124.0,124.0
[O-][Cl](=O)(=O)=O.CN1NN(N)[NH+]=C1C,104.7208251953125,140.0,140.0
[O-][N+]([O-])=O.CN1NN(N)[NH+]=C1C,76.6226577758789,94.0,94.0
CCC[N+]1(C)CCOC1.FC(F)(F)S(=O)(=O)[N-]S(=O)(=O)C(F)(F)F,13.384676933288574,44.0,44.0
F[P-](F)(F)(F)(F)F.CCC[N+]1(C)CCOC1,49.33053970336914,41.0,41.0
F[B-](F)(F)F.CCCC[N+]1(C)CCOC1,17.088542938232422,-12.0,-12.0
CCCC[N+]1(C)CCOC1.FC(F)(F)S(=O)(=O)[N-]S(=O)(=O)C(F)(F)F,2.3472466468811035,12.0,12.0
CCCC[N+]1(C)CCOC1.F[B-](F)(F)C(F)(F)C(F)(F)F,10.692955017089844,-4.0,-4.0
CCCC[N+]1(C)CCOC1.F[B-](F)(F)C(F)(F)C(F)(F)C(F)(F)F,24.16631126403809,53.0,53.0
CCCC[N+]1(C)CCOC1.F[B-](F)(F)C(F)(F)C(F)(F)C(F)(F)C(F)(F)F,34.13056564331055,54.0,54.0
COCC[N+]1(C)CCOC1.F[B-](F)(F)C(F)(F)C(F)(F)F,2.9929745197296143,1.0,1.0
COCC[N+]1(C)CCOC1.F[B-](F)(F)C(F)(F)C(F)(F)C(F)(F)F,24.52159309387207,10.0,10.0
COCC[N+]1(C)CCOC1.F[B-](F)(F)C(F)(F)C(F)(F)C(F)(F)C(F)(F)F,35.249542236328125,18.0,18.0
CC[N+]1(CC)CCNCC1.[O-]S(=O)(=O)OCC(F)(F)C(F)(F)C(F)(F)C(F)F,1.993327498435974,-7.0,-7.0
FC(F)(F)S(=O)(=O)[N-]S(=O)(=O)C(F)(F)F.FC(F)(CC[N+]1=CC=CC=N1)C(F)(F)S(F)(F)(F)(F)F,6.703632354736328,-14.0,-14.0
[Cl-].[NH3+]CC(O)=O,163.6805877685547,186.0,186.0
[NH3+]CC(O)=O.F[B-](F)(F)F,95.83448028564452,116.0,116.0
[O-][N+]([O-])=O.[NH3+]CC(O)=O,103.14508056640624,111.0,111.0
[NH3+]CC(O)=O.F[P-](F)(F)(F)(F)F,107.52901458740234,101.0,101.0
F[B-](F)(F)F.C[C@H]([NH3+])C(O)=O,99.65103912353516,78.0,78.0
[O-][N+]([O-])=O.C[C@H]([NH3+])C(O)=O,167.77357482910156,159.0,159.0
C[C@H]([NH3+])C(O)=O.[O-]C(=O)C(F)(F)F,78.2228775024414,82.0,82.0
F[B-](F)(F)F.OC(=O)[C@@H]1CCC[NH2+]1,76.71369934082031,76.0,76.0
[O-]C(=O)C(F)(F)F.OC(=O)[C@@H]1CCC[NH2+]1,78.08121490478516,78.0,78.0
[O-][N+]([O-])=O.CC(C)[C@H]([NH3+])C(O)=O,135.39483642578125,134.0,134.0
[O-][N+]([O-])=O.CC[C@H](C)[C@H]([NH3+])C(O)=O,112.44717407226562,105.0,105.0
[O-][N+]([O-])=O.COC(=O)C[NH3+],60.942840576171875,44.0,44.0
[O-][N+]([O-])=O.CCOC(=O)C[NH3+],53.61937713623047,49.0,49.0
F[B-](F)(F)F.COC(=O)C(C)[NH3+],15.9436674118042,-18.0,-18.0
COC(=O)C(C)[NH3+].FC(F)(F)S(=O)(=O)[N-]S(=O)(=O)C(F)(F)F,-9.378569602966309,-17.0,-17.0
[O-][N+]([O-])=O.COC(=O)C(C)[NH3+],63.602073669433594,61.0,61.0
C[C@H](O)C([O-])=O.COC(=O)C(C)[NH3+],41.59708404541016,38.0,38.0
[S-]C#N.COC(=O)C(C)[NH3+],63.93025207519531,62.0,62.0
[O-][N+]([O-])=O.COC(=O)C([NH3+])CO,105.5357666015625,105.0,105.0
[O-][N+]([O-])=O.CC[NH2+]C(C)C(=O)OCC,1.8629744052886963,-17.0,-17.0
C[C@H](O)C([O-])=O.CC[NH2+]C(C)C(=O)OCC,6.856588363647461,-25.0,-25.0
[O-][N+]([O-])=O.COC(=O)C1CCC[NH2+]1,-2.887194871902466,-16.0,-16.0
[O-][N+]([O-])=O.COC(=O)C([NH3+])C(C)C,72.80353546142578,74.0,74.0
[O-][N+]([O-])=O.CCOC(=O)C1CCC[NH2+]1,-6.499899864196777,-17.0,-17.0
[O-][N+]([O-])=O.CCC(C)C([NH3+])C(=O)OC,30.41292953491211,-14.0,-14.0
[O-][N+]([O-])=O.CC(C)C[C@H]([NH3+])C(O)=O,85.3968734741211,75.0,75.0
[O-][N+]([O-])=O.COC(=O)C([NH3+])CC1=CC=CC=C1,103.50171661376952,92.0,92.0
[Br-].CCCN1C=C(C[C@@H](NC(=O)C2=CC=CC=C2)C(=O)OC)[N+](CCC)=C1,44.94548416137695,39.0,39.0
[I-].COC(=O)[C@@H](CC1=CN(C=[N+]1C(C)C)C(C)C)NC(=O)C1=CC=CC=C1,69.54263305664062,55.0,55.0
[I-].CC(C)N1C=C(C[C@@H](NC(=O)OC(C)(C)C)C(C)=O)[N+](=C1)C(C)C,65.95863342285156,55.0,55.0
CC1=CC(C)=C(N2C=C[N+](C)=C2)C(C)=C1.FC(F)(F)S(=O)(=O)[N-]S(=O)(=O)C(F)(F)F,52.34598922729492,71.0,71.0
FC(F)(F)S(=O)(=O)[N-]S(=O)(=O)C(F)(F)F.CCCC[N+]1=CN(C=C1)C1=C(C)C=C(C)C=C1C,31.12744140625,26.0,26.0
FC(F)(F)S(=O)(=O)[N-]S(=O)(=O)C(F)(F)F.CCCCCC[N+]1=CN(C=C1)C1=C(C)C=C(C)C=C1C,35.115760803222656,40.0,40.0
FC(F)(F)S(=O)(=O)[N-]S(=O)(=O)C(F)(F)F.CCCCCCCCCCC[N+]1=CN(C=C1)C1=C(C)C=C(C)C=C1C,40.93852615356445,32.0,32.0
[O-]S(=O)(=O)C(F)(F)F.CCCC[N+]1(C)CCCC(C)C1,76.25135040283203,84.0,84.0
[O-]S(=O)(=O)C(F)(F)F.CCCCCC[N+]1(C)CCCC(C)C1,80.30030822753906,82.0,82.0
[O-]C(=O)C(F)(F)F.CCCC[N+]1(C)CCCC(C)C1,35.841102600097656,58.0,58.0
[O-]C(=O)C(F)(F)F.CCCCCC[N+]1(C)CCCC(C)C1,25.12955093383789,41.0,41.0
[I-].CCCC[N+]1(C)CCCC(C)C1,132.47254943847656,144.0,144.0
[I-].CCCCCC[N+]1(C)CCCC(C)C1,99.87650299072266,123.0,123.0
CCC[N+]1=CC=CC=C1.FC(F)(F)S(=O)(=O)[N-]S(=O)(=O)C(F)(F)F,19.08936882019043,44.0,44.0
CCCCCC[N+]1=CC=CC=C1.FC(F)(F)S(=O)(=O)[N-]S(=O)(=O)C(F)(F)F,12.438011169433594,3.0,3.0
CC1=CC=C(C=C1)S([O-])(=O)=O.CCCCC1=C[N+](=NN1C)C1=CC=CC=C1,107.32474517822266,146.0,146.0
[O-]S(=O)(=O)C(F)(F)F.CCCCC1=C[N+](=NN1C)C1=CC=CC=C1,87.47351837158203,102.0,102.0
CCCCC1=C[N+](C)=NN1C.CC1=CC=C(C=C1)S([O-])(=O)=O,91.89893341064452,106.0,106.0
CN1C=C[N+](C)=N1.CC1=CC=C(C=C1)S([O-])(=O)=O,93.88965606689452,99.0,99.0
CN1C=C[N+](C)=C1.CC1=CC=C(C=C1)S([O-])(=O)=O,87.28376007080078,95.0,95.0
CN1C=C[N+](C)=C1.[O-]S(=O)(=O)C(F)(F)F,44.58429718017578,37.0,37.0
F[P-](F)(F)(F)(F)F.CCCCCC[P+](CCCC)(CCCC)CCCC,110.41858673095705,141.0,141.0
F[P-](F)(F)(F)(F)F.CCCCCC[N+](CCCC)(CCCC)CCCC,72.65604400634766,167.0,167.0
FC(F)(F)S(=O)(=O)[N-]S(=O)(=O)C(F)(F)F.CCCCCC[N+](CCCC)(CCCC)CCCC,54.76423645019531,24.0,24.0
COS([O-])(=O)=O.C[N+]1(C)CCCC1,86.22315216064453,95.0,95.0
COS([O-])(=O)=O.C[N+]1(C)CCCCC1,90.48905181884766,99.0,99.0
CCOS([O-])(=O)=O.CC[N+]1(C)CCCCC1,-17.065879821777344,-80.0,-80.0
COS([O-])(=O)=O.C[N+]1(C)CCOCC1,94.18952941894533,113.0,113.0
COS([O-])(=O)=O.CC[N+]1(C)CCOCC1,21.29536247253418,45.0,45.0
CCOS([O-])(=O)=O.CC[N+]1(C)CCOCC1,-24.070966720581055,-68.0,-68.0
FS(=O)(=O)[N-]S(F)(=O)=O.CC[N+](CC)(CCOC)CCOC,-2.9788014888763428,15.0,15.0
FS(=O)(=O)[N-]S(F)(=O)=O.COCC[N+](CCOC)(CCOC)CCOC,22.86117172241211,21.0,21.0
CC[N+](CC)(CCOC)CCOC.FC(F)(F)S(=O)(=O)[N-]S(=O)(=O)C(F)(F)F,12.969475746154783,7.0,7.0
FC(F)(F)S(=O)(=O)[N-]S(=O)(=O)C(F)(F)F.COCC[N+](CCOC)(CCOC)CCOC,32.75117492675781,26.0,26.0
FC(F)(F)S(=O)(=O)[N-]S(=O)(=O)C(F)(F)F.CCC[N+](CCC)(CCC)CC(=O)OCC,55.25667190551758,68.0,68.0
F[B-](F)(F)F.CCCC[N+](CCCC)(CCCC)CC(=O)OCC,61.29462814331055,54.0,54.0
FC(F)(F)S(=O)(=O)[N-]S(=O)(=O)C(F)(F)F.CCOCC[N+](CCOC)=C(N(C)C)N(C)C,20.486967086791992,8.0,8.0
FS(=O)(=O)[N-]S(F)(=O)=O.CCCC[P+](CC)(CC)CC,11.83460521697998,-16.0,-16.0
FS(=O)(=O)[N-]S(F)(=O)=O.CCCCC[P+](CC)(CC)CC,11.155695915222168,-35.0,-35.0
FS(=O)(=O)[N-]S(F)(=O)=O.CC[P+](CC)(CC)COC,-9.660111427307127,-14.0,-14.0
FS(=O)(=O)[N-]S(F)(=O)=O.CCOC[P+](CC)(CC)CC,-7.96651554107666,-18.0,-18.0
CCOC(=O)C[N+](C)(C)CC=C.FC(F)(F)S(=O)(=O)[N-]S(=O)(=O)C(F)(F)F,14.89646053314209,26.0,26.0
CCCCC[N+](C)(C)CC(=O)OCC.FC(F)(F)S(=O)(=O)[N-]S(=O)(=O)C(F)(F)F,-2.627908945083618,-17.0,-17.0
CCOC(=O)C[N+](CC)(CC)CC=C.FC(F)(F)S(=O)(=O)[N-]S(=O)(=O)C(F)(F)F,-0.861138105392456,-28.0,-28.0
COS([O-])(=O)=O.CCOC(=O)C[N+](C)(C)C,48.502052307128906,38.0,38.0
CCOS([O-])(=O)=O.CCOC(=O)C[N+](C)(C)CC,5.472952842712402,21.0,21.0
COS([O-])(=O)=O.CCOC(=O)C[N+](C)(CC)CC,2.923410415649414,-31.0,-31.0
CCOS([O-])(=O)=O.CCOC(=O)C[N+](CC)(CC)CC,-9.549731254577637,-30.0,-30.0
CCCCOS([O-])(=O)=O.CCCC[N+](CC)(CC)CC(=O)OCC,-11.50987720489502,-33.0,-33.0
CCC[P+](C)(C)C.FS(=O)(=O)[N-]S(F)(=O)=O,-5.950319290161133,0.0,0.0
CCC[P+](C)(C)C.FC(F)(F)S(=O)(=O)[N-]S(=O)(=O)C(F)(F)F,26.180286407470703,40.0,40.0
COC[P+](C)(C)C.FS(=O)(=O)[N-]S(F)(=O)=O,5.014583587646484,-6.0,-6.0
COC[P+](C)(C)C.FC(F)(F)S(=O)(=O)[N-]S(=O)(=O)C(F)(F)F,1.472260594367981,13.0,13.0
C[P+](C)(C)CC=C.FS(=O)(=O)[N-]S(F)(=O)=O,12.64100456237793,-5.0,-5.0
F[B-](F)(F)F.CCCC[N+]1=CN(C)C=C1,-26.730018615722656,-82.0,-82.0
F[B-](F)(F)F.CCCCCC[N+]1=CN(C)C=C1,-15.400729179382324,-82.0,-82.0
F[B-](F)(F)F.CCCCCCCC[N+]1=CN(C)C=C1,21.459125518798828,79.0,79.0
F[P-](F)(F)(F)(F)F.CCCC[N+]1=CN(C)C=C1,34.32267761230469,10.0,10.0
F[P-](F)(F)(F)(F)F.CCCCCC[N+]1=CN(C)C=C1,6.459163188934326,-61.0,-61.0
[Cl-].CCCC[N+]1=CN(C)C=C1,48.93377685546875,65.0,65.0
COS([O-])(=O)=O.CN1C=C[N+](C)=C1,44.47166061401367,35.0,35.0
[Br-].CN1C=C[N+](CC(=O)C2=CC=CC=C2)=C1C(C)=C,179.40316772460938,182.0,182.0
[Br-].CN1C=C[N+](CC(=O)C2=CC=CC=C2)=C1C(=C)C(C)(C)C,163.229736328125,200.0,200.0
[Br-].CN1C=C[N+](CC(=O)C2=CC=CC=C2)=C1C(=C)C1=CC=CC=C1,137.04310607910156,185.0,185.0
[Br-].CCCN1C=C[N+](CCC)=C1CC(C)C,168.09869384765625,163.0,163.0
[Br-].CCCCCCCCCC[N+]1=C(C)N(CC=C)C=C1,67.49934387207031,71.0,71.0
[Br-].CCCCCCCCCC1=[N+](CC=C)C=CN1C,103.47505950927734,98.0,98.0
[Br-].CCCCCCCC1=[N+](CC2=CC=CC=C2)C=CN1C,174.50267028808594,187.0,187.0
[Br-].CCN1C=[N+](CC)C(=C1C1=CC=CC=C1)C1=CC=CC=C1,156.25732421875,154.0,154.0
[Br-].CCCCCCCCCC1=[N+](CC2=CC=CC=C2)C=CN1C,175.2892303466797,194.0,194.0
[Br-].CCCCCCCCCCCC1=[N+](C)C=CN1CC1=CC=CC=C1,180.46148681640625,187.0,187.0
[Br-].CCCCCCCCCCCC1=[N+](CCCCC)C=CN1CC1=CC=CC=C1,127.34441375732422,117.0,117.0
[Br-].C(N1C=[N+](CC2=CC=CC=C2)C(=C1C1=CC=CC=C1)C1=CC=CC=C1)C1=CC=CC=C1,207.88427734375,212.0,212.0
[Br-].CN1C=C[N+](C)=C1SC#N,216.49708557128903,221.0,221.0
[Br-].CN1C(Br)=C(Br)[N+](C)=C1Br,249.0384063720703,268.0,268.0
[Br-].C[N+]1=C(N(C=C1N)C1=CC=CC=C1)C1=CC=CC=C1,275.33050537109375,283.0,283.0
[Br-].CN1C=C[N+](CC(=O)C2=CC=C(Cl)C=C2)=C1C,199.5331573486328,201.0,201.0
[Br-].CC1=[N+](CC(=O)C2=CC=C(C)C=C2)C=CN1C1=CC=CC=C1,193.51800537109375,206.0,206.0
[Br-].NC1=CN(C(C2=CC=CC=C2)=[N+]1C1=CC=CC=C1)C1=CC=CC=C1,278.87542724609375,283.0,283.0
[Br-].CC(=O)NC1=CN(C(C2=CC=CC=C2)=[N+]1C)C1=CC=CC=C1,225.07420349121097,272.0,272.0
[Br-].CC1=C(CCO)[N+](CC2=CC=CC=C2)=CN1CC1=CC=CC=C1,143.0811004638672,135.0,135.0
[Br-].CC1=CC=C(C=C1)[N+]1=C(N(C=C1N)C1=CC=CC=C1)C1=CC=CC=C1,259.83203125,268.0,268.0
[Br-].CC1=[N+](CC(=O)C2=CC=C(Cl)C=C2)C=CN1CC1=CC=CC=C1,195.5212249755859,229.0,229.0
[Br-].COC1=CC=C(C=C1)C(=O)C[N+]1=C(C)N(CC2=CC=CC=C2)C=C1,183.8589324951172,202.0,202.0
[Br-].COC1=CC=C(CN2C=C[N+](CC(=O)C3=CC=C(C)C=C3)=C2C)C=C1,187.64759826660156,225.0,225.0
[Br-].CC[N+]1=CN(C=C)C=C1,112.40229034423828,100.0,100.0
[Br-].CCC[N+]1=CN(C=C)C=C1,113.85810089111328,155.0,155.0
[Br-].CCCCN1C=C[N+](C=C)=C1,92.7722625732422,83.0,83.0
[Br-].CN1C=C[N+](C)=C1C1=CC=CC=C1,165.67381286621094,284.0,284.0
[Br-].C[N+]1=CN(C=C1)C(=O)C1=CC=CC=C1,108.8847427368164,89.0,89.0
[Br-].ON1C=C[N+](CC(=O)C2=CC=C(Cl)C=C2)=C1,186.17724609375,202.0,202.0
[Br-].ON1C=C[N+](CC2=CC=C(Cl)C=C2Cl)=C1,151.8594207763672,115.0,115.0
[Br-].CON1C=C[N+](CC(=O)C2=CC=C(Cl)C=C2)=C1,123.08853912353516,156.0,156.0
[Br-].CCON1C=C[N+](CC(=O)C2=CC=C(Cl)C=C2)=C1,110.75031280517578,130.0,130.0
[Br-].CCON1C=C[N+](CC2=CC=C(Cl)C=C2Cl)=C1,119.75757598876952,134.0,134.0
[Br-].CC1=[N+](CC(=O)C2=CC=C(Cl)C=C2)C=CN1O,181.27035522460935,200.0,200.0
[Br-].CCON1C=C[N+](CC2=CC=C(C=C2)N(=O)=O)=C1,100.7701187133789,120.0,120.0
[Br-].CCC1=[N+](CC(=O)C2=CC=C(Cl)C=C2)C=CN1O,178.17335510253906,199.0,199.0
[Br-].ClC1=CC=C(C[N+]2=CN(OCC=C)C=C2)C(Cl)=C1,110.02913665771484,117.0,117.0
[Br-].COC1=CC(C[N+]2=CN(O)C=C2)=CC(OC)=C1OC,171.52882385253906,190.0,190.0
[Br-].CON1C=C[N+](CC2=CC(OC)=C(OC)C(OC)=C2)=C1,143.14776611328125,138.0,138.0
[Br-].C=CCON1C=C[N+](CC2=CC=C3OCOC3=C2)=C1,140.28456115722656,137.0,137.0
[Br-].CN(C)C1=CC=C(C=C1)C(=O)C[N+]1=CN(OC2=CC=CC=C2)C=C1,134.4312286376953,141.0,141.0
[Br-].CC(C)(C)C(=O)ON1C=C[N+](CC(=O)C2=CC=C(Cl)C=C2)=C1,134.8402557373047,166.0,166.0
[Br-].ClC1=CC=C(C[N+]2=CN(OCCC3=CC=CC=C3)C=C2)C(Cl)=C1,114.2010269165039,138.0,138.0
[Br-].CCC1=[N+](CC(=O)C2=CC=C(Cl)C=C2)C=CN1OC1=CC=CC=C1,161.1653594970703,171.0,171.0
[Br-].CC1=[N+](CC(=O)C2=CC=C(Cl)C=C2)C=CN1OC(=O)C(C)(C)C,132.72740173339844,140.0,140.0
[Br-].CCC1=[N+](CC(=O)C2=CC=C(Cl)C=C2)C=CN1OC(=O)C(C)(C)C,132.0220489501953,184.0,184.0
[Br-].CC1=[N+](OCC2=CC=C(Br)C=C2)C=CN1OCC1=CC=C(Br)C=C1,195.05023193359375,174.0,174.0
[Br-].CCC1=[N+](CC2=CC=C(Cl)C=C2Cl)C=CN1OCC1=CC=CC=C1,132.77166748046875,144.0,144.0
[Br-].CCC1=[N+](OCC2=CC=C(Br)C=C2)C=CN1OCC1=CC=C(Br)C=C1,193.4636993408203,170.0,170.0
[Br-].CCC1=[N+](CC2=CC(OC)=C(OC)C(OC)=C2)C=CN1OCC1=CC=CC=C1,171.08523559570312,159.0,159.0
[Br-].CC1=[N+](CC(=O)C2=CC=C(Cl)C=C2)C=CN1OCC1=CC=C(Cl)C=C1Cl,130.60025024414062,105.0,105.0
[Br-].CCC1=[N+](OCC2=CC=C(Cl)C=C2Cl)C=CN1OCC1=CC=C(Cl)C=C1Cl,181.24349975585935,176.0,176.0
[Br-].CC1=[N+](OCC2=CC=C(Cl)C=C2Cl)C=CN1OCC1=CC=C(Cl)C=C1Cl,186.4353179931641,190.0,190.0
[Br-].CC1=[N+](OCC2=CC=C(C=C2)N(=O)=O)C=CN1OCC1=CC=C(C=C1)N(=O)=O,165.70030212402344,168.0,168.0
[Br-].CCC1=[N+](CC2=CC=C(C=C2)N(=O)=O)C=CN1OCC1=CC=C(Cl)C=C1Cl,142.46755981445312,130.0,130.0
[Br-].CCC1=[N+](OCC2=C(Cl)C=CC=C2Cl)C=CN1OCC1=C(Cl)C=CC=C1Cl,177.35232543945312,156.0,156.0
[Br-].CCC1=[N+](OCC2=CC=C(C=C2)N(=O)=O)C=CN1OCC1=CC=C(C=C1)N(=O)=O,164.96340942382812,169.0,169.0
[Br-].CN1C=[N+](CC(=O)C2=CC=CC=C2)C(C(N)=O)=C1N,239.9329071044922,250.0,250.0
[Br-].CN1C=[N+](C)C=C1Cl,193.53456115722656,196.0,196.0
[Br-].CCOC(=O)C(CN1C=C[N+](C)=C1)=NO,157.1056671142578,178.0,178.0
[Br-].CN1C=C[N+](CC2=CC=CC=C2C(=O)OC2=CC=C(C=C2)N(=O)=O)=C1C,210.6393585205078,224.0,224.0
[Br-].CC[C@H]1[C@@H](CC2=C[N+](CCO)=CN2C)COC1=O,110.43111419677734,120.0,120.0
[Br-].CC[C@H]1[C@@H](CC2=C[N+](CC3=CC=CC(C)=C3)=CN2C)COC1=O,119.1431884765625,115.0,115.0
[Br-].CC[C@H]1[C@@H](CC2=C[N+](CC3=CC=CC=C3C)=CN2C)COC1=O,126.80574035644533,115.0,115.0
[Br-].CC[C@H]1[C@@H](CC2=C[N+](CC(=O)C3=CC=CC=C3)=CN2C)COC1=O,116.06657409667967,49.0,49.0
[Br-].CC[C@H]1[C@@H](CC2=C[N+](CCOC3=CC=CC=C3)=CN2C)COC1=O,89.94161224365234,82.0,82.0
[Br-].CC[C@H]1[C@@H](CC2=C[N+](CCCOC3=CC=CC=C3)=CN2C)COC1=O,79.3153076171875,51.0,51.0
[Br-].CC[C@H]1[C@@H](CC2=C[N+](CC3=CC=CC(Cl)=C3)=CN2C)COC1=O,132.2596893310547,155.0,155.0
[Br-].CC[C@H]1[C@@H](CC2=C[N+](CC3=CC=C(C=C3)N(=O)=O)=CN2C)COC1=O,143.4046630859375,157.0,157.0
[Br-].CC[C@H]1[C@@H](CC2=C[N+](CC3=CC=CC(=C3)N(=O)=O)=CN2C)COC1=O,158.46929931640625,181.0,181.0
[Br-].CC[C@H]1[C@@H](CC2=C[N+](CC(=O)C3=CC=C(F)C=C3)=CN2C)COC1=O,128.58154296875,91.0,91.0
[Br-].COC(=O)C=CC1=CC=C(C[N+]2=CN(C=C2)C(C)=O)C=C1,169.9732208251953,154.0,154.0
[Br-].CCOC(=O)N1C=C[N+](CC2=CC=C(C=CC(=O)OC)C=C2)=C1,129.8633575439453,129.0,129.0
[Br-].COC(=O)C=CC1=CC=C(C[N+]2=CN(C=C2)C(=O)C2=CC=CC=C2)C=C1,146.61708068847656,155.0,155.0
[Br-].CC(=O)N1C=C[N+](CC2=CC=CC=C2)=C1,137.7603302001953,126.0,126.0
[Br-].ON=CC[N+]1=C(NC=C1)C1OCCO1,128.96788024902344,134.0,134.0
[Br-].CN1C=C[N+](CC=NO)=C1C1OCCO1,177.82264709472656,194.0,194.0
[Br-].CC1=[N+](CC2=CC=CC=C2)C=CN1CC1CC(C(=O)O1)(C1=CC=CC=C1)C1=CC=CC=C1,189.6219787597656,220.0,220.0
[Br-].CC(=O)N1CCC(CC1)C1=CN(C=[N+]1CC(=O)C1=CC=CC=C1)C(C1=CC=CC=C1)(C1=CC=CC=C1)C1=CC=CC=C1,230.7990264892578,231.0,231.0
[Br-].CN1C=C[N+](CC(O)C2=CC=CC=C2)=C1,150.28021240234375,197.0,197.0
[Br-].CCCCCCCN1C=C[N+](CC(=O)C2=CC=C(NS(C)(=O)=O)C=C2)=C1,86.9856185913086,79.0,79.0
[Br-].C[N+]1=CN(CC=C)C=C1Cl,121.7221450805664,142.0,142.0
[Br-].CN1C=C[N+](=C1)C1(C=C(C(=O)C(=C1)C(C)(C)C)C(C)(C)C)C(C)(C)C,170.2771759033203,180.0,180.0
[Br-].CN1C=C[N+](CC(=O)C2=CC=CC(C)=C2)=C1,169.8992919921875,186.0,186.0
[Br-].CN1C=C[N+](CC(=O)C2=CC=CC=C2C)=C1,153.91017150878906,153.0,153.0
[Br-].CN1C=C[N+](CC(=O)C2=CC=CO2)=C1,150.95008850097656,147.0,147.0
[Br-].CN1C=C[N+](CC(=O)C2=CC=C(C)C(C)=C2)=C1,187.8721160888672,164.0,164.0
[Br-].CN1C=C[N+](CC(=O)C2=CC=C(C)C=C2C)=C1,177.1469268798828,180.0,180.0
[Br-].CN1C=C[N+](CC(=O)C2=CC=C(Cl)C=C2)=C1,159.86941528320312,149.0,149.0
[Br-].CN1C=C[N+](CC(=O)C2=CC=CC=C2F)=C1,189.30685424804688,179.0,179.0
[Br-].COC1=CC=C(C=C1)C(=O)C[N+]1=CN(C)C=C1,137.5174102783203,158.0,158.0
[Br-].CN1C=C[N+](CC(=O)C2=CC=CC(Cl)=C2)=C1,180.99668884277344,176.0,176.0
[Br-].CCOC1=CC=C(C=C1)C(=O)C[N+]1=CN(C)C=C1,106.8991470336914,145.0,145.0
[Br-].CN1C=C[N+](CC(=O)C2=CC=C(C=C2)C#N)=C1,181.6249542236328,212.0,212.0
[Br-].CN1C=C[N+](CC(=O)C2=C(C)C=C(C)C=C2C)=C1,218.78282165527344,223.0,223.0
[Br-].CN1C=C[N+](CC(=O)C2=C3C=CC=CC3=CC=C2)=C1,238.50311279296875,231.0,231.0
[Br-].CN1C=C[N+](CC(=O)C2=CC=C3C=CC=CC3=C2)=C1,230.6201629638672,239.0,239.0
[Br-].COC1=CC=CC(=C1)C(=O)C[N+]1=CN(C)C=C1,177.72296142578125,172.0,172.0
[Br-].CCOC1=CC=CC(=C1)C(=O)C[N+]1=CN(C)C=C1,142.66323852539062,138.0,138.0
[Br-].COC1=CC=CC=C1C(=O)C[N+]1=CN(C)C=C1,176.12167358398438,166.0,166.0
[Br-].CCCOC1=CC=CC(=C1)C(=O)C[N+]1=CN(C)C=C1,106.82463836669922,85.0,85.0
[Br-].COC1=CC=CC(=C1)C(=O)C[N+]1=CN(C=C1)C(C)C,146.2642059326172,178.0,178.0
[Br-].CN1C=C[N+](CC(=O)C2=CC=C(Cl)C(Cl)=C2)=C1,196.0206298828125,184.0,184.0
[Br-].CN1C=C[N+](CC(=O)C2=CC(NC(C)=O)=CC=C2)=C1,203.37124633789065,203.0,203.0
[Br-].COC1=CC(=CC(OC)=C1)C(=O)C[N+]1=CN(C)C=C1,195.53565979003903,240.0,240.0
[Br-].COC1=CC=C(C=C1OC)C(=O)C[N+]1=CN(C)C=C1,196.19381713867188,232.0,232.0
[Br-].COC1=CC=CC(=C1)C(=O)C[N+]1=CN(C=C1)C1=CC=CC=C1,158.5288543701172,147.0,147.0
[Br-].COC1=C(OC)C(=CC=C1)C(=O)C[N+]1=CN(C)C=C1,224.84381103515625,216.0,216.0
[Br-].COC1=CC=C(OC)C(=C1)C(=O)C[N+]1=CN(C)C=C1,215.737548828125,209.0,209.0
[Br-].COC1=CC=CC(=C1)C(=O)C[N+]1=C(SC(C)C)N(C)C=C1,136.06658935546875,158.0,158.0
[Br-].CN1C=[N+](CC(=O)C2=CC=C(C)C=C2)C(=C1C1=CC=CC=C1)C1=CC=CC=C1,200.69676208496097,182.0,182.0
[Br-].CC1=[N+](CC(=O)C2=CC=C(SC3=CC=CC=C3)C=C2)C=CN1CC(=O)C1=CC=C(SC2=CC=CC=C2)C=C1,219.4727325439453,251.0,251.0
[Br-].C=CCN1C=C[N+](CCC#N)=C1,64.82471466064453,89.0,89.0
[Br-].CC1=CC(C)=C(C)C(C(=O)CN2C=C[N+](CC(=O)C3=C(C)C(C)=CC(C)=C3C)=C2)=C1C,233.0609130859375,273.0,273.0
[Br-].CN1C=C[N+](CCCCCC(O)=O)=C1,110.26485443115234,104.0,104.0
[Br-].C=CC[N+]1=CN(CCC#N)C=C1C1=CC=CC=C1,127.43872833251952,116.0,116.0
[Br-].N#CCCC[N+]1=CN(CCC#N)C=C1C1=CC=CC=C1,143.7272491455078,132.0,132.0
[Br-].N#CCCN1C=C(C2=CC=CC=C2)[N+](CC2=CC=CC=C2)=C1,151.1245574951172,174.0,174.0
[Br-].COC(=O)C1=CC=C(NC(=O)C[N+]2=CN(CCC#N)C=C2C2=CC=CC=C2)C=C1,172.90966796875,206.0,206.0
[Br-].CC1=[N+](O)C(Br)=CN1O,131.65228271484375,154.0,154.0
[Br-].ON1C=C[N+](O)=C1Br,172.14695739746094,181.0,181.0
[Br-].CC1=C(C)[N+](O)=C(Br)N1O,146.6170196533203,152.0,152.0
[Br-].ON1C=C(Br)[N+](O)=C1C#N,167.89637756347656,161.0,161.0
[Br-].ON1C=C(Br)[N+](O)=C1C1=CC=CC=C1,227.51312255859375,158.0,158.0
[Br-].CC1=C(C)[N+](CC2=CC=C(F)C=C2)=CN1CC1=CC=C(F)C=C1,230.69041442871097,250.0,250.0
[Br-].CN1C=C[N+](CC2=CC=C(C=C2)C(=O)C2=CC=CC=C2)=C1,106.75702667236328,94.0,94.0
[Br-].CC1=[N+](CC2=CC=CC=C2C)C=CN1CCC(C(N)=O)(C1=CC=CC=C1)C1=CC=CC=C1,190.2146453857422,225.0,225.0
[Br-].CC1=[N+](CC2=CC=CC=C2)C=CN1CCCC(C(N)=O)(C1=CC=CC=C1)C1=CC=CC=C1,157.01075744628906,172.0,172.0
[Br-].CC1=[N+](CC2=CC=CC=C2Cl)C=CN1CCC(C(N)=O)(C1=CC=CC=C1)C1=CC=CC=C1,185.54864501953125,199.0,199.0
[Br-].CC1=[N+](CC2=CC(C)=CC=C2)C=CN1CCC(C(N)=O)(C1=CC=CC=C1)C1=CC=CC=C1,188.1604766845703,211.0,211.0
[Br-].CC1=[N+](CC2=CC(Cl)=CC=C2)C=CN1CCC(C(N)=O)(C1=CC=CC=C1)C1=CC=CC=C1,186.02720642089844,222.0,222.0
[Br-].CC1=[N+](CC2=CC=C(Cl)C=C2)C=CN1CCC(C(N)=O)(C1=CC=CC=C1)C1=CC=CC=C1,185.04019165039065,134.0,134.0
[Br-].CC1=[N+](CC2=CC=CC=C2)C=CN1CCCCC(C(N)=O)(C1=CC=CC=C1)C1=CC=CC=C1,149.4751739501953,156.0,156.0
[Br-].CC1=[N+](CC2=CC=C(C=C2)N(=O)=O)C=CN1CCC(C(N)=O)(C1=CC=CC=C1)C1=CC=CC=C1,209.82452392578125,216.0,216.0
[Br-].CC(C)(C)[N+]1=CN(CC2=CC=CC=N2)C=C1,82.47814178466797,65.0,65.0
[Br-].CCN(CC)C(=O)C[N+]1=CN(C=C1)C(C)(C)C,84.7965316772461,118.0,118.0
[Br-].CN1C=C[N+](CC2=CC=CC=C2)=C1SC1=CC=CC=C1,115.41812896728516,107.0,107.0
[Br-].CCN(CC)C(=O)C[N+]1=CN(C=C1)C1=C(C)C=C(C)C=C1C,161.9519500732422,175.0,175.0
[Br-].CC(C)(C)C1=CC(CN2C=C[N+](=C2)C(C)(C)C)=C(N)C(=C1)C(C)(C)C,178.53082275390625,184.0,184.0
[Br-].CC(C)(C)C1=CC(CN2C=C[N+](=C2)C(C)(C)C)=C(C(=C1)C(C)(C)C)N(=O)=O,179.78701782226562,184.0,184.0
[Br-].CC[N+]1=CN(CCC2=CC=CC=C2)C=C1,64.3203353881836,43.0,43.0
[Br-].C(N1C=C[N+](CC2=CC=CC=C2)=C1SC1=CC=CC=C1)C1=CC=CC=C1,152.26197814941406,171.0,171.0
[Br-].CN1C=C[N+](CC(C)=NO)=C1,174.6984405517578,167.0,167.0
[Br-].CC1=CC(C)=C(N2C=C[N+](=C2)C2=C(C)C=C(C)C=C2C)C(C)=C1,259.4320068359375,308.0,308.0
[Br-].CCCCCCCCCCCCCCCCN1C=C[N+](CC(C)=NO)=C1,106.6642608642578,124.0,124.0
[Br-].CCCCCCCCCCCCCCCCCCOCC(COC[N+]1=CN(C)C=C1)OCCCCCCCCCCCCCCCCCC,78.58700561523438,79.0,79.0
[Br-].CN1C=C[N+](CCCOC2=CSC=C2C)=C1C,125.02557373046876,118.0,118.0
[Br-].COC(=O)CN1C=C(C(=O)OC)[N+](CC(=O)OC)=C1,139.43569946289062,131.0,131.0
[Br-].COC(=O)CN1C=C(C(=O)NC2=CC=CC=C2)[N+](CC(=O)OC)=C1,187.39613342285156,183.0,183.0
[Br-].CCCCCCCCCCCC(=O)NCCCC[C@H](NC(=O)CCCCCCCCCC[N+]1=CN(C)C=C1)C(=O)OCC,84.2663345336914,81.0,81.0
[Br-].C[N+]1=CN(CC2=CC3=CC=C2CCC2=CC=C(CC3)C(=C2)C2=NC(C)(C)CO2)C=C1,124.80646514892578,112.0,112.0
[Br-].CCCCCCCCCCCC(=O)NCCCC[C@H](NC(=O)CCCCC)C(=O)OCCCCCCCCCCC[N+]1=CN(C)C=C1,75.90372467041016,79.0,79.0
[Br-].C=CN1C=C[N+](CC#C)=C1,163.22503662109375,158.0,158.0
[Br-].C=CCN1C=C[N+](CC#C)=C1,84.51290893554688,66.0,66.0
[Br-].CC(C)CN1C=C[N+](CC(C)C)=C1,111.3473892211914,85.0,85.0
[Br-].CCCCCCNC(=O)CN1C=C[N+](CC(=O)NCCCCCC)=C1,123.2129135131836,132.0,132.0
[Br-].CC1=CC(C)=C(C(C)=C1)[N+]1=CN(CC2=CC3=CC=C2CCC2=CC=C(CC3)C(=C2)P(C2=CC=CC=C2)C2=CC=CC=C2)C=C1,254.41343688964844,275.0,275.0
[Br-].CCC[N+]1=CN(CC=C)C=C1,42.88511657714844,30.0,30.0
[Br-].C#CCN1C=C[N+](CC#C)=C1,143.47964477539062,142.0,142.0
[Br-].CCCCC[N+]1=CN(CC=C)C=C1,34.82170104980469,21.0,21.0
[Br-].CCCCCCCCCCCCN1C=C[N+](CC[C@H](C)CCC=C(C)C)=C1,35.82294464111328,6.0,6.0
[Br-].CCCCCCCCCCCCCCCCCCN1C=C[N+](CC[C@H](C)CCC=C(C)C)=C1,40.66891860961914,41.0,41.0
[Br-].CC(=O)C1=C(C(N2C=C[N+](CC(=O)C3=CC=CC=C3)=C2)=C(NC2=CC=CC=C2)S1)C1=CC=CC=C1,186.24842834472656,199.0,199.0
[Br-].CCOC(=O)CCCN1C(C)=[N+](CC2=CC=CC=C2)C2=CC=CC=C12,208.4663848876953,231.0,231.0
[Br-].CCCCCCCCCCCC[N+]1=CN(CC)C2=CC=CC=C12,74.14990997314453,71.0,71.0
[Br-].C[N+]1=C(NC2=CC=CC=C12)C1=CC=CC=C1C(O)=O,239.95571899414065,270.0,270.0
[Br-].CCCCCCCCCN1C=[N+](CCCCCCCCC)C2=CC=CC=C12,78.52581787109375,97.0,97.0
[Br-].CCCCCCCCCCCCCCCC[N+]1=CN(CC)C2=CC=CC=C12,77.70341491699219,67.0,67.0
[Br-].CN1C2=CC=C(C=C2[N+](C)=C1C1=CC=C(C=C1)N(=O)=O)N(=O)=O,260.845458984375,255.0,255.0
[Br-].CN1C2=CC=CC=C2[N+](C)=C1C(F)(F)F,211.7456512451172,260.0,260.0
[Br-].CCC1=[N+](C)C2=CC(=CC=C2N1C)N(=O)=O,214.87570190429688,245.0,245.0
[Br-].CCN1C(C)=[N+](CCC=O)C2=CC(Cl)=C(Cl)C=C12,269.5042724609375,280.0,280.0
[Br-].CN1C2=CC=C(Cl)C=C2[N+](C)=C1C(F)(F)F,201.92425537109375,192.0,192.0
[Br-].CN1C2=C(Br)C(Br)=C(Br)C(Br)=C2[N+](C)=C1C(F)(F)F,189.80284118652344,213.0,213.0
[Br-].CCN1C2=CC(Cl)=C(Cl)C=C2[N+](CCC(C)=O)=C1CC1=CC=CC=C1,183.6260528564453,173.0,173.0
[Br-].CCOC(=O)C[N+]1=C(N(C)C2=CC=C(C=C12)C#N)C1=CC=C(O1)C1=CC=C(Cl)C=C1,194.5339813232422,207.0,207.0
[Br-].CCOC(=O)C[N+]1=C(N(C)C2=CC=C(C=C12)C(=O)OC)C1=CC=C(O1)C1=CC=C(Cl)C=C1,201.45962524414065,209.0,209.0
[Br-].CCOC(=O)C[N+]1=C(N(C)C2=CC=C(C=C12)S(C)(=O)=O)C1=CC=C(O1)C1=CC=C(Cl)C=C1,199.7764587402344,225.0,225.0
[Br-].CCN1C(=CC=CC2=[N+](CCO)C3=CC(=CC=C3N2CCOC(C)=O)C#N)N(CC)C2=CC(=CC=C12)C#N,171.50485229492188,188.0,188.0
[Br-].CCN1C(=CC=CC2=[N+](CC)C3=C(Br)C(Br)=C(Br)C(Br)=C3N2CC)N(CC)C2=C(Br)C(Br)=C(Br)C(Br)=C12,245.87657165527344,215.0,215.0
[Br-].CCN1C(=CC=CC2=[N+](CC)C3=C(Br)C(Cl)=C(Cl)C(Br)=C3N2CC)N(CC)C2=C(Br)C(Cl)=C(Cl)C(Br)=C12,252.9141082763672,283.0,283.0
[Br-].CCN1C(=CC=CC2=[N+](CCOC(C)=O)C3=CC(=CC=C3N2CCOC(C)=O)C#N)N(CC)C2=CC(Cl)=C(Cl)C=C12,172.4297332763672,163.0,163.0
[Br-].CCNS(=O)(=O)C1=CC=C2N(CC)C(C=CC=C3OC4=CC(C)=C(C)C=C4N3CC)=[N+](CCCCS(=O)(=O)NC(C)=O)C2=C1,113.91438293457033,153.0,153.0
[Br-].CCN1C(=CC=CC2=[N+](CCOCCC(O)=O)C3=CC(Cl)=C(Cl)C=C3N2CC)N(CCOCCC(O)=O)C2=CC(Cl)=C(Cl)C=C12,180.15557861328125,225.0,225.0
[Br-].CN1C(C)=[N+](CC#N)C2=CC=CC=C12,238.9252471923828,243.0,243.0
[Br-].CCN1C(C)=[N+](CC#N)C2=CC=CC=C12,240.7448272705078,261.0,261.0
[Br-].CN1C(N)=[N+](CC(=O)C2=CC=C(C)C=C2)C2=CC=CC=C12,256.38665771484375,272.0,272.0
[Br-].CN1C(N)=[N+](CC(=O)C2=CC=CO2)C2=CC=CC=C12,230.8057403564453,259.0,259.0
[Br-].CC[N+]1=C(NC2=CC=CC=C12)C1=C2C=CC=CC2=NC(C)=C1,276.425537109375,319.0,319.0
[Br-].COC1=CC=C2N(C)C=[N+](CC(=O)C3=CC=CC=C3)C2=C1,198.62208557128903,196.0,196.0
[Br-].CN1C=[N+](CC(=O)C2=CC=CC=C2)C2=CC(=CC=C12)N(=O)=O,202.8552398681641,224.0,224.0
[Br-].CN1C(C)=[N+](CC(=O)C2=CC=CC=C2)C2=CC(=CC=C12)N(=O)=O,235.2462615966797,265.0,265.0
[Br-].CCCCN1C(N)=[N+](CC(=O)C2=CC=CC=C2)C2=CC=CC=C12,235.25567626953125,213.0,213.0
[Br-].CCN1C=[N+](CC(=O)C2=CC=C(C=C2)N(=O)=O)C2=CC(C)=C(C)C=C12,223.86541748046875,254.0,254.0
[Br-].COC1=CC=C2N(C)C=[N+](CC(=O)C3=CC=C(C=C3)N(=O)=O)C2=C1,226.1540069580078,239.0,239.0
[Br-].CC1=[N+](CC(=O)C2=CC=C(C=C2)N(=O)=O)C2=CC=CC=C2N1C1=CC=CC=C1,230.0338592529297,227.0,227.0
[Br-].CN1C=[N+](CC(=O)C2=CC=C(C=C2)N(=O)=O)C2=CC(=CC=C12)N(=O)=O,223.5482940673828,236.0,236.0
[Br-].CCN(CC)CCN1C(C)=[N+](CC(=O)C2=CC=C(C=C2)N(=O)=O)C2=CC=CC=C12,214.9694976806641,198.0,198.0
[Br-].COC1=C2N(CC3=CC=CC=C3)C=[N+](CC(=O)C3=CC=C(C=C3)N(=O)=O)C2=C(OC)C=C1,200.52169799804688,227.0,227.0
[Br-].CC(C)(C)C(=O)C[N+]1=C(N)N(N)C2=CC=CC=C12,225.45448303222656,248.0,248.0
[Br-].NN1C(N)=[N+](CC(=O)C2=CC=CC=C2)C2=CC=CC=C12,245.88101196289065,258.0,258.0
[Br-].COC1=CC=C(C=C1)C(=O)C[N+]1=C(N)N(N)C2=CC=CC=C12,256.43634033203125,280.0,280.0
[Br-].CC(C)N1C(N)=[N+](CC(=O)C2=CC=CC=C2)C2=CC=CC=C12,217.0069580078125,208.0,208.0
[Br-].COC(=O)C[N+]1=C(N)N(C)C2=CC=CC=C12,221.3923492431641,241.0,241.0
[Br-].CCOC(=O)C[N+]1=C(N)N(C)C2=CC=CC=C12,224.2172088623047,252.0,252.0
[Br-].CCCCN1C(N)=[N+](CC(=O)OC)C2=CC=CC=C12,232.5161590576172,228.0,228.0
[Br-].NC1=[N+](CC2=CC=C(C=C2)N(=O)=O)C2=CC=CC=C2N1CC1=CC=C(C=C1)N(=O)=O,286.93511962890625,317.0,317.0
[Br-].CN1C(SCC(=O)C2=CC=CC=C2)=[N+](N)C2=CC=CC=C12,138.20066833496094,123.0,123.0
[Br-].N#CCCCN1C=[N+](CCC#N)C2=CC=CC=C12,161.6345672607422,151.0,151.0
[Br-].COC(=O)CN1C(C)=[N+](CC(C)=O)C2=CC=CC=C12,229.6460723876953,231.0,231.0
[Br-].CCOC(=O)CN1C2=CC=CC=C2[N+](CC(=O)C2=CC=CC=C2)=C1CC,202.81976318359375,235.0,235.0
[Br-].COC(=O)CN1C(C)=[N+](CC(=O)C2=CC=C(OC)C=C2)C2=CC=CC=C12,235.4625701904297,215.0,215.0
[Br-].OC(=O)CN1C2=CC=CC=C2[N+](CC(=O)C2=CC=CC=C2)=C1CC1=CC=CC=C1,225.63172912597656,176.0,176.0
[Br-].CCCCNC(=O)CN1C(C)=[N+](CC(=O)C2=CC=CC=C2)C2=CC=CC=C12,217.1322326660156,217.0,217.0
[Br-].COC(=O)CN1C(C)=[N+](CC(=O)C2=CC=C(C=C2)N(=O)=O)C2=CC=CC=C12,239.84710693359375,228.0,228.0
[Br-].CCOC(=O)CN1C2=CC=CC=C2[N+](CC(=O)C2=CC=CC=C2)=C1CC1=CC=CC=C1,207.35623168945312,212.0,212.0
[Br-].CCN1C(=CC=CC2=[N+](CCCC(O)=O)C3=CC(Cl)=C(Cl)C=C3N2CC)N(CCCC(O)=O)C2=CC(Cl)=C(Cl)C=C12,197.5145568847656,248.0,248.0
[Br-].CCCCCCCCN1C(=CC=CC2=[N+](CCCC(O)=O)C3=CC(Cl)=C(Cl)C=C3N2CCCCCCCC)N(CCCC(O)=O)C2=CC(Cl)=C(Cl)C=C12,114.31289672851562,109.0,109.0
[Br-].CCCCCCCCCCCCN1C(=CC=CC2=[N+](CCCC(O)=O)C3=CC(Cl)=C(Cl)C=C3N2CCCCCCCCCCCC)N(CCCC(O)=O)C2=CC(Cl)=C(Cl)C=C12,95.94950103759766,96.0,96.0
[Br-].CC(CC#N)N1C=[N+](CC=C)C2=C(C)C=CC=C12,176.9235382080078,181.0,181.0
[Br-].CC(CC#N)N1C=[N+](CCCC#N)C2=C(C)C=CC=C12,185.4016876220703,188.0,188.0
[Br-].CC(CC#N)N1C=[N+](CC2=CC=CC=C2)C2=C(C)C=CC=C12,198.57582092285156,215.0,215.0
[Br-].COC(=O)C1=CC=C(NC(=O)C[N+]2=CN(C(C)CC#N)C3=CC=CC(C)=C23)C=C1,170.9424591064453,142.0,142.0
[Br-].COC(=O)C[N+]1=C(N)N(NCC2=CC=CC=C2)C2=CC=CC=C12,215.81199645996097,216.0,216.0
[Br-].OCC1=[N+](CC#C)C2=CC=CC=C2N1CCC#N,188.2868804931641,187.0,187.0
[Br-].OCC1=[N+](CC=C)C2=CC=CC=C2N1CCC#N,177.03700256347656,187.0,187.0
[Br-].CCC1=[N+](CC(=O)C2=CC=CC=C2)C2=CC=CC=C2N1CCC#N,168.8742218017578,158.0,158.0
[Br-].CC1=[N+](CC(=O)C2=CC=CC=C2)C2=CC=CC=C2N1CCC#N,202.4328155517578,202.0,202.0
[Br-].CCCC1=[N+](CC(=O)C2=CC=CC=C2)C2=CC=CC=C2N1CCC#N,161.3105926513672,209.0,209.0
[Br-].OCC1=[N+](CC(=O)C2=CC=CC=C2)C2=CC=CC=C2N1CCC#N,183.94085693359375,205.0,205.0
[Br-].CC1=[N+](CC(=O)C2=CC=CC=C2)C2=CC=CC=C2N1CCC(N)=O,214.88783264160156,256.0,256.0
[Br-].CCCCC1=[N+](CC(=O)C2=CC=CC=C2)C2=CC=CC=C2N1CCC#N,166.48672485351562,173.0,173.0
[Br-].CC(O)C1=[N+](CC(=O)C2=CC=CC=C2)C2=CC=CC=C2N1CCC#N,182.0704803466797,183.0,183.0
[Br-].CC1=[N+](CC(=O)C2=CC=CC=C2)C2=CC=CC=C2N1N,222.11781311035156,230.0,230.0
[Br-].CC1=[N+](CC(=O)C2=CC=CS2)C2=CC=CC=C2N1N,221.74110412597656,222.0,222.0
[Br-].CC1=[N+](CC(=O)C2=CC=CC=C2)C2=CC=CC=C2N1N=CC1=CC=CC=C1,229.2485809326172,220.0,220.0
[Br-].CC1=[N+](CC(=O)C2=CC=CC=C2)C2=CC=CC=C2N1NCC1=CC=CC=C1,219.95326232910156,219.0,219.0
[Br-].CC1=[N+](CC(=O)C2=CC=CC=C2)C2=CC=CC=C2N1N=CC1=CC=C(C=C1)N(=O)=O,241.7908172607422,238.0,238.0
[Br-].CC1=[N+](CC(=O)C2=CC=C(C=C2)N(=O)=O)C2=CC=CC=C2N1NCC1=CC=CC=C1,236.6208648681641,229.0,229.0
[Br-].CCN1C=[N+](CC(=O)C2=CC=CC=C2)C2=CC=CC=C12,126.66048431396484,113.0,113.0
[Br-].C=CCN1C=[N+](CC(=O)C2=CC=CC=C2)C2=CC=CC=C12,122.68170928955078,106.0,106.0
[Br-].OCN1C=[N+](CC(=O)C2=CC=CC=C2)C2=CC=CC=C12,156.43077087402344,183.0,183.0
[Br-].BrC1=CC=C(C=C1)C(=O)C[N+]1=CN(CC=C)C2=CC=CC=C12,131.7795867919922,215.0,215.0
[Br-].CCN1C=[N+](CC(=O)C2=CC=C(Br)C=C2)C2=CC=CC=C12,157.69883728027344,198.0,198.0
[Br-].BrC(=C)CN1C=[N+](CC(=O)C2=CC=CC=C2)C2=CC=CC=C12,127.65277862548828,164.0,164.0
[Br-].OCN1C=[N+](CC(=O)C2=CC=C(Br)C=C2)C2=CC=CC=C12,183.9113311767578,239.0,239.0
[Br-].BrC(=C)CN1C=[N+](CC(=O)C2=CC=C(Br)C=C2)C2=CC=CC=C12,132.8794403076172,142.0,142.0
[Br-].BrC1=CC=C(C=C1)C(=O)C[N+]1=CN(CC2=CC=CC=C2)C2=CC=CC=C12,132.32806396484375,126.0,126.0
[Br-].CN1C=[N+](CCCN2C(=O)N=C3N(C4=CC=CC=C4)C4=CC=CC=C4N=C3C2=O)C2=CC=CC=C12,254.83848571777344,271.0,271.0
[Br-].CC(=O)C[N+]1=CN(CC2=CC=CC=C2)C2=CC=CC=C12,114.63617706298828,129.0,129.0
[Br-].CCOC(=O)C[N+]1=C(C)N(CC2=CC=CC=C2)C2=CC=CC=C12,230.6779632568359,242.0,242.0
[Br-].CCOC(=O)CN1C(C)=[N+](CC(=O)OCC)C2=CC=CC=C12,224.8490447998047,250.0,250.0
[Br-].CN1C=[N+](CC(C)=O)C2=CC=CC=C12,121.1878662109375,119.0,119.0
[Br-].CN1C2=CC=CC=C2[N+](CC2=CC=CC=C2)=C1SC1=CC=CC=C1,162.01686096191406,162.0,162.0
[Br-].C=CCN1C=[N+](CC=C)C2=CC=CC=C12,105.1457977294922,96.0,96.0
[Br-].CCOCCN1C=[N+](CC=CC)C2=CC=CC=C12,101.4883270263672,107.0,107.0
[Br-].C=CCN1C=[N+](CC#C)C2=CC=CC=C12,163.54049682617188,178.0,178.0
[Br-].C=CCN1C=[N+](CC2=CC=CC=C2)C2=CC=CC=C12,116.1437759399414,201.0,201.0
[Br-].CCOCCN1C=[N+](CC=CC)C2=CC(C)=CC=C12,100.55150604248048,77.0,77.0
[Br-].CCOCCN1C=[N+](CC=C)C2=CC(C)=CC=C12,96.92414093017578,128.0,128.0
[Br-].CC[N+]1=CN(CCC[Si](C)(C)C)C2=CC=CC=C12,175.6222686767578,208.0,208.0
[Br-].C[Si](C)(C)CCCN1C=[N+](CC=C)C2=CC=CC=C12,126.19902801513672,125.0,125.0
[Br-].BrC1=CC=C(C[N+]2=CN(CC=C)C3=CC=CC=C23)C=C1,159.4615936279297,179.0,179.0
[Br-].CCOCCN1C=[N+](CCC2=CC=CC=C2)C2=CC=CC=C12,78.34723663330078,86.0,86.0
[Br-].C[Si](C)(C)C#CC[N+]1=CN(CC=C)C2=CC=CC=C12,124.33269500732422,145.0,145.0
[Br-].C[Si](C)(C)CCCN1C=[N+](CC#C)C2=CC=CC=C12,165.9316864013672,166.0,166.0
[Br-].COCCN1C=[N+](CCC2=CC=CC=C2)C2=CC(C)=CC=C12,98.39460754394533,122.0,122.0
[Br-].C[Si](C)(C)CCCN1C=[N+](CC2=CC=CC=C2)C2=CC=CC=C12,128.03326416015625,129.0,129.0
[Br-].CC1=CC=C2N(CCC3=CC=CC=C3)C=[N+](CCC3=CC=CC=C3)C2=C1,119.38495635986328,123.0,123.0
[Br-].COC1=CC=CC=C1C[N+]1=CN(CCC[Si](C)(C)C)C2=CC=CC=C12,146.86183166503906,176.0,176.0
[Br-].O=N(=O)C1=CC=C2N(CCC3=CC=CC=C3)C=[N+](CCC3=CC=CC=C3)C2=C1,166.19793701171875,180.0,180.0
[Br-].C1C2CC3CC1CC(C2)(C3)N1C=[N+](C2=CC=CC=C12)C12CC3CC(CC(C3)C1)C2,268.9244384765625,298.0,298.0
[Br-].O=C(C[N+]1=CN(CC2=CC=CC=C2)C2=CC=CC=C12)C1=CC=CS1,189.8584747314453,205.0,205.0
[Br-].CCCCCCCC[N+]1=C(C)N(CC(O)=O)C2=CC(Cl)=C(Cl)C=C12,212.93585205078125,215.0,215.0
[Br-].CCCCCC[N+]1=C(C)N(CCCC(O)=O)C2=CC(Cl)=C(Cl)C=C12,208.614990234375,253.0,253.0
[Br-].CCCCCCC[N+]1=C(C)N(CCCC(O)=O)C2=CC(Cl)=C(Cl)C=C12,200.91455078125,247.0,247.0
[Br-].CCCCCCCC[N+]1=C(C)N(CCC(O)=O)C2=CC(Cl)=C(Cl)C=C12,194.4507598876953,201.0,201.0
[Br-].CCCCCCCC[N+]1=C(C)N(CCCCC(O)=O)C2=CC(Cl)=C(Cl)C=C12,198.3760223388672,215.0,215.0
[Br-].CCCCCCCC[N+]1=C(C)N(CCCCCC(O)=O)C2=CC(Cl)=C(Cl)C=C12,192.6823883056641,255.0,255.0
[Br-].CCCCCCCCCCC[N+]1=C(C)N(CCCC(O)=O)C2=CC(Cl)=C(Cl)C=C12,174.3638458251953,157.0,157.0
[Br-].CCCCCCN1C(=CC=CC2=[N+](CCCCCC)C3=CC(Cl)=C(Cl)C=C3N2CCCC(O)=O)N(CCCC(O)=O)C2=CC(Cl)=C(Cl)C=C12,139.8525390625,146.0,146.0
[Br-].CCCCCCCCN1C(=CC=CC2=[N+](CCCCCCCC)C3=CC(Cl)=C(Cl)C=C3N2CCC(O)=O)N(CCC(O)=O)C2=CC(Cl)=C(Cl)C=C12,123.0530776977539,114.0,114.0
[Br-].CCCCCCCN1C(=C\C=C\C2=[N+](CCCCCCC)C3=CC(Cl)=C(Cl)C=C3N2CCCC(O)=O)N(CCCC(O)=O)C2=CC(Cl)=C(Cl)C=C12,122.0666275024414,128.0,128.0
[Br-].CCCCCCCCCCN1C(=CC=CC2=[N+](CCCCCCCCCC)C3=CC(Cl)=C(Cl)C=C3N2CCCC(O)=O)N(CCCC(O)=O)C2=CC(Cl)=C(Cl)C=C12,101.6262664794922,107.0,107.0
[Br-].CC(C)CN1C=[N+](C)C2=CC=CC=C12,152.9151153564453,186.0,186.0
[Br-].CC(C)N1C=[N+](C(C)C)C2=CC=CC=C12,124.63967895507812,125.0,125.0
[Br-].CC(C)CN1C=[N+](CC(C)C)C2=CC=CC=C12,158.71722412109375,178.0,178.0
[Br-].CCC[N+]1=C(N)N(CC2=CC=CC=C2)C2=CC=CC=C12,267.79217529296875,306.0,306.0
[Br-].NC1=[N+](CC(O)=O)C2=CC=CC=C2N1CC1=CC=CC=C1,215.7365875244141,160.0,160.0
[Br-].CNC(=O)C[N+]1=C(N)N(CC2=CC=CC=C2)C2=CC=CC=C12,239.84426879882812,272.0,272.0
[Br-].NC1=[N+](CC(=O)NC2=CC=CC=C2)C2=CC=CC=C2N1CC1=CC=CC=C1,244.5471954345703,296.0,296.0
[Br-].NC1=[N+](CCCCCCO)C2=CC=CC=C2N1CC1=CC=CC=C1,246.7893524169922,274.0,274.0
[Br-].NC1=[N+](CCCCCCCCBr)C2=CC=CC=C2N1CC1=CC=CC=C1,271.2118225097656,257.0,257.0
[Br-].CCCCCCCCCCCC[N+]1=C(N)N(CC2=CC=CC=C2)C2=CC=CC=C12,252.47821044921875,233.0,233.0
[Br-].CCCCCCCCCCCC[N+]1=C(N)N(CC2=CC=C(C)C=C2)C2=CC=CC=C12,254.7633819580078,243.0,243.0
[Br-].CCCCCCCCCCCC[N+]1=C(N)N(CC2=CC=C(OC)C=C2)C2=CC=CC=C12,227.79981994628903,263.0,263.0
[Br-].CCCCCCCCCCCC[N+]1=C(N)N(CCCC2=CC=CC=C2)C2=CC=CC=C12,239.7171173095703,228.0,228.0
[Br-].CCCCCCCCCCCC[N+]1=C(N)N(CC2=CC=C(Cl)C=C2)C2=CC=CC=C12,256.2989196777344,272.0,272.0
[Br-].NC1=[N+](CCCCCCCCCCCCBr)C2=CC=CC=C2N1CC1=CC=CC=C1,251.02586364746097,240.0,240.0
[Br-].CCCCCCCCCCCC[N+]1=C(N)N(CC2=CC=C(Cl)C(Cl)=C2)C2=CC=CC=C12,258.4975280761719,275.0,275.0
[Br-].CC(C)(C)OC(=O)NCCCCCCCCCCC[N+]1=C(N)N(CC2=CC=CC=C2)C2=CC=CC=C12,187.3209991455078,216.0,216.0
[Br-].NC1=[N+](CCCCCCCCCCCCN2C(=O)C3=C(C=CC=C3)C2=O)C2=CC=CC=C2N1CC1=CC=CC=C1,208.266845703125,200.0,200.0
[Br-].O=C(CN1C=C[N+](CC(=O)C2=CC=CC=C2)=C1)C1=CC=CC=C1,211.8820343017578,265.0,265.0
[Br-].CN1C=[N+](C)C2=CC(Cl)=CC=C12,239.99603271484375,275.0,275.0
[Br-].CC(N1C=C[N+](=C1)C(C)C(=O)C1=CC=C(C=C1)C1=CC=CC=C1)C(=O)C1=CC=C(C=C1)C1=CC=CC=C1,212.85255432128903,225.0,225.0
[Br-].CN1C=C[N+](CC(=O)C2=CC=C(C=C2)C(N)=O)=C1,214.67784118652344,235.0,235.0
[Br-].CC1=[N+](CC2=CC=CC=C2)C=CN1CCC(C(N)=O)(C1=CC=CC=C1)C1=CC=CC=C1,178.69839477539062,231.0,231.0
[Br-].CC1=[N+](CC2=CC=C(C=C2)C2=CC=CC=C2)C=CN1CCC(C(N)=O)(C1=CC=CC=C1)C1=CC=CC=C1,221.33084106445312,249.0,249.0
[Br-].CC(=O)CN1C(C)=[N+](C)C2=CC=CC=C12,237.89515686035156,234.0,234.0
[Br-].CCOC(=O)C[N+]1=C(C)N(CC)C2=CC=CC=C12,220.85958862304688,233.0,233.0
[Br-].CN1C=[N+](CC(=O)C2=CC=CC=C2)C2=CC(Cl)=CC=C12,198.0140838623047,234.0,234.0
[Br-].CCCCCCCCCCCCCCCCN1C(C)=[N+](CCCCCCCCCCCCCCCC)C2=CC=CC=C12,214.5612640380859,239.0,239.0
[Br-].CC1=CN(C=[N+]1CC(=O)C1=CC=CC=C1)C(C1=CC=CC=C1)(C1=CC=CC=C1)C1=CC=CC=C1,203.4696807861328,206.0,206.0
[Br-].CC[C@H]1[C@@H](CC2=C[N+](CC(=O)C3=CC=C(Br)C=C3)=CN2C)COC1=O,158.58766174316406,220.0,220.0
[Br-].CCN1C=[N+](CC)C2=CC=CC=C12,91.71039581298828,206.0,206.0
[Br-].CN1C=[N+](CC(=O)C2=CC=CC=C2)C2=CC=CC=C12,164.2428436279297,211.0,211.0
[Br-].COC(=O)CN1C(C)=[N+](CC(=O)C2=CC=C(C)C=C2)C2=CC=CC=C12,224.3470764160156,217.0,217.0
[Br-].COC(=O)CN1C(C)=[N+](CC(=O)C2=CC=C(Br)C=C2)C2=CC=CC=C12,240.84584045410156,211.0,211.0
[Br-].CCCCCCCCN1C(C)=[N+](CCCC(O)=O)C2=CC(Cl)=C(Cl)C=C12,195.68246459960935,208.0,208.0
[Br-].CC1=[N+](CC(=O)C2=CC=C(Br)C=C2)C=CN1CCC1=CC=CC=C1,190.59890747070312,193.0,193.0
[Br-].CC[C@H]1[C@@H](CC2=C[N+](CCC3=CC=CC=C3)=CN2C)COC1=O,126.50189971923828,173.0,173.0
[Br-].CC[C@H]1[C@@H](CC2=C[N+](CC(=O)C3=CC=C(C=C3)C3=CC=CC=C3)=CN2C)COC1=O,184.47772216796875,179.0,179.0
[Br-].CCC1=CC=C(C=C1)C(=O)C[N+]1=CN(C)C=C1,148.28887939453125,178.0,178.0
[Br-].C[N+]1=CN(C=C1)C(C1=CC=CC=C1)C1=CC=CC=C1,168.25270080566406,174.0,174.0
[Br-].O=C(CN1C=[N+](CC(=O)C2=CC=CC=C2)C2=CC=CC=C12)C1=CC=CC=C1,156.4111785888672,178.0,178.0
[Br-].CCOC(=O)C[N+]1=CN(CC2=CC=CC=C2)C2=CC=CC=C12,129.37643432617188,167.0,167.0
[Br-].CC[C@H]1[C@@H](CC2=C[N+](CC3=CC=C(Br)C=C3)=CN2C)COC1=O,146.13075256347656,159.0,159.0
[Br-].CN1C=C[N+](CC(=O)C2=CC=C(C)C=C2)=C1,157.70445251464844,150.0,150.0
[Br-].CCCN1C=C[N+](CC(=O)C2=CC=CC=C2)=C1,120.65898895263672,149.0,149.0
[Br-].CC[N+]1=CN(C=C1)C(C1=CC=CC=C1)C1=CC=CC=C1,110.92369079589844,137.0,137.0
[Br-].CCOC(=O)C[N+]1=CN(C)C2=CC=CC=C12,136.38661193847656,157.0,157.0
[Br-].C[Si](C)(C)CCCN1C=[N+](CC2=CC=C(Br)C=C2)C2=CC=CC=C12,146.28285217285156,155.0,155.0
[Br-].CCCCCCCCCCCCCC[N+]1=C(C)N(CC2=CC=CC=C2)C=C1,111.1998291015625,103.0,103.0
[Br-].CCCC[N+]1=CN(C)C(C[C@H]2COC(=O)[C@H]2CC)=C1,100.44791412353516,111.0,111.0
[Br-].COC(=O)CN1C=C[N+](CC(=O)C2=CC=CC=C2)=C1,159.55796813964844,125.0,125.0
[Br-].CCCCCCCCN1C=[N+](CCCCCCCC)C2=CC=CC=C12,82.38482666015625,107.0,107.0
[Br-].CCCN1C=[N+](CCC#N)C2=CC=CC=C12,110.08336639404295,120.0,120.0
[Br-].CCCCCCCCCCN1C=C[N+](C)=C1C,119.37691497802734,85.0,85.0
[Br-].CC[N+]1=CN(C)C=C1,80.1021957397461,78.0,78.0
[Br-].CN1C=C[N+](CCO)=C1,76.0002670288086,97.0,97.0
[Br-].C(N1C=C[N+](CC2=CC=CC=C2)=C1)C1=CC=CC=C1,80.92034149169922,63.0,63.0
[Br-].CCC[N+]1=CN(C)C=C1,45.775238037109375,35.0,35.0
[Br-].BrC1=CC=C(C=C1)C(=O)CN1C=C[N+](CC(=O)C2=CC=C(Br)C=C2)=C1,245.62074279785156,289.0,289.0
[Br-].CCCCCCCC[N+]1=C(N)N(CC2=CC=CC=C2)C2=CC=CC=C12,273.19256591796875,278.0,278.0
[Br-].CC1=[N+](CC(=O)C2=CC=CC=C2)C=CN1CC1=CC=CC=C1,199.15426635742188,239.0,239.0
[Br-].CC(C)(N1C=C[N+](=C1)C(C)(C)C(=O)C1=CC=C(C=C1)C1=CC=CC=C1)C(=O)C1=CC=C(C=C1)C1=CC=CC=C1,206.8827362060547,241.0,241.0
[Br-].CN1C=C[N+](CC(=O)C2=CC=C(C=C2)C2=CC=CC=C2)=C1,229.1002960205078,249.0,249.0
[Br-].CC1=[N+](CC2=CC=C(C)C=C2)C=CN1CCC(C(N)=O)(C1=CC=CC=C1)C1=CC=CC=C1,188.4899749755859,241.0,241.0
[Br-].CC1=[N+](CC2=CC=CC=C2)C2=CC=CC=C2N1CCCC(O)=O,211.9058074951172,235.0,235.0
[Br-].CC(C(C)=O)[N+]1=C(C)N(C)C2=CC=CC=C12,233.6901092529297,255.0,255.0
[Br-].CN1C=[N+](CC(=O)C2=CC=CC=C2)C2=CC(C)=CC=C12,211.2753143310547,245.0,245.0
[Br-].CC1=[N+](CC(=O)C2=CC=C(C=C2)N(=O)=O)C2=CC=CC=C2N1CC1=CC=CC=C1,255.5386199951172,248.0,248.0
[Br-].CCCCCCCCCN1C(C)=[N+](CCCCCCCCC)C2=CC=CC=C12,210.5944976806641,246.0,246.0
[Br-].O=C(CN1C=C[N+](CC(=O)C2=CC=C(C=C2)N(=O)=O)=C1)C1=CC=C(C=C1)N(=O)=O,209.9108123779297,215.0,215.0
[Br-].CC1=[N+](CC2=CC=C(Br)C=C2)C=CN1CCC(C(N)=O)(C1=CC=CC=C1)C1=CC=CC=C1,186.79345703125,220.0,220.0
[Br-].CCOC(=O)C[N+]1=C(C)N(C)C2=CC=CC=C12,206.2419281005859,215.0,215.0
[Br-].COC(=O)CN1C(C)=[N+](CC(=O)C2=CC=CC=C2)C2=CC=CC=C12,217.3189239501953,205.0,205.0
[Br-].CCOC(=O)CN1C(C)=[N+](CC(=O)C2=CC=CC=C2)C2=CC=CC=C12,210.3470764160156,215.0,215.0
[Br-].CCCCN1C(C)=[N+](CCCC(O)=O)C2=CC(Cl)=C(Cl)C=C12,213.3555450439453,217.0,217.0
[Br-].CCCCN1C(=CC=CC2=[N+](CCCC(O)=O)C3=CC(Cl)=C(Cl)C=C3N2CCCC)N(CCCC(O)=O)C2=CC(Cl)=C(Cl)C=C12,170.97454833984375,200.0,200.0
[Br-].CN1C=C[N+](CCC2=CC=C(C=C2)N(=O)=O)=C1,165.4850311279297,185.0,185.0
[Br-].CC[C@H]1[C@@H](CC2=C[N+](CC3=CC=C(C)C=C3)=CN2C)COC1=O,138.80955505371094,188.0,188.0
[Br-].CC(C(=O)C1=CC=CC=C1)[N+]1=CN(C)C=C1,159.28822326660156,169.0,169.0
[Br-].O=C(CN1C=C[N+](CCC#N)=C1)C1=CC=CC=C1,159.60340881347656,186.0,186.0
[Br-].CN1C=[N+](CC=C)C2=CC=CC=C12,140.9470977783203,163.0,163.0
[Br-].O=C(C[N+]1=CN(CC2=CC=CC=C2)C2=CC=CC=C12)C1=CC=CC=C1,153.1075897216797,180.0,180.0
[Br-].CC[N+]1=CN(CC=C)C2=CC=CC=C12,123.63504028320312,175.0,175.0
[Br-].CC[C@H]1[C@@H](CC2=C[N+](CC(=O)C3=CC=C(C=C3)N(=O)=O)=CN2C)COC1=O,130.73228454589844,140.0,140.0
[Br-].CN1C=C[N+](=C1)C(C)(C)C(=O)C1=CC=CC=C1,127.37543487548828,139.0,139.0
[Br-].CCCN1C=C[N+](CCC)=C1,99.6713638305664,135.0,135.0
[Br-].CC(C)N1C=C[N+](=C1)C(C)C,124.06514739990234,137.0,137.0
[Br-].CCCCCCCCCCCCN1C(C)=[N+](CCCC(O)=O)C2=CC(Cl)=C(Cl)C=C12,168.89141845703125,142.0,142.0
[Br-].CCCCCCCCCC[N+]1=C(C)N(CCCC(O)=O)C2=CC(Cl)=C(Cl)C=C12,179.88125610351562,157.0,157.0
[Br-].CN1C=C[N+](C)=C1,114.17823028564452,112.0,112.0
[Br-].CC[C@H]1[C@@H](CC2=C[N+](CC3=CC=CC=C3)=CN2C)COC1=O,134.4796600341797,126.0,126.0
[Br-].CCCCCCCCCCCCCCCCN1C(=CC=CC2=[N+](CCCCCCCCCCCCCCCC)C3=CC=CC=C3N2CCCCCCCCCCCCCCCC)N(CCCCCCCCCCCCCCCC)C2=CC=CC=C12,117.98155975341795,127.0,127.0
[Br-].C=CCN1C=[N+](CCC#N)C2=CC=CC=C12,110.75582122802734,114.0,114.0
[Br-].CCCCCCCCCC[N+]1=C(C)N(CC2=CC=CC=C2)C=C1,118.112548828125,88.0,88.0
[Br-].CCCC[N+]1=CN(C)C=C1,66.57359313964844,78.0,78.0
[Br-].C[N+]1=CN(CC=C)C=C1,60.74098205566406,53.0,53.0
[Br-].CCOC(=O)C[N+](C)(C)C,143.98976135253906,159.0,159.0
[Br-].CCCCCCCCCCCCCCCC[N+](C)(C)CCCC,87.2685546875,84.0,84.0
[Br-].CCCCCCC(=O)C[N+](CC)(CC)CC,75.05290985107422,103.0,103.0
[Br-].CCCCCCCCCCCCCCCC[N+](C)(CCO)CCO,114.28074645996094,129.0,129.0
[Br-].CCCCCCCCCCCCCCCC[N+](C)(C)C1=CC=CC=C1,104.0771026611328,117.0,117.0
[Br-].CCCCCCCC[N+](C)(C)CCO,112.28620147705078,117.0,117.0
[Br-].CCCCCCCCC[N+](C)(C)CCO,124.97144317626952,122.0,122.0
[Br-].CCCCCCCCCCCC[N+](C)(C)CCO,159.87261962890625,195.0,195.0
[Br-].CCCCCCCCCCCCCCC[N+](C)(C)CCO,179.09178161621094,204.0,204.0
[Br-].CCCCCCCCCCCCCCCCCC[N+](C)(C)CCO,184.21473693847656,204.0,204.0
[Br-].CCCCCCCCCCCCCCC(O)C[N+](C)(C)CCO,92.17488098144533,79.0,79.0
[Br-].CCCCCCCCCCCCCCCC[N+](C)(C)CC(O)CO,85.6875228881836,66.0,66.0
[Br-].CCCCCCCCCCCCCCCCCCCC[N+](C)(C)CCCCCCCCCCCCCCCCCCCC,92.7989273071289,138.0,138.0
[Br-].CC(C)CCC[N+](C)(C)C,209.02195739746097,210.0,210.0
[Br-].CC(C)[N+](C)(C)CCO,112.57575225830078,274.0,274.0
[Br-].CCCC[N+](CC)(CC)CC,189.5481109619141,208.0,208.0
[Br-].CCCC[N+](C)(C)CCCC,132.03321838378906,166.0,166.0
[Br-].CCC(C)(O)C[N+](C)(C)C,150.1069793701172,169.0,169.0
[Br-].CCC(C[N+](C)(C)C)OC,111.95608520507812,123.0,123.0
[Br-].CCOC(CC)C[N+](C)(C)C,151.38819885253906,160.0,160.0
[Br-].CCCC(C[N+](C)(C)C)OC,90.03166961669922,102.0,102.0
[Br-].CCCCCCCCC[N+](C)(C)C,201.3269500732422,212.0,212.0
[Br-].C[N+](C)(C)CCOCCO,157.23036193847656,85.0,85.0
[Br-].CCCOC(CC)C[N+](C)(C)C,124.87623596191406,148.0,148.0
[Br-].CCCCC(C[N+](C)(C)C)OC,90.10707092285156,99.0,99.0
[Br-].CCCC(C[N+](C)(C)C)OCC,94.69579315185548,148.0,148.0
[Br-].CCCCCCC[N+](CC)(CC)CC,105.3607940673828,110.0,110.0
[Br-].CC[N+](C)(CCC(C)C)CCC(C)C,120.15209197998048,127.0,127.0
[Br-].CCCC[N+](C)(CCCC)CCCC,119.14836883544922,121.0,121.0
[Br-].CCOCC[N+](CC)(CC)CC,99.98377227783205,98.0,98.0
[Br-].CC[N+](CC)(CC)CC#C,112.86273956298828,199.0,199.0
[Br-].CCCCC(C[N+](C)(C)C)OCC,104.01929473876952,149.0,149.0
[Br-].CCCCOC(CC)C[N+](C)(C)C,114.0022201538086,129.0,129.0
[Br-].CCCCOC(CCC)C[N+](C)(C)C,96.8832778930664,111.0,111.0
[Br-].C[N+](CC=C)(CC=C)CC=C,85.9194107055664,90.0,90.0
[Br-].CCCCCCCCC(CC)C[N+](C)(C)C,174.75099182128906,226.0,226.0
[Br-].CCCCCOC(CCC)C[N+](C)(C)C,96.48137664794922,106.0,106.0
[Br-].CC[N+](C)(CC)CC(C)(O)CC(C)(C)C,122.59838104248048,125.0,125.0
[Br-].CCOC(=C)[N+](C)(C)C,130.47027587890625,151.0,151.0
[Br-].CC(CC1CCCCCC1)[N+](C)(C)C,264.5589599609375,273.0,273.0
[Br-].CC[N+](CC)(CC)CCOC=C,93.46246337890624,95.0,95.0
[Br-].CC(CC1CCCCCCC1)[N+](C)(C)C,253.2862243652344,249.0,249.0
[Br-].CC(CC(C)(C)C)C[N+](C)(C)CC(C)CC(C)(C)C,195.16134643554688,210.0,210.0
[Br-].CCCCCCCCCCCC[N+](C)(C)CCCC,90.23479461669922,40.0,40.0
[Br-].C=CC[N+](CC=C)(CC=C)CC#C,95.30329132080078,103.0,103.0
[Br-].CCCC[N+](C)(C)CC(O)C=C,71.86402130126953,79.0,79.0
[Br-].C[N+](C)(CC=C)CC1=CC=CC=C1,113.56501770019533,89.0,89.0
[Br-].CCCC[N+](CC=C)(CC#C)CC#C,56.396141052246094,89.0,89.0
[Br-].CC1=CC=CC=C1C[N+](C)(C)C,179.1741943359375,201.0,201.0
[Br-].C[N+](C)(CC=C)C1=CC=CC=C1,118.04248046875,124.0,124.0
[Br-].CCCC(=O)OCC[N+](C)(C)C,151.32261657714844,101.0,101.0
[Br-].C[N+](C)(C)CCCCC1=CC=CC=C1,165.26400756835938,180.0,180.0
[Br-].C[N+](C)(C)CCCCCC1=CC=CC=C1,150.98435974121094,163.0,163.0
[Br-].CCC[N+](C)(C)CC1=CC=CC=C1,148.0856475830078,140.0,140.0
[Br-].COC1=CC=C(C[N+](C)(C)C)C=C1,152.7759552001953,146.0,146.0
[Br-].CCCCCCCCCCCCCCCCCC[N+](CC)(CC)CC,134.22740173339844,160.0,160.0
[Br-].CCCCCCCCCCCCCCCC[N+](C)(CCCC)CCCC,73.6204605102539,51.0,51.0
[Br-].C[N+](C)(CCO)CC1=CC=CC=C1,118.61681365966795,83.0,83.0
[Br-].CC[N+](C)(CC)CC(O)C1=CC=CC=C1,148.3458709716797,155.0,155.0
[Br-].CCCCCCCCCC[N+](C)(C)CC(O)=O,137.31883239746094,153.0,153.0
[Br-].C=CC[N+](CC=C)(CC#C)C1=CC=CC=C1,118.63552856445312,138.0,138.0
[Br-].CCC[N+](CCC)(CCC)CC1=CC=CC=C1,206.7255401611328,188.0,188.0
[Br-].CC[N+](C)(CC)C(CO)C1=CC=CC=C1,119.46747589111328,153.0,153.0
[Br-].CCCCCCCCCCCCCCCC[N+](C)(C)C1CCCCC1,175.5360870361328,141.0,141.0
[Br-].CC1=CC=CC=C1C[N+](C)(C)C1=CC=CC=C1,106.1290054321289,88.0,88.0
[Br-].CC[N+](CC)(CC1=CC=CC=C1)CC1=CC=CC=C1,186.6157684326172,147.0,147.0
[Br-].CCC1=CC=C(C=C1)[N+](C)(C)CC1=CC=CC=C1,149.60848999023438,159.0,159.0
[Br-].CCCCCCCCCCCC[N+](C)(C)CCOC(C)=O,82.8826904296875,65.0,65.0
[Br-].CCC=CC1=CC=C(C=C1)[N+](C)(C)CC1=CC=CC=C1,108.25424194335938,105.0,105.0
[Br-].CCCCCC[N+](C)(C)C1=CC=CC=C1OC,128.8260498046875,182.0,182.0
[Br-].C[N+](C)(CC1CCCCC1)CC(=O)C1=CC=CC=C1,154.67271423339844,186.0,186.0
[Br-].COC1=CC=C(C=C1)[N+](C)(CC=C)CC1=CC=CC=C1,111.06847381591795,148.0,148.0
[Br-].C[N+](C)(C)C(OC(=O)C1=CC=CC=C1)C1=CC=CC=C1,128.41323852539062,137.0,137.0
[Br-].CCCCCCCCCC[N+](C)(C)CCCCCCCCCCC(O)=O,101.30143737792967,110.0,110.0
[Br-].C[N+](C)(CCCC1=CC=CC=C1)CC(=O)C1=CC=CC=C1,135.27650451660156,125.0,125.0
[Br-].CCCCCCCCCCCCCCCC[N+](C)(C)CC(=O)OCC,71.23757934570312,55.0,55.0
[Br-].CCCCCCCCCCCCCCCC[N+](C)(C)CCOC(C)=O,81.7568359375,73.0,73.0
[Br-].CCCCCCCC1=CC=C(C=C1)[N+](C)(C)CC1=CC=CC=C1,93.31683349609376,90.0,90.0
[Br-].CCCCCCCCC1=CC=C(C=C1)[N+](C)(C)CC1=CC=CC=C1,91.58618927001952,88.0,88.0
[Br-].CCCCCCCCCCCCCC[N+](C)(C)CC1=CC=CC=C1,75.7597885131836,49.0,49.0
[Br-].COC1=CC=CC(C[N+](C)(C)CC(=O)C2=CC=CC=C2)=C1,135.74546813964844,151.0,151.0
[Br-].CCCCCCCCCCCCCCCC[N+](CC)(CC)CCOC(C)=O,67.7443618774414,71.0,71.0
[Br-].CCCCCCCCCCCCCCCC[N+](C)(C)CCCCCC(=O)OC,61.41938018798828,67.0,67.0
[Br-].CCCCCCCCCCCCCCC[N+](C)(C)CC1=CC=CC=C1,74.1463623046875,60.0,60.0
[Br-].CC[N+](CC)(CCCOC1=CC=CC=C1)CCCOC1=CC=CC=C1,96.44683074951172,78.0,78.0
[Br-].CCCCCCCCCCCCCCCC[N+](C)(C)CCCCCCCC(=O)OC,60.478790283203125,60.0,60.0
[Br-].CCCCCCCCCCCC1=CC=C(C=C1)[N+](C)(C)CC1=CC=CC=C1,90.38233184814452,87.0,87.0
[Br-].CCCCCCCCCCCCCCCC[N+](CCCC)(CCCC)CCOC(C)=O,62.60301971435547,53.0,53.0
[Br-].CCCCCCCCCCCCOC1=CC=CC=C1[N+](C)(C)CCCCCCCCCC,59.20561981201172,39.0,39.0
[Br-].CCCCCCCCCCCCOC1=CC=CC=C1[N+](C)(C)CCCCCCCCCCCC,58.928314208984375,44.0,44.0
[Br-].CCCCCCCCCCCCCC[N+](C)(C)C1=CC=CC=C1OCCCCCCCCCCCC,59.04185485839844,47.0,47.0
[Br-].C[N+](C)(C)CCC1=CC=CC=C1,207.07281494140625,234.0,234.0
[Br-].C[N+](C)(C)O,196.88282775878903,246.0,246.0
[Br-].CCCC(C)[N+](C)(C)C,239.0647430419922,227.0,227.0
[Br-].C[N+](C)(C)C1CCCC1,284.5631408691406,281.0,281.0
[Br-].CC(C)(C)[N+](C)(C)CC=C,205.8991241455078,248.0,248.0
[Br-].C[N+](C)(C)C1CCOC1,229.33055114746097,250.0,250.0
[Br-].C[N+](C)(C)C1CCCCCC1,261.05718994140625,278.0,278.0
[Br-].CC1=CC(C)=C(C)C=C1C[N+](C)(C)C,215.2860412597656,254.0,254.0
[Br-].CCCCCCCCCCCC[N+](CC)(CCO)CCO,97.06310272216795,70.0,70.0
[Br-].CC1=C2C=CC=CC2=C(C[N+](C)(C)C)C=C1,205.8120574951172,233.0,233.0
[Br-].CCCCCCCCCCCCCC[N+](C)(C)CCCCCCCCCCCCCC,84.0162582397461,51.0,51.0
[Br-].CCCCCCCCCCCCCCCCCC[N+](C)(C)CCCCCCCCCC,84.01625061035156,61.0,61.0
[Br-].CCCCC(C(=O)OC)[N+](C)(C)CC1=CC=CC=C1,105.66857147216795,147.0,147.0
[Br-].C[N+](C)(CCCCOC1=CC=CC=C1)CC1=CC=CC=C1,94.9177017211914,129.0,129.0
[Br-].CCCC(C(=O)OCC[N+](C)(CC)CC)C1=CC=CC=C1,85.90328216552734,90.0,90.0
[Br-].CCCCC(C(=O)OCC)[N+](C)(C)CC1=CC=CC=C1,98.66419982910156,118.0,118.0
[Br-].C[N+](C)(CC1=CC=CC(OC2=CC=CC=C2)=C1)C1=CC=CC=C1,109.32897186279295,127.0,127.0
[Br-].CCCCCC[N+](CCCCCC)(CCCCCC)CC1=CC=CC=C1,104.90909576416016,102.0,102.0
[Br-].C[N+](C)(CCCCCOC1=CC=CC=C1)CC1=CC=CC=C1,101.85515594482422,140.0,140.0
[Br-].CC(C)C1=CC=C(C)C(C[N+](C)(C)CC2=CC(=CC=C2C)C(C)C)=C1,196.2974853515625,226.0,226.0
[Br-].CCCCC(C(=O)OCC[N+](C)(CC)CC)C1=CC=CC=C1,85.74898529052734,78.0,78.0
[Br-].CC(C)C1=CC=C(C)C(C[N+](C)(CC2=CC=CC=C2)CC2=CC=CC=C2)=C1,198.4675750732422,207.0,207.0
[Br-].C[N+](C)(CCCCOC1=C2C=CC=CC2=CC=C1)CC1=CC=CC=C1,127.62372589111328,140.0,140.0
[Br-].C[N+](C)(CCCCOC1=CC=C2C=CC=CC2=C1)CC1=CC=CC=C1,128.64466857910156,162.0,162.0
[Br-].CCCCCCC[N+](C)(C)C,193.5217742919922,183.0,183.0
[Br-].CC(C)=C[N+](C)(C)CC=C,71.7744369506836,64.0,64.0
[Br-].CC[N+](C)(C)C1CCCCO1,97.78361511230467,84.0,84.0
[Br-].CC[N+](CC)(CC)CC#CC,114.59711456298828,117.0,117.0
[Br-].CC1=CC(C[N+](C)(C)C)=CC(C)=C1,196.5541534423828,239.0,239.0
[Br-].C[N+](C)(CC#C)CC#CC1=CC=CC=C1,150.5668182373047,172.0,172.0
[Br-].CC(C)=C[N+](C)(C)CC1=CC=CC=C1,187.7850341796875,165.0,165.0
[Br-].COC1=CC=C(CC[N+](C)(C)C)C=C1,177.27017211914062,217.0,217.0
[Br-].CCCCCCCCCCCCCCCCCC[N+](C)(C)CCCCCCCC,82.46725463867188,58.0,58.0
[Br-].C[N+](C)(CCC1=CC=CC=C1)C1=CC=CC=C1,166.4162139892578,170.0,170.0
[Br-].CC(C1=CC=CC=C1)[N+](C)(C)C1=CC=CC=C1,188.79006958007812,120.0,120.0
[Br-].CC1=C(C)C(C[N+](C)(C)CCO)=CC=C1,158.29786682128906,148.0,148.0
[Br-].CC1=CC=CC=C1C[N+](C)(C)CCCO,126.08232879638672,129.0,129.0
[Br-].CC(=O)OCC[N+](C)(C)CC1=CC=CC=C1,114.18553924560548,126.0,126.0
[Br-].CC1=C(C)C(C[N+](C)(C)CCCO)=CC=C1,138.4939422607422,170.0,170.0
[Br-].CCCCCCCCCCCCCCCCCC[N+](C)(C)CCCCCCCCCCCC,85.80254364013672,63.0,63.0
[Br-].CCOC(=O)C(C)[N+](C)(C)CC1=CC=CC=C1,102.79898071289062,118.0,118.0
[Br-].CC[N+](CC)(CC)CC1=CC=CC(OC2=CC=CC=C2)=C1,156.2936553955078,162.0,162.0
[Br-].CCCCCCCCCCCC[N+](C)(C)CC1=CC(=CC=C1C)C(C)C,117.6441421508789,154.0,154.0
[Br-].CCCCCCCCCCCC[N+](C)(C)CCC1=CC(=CC=C1C)C(C)C,104.70902252197266,114.0,114.0
[Br-].CCC(CC(C)C)(C(=O)OCC[N+](C)(CC)CC)C1=CC=CC=C1,108.46265411376952,143.0,143.0
[Br-].CCCCCCCCCCCC[N+](CC)(CC)CCC,85.46116638183594,98.0,98.0
[Br-].CCCCCCCCCCCC[N+](C)(CC)COCC,120.37165069580078,176.0,176.0
[Br-].C[N+](C)(CCC(O)=O)CC(O)=O,126.55097198486328,151.0,151.0
[Br-].CCCCCCCCCCCC[N+](C)(CC)CC(O)=O,99.22042083740234,103.0,103.0
[Br-].CCCCCCCCCCCC[N+](C)(CC)CC1=CC=CC=C1,98.2934112548828,104.0,104.0
[Br-].CCCCCCCCCCCC[N+](C)(CCCC)CC1=CC=CC=C1,91.6052017211914,78.0,78.0
[Br-].C[N+](C)(C)CC1=CC=C(O)C=C1,170.79153442382812,166.0,166.0
[Br-].CCCCCCCCCCCCCCCC[N+](C)(C)CC1=CC=C(O)C=C1,99.14633178710938,129.0,129.0
[Br-].CC(=O)C[N+](C)(C)CC1=CC=CC=C1C,138.59490966796875,123.0,123.0
[Br-].COC(=O)C[N+](C)(C)CC1=CC=C(C)C=C1,117.64933013916016,117.0,117.0
[Br-].COC(=O)C[N+](C)(C)CC1=CC=CC=C1C,111.03716278076172,132.0,132.0
[Br-].CC(C)CC(=O)C[N+](C)(C)C,129.61489868164062,134.0,134.0
[Br-].CCOC(C[N+](C)(C)C)OCC,123.00431060791016,151.0,151.0
[Br-].C[N+](C)(C)CC(O)CO,119.13290405273438,121.0,121.0
[Br-].CC[N+](CC)(CC)CC#CC1=CC=CC=C1,158.91456604003906,157.0,157.0
[Br-].CC1=CC=C(O)C(=C1)[N+](C)(C)CC=C,132.79183959960938,151.0,151.0
[Br-].COC1=CC(OC)=CC(C[N+](C)(C)C)=C1,164.9176788330078,194.0,194.0
[Br-].CC1=CC(C)=C(O)C(=C1)[N+](C)(C)CC=C,121.16434478759766,106.0,106.0
[Br-].CC(=C)C[N+](C)(C)C1=CC(C)=CC=C1O,131.26837158203125,153.0,153.0
[Br-].COC1=CC=C(C=C1)[N+](C)(C)CC1=CC=CC=C1,121.53793334960938,129.0,129.0
[Br-].C[N+](C)(CC#C)C(C(=O)C1=CC=CC=C1)C1=CC=CC=C1,138.2672882080078,151.0,151.0
[Br-].CC1=CC=C(O)C(=C1)[N+](C)(C)CC=CC1=CC=CC=C1,134.73114013671875,152.0,152.0
[Br-].COC(=O)C[N+](C)(C)CC1=C2C=CC=CC2=CC=C1,131.89236450195312,162.0,162.0
[Br-].CCCCCCCCCCCC[N+](C)(C)CC1=CC=C(C=C1)C(=O)C1=CC=CC=C1,104.87293243408205,126.0,126.0
[Br-].C[N+](C)(C)C1=CC=C(C=O)C=C1,181.7198486328125,209.0,209.0
[Br-].CC(C[N+](C)(C)CC=CC1=CC=CC=C1)=CC=C,153.3581085205078,159.0,159.0
[Br-].C[N+](C)(CC=CC1=CC=CC=C1)CC#CC1=CC=CC=C1,125.76286315917967,146.0,146.0
[Br-].C[C@@H](C1=CC=CC=C1)[N+](C)(C)CC(=O)C1=CC=CC=C1,143.3282012939453,127.0,127.0
[Br-].C[N+](C)(C)CCCCCCCCCCOC1=CC=C(C=O)C=C1,103.94950103759766,118.0,118.0
[Br-].C[N+](C)(CC#C)CC#CC1=C2C=CC=CC2=CC=C1,145.74365234375,142.0,142.0
[Br-].CC[N+](CC)(CC#C)CC#CC1=C2C=CC=CC2=CC=C1,145.52456665039062,126.0,126.0
[Br-].CC[N+](CC)(CC)CCCO,144.1188507080078,166.0,166.0
[Br-].CCCCCCCCCC[N+](CC)(CC)CC,103.78927612304688,107.0,107.0
[Br-].C[N+](C)(C)C1=CC(O)=CC=C1,172.5857391357422,207.0,207.0
[Br-].CC(C[N+](C)(C)C)C1=CC=CC=C1,173.968994140625,179.0,179.0
[Br-].CCCCCCCCCCCCCCCC[N+](C)(C)C(C)O,110.79755401611328,117.0,117.0
[Br-].CC(C)C(C[N+](C)(C)C)C1=CC=CC=C1,181.1301727294922,171.0,171.0
[Br-].CC(=C)C[N+](C)(C)C1=CC=CC(O)=C1,112.3171844482422,114.0,114.0
[Br-].C[N+](C)(C)CCC(=O)C1=CC=C(O)C=C1,175.11070251464844,207.0,207.0
[Br-].COC1=CC=CC(=C1)C(=O)CC[N+](C)(C)C,129.40225219726562,144.0,144.0
[Br-].CC1=CC=C(C=C1)C(C[N+](C)(C)C)C1=CC=C(C)C=C1,230.0364990234375,246.0,246.0
[Br-].CC(C1=CC=CC=C1)[N+](C)(C)C1=CC=C(C)C=C1,180.80751037597656,102.0,102.0
[Br-].COC1=CC=C(C=C1)[N+](C)(C)C(C)C1=CC=CC=C1,113.6783218383789,108.0,108.0
[Br-].CC(=C)C[N+](C)(C)C1=CC(=C(O)C(=C1)C(C)(C)C)C(C)(C)C,132.73406982421875,142.0,142.0
[Br-].CC(C)=CC[N+](C)(C)C1=CC(=C(O)C(=C1)C(C)(C)C)C(C)(C)C,142.2674102783203,136.0,136.0
[Br-].COC1=CC=C(C=C1)C(C[N+](C)(C)C)C1=CC=C(OC)C=C1,204.6720428466797,229.0,229.0
[Br-].CC(=C)C#CC[N+](C)(C)C1=CC(=C(O)C(=C1)C(C)(C)C)C(C)(C)C,133.19017028808594,150.0,150.0
[Br-].CC(C)(C)C1=CC(=CC(=C1O)C(C)(C)C)[N+](C)(C)CC1=CC=CC=C1,156.61856079101562,173.0,173.0
[Br-].CCCCCCCCCCCCCCCC[N+](C)(C)CC1=CC=CC=C1O,89.40621948242188,51.0,51.0
[Br-].CC(C)(C)C1=CC(=CC(=C1O)C(C)(C)C)[N+](C)(C)CC=CC1=CC=CC=C1,134.03009033203125,160.0,160.0
[Br-].CCCCCCCCCCCC(=O)OCC[N+](C)(CCOC(=O)CCCCCCCCCCC)CC=C,73.84941101074219,78.0,78.0
[Br-].CCCCCCCCCCCCCCCC(=O)OCC[N+](C)(CCOC(=O)CCCCCCCCCCCCCCC)CC=C,77.28063201904297,89.0,89.0
[Br-].CC[N+](C)(CC)C(C)C1=CC=CC=C1,168.15126037597656,153.0,153.0
[Br-].CC[N+](CC)(CC)C(C)C1=CC=CC=C1,178.99005126953125,149.0,149.0
[Br-].CCC[N+](CCC)(CCC)C(C)C1=CC=CC=C1,167.77560424804688,162.0,162.0
[Br-].CC(C1=CC=CC=C1)[N+](C)(C)CC1=CC=CC=C1,173.2982635498047,155.0,155.0
[Br-].CC[N+](CC)(CC1=CC=CC=C1)C(C)C1=CC=CC=C1,173.31993103027344,142.0,142.0
[Br-].C[N+](C)(CC=CCC=C)CC1=CC=CC=C1,133.04217529296875,125.0,125.0
[Br-].CC(CC=C)(C=C)[N+](C)(C)CC1=CC=CC=C1,161.8163299560547,136.0,136.0
[Br-].COCC[N+](C)(C)CC1=CC=CC=C1,141.6122283935547,125.0,125.0
[Br-].C[N+](C)(CCCO)CC1=CC=CC=C1,111.35426330566406,101.0,101.0
[Br-].CC=CC(C)[N+](C)(C)C,163.45811462402344,171.0,171.0
[Br-].CC(C[N+](C)(C)C)OC(C)=O,144.89552307128906,148.0,148.0
[Br-].CC[N+](C)(CC1=CC=CC=C1)C1=CC=CC=C1,170.51528930664062,156.0,156.0
[Br-].C[N+](C)(C)CC(O)C1=CC=C(O)C(O)=C1,173.1921844482422,196.0,196.0
[Br-].C[N+](C)(C)CCCCCC(O)=O,165.1479034423828,183.0,183.0
[Br-].CCC[N+](C)(CC)CC1=CC=CC=C1,185.7148895263672,123.0,123.0
[Br-].CC(=O)C[N+](C)(C)CC(=O)C1=CC=CC=C1,140.2498016357422,149.0,149.0
[Br-].COC1=CC=C(C=C1)C(=O)C[N+](C)(C)CC(C)=O,129.5961151123047,146.0,146.0
[Br-].CC1=CC(C[N+](C)(C)C2=CC=CC=C2)=CC(C)=C1O,132.79100036621094,132.0,132.0
[Br-].CCCCOC[N+](C)(C)C,76.02406311035156,74.0,74.0
[Br-].CCCCCCCCCC[N+]1=CC=CC(CCCCC)=C1,66.64584350585938,30.0,30.0
[Br-].CCC(=O)OCCCCCCCCCCC[N+]1=CC=CC=C1,65.9285888671875,35.0,35.0
[Br-].CCOC(=O)C1=C[N+](CC2=CC=CC=C2)=CC=C1C(C1=CC=CC=C1)C1=CC=CC=C1,50.89044952392578,35.0,35.0
[Br-].CCCCCCCC[N+]1=CC=C(CCC)C=C1,55.85251998901367,37.0,37.0
[Br-].CCCCCCCCCCCCCC[N+]1=CC=C(CCCCCC)C=C1,50.72980880737305,37.0,37.0
[Br-].CCCCCCCCCCCCCC[N+]1=CC=CC(CCCCC)=C1,71.18998718261719,39.0,39.0
[Br-].CCCCCCCCCC[N+]1=CC=C(C=C1)C(=O)OCC,66.35633850097656,41.0,41.0
[Br-].CCCCCCCCCCCC[N+]1=CC=C(CCC)C=C1,51.06597900390625,41.0,41.0
[Br-].CCCCCCCCCCC[N+]1=CC=CC=C1,63.43785095214844,42.0,42.0
[Br-].CCCCCCCC[N+]1=CC=C(CC)C=C1,56.968482971191406,43.0,43.0
[Br-].CCCCCCCCCCCC[N+]1=CC=C(CC)C=C1,50.42141342163086,44.0,44.0
[Br-].CCCCCCCCCC[N+]1=CC=CC=C1,60.8633918762207,45.0,45.0
[Br-].CCCCCCCCCCCC[N+]1=CC=CC=C1,65.69319915771484,45.0,45.0
[Br-].CCCCCC[C@@H](C)CC1=CC=CC=[N+]1CCCCCC,46.94270324707031,47.0,47.0
[Br-].CCCCC1=CC=C(C)[N+](CC(=O)OCC)=C1,85.3504409790039,51.0,51.0
[Br-].COC1=CC=C(OC)C(CC[N+]2=CC=CC=C2)=C1,89.34102630615234,54.0,54.0
[Br-].CCCCCCCCCCCCC[N+]1=CC=CC=C1,67.3303451538086,55.0,55.0
[Br-].FC1=CC=C(C[N+]2=CC=CC=C2)C=C1,115.10477447509766,58.0,58.0
[Br-].CCCCCCCCCCCCCC[N+]1=CC=CC=C1,68.59166717529297,59.0,59.0
[Br-].CCCC[N+]1=CC=C(C=C1)C(=O)OCC,65.18745422363281,60.0,60.0
[Br-].CC(C)C[N+]1=CC=CC=C1,97.8044204711914,64.0,64.0
[Br-].C[N+]1=CC(CCCO)=CC=C1,72.98844909667969,64.0,64.0
[Br-].CC1=CC=C[N+](CC2=CC=CC=C2)=C1,88.48961639404297,65.0,65.0
[Br-].CCCC[N+]1=CC=CC=C1SCC1=CC=CC=C1,73.12891387939453,65.0,65.0
[Br-].O=C(C[N+]1=CC=CC=C1)C1CCCCC1,82.30479431152344,69.0,69.0
[Br-].CCCC1=CC=CC=[N+]1C,129.2685089111328,70.0,70.0
[Br-].CCOC(=O)CC[N+]1=CC=CC=C1,96.47885131835938,71.0,71.0
[Br-].CCOC(=O)[C@H](CC)[N+]1=CC=CC=C1,88.84873962402344,73.0,73.0
[Br-].CCC[N+]1=CC=CC=C1,88.23797607421875,76.0,76.0
[Br-].CCN(CC)C(=O)C1=C[N+](CC)=CC=C1,94.33992004394533,77.0,77.0
[Br-].C(C[N+]1=CC=CC=C1)OC1=CC=CC=C1,88.08977508544922,78.0,78.0
[Br-].CC1=CC(C)=[N+](C)C(C)=C1C,119.36056518554688,79.0,79.0
[Br-].C[N+]1=CC=C(CCCO)C=C1,85.21063232421875,79.0,79.0
[Br-].CC[N+]1=C(C)C=CC=C1C,116.63825225830078,80.0,80.0
[Br-].C[N+]1=CC=CC(=C1)C1=CC=CC=N1,107.8989486694336,80.0,80.0
[Br-].CC(C)OC(=O)C[N+]1=CC=CC=C1,99.72663879394533,80.0,80.0
[Br-].CC1=CC=[N+](CN2CCOCC2)C=C1,99.02034759521484,83.0,83.0
[Br-].C[N+]1=CC=C(CC2=CC=CC=C2)C=C1,113.55255889892578,86.0,86.0
[Br-].CCOC(=O)C1=C[N+](CCF)=CC=C1,91.09941864013672,87.0,87.0
[Br-].CC1=CC=[N+](CCC2=CC=CC=C2)C=C1,94.78507995605467,90.0,90.0
[Br-].CCCC[N+]1=CC=CC(=C1)C(O)=O,100.55277252197266,91.0,91.0
[Br-].CCN(CC)C(=O)C1=C[N+](CC=C)=CC=C1,104.51458740234376,92.0,92.0
[Br-].CCOC(=O)C(C(=O)OCC)[N+]1=CC=CC=C1,107.8232650756836,94.0,94.0
[Br-].CC(=O)OCCCC[N+]1=CC=CC(O)=C1,100.73738861083984,95.0,95.0
[Br-].C(O[N+]1=CC=CC=C1)C1=CC=CC=C1,100.41114044189452,95.0,95.0
[Br-].C=CC[N+]1=CC=CC=C1,81.44747161865234,96.0,96.0
[Br-].CCOC(=O)C1=CC=C[N+](C)=C1,84.85319519042969,96.0,96.0
[Br-].CC1=C[N+](CCO)=CC=C1,87.33750915527344,97.0,97.0
[Br-].CC[N+]1=CC=CC=C1C,109.80081939697266,97.0,97.0
[Br-].CC(C)[N+]1=CC=CC=C1,114.69554901123048,97.0,97.0
[Br-].CCCC[N+]1=CC=CC=C1,113.91250610351562,98.0,98.0
[Br-].CC[N+]1=CC=C(C=C1)C1=CC=NC=C1,142.4164276123047,98.0,98.0
[Br-].OC1=C[N+](CC=C)=CC=C1,93.8557586669922,98.0,98.0
[Br-].C(C1=CC=CC=C1)[N+]1=CC=CC=C1,97.09783935546876,99.0,99.0
[Br-].CCOC(=O)CCC1=CC=[N+](C)C=C1,100.8759994506836,100.0,100.0
[Br-].CC[N+]1=CC=CC(=C1)C(C)=O,105.20883178710938,100.0,100.0
[Br-].C=CC[N+]1=CC=CC(C=O)=C1,124.8465347290039,100.0,100.0
[Br-].CC(=O)C[N+]1=C(C)C=CC=C1C,115.1248016357422,104.0,104.0
[Br-].CC[N+]1=CC=CC(O)=C1,95.35193634033205,106.0,106.0
[Br-].CCO[N+]1=CC=C(OC)C=C1,103.88995361328124,109.0,109.0
[Br-].CCCOC(=O)C[N+]1=CC=CC=C1,95.65799713134766,110.0,110.0
[Br-].OCC1=CC=CC=[N+]1CC=C,117.7673110961914,110.0,110.0
[Br-].OCC[N+]1=CC=CC=C1,105.8033218383789,110.0,110.0
[Br-].OCC1=CC=[N+](CC=C)C=C1,91.9826202392578,111.0,111.0
[Br-].C#CCCCC[N+]1=CC=CC=C1,92.9648895263672,114.0,114.0
[Br-].CC1=C[N+](CCC#N)=CC=C1,116.99635314941406,116.0,116.0
[Br-].C1=CC=[N+](C=C1)C1=CC=CC=N1,151.0551300048828,118.0,118.0
[Br-].CC(C)[N+]1=CC=C(CO)C=C1,91.21379852294922,119.0,119.0
[Br-].ClCCC[N+]1=CC=CC=C1,129.63978576660156,120.0,120.0
[Br-].CC[N+]1=CC=CC=C1,94.30139923095705,121.0,121.0
[Br-].C=CC[N+]1=CC=C(C=C1)C#N,124.33317565917967,121.0,121.0
[Br-].CC[N+]1=CC=C(C)C=C1,95.21429443359376,121.0,121.0
[Br-].CC(C)[N+]1=CC=CC=C1CO,98.1660385131836,122.0,122.0
[Br-].OCC[N+]1=CC=CC(O)=C1,107.24962615966795,123.0,123.0
[Br-].CC1=CC=[N+](CCO)C=C1C,114.31118774414062,127.0,127.0
[Br-].CC(C)=CC[N+]1=CC=C(C)C=C1,123.59661102294922,128.0,128.0
[Br-].C[C@H](C(C)=O)[N+]1=CC=CC=C1C,114.44548034667967,133.0,133.0
[Br-].CC1=CC=[N+](CCC#N)C=C1C,143.0069122314453,133.0,133.0
[Br-].CCOC(=O)C[N+]1=CC=CC=C1,124.02301788330078,137.0,137.0
[Br-].CC1=CC=[N+](CCCBr)C=C1,145.5320587158203,140.0,140.0
[Br-].CC=C(C)[C@@H](C)[N+]1=CC=CC=C1,127.48836517333984,140.0,140.0
[Br-].COC(=O)C1=CC=C[N+](C)=C1,141.1368408203125,141.0,141.0
[Br-].NC1=C[N+](CCC#N)=CC=C1,132.58322143554688,142.0,142.0
[Br-].C[C@H](C(C)=O)[N+]1=CC=CC=C1,128.47991943359375,144.0,144.0
[Br-].CC1=C[N+](CC#N)=CC(C)=C1,180.86180114746097,144.0,144.0
[Br-].CC1=CC=[N+](C)C=C1O,140.8212127685547,146.0,146.0
[Br-].CC1=CC=[N+](CCC#N)C=C1,136.49305725097656,147.0,147.0
[Br-].N#CCC[N+]1=CC=CC=C1,121.37206268310548,149.0,149.0
[Br-].C[N+]1=CC=CC=C1,140.5576629638672,150.0,150.0
[Br-].C[N+]1=CC=CC(O)=C1,139.94020080566406,154.0,154.0
[Br-].C=C[N+]1=CC=CC=C1,140.872802734375,155.0,155.0
[Br-].C1=CC=C(C=C1)[N+]1=CC=CC=C1,152.3616485595703,155.0,155.0
[Br-].OCC=C[N+]1=CC=CC=C1,144.14007568359375,157.0,157.0
[Br-].OC(=O)C(=C)C[N+]1=CC=CC=C1,147.31814575195312,157.0,157.0
[Br-].C1CC=C[C@@H](C1)[N+]1=CC=CC=C1,142.1852264404297,160.0,160.0
[Br-].CC1=C[N+](CCC#N)=CC(C)=C1,141.6614227294922,161.0,161.0
[Br-].OC(=O)CCC[N+]1=CC=CC=C1,145.96063232421875,163.0,163.0
[Br-].COC(=O)C1=CC=[N+](C)C=C1,146.95166015625,164.0,164.0
[Br-].CC[N+]1=CC=C(C=C1)C#N,161.7563934326172,166.0,166.0
[Br-].N#CC[N+]1=CC=CC=C1,167.69972229003906,167.0,167.0
[Br-].C[N+]1=CC=CC=C1CO,175.7600555419922,168.0,168.0
[Br-].CC1=CC=[N+](C=C)C=C1,145.1597442626953,169.0,169.0
[Br-].COC1=CC=[N+](C=C1)C(C)C,152.19467163085938,170.0,170.0
[Br-].CC1=CC=[N+](C)C=C1,160.50071716308594,173.0,173.0
[Br-].COC(=O)C[N+]1=CC=CC=C1,165.19784545898438,175.0,175.0
[Br-].CCC[N+]1=CC=CC(=C1)C(N)=O,145.35511779785156,175.0,175.0
[Br-].CC[N+]1=CC=C(C=C1)N(C)C,186.62820434570312,176.0,176.0
[Br-].CC1=CC=[N+](CC#C)C=C1,174.23263549804688,178.0,178.0
[Br-].CC1=CC=[N+](CC#N)C=C1,161.20774841308594,179.0,179.0
[Br-].FCC[N+]1=CC=CC=C1,141.8997802734375,180.0,180.0
[Br-].CC(=O)C1=CC=[N+](C)C=C1,192.33883666992188,184.0,184.0
[Br-].ON=CC1=CC=[N+](CC=C)C=C1,160.92630004882812,185.0,185.0
[Br-].NNC(=O)C[N+]1=CC=CC=C1,188.43638610839844,186.0,186.0
[Br-].CC(=O)C[N+]1=CC=CC=C1,159.81573486328125,187.0,187.0
[Br-].CC[N+]1=CC=C(C=C1)C(N)=O,168.02626037597656,188.0,188.0
[Br-].OC(=O)C=C[N+]1=CC=CC=C1,202.51890563964844,189.0,189.0
[Br-].C[C@H](C(N)=O)[N+]1=CC=CC=C1,182.0311584472656,190.0,190.0
[Br-].CC1=C[N+](C=CC(O)=O)=CC=C1,190.86355590820312,191.0,191.0
[Br-].ON=CC1=CC=CC=[N+]1CC=C,195.35189819335935,193.0,193.0
[Br-].CC(=O)C[N+]1=CC=CC=C1C,173.06492614746094,196.0,196.0
[Br-].OCC[N+]1=CC=CC=C1C=NO,219.1659240722656,199.0,199.0
[Br-].CC1=CC=[N+](CC#N)C(C)=C1,186.2984313964844,199.0,199.0
[Br-].OC(=O)C[N+]1=CC=CC=C1,204.035888671875,199.0,199.0
[Br-].NC(=O)CC[N+]1=CC=CC=C1,186.27549743652344,199.0,199.0
[Br-].NC(=O)C[N+]1=CC=CC=C1,204.6029815673828,200.0,200.0
CCCC[N+]1(C)CCCC1.FC(F)(F)S(=O)(=O)[N-]S(=O)(=O)C(F)(F)F,8.974713325500488,-5.0,-5.0
C[N+]1(CCCC(F)(F)F)CCCC1.FC(F)(F)S(=O)(=O)[N-]S(=O)(=O)C(F)(F)F,31.66931915283203,27.0,27.0
C[N+]1(CCCC(F)(F)F)CCCCC1.FC(F)(F)S(=O)(=O)[N-]S(=O)(=O)C(F)(F)F,41.626808166503906,26.0,26.0
CC[N+]1=CN(C)C=C1.CCOP([O-])(=O)OCC,35.60856628417969,20.0,20.0
OCC[NH2+]CCO.CCCCOP([O-])(=O)OCCCC,35.64842987060547,29.0,29.0
CS([O-])(=O)=O.OCC[NH2+]CCO,37.382041931152344,29.0,29.0
OCC[NH+](CCO)CCO.CCCCOP([O-])(=O)OCCCC,31.883922576904297,43.0,43.0
CC([O-])=O.OCC[NH+](CCO)CCO,45.16203308105469,48.0,48.0
[O-]C=O.OCC[NH+](CCO)CCO,31.82769012451172,63.0,63.0
CS([O-])(=O)=O.OCC[NH+](CCO)CCO,32.57393264770508,70.0,70.0
CCCC[NH2+]CCCC.CCCCOP([O-])(=O)OCCCC,33.292354583740234,63.0,63.0
CC([O-])=O.CCCC[NH2+]CCCC,28.489919662475582,45.0,45.0
[O-]C=O.CCCC[NH2+]CCCC,63.172607421875,28.0,28.0
CS([O-])(=O)=O.CCCC[NH2+]CCCC,115.37403869628906,72.0,72.0
NS([O-])(=O)=O.CCCC[NH2+]CCCC,110.01287078857422,87.0,87.0
CCCC[NH2+]CCCC.O=C1[N-]S(=O)(=O)C2=CC=CC=C12,100.77021026611328,88.0,88.0
CS([O-])(=O)=O.CCCC[NH+](CCCC)CCCC,83.76656341552734,71.0,71.0
NCC[NH3+].CCCCOP([O-])(=O)OCCCC,16.54944610595703,-18.0,-18.0
NCC[NH3+].CS([O-])(=O)=O,70.56585693359375,55.0,55.0
CS([O-])(=O)=O.CC[NH+](CC)CC,48.638694763183594,24.0,24.0
CC[NH+](CC)CC.O=C1[N-]S(=O)(=O)C2=CC=CC=C12,66.51457977294922,72.0,72.0
CC[NH2+]CC.CCCCOP([O-])(=O)OCCCC,3.3925135135650635,-7.0,-7.0
CC([O-])=O.CC[NH2+]CC,36.68568420410156,48.0,48.0
[O-]C=O.CC[NH2+]CC,43.032684326171875,36.0,36.0
CC[NH2+]CC.CS([O-])(=O)=O,57.90121841430664,45.0,45.0
CC[NH2+]CC.O=C1[N-]S(=O)(=O)C2=CC=CC=C12,81.883056640625,78.0,78.0
C1CC[NH2+]C1.CCCCOP([O-])(=O)OCCCC,19.78291130065918,-4.0,-4.0
CC([O-])=O.C1CC[NH2+]C1,44.23658752441406,31.0,31.0
[O-]C=O.C1CC[NH2+]C1,8.304707527160645,11.0,11.0
CS([O-])(=O)=O.C1CC[NH2+]C1,111.56040954589844,122.0,122.0
C1CC[NH2+]C1.O=C1[N-]S(=O)(=O)C2=CC=CC=C12,47.297237396240234,33.0,33.0
CSC(N)=[NH2+].COS([O-])(=O)=O,47.143856048583984,36.0,36.0
[Br-].CCSC(N)=[NH2+],90.05402374267578,87.0,87.0
CCSC(N)=[NH2+].FC(F)(F)S(=O)(=O)[N-]S(=O)(=O)C(F)(F)F,33.58951187133789,27.0,27.0
[Br-].CCSC(NC)=[NH+]C,63.94586944580078,62.0,62.0
CCOS([O-])(=O)=O.CCSC(NC)=[NH+]C,37.24401092529297,32.0,32.0
CCSC(NC)=[NH+]C.FC(F)(F)S(=O)(=O)[N-]S(=O)(=O)C(F)(F)F,23.071964263916016,19.0,19.0
[Br-].CCSC(N(C)C)=[N+](C)C,73.72482299804688,92.0,92.0
[Br-].CCNC(SCC)=[NH+]CC,38.08113098144531,40.0,40.0
[Br-].CCCCSC(N)=[NH2+],99.1555404663086,83.0,83.0
CCCCSC(N)=[NH2+].FC(F)(F)S(=O)(=O)[N-]S(=O)(=O)C(F)(F)F,44.396942138671875,49.0,49.0
[Br-].CCCCSC(NC)=[NH+]C,56.35940933227539,60.0,60.0
[Br-].CCCCSC(N(C)C)=[N+](C)C,68.33040618896484,82.0,82.0
[Br-].CCCCCCSC(N)=[NH2+],109.4770736694336,86.0,86.0
[Br-].CCCCCCSC(NC)=[NH+]C,62.51459503173828,95.0,95.0
[Br-].CCCCCCSC(N(C)C)=[N+](C)C,63.44974136352539,73.0,73.0
[Br-].CCCCCCSC(NCC)=[NH+]CC,44.28277587890625,49.0,49.0
[Br-].CCCCCCCCSC(N)=[NH2+],91.32295989990234,96.0,96.0
[Br-].CCCCCCCCSC(NC)=[NH+]C,64.1886978149414,54.0,54.0
[Cl-].CCCCCCCC[P+](C)(CCCCCCCC)CCCCCCCC,43.108123779296875,89.0,89.0
[Cl-].CCCCCCCC[P+](CC)(CCCCCCCC)CCCCCCCC,46.89049530029297,66.0,66.0
[Cl-].CCCCCCCC[P+](CCC)(CCCCCCCC)CCCCCCCC,32.42633819580078,29.0,29.0
[Cl-].CCCCCCCCCCCC[P+](CCCCCCCC)(CCCCCCCC)CCCCCCCC,8.35236644744873,-30.0,-30.0
[Cl-].CCCCCCCCCCCCCC[P+](CCCCCCCC)(CCCCCCCC)CCCCCCCC,6.7340497970581055,-20.0,-20.0
CC1=[N+](C)C=CN1CC[Si](C)(C)C.FC(F)(F)S(=O)(=O)[N-]S(=O)(=O)C(F)(F)F,45.15599060058594,42.0,42.0
[Cl-].CCCC[P+](C)(CCCC)CCCC,46.695430755615234,20.0,20.0
[Cl-].CCCC[P+](CC)(CCCC)CCCC,68.67401123046875,70.0,70.0
[Cl-].CCCC[P+](CCC)(CCCC)CCCC,69.11136627197266,78.0,78.0
[Cl-].CCCC[P+](CCCC)(CCCC)CCCC,59.16194152832031,71.0,71.0
[Cl-].CCCCC[P+](CCCC)(CCCC)CCCC,52.7607421875,48.0,48.0
[Cl-].CCCCCC[P+](CCCC)(CCCC)CCCC,35.53023910522461,24.0,24.0
[Cl-].CCCCCCC[P+](CCCC)(CCCC)CCCC,37.438255310058594,53.0,53.0
[Cl-].CCCCCCCC[P+](CCCC)(CCCC)CCCC,34.40131378173828,19.0,19.0
[Cl-].CCCCCCCCCCCC[P+](CCCC)(CCCC)CCCC,30.170093536376953,23.0,23.0
[Cl-].CCCCCCCCCCCCCC[P+](CCCC)(CCCC)CCCC,26.08766746520996,39.0,39.0
F[B-](F)(F)F.CC[N+]1=CN(C)C=C1,25.218080520629883,15.0,15.0
[O-]P(F)(F)=O.CC[N+]1=CN(C)C=C1,31.947418212890625,7.0,7.0
CC[N+]1=CN(C)C=C1.[O-]S(=O)(=O)C(F)(F)F,27.2351016998291,-10.0,-10.0
[Br-].CC1=CC2=CC=CC=[N+]2C=C1C,219.7848968505859,237.0,237.0
CC1=CC2=CC=CC=[N+]2C=C1C.FC(F)(F)S(=O)(=O)[N-]S(=O)(=O)C(F)(F)F,72.9896011352539,61.0,61.0
F[B-](F)(F)F.CC1=CC2=CC=CC=[N+]2C=C1C,161.02932739257812,186.0,186.0
N#C[N-]C#N.CC1=CC2=CC=CC=[N+]2C=C1C,141.46957397460938,138.0,138.0
[Br-].CCC1=CC2=CC=CC=[N+]2C=C1CC,193.2381134033203,222.0,222.0
CCC1=CC2=CC=CC=[N+]2C=C1CC.FC(F)(F)S(=O)(=O)[N-]S(=O)(=O)C(F)(F)F,45.37630844116211,50.0,50.0
F[B-](F)(F)F.CCC1=CC2=CC=CC=[N+]2C=C1CC,129.43763732910156,116.0,116.0
N#C[N-]C#N.CCC1=CC2=CC=CC=[N+]2C=C1CC,94.64173889160156,68.0,68.0
F[B-](F)(F)F.CC[N+](C)(CC)CCOC,11.072997093200684,8.0,8.0
F[B-](F)(F)F.COCC[N+](C)(C)CCOC,32.91872024536133,36.0,36.0
F[B-](F)(F)F.CCOCC[N+](C)(C)CCOC,17.116350173950195,6.0,6.0
CC([O-])=O.CC[N+](C)(CC)CCOC,16.34019660949707,36.0,36.0
CC([O-])=O.COCC[N+](C)(C)CCOC,30.98513984680176,40.0,40.0
CC([O-])=O.CCOCC[N+](C)(C)CCOC,19.598487854003903,31.0,31.0
CC([O-])=O.CCOCC[N+](C)(C)CCOCC,34.97861099243164,34.0,34.0
[Br-].CCCCCCCC[N+](C)(C)C1CCCCC1,183.7521820068359,181.0,181.0
[O-]C=O.C[NH+](C)CCCCCCC1CCCCC1,41.30736541748047,23.0,23.0
[O-]C=O.CCCCCCCC[N+](C)(C)C1CCCCC1,43.50372314453125,56.0,56.0
CC([O-])=O.CCCC[N+](C)(C)C1CCCCC1,52.019737243652344,50.0,50.0
[Cl-].CCCCC(CC)C[N+](C)(C)CC(CC)CCCC,76.58678436279297,84.0,84.0
[Br-].CCCCC(CC)C[N+](C)(C)CC(CC)CCCC,87.04780578613281,90.0,90.0
[I-].CCCCC(CC)C[N+](C)(C)CC(CC)CCCC,87.22196960449219,73.0,73.0
[O-][N+]([O-])=O.CCCCC(CC)C[N+](C)(C)CC(CC)CCCC,85.62508392333984,80.0,80.0
CC1=CC=C(C=C1)S([O-])(=O)=O.CCCCC(CC)C[N+](C)(C)CC(CC)CCCC,75.12345886230469,78.0,78.0
[O-]C(=O)C1=CC=NC=C1.CCCCC(CC)C[N+](C)(C)CC(CC)CCCC,161.43739318847656,266.0,266.0
[O-]C(=O)C1=CN=CC=C1.CCCCC(CC)C[N+](C)(C)CC(CC)CCCC,177.49229431152344,224.0,224.0
C[N+](C)(C)CC(O)=O.FC(F)(F)S(=O)(=O)[N-]S(=O)(=O)C(F)(F)F,27.267276763916016,54.0,54.0
F[P-](F)(F)(F)(F)F.C[N+]1=CN(CCC(F)(F)C(F)(F)C(F)(F)C(F)(F)C(F)(F)C(F)(F)F)C=C1,50.44139099121094,66.0,66.0
F[P-](F)(F)(F)(F)F.CCCC[N+]1=CN(CCC(F)(F)C(F)(F)C(F)(F)C(F)(F)C(F)(F)C(F)(F)F)C=C1,69.45525360107422,89.0,89.0
CCCC[N+](CCCC)(CCCC)CCCC.[O-]S(=O)(=O)C(F)(F)C(F)(F)C(F)(F)C(F)(F)C(F)(F)C(F)(F)C(F)(F)C(F)(F)F,16.756113052368164,-18.0,-18.0
CCCC[N+](CCCC)(CCCC)CCCC.[O-]S(=O)(=O)C(F)(F)C(F)(F)C(F)(F)C(F)(F)F,79.1319580078125,54.0,54.0
CC[N+]1=CC(C)=CC=C1.[O-]S(=O)(=O)C(F)(F)C(F)(F)C(F)(F)C(F)(F)C(F)(F)C(F)(F)C(F)(F)C(F)(F)F,29.04589080810547,5.0,5.0
CCCCCC[N+]1=CN(C)C=C1.[O-]S(=O)(=O)C(F)(F)C(F)(F)C(F)(F)C(F)(F)C(F)(F)C(F)(F)C(F)(F)C(F)(F)F,33.16223907470703,24.0,24.0
CCCCCCCC[N+]1=CN(C)C=C1.[O-]S(=O)(=O)C(F)(F)C(F)(F)C(F)(F)C(F)(F)C(F)(F)C(F)(F)C(F)(F)C(F)(F)F,42.46099853515625,35.0,35.0
[Cl-].C[N+]1(CCO)CCCC1,42.740875244140625,33.0,33.0
[Cl-].C[N+]1(CCCO)CCCC1,52.932167053222656,41.0,41.0
[Cl-].C[N+]1(CCO)CCCCC1,46.41693115234375,40.0,40.0
[Cl-].COCC[N+]1(C)CCCCC1,44.712459564208984,58.0,58.0
[Cl-].CC[N+]1(CCO)CCCCC1,63.814674377441406,88.0,88.0
C[N+]1(CCO)CCCC1.FC(F)(F)S(=O)(=O)[N-]S(=O)(=O)C(F)(F)F,-1.2189104557037354,-25.0,-25.0
C[N+]1(CCCO)CCCC1.FC(F)(F)S(=O)(=O)[N-]S(=O)(=O)C(F)(F)F,16.10894012451172,12.0,12.0
C[N+]1(CCO)CCCCC1.FC(F)(F)S(=O)(=O)[N-]S(=O)(=O)C(F)(F)F,-17.106548309326172,-23.0,-23.0
CC[N+]1(CCO)CCCCC1.FC(F)(F)S(=O)(=O)[N-]S(=O)(=O)C(F)(F)F,-6.904541969299316,-20.0,-20.0
N1C=[C-]N=N1.CCCCCCCCCCCCCCCCCC[P+](CCCC)(CCCC)CCCC,18.531591415405273,24.0,24.0
N1C=[C-]N=N1.CCCC[P+](CCCC)(CCCC)COC,29.282730102539062,7.0,7.0
CC1=NC=C([N-]1)[N+]([O-])=O.CCCC[P+](CC)(CC)CC,22.02838134765625,17.0,17.0
[O-][N+](=O)C1=C[N-]N=C1.CCCC[P+](CC)(CC)CC,51.318756103515625,44.0,44.0
[O-][N+](=O)C1=C[N-]N=C1.CCCCCCC[P+](CC)(CC)CC,9.205421447753906,16.0,16.0
[O-][N+](=O)C1=C[N-]N=C1.CCCCCCCC[P+](CC)(CC)CC,6.981826305389404,5.0,5.0
[O-][N+](=O)C1=C[N-]N=C1.CCCCCCCCC[P+](CC)(CC)CC,7.795378684997559,16.0,16.0
[O-][N+](=O)C1=C[N-]N=C1.CCCCCCCCCC[P+](CC)(CC)CC,7.658548355102539,11.0,11.0
[O-][N+](=O)C1=C[N-]C=N1.CCCCCCCC[P+](CC)(CC)CC,-16.509145736694336,-28.0,-28.0
N1C=[C-]N=N1.CCCCCC[N+](CC)(CC)CC,62.94743347167969,60.0,60.0
N1C=[C-]N=N1.CC[P+](CC)(CC)COCCOC,36.05995559692383,29.0,29.0
[O-][N+](=O)C1=C[N-]N=C1.CC[P+](CC)(CC)COCCOC,9.351064682006836,-15.0,-15.0
[O-][N+](=O)C1=C[N-]N=C1.CC[P+](CC)(CC)C1CCCC1,60.005950927734375,51.0,51.0
[O-][N+](=O)C1=C[N-]N=C1.CC[P+](CC)(CC)CCC=C,44.61854553222656,39.0,39.0
CC[P+](CC)(CC)CCC=C.FC(F)(F)S(=O)(=O)[N-]S(=O)(=O)C(F)(F)F,53.35761260986328,49.0,49.0
CCCC[S+]1CCCCC1.FC(F)(F)S(=O)(=O)[N-]S(=O)(=O)C(F)(F)F,16.26522445678711,-10.0,-10.0
[O-][N+](=O)C1=C[N-]N=C1.CCCCCC[N+]1=CN(C)C=C1,38.12446594238281,33.0,33.0
N1C=N[C-]=N1.CCCCCC[N+]1=CN(C)C=C1,28.34572982788086,34.0,34.0
[O-][N+](=O)C1=C[N-]N=C1.CN1C=C[N+](C2CCCC2)=C1C,84.2832260131836,92.0,92.0
N1C=[C-]N=N1.COCCOC[N+]1=C(C)N(C)C=C1,68.59892272949219,58.0,58.0
[Br-].CC[N+]1=C2CCCCCN2CCC1,93.06488800048828,105.0,105.0
[Br-].CCCC[N+]1=C2CCCCCN2CCC1,73.9657211303711,82.0,82.0
[Cl-].CCCCCC[N+]1=C2CCCCCN2CCC1,54.76644515991211,44.0,44.0
[Cl-].CCCCCCCC[N+]1=C2CCCCCN2CCC1,57.449485778808594,30.0,30.0
[S-]C#N.CC[N+]1=C2CCCCCN2CCC1,48.43714904785156,40.0,40.0
[S-]C#N.CCCC[N+]1=C2CCCCCN2CCC1,47.44024658203125,50.0,50.0
[S-]C#N.CCCCCCCCCCCCCC[N+]1=C2CCCCCN2CCC1,44.85587692260742,48.0,48.0
F[B-](F)(F)F.CC[N+](CC)(CC)CC,104.82528686523438,71.0,71.0
F[P-](F)(F)(F)(F)F.CC[N+](CC)(CC)CC,77.763427734375,77.0,77.0
F[B-](F)(F)F.CCCC[N+](CC)(CC)CC,118.2651824951172,162.0,162.0
F[P-](F)(F)(F)(F)F.CCCC[N+](CC)(CC)CC,121.08368682861328,179.0,179.0
F[B-](F)(F)F.CCCCCC[N+](CC)(CC)CC,96.83731079101562,88.0,88.0
F[P-](F)(F)(F)(F)F.CCCCCC[N+](CC)(CC)CC,117.10428619384766,162.0,162.0
F[B-](F)(F)F.CCCCCCCC[N+](CC)(CC)CC,89.9240493774414,101.0,101.0
F[P-](F)(F)(F)(F)F.CCCCCCCC[N+](CC)(CC)CC,104.8955535888672,88.0,88.0
[I-].C[N+]1=CC=C(C=C1)C1=CC=NC=C1,204.5113067626953,240.0,240.0
C[N+]1=CC=C(C=C1)C1=CC=NC=C1.FC(F)(F)S(=O)(=O)[N-]S(=O)(=O)C(F)(F)F,73.62100982666016,70.0,70.0
[I-].CCCCCC[N+]1=CC=C(C=C1)C1=CC=NC=C1,155.9163055419922,190.0,190.0
[I-].CCCCCCCCCC[N+]1=CC=C(C=C1)C1=CC=NC=C1,123.5456314086914,124.0,124.0
[Br-].CCC(=O)C[N+]1=CC=CC=C1,148.32557678222656,180.0,180.0
[Br-].CC(C)C(=O)C[N+]1=CC=CC=C1,128.2713165283203,149.0,149.0
[Br-].CC(C)COC(=O)C[N+]1=CC=CC=C1,97.341796875,87.0,87.0
[Br-].CCCCCCCCCCCC(=O)OCC[N+]1=CC=CC=C1,74.38678741455078,81.0,81.0
[Br-].CCCCCCCCCCCCCCCC(=O)OCC[N+]1=CC=CC=C1,79.54865264892578,80.0,80.0
[Br-].CCCCCCCCCCCCCCCCCCCC(=O)OCC[N+]1=CC=CC=C1,83.86243438720703,81.0,81.0
[Br-].CC(O)C1=[N+](C)C=CC(O)=C1O,124.5340576171875,142.0,142.0
[Br-].O=C(N1CCOC1=O)C1=CC=C[N+](CC2=CC=CC=C2)=C1,121.68669891357422,109.0,109.0
[Br-].CN(C)C(=O)C1=CC=C[N+](CC2=CC=CC=C2)=C1,133.84498596191406,159.0,159.0
[Br-].N#CCCC[N+]1=CC=CC=C1,103.68199920654295,83.0,83.0
[Br-].CC1=CC=C[N+](CC#N)=C1,186.9093475341797,183.0,183.0
[Br-].CC1=[N+](CC#N)C=CC=C1,188.2248382568359,194.0,194.0
[Br-].CC1=C[N+](CC#N)=C(C)C=C1,171.67372131347656,160.0,160.0
[Br-].CC1=CC=[N+](CCCC#N)C=C1,125.66202545166016,124.0,124.0
[Br-].CC1=[N+](CCCC#N)C=CC=C1,136.54812622070312,139.0,139.0
[Br-].CC1=C[N+](CCCC#N)=C(C)C=C1,115.55438995361328,142.0,142.0
[Br-].CCC1=CC=[N+](CC#N)C=C1,129.4181365966797,120.0,120.0
[Br-].CCC1=[N+](CC#N)C=CC=C1,186.5841522216797,173.0,173.0
[Br-].CCC1=CC=[N+](CCCC#N)C=C1,124.09307098388672,152.0,152.0
[Br-].COC(=O)C1=CC=C[N+](CCCC#N)=C1,126.47069549560548,182.0,182.0
[Br-].C[N+]1(CC#N)CCCCC1,150.19105529785156,192.0,192.0
[Br-].C[N+]1(CCCC#N)CCCCC1,157.27989196777344,137.0,137.0
[Br-].N#CC[N+]1(CC#N)CCCC1,153.462158203125,142.0,142.0
[Br-].N#CC[N+]1(CC#N)CCCCC1,184.64878845214844,199.0,199.0
N#CC[N+]1=CC=CC=C1.FC(F)(F)S(=O)(=O)[N-]S(=O)(=O)C(F)(F)F,39.547664642333984,44.0,44.0
CC1=[N+](CC#N)C=CC=C1.FC(F)(F)S(=O)(=O)[N-]S(=O)(=O)C(F)(F)F,30.64665412902832,51.0,51.0
CCC1=CC=[N+](CC#N)C=C1.FC(F)(F)S(=O)(=O)[N-]S(=O)(=O)C(F)(F)F,19.9764461517334,48.0,48.0
N#CC[N+]1(CC#N)CCCC1.FC(F)(F)S(=O)(=O)[N-]S(=O)(=O)C(F)(F)F,62.16841125488281,58.0,58.0
N#CC[N+]1(CC#N)CCCCC1.FC(F)(F)S(=O)(=O)[N-]S(=O)(=O)C(F)(F)F,32.35858154296875,62.0,62.0
CS([O-])(=O)=O.CN1C=C[N+](C)=C1,82.7059326171875,91.0,91.0
CS([O-])(=O)=O.CC[N+]1=CN(C)C=C1,49.830909729003906,31.0,31.0
CS([O-])(=O)=O.CCC[N+]1=CN(C)C=C1,58.420196533203125,40.0,40.0
CS([O-])(=O)=O.CCCC[N+]1=CN(C)C=C1,59.015499114990234,74.0,74.0
CS([O-])(=O)=O.CCCCC[N+]1=CN(C)C=C1,63.74104309082031,77.0,77.0
CS([O-])(=O)=O.CCCCCCCC[N+]1=CN(C)C=C1,54.76618957519531,38.0,38.0
CS([O-])(=O)=O.CCCCCCCCCC[N+]1=CN(C)C=C1,63.65571212768555,57.0,57.0
CCS([O-])(=O)=O.CCC[N+]1=CN(C)C=C1,42.98827362060547,19.0,19.0
CCS([O-])(=O)=O.CCCC[N+]1=CN(C)C=C1,51.61152267456055,57.0,57.0
CCS([O-])(=O)=O.CCCCC[N+]1=CN(C)C=C1,59.54567337036133,54.0,54.0
CCS([O-])(=O)=O.CCCCCC[N+]1=CN(C)C=C1,56.644309997558594,66.0,66.0
CCCS([O-])(=O)=O.CCC[N+]1=CN(C)C=C1,39.93470001220703,32.0,32.0
CCCS([O-])(=O)=O.CCCC[N+]1=CN(C)C=C1,53.04199981689453,53.0,53.0
CCCCS([O-])(=O)=O.CCC[N+]1=CN(C)C=C1,60.200469970703125,47.0,47.0
CC[N+]1=CN(C)C=C1.CCCCCCS([O-])(=O)=O,49.06343078613281,19.0,19.0
OC(=O)C([O-])=O.C1=CN2C=CC=CC2=[NH+]1,86.92064666748047,130.0,130.0
C1=CN2C=CC=CC2=[NH+]1.OC(=O)C1=CC=CC=C1C([O-])=O,99.58946990966795,88.0,88.0
OS([O-])(=O)=O.C1=CN2C=CC=CC2=[NH+]1,86.16767883300781,62.0,62.0
ClCC[NH+]1CCOCC1.FC(F)(F)S(=O)(=O)[N-]S(=O)(=O)C(F)(F)F,37.14595413208008,23.0,23.0
ClCC[NH+]1CCCCC1.FC(F)(F)S(=O)(=O)[N-]S(=O)(=O)C(F)(F)F,31.608444213867188,34.0,34.0
ClCC[NH+]1CCCC1.FC(F)(F)S(=O)(=O)[N-]S(=O)(=O)C(F)(F)F,38.59962463378906,29.0,29.0
CC[NH+](CC)CCCl.FC(F)(F)S(=O)(=O)[N-]S(=O)(=O)C(F)(F)F,22.18983268737793,-8.5,-8.5
C[NH+](C)CCCl.FC(F)(F)S(=O)(=O)[N-]S(=O)(=O)C(F)(F)F,35.63634490966797,24.0,24.0
C[NH+](C)CCCCl.FC(F)(F)S(=O)(=O)[N-]S(=O)(=O)C(F)(F)F,30.675640106201172,32.0,32.0
[O-]S(=O)(=O)C(F)(F)F.CCC[N+]1(C)CCCC1,63.22315216064453,77.0,77.0
N#C[C-](C#N)C#N.CCCC[N+]1=CC=C(C=C1)C#N,78.41779327392578,89.0,89.0
[Br-].CN1C=C[N+](CC(CBr)N=[N+]=[N-])=C1,21.365955352783203,10.0,10.0
[Br-].CN1C=C[N+](CC(Br)CN=[N+]=[N-])=C1,23.25023651123047,17.0,17.0
N#C[N-]C#N.CN1C=C[N+](CC(CBr)N=[N+]=[N-])=C1,15.670510292053224,-2.0,-2.0
N#C[N-]C#N.CN1C=C[N+](CC(Br)CN=[N+]=[N-])=C1,18.349790573120117,6.0,6.0
F[P-](F)(F)(F)(F)F.CCCC[N+]1=CSC2=C1C=CC=C2,116.26155853271484,122.0,122.0
F[P-](F)(F)(F)(F)F.CCCCC[N+]1=CSC2=C1C=CC=C2,100.98942565917967,139.0,139.0
F[P-](F)(F)(F)(F)F.CCCCCC[N+]1=CSC2=C1C=CC=C2,86.2811508178711,86.0,86.0
F[P-](F)(F)(F)(F)F.CCCCCCC[N+]1=CSC2=C1C=CC=C2,82.14366149902344,86.0,86.0
F[P-](F)(F)(F)(F)F.CCCCCCCC[N+]1=CSC2=C1C=CC=C2,75.44652557373047,61.0,61.0
C[N+]1(CCCO)CCOCC1.FC(F)(F)S(=O)(=O)[N-]S(=O)(=O)C(F)(F)F,19.972637176513672,14.0,14.0
[Cl-].C1=CC=C(C=C1)[P+](C1=CC=CC=C1)(C1=CC=CC=C1)C1=CC=CC=C1,271.4278564453125,277.0,277.0
[NH4+].O=N(=O)[N-]N(=O)=O,87.96846771240234,93.0,93.0
CC(C)CCC[N+]1=CN(C)C=C1.FC(F)(F)S(=O)(=O)[N-]S(=O)(=O)C(F)(F)F,10.642637252807615,3.0,3.0
CC(C)CC[N+]1=CN(C)C=C1.FC(F)(F)S(=O)(=O)[N-]S(=O)(=O)C(F)(F)F,8.655275344848633,0.0,0.0
CC(C)CCCC[N+]1=CN(C)C=C1.FC(F)(F)S(=O)(=O)[N-]S(=O)(=O)C(F)(F)F,23.510547637939453,11.0,11.0
CC[N+]1=CN(C)N=C1.FC(F)(F)S(=O)(=O)[N-]S(=O)(=O)C(F)(F)F,38.93364715576172,50.0,50.0
CCC[N+]1=CN(C)N=C1.FC(F)(F)S(=O)(=O)[N-]S(=O)(=O)C(F)(F)F,23.86637306213379,32.0,32.0
CCCCCCCC[N+]1=CN(C)N=C1.FC(F)(F)S(=O)(=O)[N-]S(=O)(=O)C(F)(F)F,12.912753105163574,17.0,17.0
F[P-](F)(F)(F)(F)F.CCCC[N+]1=CN(C)N=C1,57.28955841064453,55.0,55.0
CC[S+](C)CC.FC(F)(F)S(=O)(=O)[N-]S(=O)(=O)C(F)(F)F,2.8673620223999023,-12.0,-12.0
CC[S+](CC)CC.FC(F)(F)S(=O)(=O)[N-]S(=O)(=O)C(F)(F)F,6.756728172302246,-18.0,-18.0
CCC[S+](CC)CC.FC(F)(F)S(=O)(=O)[N-]S(=O)(=O)C(F)(F)F,1.6681170463562012,-6.0,-6.0
FC(F)(F)C1=N[N-]C=C1.CCCC[P+](CC)(CC)CC,10.027798652648926,11.0,11.0
CC1=N[N-]C(=C1)C(F)(F)F.CCCC[P+](CC)(CC)CC,4.997737884521484,21.0,21.0
[N-]1N=CC2=CC=CC=C12.CCCCCCCC[P+](CC)(CC)CC,31.26078414916992,-9.0,-9.0
CCCCC[N+](C)(C)CC.FC(F)(F)S(=O)(=O)[N-]S(=O)(=O)C(F)(F)F,11.529264450073242,-8.0,-8.0
CC[N+](C)(CC)CCCC(F)(F)F.FC(F)(F)S(=O)(=O)[N-]S(=O)(=O)C(F)(F)F,43.200157165527344,36.0,36.0
[N-]1C=NC2=C1C=CC=C2.CCCC[P+](CCCC)(CCCC)CCCC,119.90454864501952,71.0,71.0
BrC1=CC2=C([N-]C=N2)C=C1.CCCC[P+](CCCC)(CCCC)CCCC,97.13407135009766,69.0,69.0
CC[P+](CC)(CC)CC.[N-]1C=NC2=C1C=CC=C2,180.05352783203125,166.0,166.0
C[N+]1=CC=CC2=CC=C3C=CC=NC3=C12.FC(F)(F)S(=O)(=O)[N-]S(=O)(=O)C(F)(F)F,80.76830291748047,69.0,69.0
F[B-](F)(F)F.C1CC[NH2+]C1,73.5877685546875,74.0,74.0
C1CC[NH2+]C1.[O-]S(=O)(=O)C(F)(F)F,90.88097381591795,109.0,109.0
C1CC[NH2+]C1.[O-]S(=O)(=O)C(F)(F)C(F)(F)C(F)(F)C(F)(F)F,123.0020980834961,148.0,148.0
C1CC[NH2+]C1.[O-]S(=O)(=O)C(F)(F)C(F)(F)C(F)(F)C(F)(F)C(F)(F)C(F)(F)F,110.46918487548828,110.0,110.0
C1CC[NH2+]C1.[O-]S(=O)(=O)C(F)(F)C(F)(F)C(F)(F)C(F)(F)C(F)(F)C(F)(F)C(F)(F)C(F)(F)F,101.51275634765624,120.0,120.0
FC(F)(F)S(=O)(=O)[N-]S(=O)(=O)C(F)(F)F.CC1=[N+](CCC(F)(F)F)C=CN1CN1C=CC=N1,89.71074676513672,85.0,85.0
FC(F)(F)S(=O)(=O)[N-]S(=O)(=O)C(F)(F)F.CC1=[N+](CCCC(F)(F)F)C=CN1CN1C=CC=N1,60.72218322753906,75.0,75.0
FC(F)(F)S(=O)(=O)[N-]S(=O)(=O)C(F)(F)F.CC1=[N+](CCC(F)(F)C(F)(F)C(F)(F)C(F)(F)F)C=CN1CN1C=CC=N1,89.1553726196289,112.0,112.0
F[P-](F)(F)(F)(F)F.CC1=[N+](CCCC(F)(F)F)C=CN1CN1C=CC=N1,124.907958984375,114.0,114.0
CC1=NN(CN2C=C[N+](C)=C2C)C(C)=C1.FC(F)(F)S(=O)(=O)[N-]S(=O)(=O)C(F)(F)F,69.36682891845703,80.0,80.0
F[P-](F)(F)(F)(F)F.CC1=NN(CN2C=C[N+](C)=C2C)C(C)=C1,130.4791717529297,163.0,163.0
CCC[N+]1(C)CCCC1.FC(F)(F)S(=O)(=O)[N-]S(=O)(=O)C(F)(F)F,8.36660385131836,7.0,7.0
CCC[N+]1(C)CCCCC1.FC(F)(F)S(=O)(=O)[N-]S(=O)(=O)C(F)(F)F,8.088995933532715,9.0,9.0
F[P-](F)(F)(F)(F)F.CCCCN1C=C(C[N+]2=C(C)N(C)C=C2)N=N1,85.77351379394531,74.0,74.0
F[P-](F)(F)(F)(F)F.CN1C=C[N+](CC2=CN(CC3=CC=CC=C3)N=N2)=C1C,109.3696060180664,114.0,114.0
F[P-](F)(F)(F)(F)F.CN1C=C[N+](CC2=CN(CC3=CC=CC=C3)N=N2)=C1,90.75875091552734,85.0,85.0
F[P-](F)(F)(F)(F)F.CCCCN1C=C[N+](CC2=CN(CC3=CC=CC=C3)N=N2)=C1,82.30309295654297,87.0,87.0
F[P-](F)(F)(F)(F)F.CCCCN1C=C[N+](CC2=CN(N=N2)C2=CC=CC=C2)=C1,95.03368377685548,113.0,113.0
F[P-](F)(F)(F)(F)F.CC1=CC(C)=C(N2C=C[N+](CC3=CN(CC4=CC=CC=C4)N=N3)=C2)C(C)=C1,75.61858367919922,48.0,48.0
FC(F)(F)C(F)(F)S(=O)(=O)[N-]S(=O)(=O)C(F)(F)C(F)(F)F.C[N+]1=CN(CCC(F)(F)C(F)(F)C(F)(F)C(F)(F)C(F)(F)C(F)(F)F)C=C1,13.384750366210938,38.0,38.0
OP([O-])=O.CC[NH+](CC)CC,62.375919342041016,43.0,43.0
CC[NH+](CC)CC.CC1=CC=C(C=C1)S([O-])(=O)=O,92.37663269042967,68.0,68.0
CC[NH+](CC)CC.[O-]C(=O)C(F)(F)F,15.861395835876465,9.0,9.0
FC(F)(F)S(=O)(=O)[N-]S(=O)(=O)C(F)(F)F.C1=CC=C(C=C1)[P+](C1=CC=CC=C1)(C1=CC=CC=C1)C1=CC=CC=C1,124.85823822021484,134.0,134.0
[O-][N+](=O)[N-]C#N.C[N+](C)(C)CCN=[N+]=[N-],26.430252075195312,28.0,28.0
N#C[N-]C#N.C[N+](C)(C)CCN=[N+]=[N-],-11.617487907409668,9.0,9.0
[N-]=[N+]=[N-].C[N+](C)(C)CCN=[N+]=[N-],-9.701677322387695,92.0,92.0
[O-][N+](=O)[N-]C#N.[N-]=[N+]=NCC[NH2+]CCN=[N+]=[N-],41.763580322265625,58.0,58.0
[N-]=[N+]=[N-].CC[NH+](CC)CC,78.32430267333984,80.0,80.0
[N-]=[N+]=[N-].CC(C)[NH+](C)C,66.54057312011719,75.0,75.0
N#C[N-]C#N.C[N+]1=CN(CC#C)C=C1,45.304412841796875,17.0,17.0
N#C[N-]C#N.CC#CC[N+]1=CN(C)C=C1,58.35607147216797,49.0,49.0
N#C[N-]C#N.CCC#CC[N+]1=CN(C)C=C1,75.2633056640625,59.0,59.0
CC[N+]1=CN(C)C=C1.FC(F)(F)C1=CC(=CC(=C1)[B-](C1=CC(=CC(=C1)C(F)(F)F)C(F)(F)F)(C1=CC(=CC(=C1)C(F)(F)F)C(F)(F)F)C1=CC(=CC(=C1)C(F)(F)F)C(F)(F)F)C(F)(F)F,97.37841796875,140.0,140.0
CC[N+]1=CN(C)C2=CC=CC=C12.FC(F)(F)C1=CC(=CC(=C1)[B-](C1=CC(=CC(=C1)C(F)(F)F)C(F)(F)F)(C1=CC(=CC(=C1)C(F)(F)F)C(F)(F)F)C1=CC(=CC(=C1)C(F)(F)F)C(F)(F)F)C(F)(F)F,95.28787994384766,109.0,109.0
CC[N+]1=C(C)N(C)CC1.FC(F)(F)C1=CC(=CC(=C1)[B-](C1=CC(=CC(=C1)C(F)(F)F)C(F)(F)F)(C1=CC(=CC(=C1)C(F)(F)F)C(F)(F)F)C1=CC(=CC(=C1)C(F)(F)F)C(F)(F)F)C(F)(F)F,71.7306137084961,136.0,136.0
CC[N+]1=C2CCCN2CCC1.FC(F)(F)S(=O)(=O)[N-]S(=O)(=O)C(F)(F)F,23.975738525390625,24.0,24.0
CCC[N+]1=C2CCCN2CCC1.FC(F)(F)S(=O)(=O)[N-]S(=O)(=O)C(F)(F)F,29.162878036499023,16.0,16.0
CCCC[N+]1=C2CCCN2CCC1.FC(F)(F)S(=O)(=O)[N-]S(=O)(=O)C(F)(F)F,22.369976043701172,24.0,24.0
CC[N+]1=C2CCCCCN2CCC1.FC(F)(F)S(=O)(=O)[N-]S(=O)(=O)C(F)(F)F,23.964670181274418,29.0,29.0
[Cl-].COCCOCC[N+](C)(C)CCOCCOC,37.24635314941406,38.0,38.0
[Br-].CC[N+](CCOCCOC)(CCOCCOC)CCOCCOC,49.945159912109375,44.0,44.0
FC(F)(F)S(=O)(=O)[N-]S(=O)(=O)C(F)(F)F.C1=CC=C(C=C1)[S+](C1=CC=CC=C1)C1=CC=CC=C1,82.42989349365234,92.0,92.0
C1=CC=C(C=C1)[S+](C1=CC=CC=C1)C1=CC=CC=C1.FC(F)(F)C(F)(F)S(=O)(=O)[N-]S(=O)(=O)C(F)(F)C(F)(F)F,63.30373001098633,36.0,36.0
FC(F)(F)S(=O)(=O)[N-]S(=O)(=O)C(F)(F)F.O(C1=CC=CC=C1)C1=C(C=CC=C1)[S+](C1=CC=CC=C1)C1=CC=CC=C1,69.61600494384766,63.0,63.0
FC(F)(F)S(=O)(=O)[N-]S(=O)(=O)C(F)(F)F.O=S(=O)(C1=CC=CC=C1)C1=C(C=CC=C1)[S+](C1=CC=CC=C1)C1=CC=CC=C1,93.07903289794922,105.0,105.0
FC(F)(F)C(F)(F)S(=O)(=O)[N-]S(=O)(=O)C(F)(F)C(F)(F)F.O=S(=O)(C1=CC=CC=C1)C1=C(C=CC=C1)[S+](C1=CC=CC=C1)C1=CC=CC=C1,108.02800750732422,132.0,132.0
CC[N+](CC)(CC)CC.FC1=C(F)C(F)=C(C(F)=C1F)[B-](F)(F)F,71.57552337646484,55.0,55.0
CC[N+]1=CN(C)C=C1.FC1=C(F)C(F)=C(C(F)=C1F)[B-](F)(F)F,33.06364822387695,40.0,40.0
CCCC[N+]1=CN(C)C=C1.FC1=C(F)C(F)=C(C(F)=C1F)[B-](F)(F)F,12.319339752197266,35.0,35.0
CCCCCCCC[N+]1=CN(C)C=C1.FC1=C(F)C(F)=C(C(F)=C1F)[B-](F)(F)F,11.632113456726074,10.0,10.0
CCCC[N+]1=C(C)N(C)C=C1.FC1=C(F)C(F)=C(C(F)=C1F)[B-](F)(F)F,29.934017181396484,35.0,35.0
CCCC[N+]1=CN(C)C=C1.COC1=C(F)C(F)=C(C(F)=C1F)[B-](F)(F)F,7.553892135620117,9.0,9.0
CCCC[N+]1=CN(C)C=C1.CCCOC1=C(F)C(F)=C(C(F)=C1F)[B-](F)(F)F,-13.764843940734863,-3.0,-3.0
CCCC[N+]1=CN(C)C=C1.CC(C)(C)OC1=C(F)C(F)=C(C(F)=C1F)[B-](F)(F)F,21.02240753173828,33.0,33.0
CCCC[N+]1=CN(C)C=C1.FC1=C(F)C(=C(F)C(F)=C1OCC1=CC=CC=C1)[B-](F)(F)F,14.876128196716309,22.0,22.0
CCCC[N+]1=CN(C)C=C1.FC1=C(F)C(=C(F)C(F)=C1OC1=CC=CC=C1)[B-](F)(F)F,55.13883590698242,78.0,78.0
CCCC[N+]1=CN(C)C=C1.CC1(C)C2CCC1(C)C(C2)OC1=C(F)C(F)=C(C(F)=C1F)[B-](F)(F)F,36.74397277832031,70.0,70.0
CC1=CC(=O)[N-]S(=O)(=O)O1.C1CN=C2CCCCC[NH+]2C1,81.74061584472656,101.0,101.0
CCN(CC)C([O-])=O.CN(C)C(=[NH2+])N(C)C,62.20079803466797,64.0,64.0
CN(C)C(=[NH2+])N(C)C.CC(C)N(C(C)C)C([O-])=O,39.75611877441406,39.0,39.0
CN(C)C(=[NH2+])N(C)C.CC1=CC(=O)[N-]S(=O)(=O)O1,70.38160705566406,72.0,72.0
CN(C)C(=[NH2+])N(C)C.CCCCN(C)C([O-])=O,56.774898529052734,54.0,54.0
CC1=C(OCC([O-])=O)C=CC(Cl)=C1.CCCCCCCCCCCCCCCC[N+](C)(C)C,67.86471557617188,57.0,57.0
[O-]C(=O)COC1=C(Cl)C=C(Cl)C=C1.CCCCCCCCCCCCCCCC[N+](C)(C)C,66.3632583618164,74.0,74.0
COC1=C(C([O-])=O)C(Cl)=CC=C1Cl.CCCCCCCCCCCCCCCC[N+](C)(C)C,89.47163391113281,101.0,101.0
CC1=C(OCC([O-])=O)C=CC(Cl)=C1.CCCCCCCCCCCCCCCCCC[N+](C)(C)C,67.92437744140625,68.0,68.0
[O-]C(=O)COC1=C(Cl)C=C(Cl)C=C1.CCCCCCCCCCCCCCCCCC[N+](C)(C)C,66.25153350830078,55.0,55.0
COC1=C(C([O-])=O)C(Cl)=CC=C1Cl.CCCCCCCCCCCCCCCCCC[N+](C)(C)C,93.55240631103516,76.0,76.0
CC1=C(OCC([O-])=O)C=CC(Cl)=C1.CCCCCCCCCCCCCCCCCCCCCC[N+](C)(C)C,69.14380645751953,63.0,63.0
[O-]C(=O)COC1=C(Cl)C=C(Cl)C=C1.CCCCCCCCCCCCCCCCCCCCCC[N+](C)(C)C,67.84969329833984,61.0,61.0
COC1=C(C([O-])=O)C(Cl)=CC=C1Cl.CCCCCCCCCCCCCCCCCCCCCC[N+](C)(C)C,101.85022735595705,72.0,72.0
CC[N+]1=CN(C=C)C=C1.FS(=O)(=O)[N-]S(F)(=O)=O,-13.167645454406738,-23.0,-23.0
C[N+]1=CN(CC=C)C=C1.FS(=O)(=O)[N-]S(F)(=O)=O,5.0946831703186035,-3.0,-3.0
CC[N+]1=CN(C=C)C=C1.FC(F)(F)S(=O)(=O)[N-]S(=O)(=O)C(F)(F)F,22.71244430541992,4.0,4.0
NC(N)=[NH2+].[O-]S(=O)(=O)C(F)(F)C(F)(F)C(F)(F)C(F)(F)F,178.7439727783203,186.0,186.0
F[B-](F)(F)F.CCCCCCCCC[N+]1=CN=CC=C1,19.99687767028809,48.0,48.0
C[N+]1=CN=CC=C1.FC(F)(F)S(=O)(=O)[N-]S(=O)(=O)C(F)(F)F,8.809873580932617,-58.0,-58.0
CC[N+]1=CN=CC=C1.FC(F)(F)S(=O)(=O)[N-]S(=O)(=O)C(F)(F)F,18.61760902404785,47.0,47.0
CCCCCCCCC[N+]1=CN=CC=C1.FC(F)(F)S(=O)(=O)[N-]S(=O)(=O)C(F)(F)F,-6.449653625488281,-52.0,-52.0
COC1=C(O)C=CC(C=CC([O-])=O)=C1.CCCC[P+](CCCC)(CCCC)CCCC,88.76934051513672,115.0,115.0
COC1=C(O)C=CC(C=CC([O-])=O)=C1.CCCC[N+](CCCC)(CCCC)CCCC,103.42361450195312,119.0,119.0
OC1=CC=C(C=CC([O-])=O)C=C1.CCCC[P+](CCCC)(CCCC)CCCC,105.72321319580078,145.0,145.0
OC1=CC=C(C=CC([O-])=O)C=C1.CCCC[N+](CCCC)(CCCC)CCCC,124.40204620361328,150.0,150.0
CCCC[N+]1(C)CCCC1.FC(F)(F)C(F)(F)S(=O)(=O)[N-]S(=O)(=O)C(F)(F)C(F)(F)F,17.838041305541992,9.0,9.0
CCC[N+]1(C)CCCC1.FC(F)(F)C(F)(F)S(=O)(=O)[N-]S(=O)(=O)C(F)(F)C(F)(F)F,18.460359573364254,6.0,6.0
C[N+]1(C)CCCC1.FC(F)(F)C(F)(F)S(=O)(=O)[N-]S(=O)(=O)C(F)(F)C(F)(F)F,95.73958587646484,133.0,133.0
FC(F)(F)S(=O)(=O)[N-]S(=O)(=O)C(F)(F)F.CCCCCCCCCCCCCC[P+](CCCCCC)(CCCCCC)CCCCCC,27.573705673217773,33.0,33.0
F[B-](F)(F)F.CCCC[N+]1=C(C)C=CC=C1,31.289064407348633,28.0,28.0
CC[N+]1=CN(C)C=C1.CCCCCCCCOS([O-])(=O)=O,11.191701889038086,10.0,10.0
[O-]S(=O)(=O)C(F)(F)F.CCCC[N+]1=CC(C)=CC=C1,35.62789535522461,30.0,30.0
CC[N+]1=CC(C)=CC=C1.FC(F)(F)S(=O)(=O)[N-]S(=O)(=O)C(F)(F)F,1.4002492427825928,-1.0,-1.0
[O-][N+]([O-])=O.C1C[NH2+]C2=C(C1)C=CC=C2,111.2781982421875,123.0,123.0
[I-].CCCCCCC[N+](CCCCCC)(CCCCCC)CCCCCCC,91.80760955810548,100.0,100.0
[O-][Cl](=O)(=O)=O.CCCCCC[N+](CCCCCC)(CCCCCC)CCCCCC,99.63086700439452,110.0,110.0
[I-].CCCCCCC[N+](CCCCCCC)(CCCCCCC)CCCCCCC,90.18248748779295,123.0,123.0
[S-]C#N.CCCCC[N+](CCCCC)(CCCCC)CCCCC,65.40620422363281,50.0,50.0
[O-][N+]([O-])=O.CCCCCCC[N+](CCCCCC)(CCCCCC)CCCCCC,64.25843048095703,72.0,72.0
[Br-].CCCC[N+](CCCC)(CCCC)CCCC,126.58800506591795,122.0,122.0
[O-][N+]([O-])=O.CCCC[N+](CCCC)(CCCC)CCCC,86.29932403564453,119.0,119.0
[Br-].CCCCC[N+](CCCCC)(CCCCC)CCCCC,93.42481231689452,103.0,103.0
[Cl-].CCCC[N+](CCCC)(CCCC)CCCC,83.06124877929688,41.0,41.0
F[B-](F)(F)F.CCCCCC[N+](CCCCCC)(CCCCCC)CCCCCC,78.12357330322266,94.0,94.0
[O-][N+]([O-])=O.CCCCCC[N+](CCCCCC)(CCCCCC)CCCCCC,67.79857635498047,72.0,72.0
[O-][Cl](=O)(=O)=O.CCCCCCC[N+](CCCCCC)(CCCCCC)CCCCCCC,94.75479125976562,105.0,105.0
[O-][Cl](=O)(=O)=O.CCCCCCC[N+](CCCCCCC)(CCCCCCC)CCCCCCC,91.67243194580078,126.0,126.0
[Br-].CCCCCC[N+](CCCCCC)(CCCCCC)CCCCCC,87.69083404541016,104.0,104.0
[I-].CCCCCCC[N+](CCCCCC)(CCCCCC)CCCCCC,92.5280990600586,98.0,98.0
[Br-].CCCCCCC[N+](CCCCCC)(CCCCCC)CCCCCC,86.88394165039062,108.0,108.0
[Br-].CCCCCCC[N+](CCCCCCC)(CCCCCCC)CCCCCCC,86.3160171508789,96.0,96.0
[Br-].CCCC[N+](CCC(C)C)(CCC(C)C)CCC(C)C,121.0223159790039,122.0,122.0
[O-][N+]([O-])=O.CCCCC[N+](CCCCC)(CCCCC)CCCCC,79.71327209472656,114.0,114.0
[O-][Cl](=O)(=O)=O.CCCCCCC[N+](CCCCCC)(CCCCCC)CCCCCC,97.05126953125,103.0,103.0
C[NH+](C)C.FC(F)(F)S(=O)(=O)[N-]S(=O)(=O)C(F)(F)F,65.48753356933594,84.0,84.0
[Br-].CCC[N+](C)(C)CCO,89.7542495727539,99.0,99.0
[Br-].CCCC[N+](C)(C)CCO,94.65941619873048,86.0,86.0
[Br-].CCCCCC[N+](C)(C)CCO,91.41936492919922,82.0,82.0
CS([O-])(=O)=O.CCCC[P+](CCCC)(CCCC)CCCC,67.90923309326172,62.0,62.0
CC1=CC=C(C=C1)S([O-])(=O)=O.CCCCCC[N+]1=CC(C)=CC=C1,60.115760803222656,56.0,56.0
CCOS([O-])(=O)=O.CC[N+]1=CN(C)C=C1,-1.0880277156829834,-37.0,-37.0
F[P-](F)(F)(F)(F)F.CC[N+]1=CN(C)C=C1,64.54800415039062,60.0,60.0
CC[N+]1=CN(C)C=C1.CC1=CC=C(C=C1)S([O-])(=O)=O,51.947723388671875,50.0,50.0
[Cl-].CCCCCCCC[N+]1=CN(C)C=C1,29.190017700195312,12.0,12.0
[O-]C(=O)C(F)(F)F.CCCCCCCCCC(=O)OCC[N+](C)(C)COCCCCC,-4.76275634765625,7.0,7.0
N#C[N-]C#N.CCCCCCCCCCCOC[N+](C)(C)CCO,-8.091330528259277,10.0,10.0
[O-][N+]([O-])=O.CCCCCCCCCC[N+](C)(C)CCCCCCCCCC,53.2760124206543,32.0,32.0
CCN1C=C[N+](CC)=C1.FC(F)(F)S(=O)(=O)[N-]S(=O)(=O)C(F)(F)F,2.762270927429199,-11.0,-11.0
CCCC[N+]1=CC=C(C)C=C1.CC1=CC=C(C=C1)S([O-])(=O)=O,67.61736297607422,52.0,52.0
CCCC[N+]1=CC=C(C)C=C1.FC(F)(F)S(=O)(=O)[N-]S(=O)(=O)C(F)(F)F,17.91523551940918,18.0,18.0
CC1=CC(C)=[NH+]C(C)=C1.CC1=CC=C(C=C1)S([O-])(=O)=O,119.20328521728516,131.0,131.0
CCCC[N+]1=CC(C)=CC=C1.CC1=CC=C(C=C1)S([O-])(=O)=O,50.74842071533203,51.0,51.0
CC1=CC=[N+](C)C=C1.CC1=CC=C(C=C1)S([O-])(=O)=O,132.56910705566406,152.0,152.0
FC(F)(F)S(=O)(=O)[N-]S(=O)(=O)C(F)(F)F.CCCCCC[N+]1=C2C=CC=CC2=CC=C1,36.564151763916016,44.0,44.0
CC[N+]1(C)CCCCC1.FC(F)(F)S(=O)(=O)[N-]S(=O)(=O)C(F)(F)F,55.14558410644531,85.0,85.0
[S-]C#N.CCCC[N+]1(C)CCCCC1,28.687397003173828,31.0,31.0
[O-]S(=O)(=O)C(F)(F)F.CCCCCC[N+]1=CC(C)=CC=C1,41.39986801147461,65.0,65.0
[S-]C#N.CCCC[N+]1(C)CCCC1,21.97033309936523,22.0,22.0
[O-][Cl](=O)(=O)=O.NC1=[N+](N)N=NN1,95.72972106933594,128.0,128.0
F[P-](F)(F)(F)(F)F.C[NH+]1CN(CCCC2=CC=CC=C2)C=C1,62.967918395996094,52.0,52.0
C[NH+]1CN(CCC2=CC=CC=C2)C=C1.FC(F)(F)S(=O)(=O)[N-]S(=O)(=O)C(F)(F)F,7.601667404174805,37.0,37.0
C[NH+]1CN(CCCC2=CC=CC=C2)C=C1.FC(F)(F)S(=O)(=O)[N-]S(=O)(=O)C(F)(F)F,4.524668216705322,48.0,48.0
F[P-](F)(F)(F)(F)F.C[NH+]1CN(CCC2=CC=CC=C2)C=C1,80.30086517333984,103.0,103.0
COS([O-])(=O)=O.CCCC[N+]1=CN(C)C=C1,0.606436014175415,-4.0,-4.0
[O-][N+]([O-])=O.CN1N=N[N+](N)=C1N,105.87677764892578,121.0,121.0
CCCC[N+]1(C)CCCC1.FC(F)(F)C(F)(F)[P-](F)(F)(F)(C(F)(F)C(F)(F)F)C(F)(F)C(F)(F)F,14.804817199707031,4.0,4.0
CCN1C=C[N+](C)=C1C.FC(F)(F)S(=O)(=O)[N-]S(=O)(=O)C(F)(F)F,32.78844451904297,25.0,25.0
[O-]C(=O)C(F)(F)F.CN(C)C(=[NH2+])N(C)C,40.76020812988281,42.0,42.0
CN(C)C(=[NH2+])N(C)C.[O-]S(=O)(=O)C(F)(F)F,48.88129425048828,41.0,41.0
CC(O)C([O-])=O.CN(C)C(=[NH2+])N(C)C,-33.320526123046875,-50.0,-50.0
CC(C)[C@H](N)C([O-])=O.CCCC[P+](CCCC)(CCCC)CCCC,18.62008476257324,26.0,26.0
COS([O-])(=O)=O.CC[N+](C)(CC)CC,45.57727813720703,33.0,33.0
CCOS([O-])(=O)=O.CCCC[N+]1(CC)CCCC1,-36.60932540893555,53.0,53.0
CCOS([O-])(=O)=O.CC[N+]1(C)CCCC1,-5.338828086853027,25.0,25.0
CC[NH2+]CC.OS([O-])(=O)=O,87.41056823730469,81.0,81.0
C[NH+](C)C.OS([O-])(=O)=O,89.05155944824219,129.0,129.0
C[NH+](C)C.OP(O)([O-])=O,109.16461181640624,116.0,116.0
[NH3+]CCO.OCC([O-])=O,96.85438537597656,106.0,106.0
OS([O-])(=O)=O.CCCC[N+]1=CN(C)C=C1,32.363792419433594,29.0,29.0
CCCCCCCC[N+]1=CN(C)C=C1.FC(F)(F)S(=O)(=O)[N-]S(=O)(=O)C(F)(F)F,-1.9698665142059328,-23.0,-23.0
C[NH2+]C.F[B-](F)(F)F,109.7786636352539,102.0,102.0
[Cl-].CCCC[N+]1=C(C)N(C)C=C1,87.61563110351562,93.0,93.0
CCC[N+](C)(CCC)CCC.FC(F)(F)S(=O)(=O)[N-]S(=O)(=O)C(F)(F)F,58.139404296875,46.0,46.0
CCC[NH+]1N(C)C(C)C=C1C.FC(F)(F)S(=O)(=O)[N-]S(=O)(=O)C(F)(F)F,21.028072357177734,17.0,17.0
[N-]=[N+]=[N-].C[NH+](C)N,32.75020980834961,38.0,38.0
N#C[B-](C#N)(C#N)C#N.CCCC[N+]1(C)CCCC1,2.3115830421447754,20.0,20.0
N#C[C-](C#N)C#N.CC[NH+]1CN(C)C=C1,-2.5873806476593018,-9.0,-9.0
N#C[C-](C#N)C#N.CCCC[N+]1(C)CCCC1,-12.898728370666504,-7.0,-7.0
F[Sb-](F)(F)(F)(F)F.CCCCCCCC[N+](CC)(CC)CC,75.39118194580078,74.0,74.0
CC[N+]1=CC=CC=C1.FC(F)(F)S(=O)(=O)[N-]S(=O)(=O)C(F)(F)F,6.49542236328125,30.0,30.0
CCCCC[N+]1=CC=CC=C1.FC(F)(F)S(=O)(=O)[N-]S(=O)(=O)C(F)(F)F,9.449766159057615,0.0,0.0
N#C[N-]C#N.CC[N+]1=CC=CC=C1,-19.53434944152832,-33.0,-33.0
N#C[N-]C#N.CCC[N+]1=CC=CC=C1,0.7416536808013916,3.0,3.0
CCCCC[N+]1(C)CCCC1.FC(F)(F)S(=O)(=O)[N-]S(=O)(=O)C(F)(F)F,16.245634078979492,8.0,8.0
CCCCCC[N+]1(C)CCCC1.FC(F)(F)S(=O)(=O)[N-]S(=O)(=O)C(F)(F)F,23.455001831054688,3.0,3.0
CCCCCCCC[N+](CC)(CC)CC.FC(F)(F)S(=O)(=O)[N-]S(=O)(=O)C(F)(F)F,29.314197540283203,14.0,14.0
COCC[N+]1(C)CCCC1.FC(F)(F)C(F)(F)[P-](F)(F)(F)(C(F)(F)C(F)(F)F)C(F)(F)C(F)(F)F,-2.499781370162964,0.0,0.0
CCCCCC[N+]12CCN(CC1)CC2.FC(F)(F)S(=O)(=O)[N-]S(=O)(=O)C(F)(F)F,34.16024398803711,36.0,36.0
CC[N+](C)(C)CCO.FC(F)(F)S(=O)(=O)[N-]S(=O)(=O)C(F)(F)F,-6.101637840270996,6.0,6.0
CC(C)(C)C([O-])=O.C[N+](C)(C)CCO,86.21221160888672,96.0,96.0
FC(F)(F)S(=O)(=O)[N-]S(=O)(=O)C(F)(F)F.CCCCCC=CCC=CCCCCCCCCN1C[NH+](C)C=C1,-15.295100212097168,-47.0,-47.0
FC(F)(F)S(=O)(=O)[N-]S(=O)(=O)C(F)(F)F.CCCCCCCC\C=C\CCCCCCCCN1C[NH+](C)C=C1,5.427280426025391,16.0,16.0
FC(F)(F)S(=O)(=O)[N-]S(=O)(=O)C(F)(F)F.CCCCCCCCC=CCCCCCCCCN1C=C[N+](C)=C1,-9.679957389831545,-21.0,-21.0
F[P-](F)(F)(F)(F)F.CCCC1=CC=C[N+](C)=C1,58.00702667236328,38.0,38.0
F[P-](F)(F)(F)(F)F.CCC[N+]1(C)CCCC1,105.76284790039062,110.0,110.0
F[As-](F)(F)(F)(F)F.CC[N+]1=CN(C)C=C1,52.11006546020508,53.0,53.0
CC[NH+]1CN(C)C=C1.FC(F)(F)S(=O)(=O)[C-](S(=O)(=O)C(F)(F)F)S(=O)(=O)C(F)(F)F,22.425636291503903,39.0,39.0
[Cl-].CCCN1C=C[N+](C)=C1C,137.8565673828125,138.0,138.0
FC(F)(F)S(=O)(=O)[N-]S(=O)(=O)C(F)(F)F.CCCCCC[N+]1=CC=C2C=CC=CC2=C1,44.67594528198242,55.0,55.0
C[N+]1=CN(CC#N)C=C1.FC(F)(F)C1=NC(C#N)=C([N-]1)C#N,43.31669616699219,93.0,93.0
CS([O-])(=O)=O.CCN1C(C)=CC(C)=[N+]1C1=CC=CC=C1,88.46531677246094,122.0,122.0
F[B-](F)(F)F.CCCCN1C(C)=CC(C)=[N+]1C1=CC=CC=C1,53.814552307128906,68.0,68.0
CS([O-])(=O)=O.CCCN1C(C)=CC(C)=[N+]1C1=CC=CC=C1,70.4629898071289,92.0,92.0
F[B-](F)(F)F.CN1C(C)=CC(C)=[N+]1C1=CC=CC=C1,88.79756164550781,145.0,145.0
F[B-](F)(F)F.CCCN1C(C)=CC(C)=[N+]1C1=CC=CC=C1,69.58365631103516,80.0,80.0
F[B-](F)(F)F.CCN1C(C)=CC(C)=[N+]1C1=CC=CC=C1,89.46675872802734,113.0,113.0
[Br-].CCCCCCCCCC[N+](CC)(CC)CCCCCCCCCC,80.61618041992188,45.0,45.0
[Br-].CCCCCCCCCCCC[N+](C)(C)C,212.8498077392578,265.0,265.0
[Br-].CCCCCCCCCCCCCCCC[N+](C)(C)C,212.8448028564453,247.0,247.0
CCCC[N+]1=CC=C(C)C=C1.[O-]S(=O)(=O)C(F)(F)C(F)(F)C(F)(F)C(F)(F)F,61.28896713256836,70.0,70.0
[O-]S(=O)(=O)C(F)(F)F.CCCC[N+]1=CC=C(C)C=C1,43.44572448730469,38.0,38.0
CCCCCCCC[N+]1=CN(C)C=C1.[O-]S(=O)(=O)C(F)(F)C(F)(F)C(F)(F)C(F)(F)F,14.639431953430176,32.0,32.0
[O-]S(=O)(=O)C(F)(F)F.CCCCCCCC[N+]1=CN(C)C=C1,25.767730712890625,5.0,5.0
N#C[N-]C#N.CCCCCCCC[N+]1=CN(C)C=C1,16.780223846435547,-5.0,-5.0
[I-].CCCCCCCC[N+]1=CC(CC)=CC=C1C,77.9241943359375,87.0,87.0
[O-]S(=O)(=O)C(F)(F)F.CCCC[N+]1=CC(C)=CC(C)=C1,63.32286834716797,91.0,91.0
[I-].CCCCCCCC[N+]1=CC(C)=CC(C)=C1,86.87422943115234,82.0,82.0
[O-]S(=O)(=O)C(F)(F)F.CCCC[N+]1=CC=CC(C)=C1C,35.95564651489258,17.0,17.0
[O-]S(=O)(=O)C(F)(F)F.CCCC[N+]1=CC(C)=CC(C)=C1C,67.81900024414062,74.0,74.0
[O-]S(=O)(=O)C(F)(F)F.CCCCCCCC[N+]1=CC(C)=CC(C)=C1,50.40693664550781,76.0,76.0
N#C[N-]C#N.CCCC[N+]1=CC(C)=CC(C)=C1,22.13219833374023,-1.0,-1.0
N#C[N-]C#N.CCCCCCCC[N+]1=CC(CC)=CC=C1C,44.07957458496094,53.0,53.0
[S-]C#N.CCCC[N+]1=CC(C)=CC(C)=C1,17.21581268310547,13.0,13.0
[S-]C#N.CCCCCCCC[N+]1=CC(C)=CC(C)=C1,3.862119674682617,-38.0,-38.0
[S-]C#N.CCCCCCCC[N+]1=CC(C)=CC(C)=C1C,28.303571701049805,20.0,20.0
F[B-](F)(F)F.CCCCCCCC[N+]1=CC(C)=CC(C)=C1,63.49200439453125,56.0,56.0
[Cl-].CCCCCCCCCCCC[N+]1=CC=CC(C)=C1,84.48477935791016,87.0,87.0
[Cl-].CCCCCCCC[N+]1=CC(C)=CC=C1,74.8614730834961,79.0,79.0
[Cl-].CCCC[N+]1=CC(C)=CC=C1,85.64891815185547,111.0,111.0
[Cl-].CCCCCCCCCC[N+]1=CC=CC(C)=C1,79.7090072631836,76.0,76.0
[Cl-].CCCCCCCCCCCCCCCCCC[N+]1=CC=CC(C)=C1,92.4462661743164,112.0,112.0
[Cl-].CCCCCCCCCCCCCCCC[N+]1=CC=CC(C)=C1,91.64110565185548,110.0,110.0
[Cl-].CCCCCCCCCCCCCC[N+]1=CC=CC(C)=C1,89.14713287353516,95.0,95.0
[O-]S(=O)(=O)NC1CCCCC1.CCCCCCOC[N+]1=CC=CC=C1,-13.726449012756348,-35.0,-35.0
[O-]S(=O)(=O)NC1CCCCC1.CCCCCCCCCCCCOC[N+]1=CC=CC=C1,45.02913665771485,33.0,33.0
[O-]S(=O)(=O)NC1CCCCC1.CCCCCCCCCCCOC[N+]1=CC=CC=C1,36.74760437011719,24.0,24.0
[O-]S(=O)(=O)NC1CCCCC1.CCCCCCCOC[N+]1=CC=CC=C1,-7.203356742858887,-14.0,-14.0
[O-]S(=O)(=O)NC1CCCCC1.CCCCCCCCCOC[N+]1=CC=CC=C1,15.873881340026855,9.0,9.0
[O-]S(=O)(=O)NC1CCCCC1.CCCCCCCCCCCC[N+]1=CC=CC=C1,100.56737518310548,115.0,115.0
[O-]S(=O)(=O)NC1CCCCC1.CCCCCCCCCCCCCCCC[N+]1=CC=CC=C1,104.1451187133789,105.0,105.0
[O-]S(=O)(=O)NC1CCCCC1.CCCCCCCCCC[N+](C)(C)CCCCCCCCCC,71.03739166259766,50.0,50.0
CCCC[NH+]1CN(C)C=C1.[O-]S(=O)(=O)NC1CCCCC1,63.19840240478515,72.0,72.0
COS([O-])(=O)=O.CCCC[N+](C)(CCCC)CCCC,58.691375732421875,62.0,62.0
COS([O-])(=O)=O.CCCC[P+](C)(CCCC)CCCC,52.79057312011719,38.0,38.0
[Br-].CCC[N+]1(C)CCCCC1,233.15582275390625,250.0,250.0
OS([O-])(=O)=O.CCCC[N+](CCCC)(CCCC)CCCC,115.9122085571289,172.0,172.0
[Cl-].CCCCCCC[N+]1=CC=CC(C)=C1,74.04497528076172,72.0,72.0
[Cl-].CCCCCCCCC[N+]1=CC=CC(C)=C1,76.90863037109375,64.0,64.0
[Cl-].CCCCC[N+]1=CC=CC(C)=C1,78.76343536376953,92.0,92.0
[Cl-].CCC[N+]1=CC=CC(C)=C1,84.21845245361328,92.0,92.0
[Cl-].CCCCCC[N+]1=CC(C)=CC=C1,74.93073272705078,77.0,77.0
[Cl-].CC1=C[N+](CC=C)=CC=C1,94.60496520996094,108.0,108.0
CC[N+]1(C)CCCC1.FC(F)(F)S(=O)(=O)[N-]S(=O)(=O)C(F)(F)F,65.85842895507812,91.0,91.0
F[B-](F)(F)F.CC[N+]1(C)CCCC1,147.20704650878906,66.0,66.0
[Br-].CCCC[N+]1(C)CCCC1,205.00982666015625,204.0,204.0
[I-].CCCCCCCCCCCCC1=CC=[NH+]C=C1,106.63040924072266,92.0,92.0
[Cl-].CCCCCCCCCCCCC1=CC=[NH+]C=C1,110.12825775146484,124.0,124.0
[I-].CCCCCCCCCCCCCCCCC(CCCCCCCCCCCCCCCC)C1=CC=[N+](C)C=C1,71.89043426513672,72.0,72.0
[Cl-].CCCCCCCCCCCCCCCCC(CCCCCCCCCCCCCCCC)C1=CC=[N+](C)C=C1,67.27357482910156,64.0,64.0
[Cl-].CCCCCCCCCCCCC1=CC=[N+](C)C=C1,80.31500244140625,51.0,51.0
[Cl-].CCCCCCCCCC1=CC=[NH+]C=C1,110.61272430419922,119.0,119.0
[I-].CCCCCCCCCCCCC1=CC=[N+](C)C=C1,87.86289978027344,113.0,113.0
[O-][Cl](=O)(=O)=O.CCCCCCCCCCCCC1=CC=[N+](C)C=C1,89.41283416748047,93.0,93.0
FC(F)(F)S(=O)(=O)[N-]S(=O)(=O)C(F)(F)F.C[N+]1=CN(CC2=CC=C3C=CC=CC3=C2)C=C1,61.66635513305664,45.0,45.0
FC(F)(F)S(=O)(=O)[N-]S(=O)(=O)C(F)(F)F.C(N1C=C[N+](CC2=CC=CC=C2)=C1)C1=CC=CC=C1,49.67213439941406,42.0,42.0
CCCC[N+](C)(C)C.FC(F)(F)S(=O)(=O)[N-]S(=O)(=O)C(F)(F)F,24.539867401123047,19.0,19.0
[O-]S(=O)(=O)C(F)(F)F.CCCCCCCCCC[N+]1=CN(C)C=C1,43.30330657958984,23.0,23.0
CC[N+]1=CC(C)=CC=C1.[O-]C(=O)C(F)(F)C(F)(F)C(F)(F)C(F)(F)F,15.799847602844238,2.0,2.0
CCCC[N+]1(C)CCCC1.FC(F)(F)C(F)(F)C(F)(F)C(F)(F)S(=O)(=O)[N-]S(=O)(=O)C(F)(F)C(F)(F)C(F)(F)C(F)(F)F,51.909889221191406,98.0,98.0
CC[N+]1(C)CCCC1.FC(F)(F)C(F)(F)C(F)(F)C(F)(F)S(=O)(=O)[N-]S(=O)(=O)C(F)(F)C(F)(F)C(F)(F)C(F)(F)F,98.6366195678711,155.0,155.0
C[N+](C)(C)CCO.FC(F)(F)C(F)(F)C(F)(F)C(F)(F)S(=O)(=O)[N-]S(=O)(=O)C(F)(F)C(F)(F)C(F)(F)C(F)(F)F,43.30906677246094,30.0,30.0
C[N+](C)(C)CCO.[O-]S(=O)(=O)C(F)(F)C(F)(F)C(F)(F)C(F)(F)F,113.63460540771484,163.0,163.0
F[B-](F)(F)F.CCCCCCCCCC[N+]1=CN(C)C=C1,40.018890380859375,7.0,7.0
C[N+](C)(C)CCO.FC(F)(F)S(=O)(=O)[N-]S(=O)(=O)C(F)(F)F,52.57024383544922,33.0,33.0
CS([O-])(=O)=O.CC[N+]1=CC=CC=C1,49.61882400512695,62.0,62.0
CC[N+]1=CC=CC=C1.[O-]S(=O)(=O)C(F)(F)F,22.75404357910156,32.0,32.0
[O-]C(=O)C(F)(F)F.CCCCCCCC[N+](C)(CCCCCCCC)CCCCCCCC,16.582536697387695,12.0,12.0
[O-]S(=O)(=O)C(F)(F)F.CCCC[N+]1(C)CCCC1,67.65503692626953,5.0,5.0
[I-].CCC[N+]1=CN(C)C=C1,53.53366470336914,18.0,18.0
F[B-](F)(F)F.S1C=[NH+]C2=CC=CC=C12,120.79409790039062,125.0,125.0
S1C=[NH+]C2=CC=CC=C12.CC1=CC=C(C=C1)S([O-])(=O)=O,109.33100128173828,120.0,120.0
CS([O-])(=O)=O.S1C=[NH+]C2=CC=CC=C12,98.58700561523438,105.0,105.0
[O-]S(=O)(=O)C(F)(F)F.S1C=[NH+]C2=CC=CC=C12,129.78567504882812,128.0,128.0
CCCC[N+]1=CN(C)C=C1.CCCCCCCCOS([O-])(=O)=O,24.72848320007324,34.0,34.0
[O-][N+]([O-])=O.[N-]=[N+]=NCC[NH+]1C=NC(N=[N+]=[N-])=N1,-10.215457916259766,-54.0,-54.0
[O-][N+]([O-])=O.CN1C=N[N+](CCN=[N+]=[N-])=C1,-30.731929779052734,-57.0,-57.0
[O-][Cl](=O)(=O)=O.CN1C=N[N+](CCN=[N+]=[N-])=C1,7.346924304962158,-52.0,-52.0
[O-][N+]([O-])=O.C[N+]1=CN(CCN=[N+]=[N-])C=N1,-19.909513473510746,-56.0,-56.0
[O-][Cl](=O)(=O)=O.NN1C=N[N+](CCN=[N+]=[N-])=C1,-4.033939361572266,-46.0,-46.0
[I-].CN1C=[N+](C)N=C1N=[N+]=[N-],104.8275146484375,116.0,116.0
[I-].C[N+]1=CN(N)C=N1,118.76245880126952,101.0,101.0
I[I-]I.CN1C=[N+](C)C=N1,80.92350006103516,110.0,110.0
[O-][Cl](=O)(=O)=O.[N-]=[N+]=NC1=NC=C[NH2+]1,115.8226547241211,116.0,116.0
[O-][N+]([O-])=O.[N-]=[N+]=NC1=NC=C[NH2+]1,121.80342864990234,124.0,124.0
[O-][N+]([O-])=O.CN1NN(C)C(C)=[NH+]1,75.74036407470703,94.0,94.0
[O-][Cl](=O)(=O)=O.[N-]=[N+]=NC1=N[NH2+]C=N1,94.87818145751952,123.0,123.0
CC(C)C[N+]1=CN(C)C=C1.FC(F)(F)S(=O)(=O)[N-]S(=O)(=O)C(F)(F)F,1.0680229663848877,-16.0,-16.0
F[P-](F)(F)(F)(F)F.C[NH+]1CN(CCCCN2C[NH+](C)C=C2)C=C1,109.8729019165039,118.0,118.0
F[P-](F)(F)(F)(F)F.CC[N+]1=CC=CC=C1,92.77423858642578,103.0,103.0
CC[NH+](CC)CC=C.[O-]S(=O)(=O)C(F)(F)F,-9.073044776916504,-14.0,-14.0
CCC[NH+](C)C.[O-]S(=O)(=O)C(F)(F)F,24.76150894165039,20.0,20.0
CC[NH+](C)CC.[O-]S(=O)(=O)C(F)(F)F,26.521827697753903,-6.0,-6.0
CCC[NH+](CC)CC.[O-]S(=O)(=O)C(F)(F)F,33.1976203918457,-14.0,-14.0
C[NH+](C)CC=C.[O-]S(=O)(=O)C(F)(F)F,10.933420181274414,16.0,16.0
CCC[NH+](C)CCC.[O-]S(=O)(=O)C(F)(F)F,58.64473342895508,17.0,17.0
C[NH+](CC=C)CC=C.[O-]S(=O)(=O)C(F)(F)F,21.598087310791016,-19.0,-19.0
FC(F)(F)S(=O)(=O)[N-]S(=O)(=O)C(F)(F)F.CCCCCCCC[N+]1=C2C=CC=CC2=CC=C1,37.8228759765625,48.0,48.0
[NH3+]O.[O-][Cl](=O)(=O)=O,90.24462127685548,88.0,88.0
C[N+](C)(C)CCO.[O-]C(=O)C(F)(F)F,48.427268981933594,32.0,32.0
C[N+](C)(C)CCO.[O-]C(=O)C(F)(F)C(F)(F)F,45.76128387451172,71.0,71.0
C[N+](C)(C)CCO.[O-]C(=O)C(F)(F)C(F)(F)C(F)(F)F,43.62981414794922,39.0,39.0
C[N+](C)(C)CCO.[O-]C(=O)C(F)(F)C(F)(F)C(F)(F)C(F)(F)F,45.78463363647461,23.0,23.0
C[N+](C)(C)CCO.[O-]C(=O)C(F)(F)C(F)(F)C(F)(F)C(F)(F)C(F)(F)F,45.728492736816406,47.0,47.0
C[N+](C)(C)CCO.[O-]C(=O)C(F)(F)C(F)(F)C(F)(F)C(F)(F)C(F)(F)C(F)(F)F,44.545013427734375,48.0,48.0
C[N+](C)(C)CCO.[O-]C(=O)C(F)(F)C(F)(F)C(F)(F)C(F)(F)C(F)(F)C(F)(F)C(F)(F)F,43.31395721435547,64.0,64.0
[NH4+].[F-],104.45205688476562,110.0,110.0
CC(OC1=C(C)C=C(Cl)C=C1)C([O-])=O.CCCCCCCC[P+](CCCCCCCC)(CCCCCCCC)CCCCCCCC,40.608001708984375,10.0,10.0
CCCC[N+]1=CN(C)C=C1.CC(OC1=C(C)C=C(Cl)C=C1)C([O-])=O,-16.926280975341797,6.0,6.0
[O-]C(=O)COC1=C(Cl)C=C(Cl)C=C1.CCCCCCCCCCCC[N+]1=CC=CC=C1,4.499899864196777,-34.0,-34.0
CC1=C(OCC([O-])=O)C=CC(Cl)=C1.CCCCCCCCCCCC[N+]1=CC=CC=C1,-7.452475547790527,-31.0,-31.0
CC1=C(OCC([O-])=O)C=CC(Cl)=C1.CCCCCCCCCCCCCCCC[N+]1=CC=CC=C1,11.144424438476562,6.5,6.5
[Br-].CCCCCCCCCC[N+](C)(C)CCO,137.45849609375,156.0,156.0
[Br-].CCCCCCCCCC[N+]1(C)CCOCC1,160.07215881347656,188.0,188.0
[Br-].CCCCCCCCCCCC[N+](C)(C)CCOCCO,65.19705963134766,56.0,56.0
CC(C)[NH3+].[O-]C(=O)COC1=C(Cl)C=C(Cl)C=C1,81.04778289794922,121.0,121.0
C[NH2+]C.[O-]C(=O)COC1=C(Cl)C=C(Cl)C=C1,96.48113250732422,120.0,120.0
OCC[NH2+]CCO.[O-]C(=O)COC1=C(Cl)C=C(Cl)C=C1,73.1153793334961,83.0,83.0
OCC[NH+](CCO)CCO.[O-]C(=O)COC1=C(Cl)C=C(Cl)C=C1,111.4707260131836,143.0,143.0
CCCC[P+](CCCC)(CCCC)CC(O)=O.CCCCC(CC)COC(=O)CC(C(=O)OCC(CC)CCCC)S([O-])(=O)=O,55.82773208618164,38.0,38.0
CCCC[P+](CC)(CCCC)CCCC.CCCCCCCCCCCCCCCCCC([O-])=O,-21.56440544128418,-21.0,-21.0
CCCCCCCCCCCCCCCC[N+](C)(C)C.CC(C)C1=CC2=CCC3C(C)(CCCC3(C)C([O-])=O)C2CC1,18.25787353515625,79.0,79.0
CCCCCCCCCCCCCCCCCC[N+](C)(C)C.CC(C)C1=CC2=CCC3C(C)(CCCC3(C)C([O-])=O)C2CC1,14.99901294708252,-15.0,-15.0
CC(C)C1=CC2=CCC3C(C)(CCCC3(C)C([O-])=O)C2CC1.CCCCCCCCCC[N+](C)(C)CCCCCCCCCC,6.301398277282715,12.0,12.0
[NH-]S(=O)(=O)C(F)(F)F.CCCC[N+]1=CN(C)C=C1,9.64609718322754,17.0,17.0
[NH-]S(=O)(=O)C(F)(F)F.CCCC[N+]1(C)CCCC1,25.60006332397461,16.0,16.0
CCCC[N+](C)(C)C.[NH-]S(=O)(=O)C(F)(F)F,80.2346420288086,56.0,56.0
[NH-]S(=O)(=O)C(F)(F)F.CCCCCCCC[N+](C)(CCCCCCCC)CCCCCCCC,35.364952087402344,11.0,11.0
[I-].C[N+]1=NN2CCCCC2=C1,120.38816833496094,134.0,134.0
[I-].CC[N+]1=NN2CCCCC2=C1,90.24774932861328,114.0,114.0
[I-].CCC[N+]1=NN2CCCCC2=C1,77.85037994384766,83.0,83.0
[I-].CCCC[N+]1=NN2CCCCC2=C1,77.7406997680664,73.0,73.0
FC(F)(F)S(=O)(=O)[N-]S(=O)(=O)C(F)(F)F.COC(=O)\C=C\C1=CC=C(OCCC[N+]2=CN(C)C=C2)C=C1,55.07828521728515,84.0,84.0
FC(F)(F)S(=O)(=O)[N-]S(=O)(=O)C(F)(F)F.CCCC(CC[N+]1=CN(C)C=C1)OC1=CC=C(\C=C\C(=O)OC)C=C1,43.223026275634766,53.0,53.0
CC(C)CC1=CC=C(C=C1)C(C)C([O-])=O.C[NH+](C)CCOC(C1=CC=CC=C1)C1=CC=CC=C1,7.945996284484863,-36.0,-36.0
[O-]C(=O)COC1=C(Cl)C=C(Cl)C=C1.CCCCCCCCCCCC[N+](C)(C)CC(O)=O,65.51527404785156,64.0,64.0
CC1=C(OCC([O-])=O)C=CC(Cl)=C1.CCCCCCCCCCCC[N+](C)(C)CC(O)=O,62.470367431640625,37.0,37.0
COC1=C(C([O-])=O)C(Cl)=CC=C1Cl.CCCCCCCCCCCC[N+](C)(C)CC(O)=O,52.76603698730469,27.0,27.0
F[B-](F)(F)F.CCCCCCCN1C(C)=CC(C)=[N+]1C1=CC=CC=C1,46.92930603027344,56.0,56.0
F[P-](F)(F)(F)(F)F.CN1C(C)=CC(C)=[N+]1C1=CC=CC=C1,112.01444244384766,125.0,125.0
F[P-](F)(F)(F)(F)F.CCN1C(C)=CC(C)=[N+]1C1=CC=CC=C1,97.12346649169922,95.0,95.0
F[P-](F)(F)(F)(F)F.CCCN1C(C)=CC(C)=[N+]1C1=CC=CC=C1,85.08102416992188,102.0,102.0
F[P-](F)(F)(F)(F)F.CCCCN1C(C)=CC(C)=[N+]1C1=CC=CC=C1,68.28749084472656,61.0,61.0
F[P-](F)(F)(F)(F)F.CCCCCN1C(C)=CC(C)=[N+]1C1=CC=CC=C1,66.84919738769531,62.0,62.0
F[P-](F)(F)(F)(F)F.CCCCCCN1C(C)=CC(C)=[N+]1C1=CC=CC=C1,53.07720947265625,39.0,39.0
F[P-](F)(F)(F)(F)F.CCCCCCCN1C(C)=CC(C)=[N+]1C1=CC=CC=C1,50.97617721557617,43.0,43.0
FC(F)(F)S(=O)(=O)[N-]S(=O)(=O)C(F)(F)F.CCCCCCCC[NH+](CCCCCCCC)CCCCCCCC,59.2119026184082,4.0,4.0
[Br-].CCCCCC[P+](C1=CC=CC=C1)(C1=CC=CC=C1)C1=CC=CC=C1,185.5369110107422,202.0,202.0
FC(F)(F)S(=O)(=O)[N-]S(=O)(=O)C(F)(F)F.CCCCCC[P+](C1=CC=CC=C1)(C1=CC=CC=C1)C1=CC=CC=C1,84.74542999267578,90.0,90.0
[I-].CCCC[N+]1=CN(C)C(I)=C1I,172.43124389648438,230.0,230.0
N#C[N-]C#N.CCCC[N+]1=CN(C)C(I)=C1I,121.79328155517578,130.0,130.0
[O-]S(=O)(=O)C1=C(I)C=CC=C1.CCCC[N+]1=CN(C)C(I)=C1I,128.01351928710938,174.0,174.0
CC[N+]1(C)CCCCC1.CC1=C(OCCCC([O-])=O)C=CC(Cl)=C1,35.67266082763672,40.0,40.0
CCC[N+]1(C)CCCCC1.CC1=C(OCCCC([O-])=O)C=CC(Cl)=C1,41.56049346923828,60.0,60.0
CCCC[N+]1(C)CCCCC1.CC1=C(OCCCC([O-])=O)C=CC(Cl)=C1,40.03285598754883,64.0,64.0
CCCCC[N+]1(C)CCCCC1.CC1=C(OCCCC([O-])=O)C=CC(Cl)=C1,38.12166595458984,40.0,40.0
CCCCCCC[N+]1(C)CCCCC1.CC1=C(OCCCC([O-])=O)C=CC(Cl)=C1,14.36911678314209,20.0,20.0
CC1=C(OCCCC([O-])=O)C=CC(Cl)=C1.CCCCCCCCCC[N+]1(C)CCCCC1,18.333171844482425,19.0,19.0
CC1=C(OCCCC([O-])=O)C=CC(Cl)=C1.CCCCCCCCCCC[N+]1(C)CCCCC1,19.54644203186035,-27.0,-27.0
CC1=C(OCCCC([O-])=O)C=CC(Cl)=C1.CCCCCCCCCCCC[N+]1(C)CCCCC1,21.395530700683594,37.0,37.0
CC1=C(OCCCC([O-])=O)C=CC(Cl)=C1.CCCCCCCCCCCCCC[N+]1(C)CCCCC1,27.36505699157715,60.0,60.0
CC1=C(OCCCC([O-])=O)C=CC(Cl)=C1.CCCCCCCCCCCCCCCC[N+]1(C)CCCCC1,34.796669006347656,46.0,46.0
CC1=C(OCCCC([O-])=O)C=CC(Cl)=C1.CCCCCCCCCCCCCCCCCC[N+]1(C)CCCCC1,38.21892166137695,46.0,46.0
OS([O-])(=O)=O.N1C=C[NH+]=C1,75.82530975341797,85.0,85.0
CS([O-])(=O)=O.N1C=C[NH+]=C1,162.17782592773438,188.0,188.0
N1C=C[NH+]=C1.OS(=O)(=O)C(F)(F)F,107.93792724609376,122.9000015258789,122.9
N1C=C[NH+]=C1.FC(F)(F)S(=O)(=O)[N-]S(=O)(=O)C(F)(F)F,57.391868591308594,73.0,73.0
F[B-](F)(F)F.N1C=C[NH+]=C1,145.0404815673828,131.1999969482422,131.2
OS([O-])(=O)=O.CN1C=C[NH+]=C1,57.7486457824707,20.8799991607666,20.88
CS([O-])(=O)=O.CCN1C=C[NH+]=C1,62.148948669433594,59.0,59.0
CCN1C=C[NH+]=C1.FC(F)(F)S(=O)(=O)[N-]S(=O)(=O)C(F)(F)F,-13.420432090759276,5.0,5.0
CCCN1C=C[NH+]=C1.FC(F)(F)S(=O)(=O)[N-]S(=O)(=O)C(F)(F)F,-8.701579093933105,7.489999771118164,7.49
C[NH3+].OS([O-])(=O)=O,56.715084075927734,73.19999694824219,73.2
C[NH3+].CS([O-])(=O)=O,79.99817657470703,91.0,91.0
C[NH3+].[O-]C(=O)C(F)(F)F,51.65089416503906,61.0,61.0
C[NH3+].F[B-](F)(F)F,82.56978607177734,77.0999984741211,77.1
C[NH3+].[O-]N(=O)=O,96.64221954345705,111.0,111.0
C[NH3+].OP(O)([O-])=O,82.43518829345703,96.8000030517578,96.8
[Br-].C[NH3+],225.8445587158203,237.0,237.0
CC[NH3+].CS([O-])(=O)=O,124.19800567626952,112.5,112.5
CC[NH3+].[O-]S(=O)(=O)C(F)(F)F,141.06280517578125,173.0,173.0
CC[NH3+].[O-]C(=O)C(F)(F)F,43.88356018066406,58.0,58.0
CC[NH3+].F[B-](F)(F)F,164.87742614746094,152.39999389648438,152.4
CC[NH3+].OP(O)([O-])=O,134.7321319580078,134.0,134.0
[Cl-].CC[NH3+],111.47708129882812,109.0,109.0
CCC[NH3+].OS([O-])(=O)=O,41.14495086669922,33.900001525878906,33.9
CCC[NH3+].[O-]S(=O)(=O)C(F)(F)F,87.85723114013672,176.0,176.0
CCC[NH3+].OP(O)([O-])=O,109.61847686767578,145.60000610351562,145.6
[Br-].CCC[NH3+],186.3508758544922,186.1999969482422,186.2
CCCC[NH3+].OS([O-])(=O)=O,61.9625244140625,33.5,33.5
CCCC[NH3+].CS([O-])(=O)=O,117.43502044677734,131.8000030517578,131.8
CCCC[NH3+].[O-]S(=O)(=O)C(F)(F)F,97.21067810058594,178.0,178.0
CCCC[NH3+].FC(F)(F)S(=O)(=O)[N-]S(=O)(=O)C(F)(F)F,29.3686466217041,20.0,20.0
CCCC[NH3+].F[B-](F)(F)F,176.4303436279297,198.1999969482422,198.2
[O-]N(=O)=O.CCCC[NH3+],46.364036560058594,30.0,30.0
CCCC[NH3+].OP(O)([O-])=O,95.78385925292967,113.3000030517578,113.3
[Br-].CCCC[NH3+],204.0926055908203,205.0,205.0
C[NH2+]C.OS([O-])(=O)=O,41.687721252441406,40.099998474121094,40.1
C[NH2+]C.CS([O-])(=O)=O,83.33948516845703,122.0999984741211,122.1
C[NH2+]C.[O-]S(=O)(=O)C(F)(F)F,89.20687103271484,114.0,114.0
C[NH2+]C.[O-]C=O,14.372443199157717,-13.0,-13.0
C[NH2+]C.[O-]N(=O)=O,75.85433197021484,75.0,75.0
C[NH2+]C.OP(O)([O-])=O,108.91210174560548,117.3000030517578,117.3
CC[NH2+]CC.[O-]S(=O)(=O)C(F)(F)F,99.10686492919922,127.0,127.0
[O-]N(=O)=O.CC[NH2+]CC,78.3907241821289,96.0,96.0
CC[NH2+]CC.OP(O)([O-])=O,100.48660278320312,148.0,148.0
[Br-].CC[NH2+]CC,232.0920257568359,208.0,208.0
[Cl-].CC[NH2+]CC,210.69515991210935,220.0,220.0
CCCCCCCC[N+]1=CNC=C1.FC(F)(F)S(=O)(=O)[N-]S(=O)(=O)C(F)(F)F,-5.9608869552612305,-0.75,-0.75
CCCCCCCCC[N+]1=CNC=C1.FC(F)(F)S(=O)(=O)[N-]S(=O)(=O)C(F)(F)F,-2.2743980884552,17.549999237060547,17.55
CCCCCCCCCC[N+]1=CNC=C1.FC(F)(F)S(=O)(=O)[N-]S(=O)(=O)C(F)(F)F,2.433320999145508,6.75,6.75
[O-]S(=O)(=O)C(F)(F)F.CCCN1C=C[N+](C)=C1,28.756610870361328,5.949999809265137,5.95
[O-]S(=O)(=O)C(F)(F)F.CCCCCCCN1C=C[N+](C)=C1,24.801944732666016,-15.050000190734863,-15.05
[O-]S(=O)(=O)C(F)(F)F.CCCCCCCCCN1C=C[N+](C)=C1,36.74886322021485,9.649999618530272,9.65
CS([O-])(=O)=O.CCCCCCN1C=C[N+](C)=C1,50.70069122314453,36.349998474121094,36.35
CS([O-])(=O)=O.CCCCCCCN1C=C[N+](C)=C1,51.054100036621094,37.04999923706055,37.05
[Br-].C[N+](C)(C)C12CC3CC(CC(C3)C1)C2,292.1162109375,300.0,300.0
[Br-].CC[N+](C)(C)C12CC3CC(CC(C3)C1)C2,237.88197326660156,253.0,253.0
[Br-].CCCC[N+](C)(C)C12CC3CC(CC(C3)C1)C2,212.1781463623047,222.0,222.0
[Br-].CCCCCC[N+](C)(C)C12CC3CC(CC(C3)C1)C2,195.63180541992188,198.0,198.0
[Br-].CCCCCCCC[N+](C)(C)C12CC3CC(CC(C3)C1)C2,196.79771423339844,211.0,211.0
[Br-].CCCCCCCCCC[N+](C)(C)C12CC3CC(CC(C3)C1)C2,198.02442932128903,211.0,211.0
[Br-].CCCCCCCCCCCC[N+](C)(C)C12CC3CC(CC(C3)C1)C2,199.5128936767578,208.0,208.0
F[B-](F)(F)F.C[N+](C)(C)C12CC3CC(CC(C3)C1)C2,231.79913330078125,274.29998779296875,274.3
F[B-](F)(F)F.CC[N+](C)(C)C12CC3CC(CC(C3)C1)C2,221.8639678955078,239.1999969482422,239.2
F[B-](F)(F)F.CCCC[N+](C)(C)C12CC3CC(CC(C3)C1)C2,165.3781280517578,169.8000030517578,169.8
F[B-](F)(F)F.CCCCCC[N+](C)(C)C12CC3CC(CC(C3)C1)C2,150.05406188964844,158.60000610351562,158.6
F[B-](F)(F)F.CCCCCCCC[N+](C)(C)C12CC3CC(CC(C3)C1)C2,156.36656188964844,139.1999969482422,139.2
F[B-](F)(F)F.CCCCCCCCCC[N+](C)(C)C12CC3CC(CC(C3)C1)C2,167.2048797607422,177.60000610351562,177.6
F[B-](F)(F)F.CCCCCCCCCCCC[N+](C)(C)C12CC3CC(CC(C3)C1)C2,177.2022247314453,190.5,190.5
F[P-](F)(F)(F)(F)F.C[N+](C)(C)C12CC3CC(CC(C3)C1)C2,244.2423553466797,289.0,289.0
F[P-](F)(F)(F)(F)F.CC[N+](C)(C)C12CC3CC(CC(C3)C1)C2,232.10708618164065,247.0,247.0
F[P-](F)(F)(F)(F)F.CCCC[N+](C)(C)C12CC3CC(CC(C3)C1)C2,203.0995635986328,197.1000061035156,197.1
F[P-](F)(F)(F)(F)F.CCCCCC[N+](C)(C)C12CC3CC(CC(C3)C1)C2,182.35792541503903,189.0,189.0
F[P-](F)(F)(F)(F)F.CCCCCCCC[N+](C)(C)C12CC3CC(CC(C3)C1)C2,181.2715301513672,162.3000030517578,162.3
F[P-](F)(F)(F)(F)F.CCCCCCCCCC[N+](C)(C)C12CC3CC(CC(C3)C1)C2,184.3716278076172,188.0,188.0
F[P-](F)(F)(F)(F)F.CCCCCCCCCCCC[N+](C)(C)C12CC3CC(CC(C3)C1)C2,179.4237823486328,195.0,195.0
[O-]S(=O)(=O)C(F)(F)F.C[N+](C)(C)C12CC3CC(CC(C3)C1)C2,191.1929626464844,240.0,240.0
[O-]S(=O)(=O)C(F)(F)F.CC[N+](C)(C)C12CC3CC(CC(C3)C1)C2,164.95761108398438,182.0,182.0
[O-]S(=O)(=O)C(F)(F)F.CCCC[N+](C)(C)C12CC3CC(CC(C3)C1)C2,102.46855926513672,101.9000015258789,101.9
[O-]S(=O)(=O)C(F)(F)F.CCCCCC[N+](C)(C)C12CC3CC(CC(C3)C1)C2,116.16600799560548,123.1999969482422,123.2
[O-]S(=O)(=O)C(F)(F)F.CCCCCCCC[N+](C)(C)C12CC3CC(CC(C3)C1)C2,122.2408218383789,151.3000030517578,151.3
[O-]S(=O)(=O)C(F)(F)F.CCCCCCCCCC[N+](C)(C)C12CC3CC(CC(C3)C1)C2,126.7449722290039,104.3000030517578,104.3
[O-]S(=O)(=O)C(F)(F)F.CCCCCCCCCCCC[N+](C)(C)C12CC3CC(CC(C3)C1)C2,122.14249420166016,102.6999969482422,102.7
FS(=O)(=O)[N-]S(F)(=O)=O.C[N+](C)(C)C12CC3CC(CC(C3)C1)C2,68.16124725341797,78.30000305175781,78.3
FS(=O)(=O)[N-]S(F)(=O)=O.CC[N+](C)(C)C12CC3CC(CC(C3)C1)C2,72.2562026977539,123.6999969482422,123.7
FS(=O)(=O)[N-]S(F)(=O)=O.CCCC[N+](C)(C)C12CC3CC(CC(C3)C1)C2,44.68465423583984,65.19999694824219,65.2
FS(=O)(=O)[N-]S(F)(=O)=O.CCCCCC[N+](C)(C)C12CC3CC(CC(C3)C1)C2,55.44379806518555,67.5999984741211,67.6
FS(=O)(=O)[N-]S(F)(=O)=O.CCCCCCCC[N+](C)(C)C12CC3CC(CC(C3)C1)C2,64.82786560058594,76.30000305175781,76.3
FS(=O)(=O)[N-]S(F)(=O)=O.CCCCCCCCCC[N+](C)(C)C12CC3CC(CC(C3)C1)C2,80.80113983154297,92.6999969482422,92.7
FS(=O)(=O)[N-]S(F)(=O)=O.CCCCCCCCCCCC[N+](C)(C)C12CC3CC(CC(C3)C1)C2,87.0027084350586,102.3000030517578,102.3
C[N+](C)(C)C12CC3CC(CC(C3)C1)C2.FC(F)(F)S(=O)(=O)[N-]S(=O)(=O)C(F)(F)F,79.85990142822266,97.1999969482422,97.2
CC[N+](C)(C)C12CC3CC(CC(C3)C1)C2.FC(F)(F)S(=O)(=O)[N-]S(=O)(=O)C(F)(F)F,86.15056610107422,117.6999969482422,117.7
FC(F)(F)S(=O)(=O)[N-]S(=O)(=O)C(F)(F)F.CCCC[N+](C)(C)C12CC3CC(CC(C3)C1)C2,35.14145278930664,53.599998474121094,53.6
FC(F)(F)S(=O)(=O)[N-]S(=O)(=O)C(F)(F)F.CCCCCC[N+](C)(C)C12CC3CC(CC(C3)C1)C2,49.73381805419922,30.600000381469727,30.6
FC(F)(F)S(=O)(=O)[N-]S(=O)(=O)C(F)(F)F.CCCCCCCC[N+](C)(C)C12CC3CC(CC(C3)C1)C2,46.036624908447266,38.70000076293945,38.7
FC(F)(F)S(=O)(=O)[N-]S(=O)(=O)C(F)(F)F.CCCCCCCCCC[N+](C)(C)C12CC3CC(CC(C3)C1)C2,66.06803894042969,51.20000076293945,51.2
FC(F)(F)S(=O)(=O)[N-]S(=O)(=O)C(F)(F)F.CCCCCCCCCCCC[N+](C)(C)C12CC3CC(CC(C3)C1)C2,73.34976959228516,46.20000076293945,46.2
F[B-](F)(F)F.CCCC[N+](C)(C)C,171.97988891601562,188.8000030517578,188.8
F[B-](F)(F)F.CCCC[N+](C)(C)C,171.97988891601562,188.8000030517578,191.0
F[B-](F)(F)F.CCCCCCCC[N+](C)(C)C,125.11649322509766,133.39999389648438,133.4
F[B-](F)(F)F.CCCCCCCCCC[N+](C)(C)C,110.5285415649414,125.8000030517578,125.8
F[P-](F)(F)(F)(F)F.CCCC[N+](C)(C)C,161.2472686767578,169.3000030517578,169.3
F[P-](F)(F)(F)(F)F.CCCCCC[N+](C)(C)C,156.70664978027344,225.3999938964844,225.4
F[P-](F)(F)(F)(F)F.CCCCCCCC[N+](C)(C)C,153.5867462158203,143.89999389648438,143.9
F[P-](F)(F)(F)(F)F.CCCCCCCCCC[N+](C)(C)C,149.54791259765625,175.6999969482422,175.7
CCCC[N+](C)(C)C.[O-]S(=O)(=O)C(F)(F)F,110.9022445678711,79.9000015258789,79.9
[O-]S(=O)(=O)C(F)(F)F.CCCCCC[N+](C)(C)C,135.0631103515625,139.5,139.5
[O-]S(=O)(=O)C(F)(F)F.CCCCCCCC[N+](C)(C)C,140.88597106933594,140.8000030517578,140.8
[O-]S(=O)(=O)C(F)(F)F.CCCCCCCCCC[N+](C)(C)C,145.91249084472656,150.1999969482422,150.2
CCCC[N+](C)(C)C.FS(=O)(=O)[N-]S(F)(=O)=O,16.932918548583984,17.899999618530273,17.9
FS(=O)(=O)[N-]S(F)(=O)=O.CCCCCC[N+](C)(C)C,25.496421813964844,46.70000076293945,46.7
FS(=O)(=O)[N-]S(F)(=O)=O.CCCCCCCC[N+](C)(C)C,12.859999656677246,7.179999828338623,7.18
FS(=O)(=O)[N-]S(F)(=O)=O.CCCCCCCCCC[N+](C)(C)C,16.245277404785156,0.0,0.0
[Br-].CCCC[N+](C)(C)C,239.67938232421875,212.5,212.5
[Br-].CCCCCC[N+](C)(C)C,187.2057647705078,186.8000030517578,186.8
[Br-].CCCCCCCC[N+](C)(C)C,196.20281982421875,215.8999938964844,215.9
[Br-].CCCCCCCCCC[N+](C)(C)C,207.50437927246097,235.6000061035156,235.6
[Br-].CC[N+]1(C)CCC(O)CC1,234.61981201171875,293.5,293.5
[Br-].CCCC[N+]1(C)CCC(O)CC1,141.4914093017578,150.5,150.5
[Br-].CCCCCC[N+]1(C)CCC(O)CC1,82.31725311279297,81.0,81.0
[Br-].CCCCCCCC[N+]1(C)CCC(O)CC1,94.90181732177734,102.5,102.5
[Br-].CCCCCCCCCC[N+]1(C)CCC(O)CC1,119.07498931884766,146.5,146.5
[Br-].CCCCCCCCCCCC[N+]1(C)CCC(O)CC1,149.1205291748047,205.0,205.0
[Br-].CCCCCCCCCCCCCC[N+]1(C)CCC(O)CC1,168.0899658203125,209.5,209.5
[Br-].CCCCCCCCCCCCCCCC[N+]1(C)CCC(O)CC1,180.1908416748047,212.5,212.5
CCC[NH2+]CCC.[O-]S(=O)(=O)C(F)(F)F,138.95237731933594,136.0,136.0
[O-]C=O.CCC[NH2+]CCC,49.980716705322266,-28.0,-28.0
CC([O-])=O.CCC[NH2+]CCC,16.89552116394043,13.0,13.0
[Br-].CCC[NH2+]CCC,246.92160034179688,265.0,265.0
OS([O-])(=O)=O.CCCC[NH2+]CCCC,113.7931671142578,130.89999389648438,130.9
[O-]S(=O)(=O)C(F)(F)F.CCCC[NH2+]CCCC,131.2427520751953,140.0,140.0
CCCC[NH2+]CCCC.FC(F)(F)S(=O)(=O)[N-]S(=O)(=O)C(F)(F)F,60.642601013183594,42.599998474121094,42.6
F[B-](F)(F)F.CCCC[NH2+]CCCC,164.01596069335938,212.8000030517578,212.8
OP(O)([O-])=O.CCCC[NH2+]CCCC,87.1612319946289,98.0,98.0
[Br-].CCCC[NH2+]CCCC,253.6310882568359,290.0,290.0
C[NH+](C)C.[O-]S(=O)(=O)C(F)(F)F,135.56463623046875,150.0,150.0
C[NH+](C)C.[O-]N(=O)=O,117.59923553466795,155.0,155.0
OS([O-])(=O)=O.CC[NH+](CC)CC,72.9161605834961,84.19999694824219,84.2
CC[NH+](CC)CC.[O-]S(=O)(=O)C(F)(F)F,53.252777099609375,32.0,32.0
CC([O-])=O.CC[NH+](CC)CC,8.496637344360352,-18.0,-18.0
F[B-](F)(F)F.CC[NH+](CC)CC,89.34210205078125,104.3000030517578,104.3
[O-]N(=O)=O.CC[NH+](CC)CC,103.39580535888672,115.0,115.0
[Br-].CC[NH+](CC)CC,248.1907196044922,239.0,239.0
[Cl-].CC[NH+](CC)CC,224.1333770751953,244.0,244.0
OS([O-])(=O)=O.CCC[NH+](CCC)CCC,74.50525665283203,92.0,92.0
[O-]S(=O)(=O)C(F)(F)F.CCC[NH+](CCC)CCC,91.85221862792967,160.0,160.0
CCC[NH+](CCC)CCC.FC(F)(F)S(=O)(=O)[N-]S(=O)(=O)C(F)(F)F,37.95307159423828,49.0,49.0
F[B-](F)(F)F.CCC[NH+](CCC)CCC,41.552032470703125,25.0,25.0
[O-]S(=O)(=O)C(F)(F)F.CCCC[NH+](CCCC)CCCC,112.45323944091795,128.0,128.0
CCCC[NH+](CCCC)CCCC.FC(F)(F)S(=O)(=O)[N-]S(=O)(=O)C(F)(F)F,45.91362380981445,40.0,40.0
[F-].OCC[NH+](CCO)CCO,78.67027282714844,67.0,67.0
OC(=O)CC([O-])=O.OCC[NH+](CCO)CCO,78.78888702392578,85.0,85.0
OS([O-])(=O)=O.OCC[NH+](CCO)CCO,31.467182159423828,53.0,53.0
[Br-].OCC[NH+](CCO)CCO,158.38108825683594,180.0,180.0
[I-].OCC[NH+](CCO)CCO,143.37232971191406,125.0,125.0
[N-]1C=CN=N1.CCCC[N+]1=CN(C)C=C1,-43.39805221557617,-70.0,-70.0
F[P-](F)(F)(F)(F)F.CCC1(C=CC=CC1C1=C(F)C=C(F)C=C1)[N+]1=CC=CC=C1,181.26768493652344,145.0,145.0
C[Si](C)(C)CCS([O-])(=O)=O.CCCCCCCCCCCCCCCC[P+](CCCC)(CCCC)CCCC,10.919144630432127,5.0,5.0
[I-].CC[N+]1=C(C=CC=C1)C1=CC=CC=C1,76.93474578857422,70.0,70.0
O[N+](=O)C1=C[N-]C=N1.C1CN=C2CCCCC[NH+]2C1,41.187721252441406,50.0,50.0
C[Si](C)(C)CCS([O-])(=O)=O.CCCCCCCCCCCC[P+](CCCC)(CCCC)CCCC,18.049022674560547,-6.0,-6.0
[N-]1C=NC=N1.CCCC[N+]1=CN(C)C=C1,-44.11276626586914,-68.0,-68.0
CN1C=C[N+](CCN2CCCCC2)=C1.FC(F)(F)S(=O)(=O)[N-]S(=O)(=O)C(F)(F)F,-16.190067291259766,-67.0,-67.0
O[N+](=O)C1=NC=C[N-]1.C1CN=C2CCCCC[NH+]2C1,65.4327163696289,100.0,100.0
F[P-](F)(F)(F)(F)F.CC1(C=CC=CC1C1=C(F)C=C(F)C=C1)[N+]1=CC=CC=C1,196.2855987548828,225.0,225.0
CCN(CC)CC[N+]1=CN(C)C=C1.FC(F)(F)S(=O)(=O)[N-]S(=O)(=O)C(F)(F)F,-16.673633575439453,-84.0,-84.0
[I-].C[N+]1=C(C=CC=C1)C1=CC=CC=C1,133.56581115722656,150.0,150.0
C[Si](C)(C)CCCS([O-])(=O)=O.CCCCCCCCCCCCCCCC[P+](CCCC)(CCCC)CCCC,12.116070747375488,-5.0,-5.0
C[Si](C)(C)CCCS([O-])(=O)=O.CCCCCCCCCCCC[P+](CCCC)(CCCC)CCCC,20.740196228027344,2.0,2.0
[I-].CCC1(C=CC=CC1C1=C(F)C=C(F)C=C1)[N+]1=CC=CC=C1,128.41236877441406,130.0,130.0
[N-]1C=NC=N1.CCCC[N+]1(C)CCCC1,-53.51157760620117,-68.0,-68.0
F[P-](F)(F)(F)(F)F.C[N+]1=C(C=CC=C1)C1=CC=CC=C1,112.80689239501952,170.0,170.0
F[P-](F)(F)(F)(F)F.CC[N+]1=C(C=CC=C1)C1=CC=CC=C1,124.23686981201172,130.0,130.0
[I-].C[N+]1=C(C=CC=C1)C1=C(F)C=C(F)C=C1,187.40525817871097,195.0,195.0
N#C[N-]C#N.CC[P+](CC)(CC)COC,3.163257598876953,-11.0,-11.0
CCOCC[N+]1(C)CCCC1.F[B-](F)(F)C(F)(F)C(F)(F)F,1.6333818435668943,-6.0,-6.0
[O-]N(=O)=O.CCCCCCCCCCCCCC[P+](CCCCCC)(CCCCCC)CCCCCC,22.425506591796875,6.0,6.0
CC[N+](CC)(CC)CC.FC(F)(F)C(F)(F)S(=O)(=O)[N-]S(F)(=O)=O,15.41799545288086,6.0,6.0
CCCCC1=CC=C(C=C1)[N+]#N.FC(F)(F)S(=O)(=O)[N-]S(=O)(=O)C(F)(F)F,12.184168815612791,7.199999809265137,7.2
F[B-](F)(F)F.CC[N+](C)(C)CCOC,11.277365684509276,7.800000190734863,4.0
F[B-](F)(F)F.CC[N+](C)(C)CCOC,11.277365684509276,7.800000190734863,7.8
CC[N+](CC)(CC)CC.FC(F)(F)S(=O)(=O)[N-]S(F)(=O)=O,40.46946334838867,8.5,8.5
CC[N+]1=C(CCC1)OC.FS(=O)(=O)[N-]S(F)(=O)=O,13.86062717437744,9.0,9.0
CC[N+](C)(C)COC.F[B-](F)(F)C(F)(F)C(F)(F)F,-15.341752052307127,11.0,11.0
F[P](F)(F)(F)(F)F.CCCC[N+]1=CN(C)C=C1,60.17716979980469,12.640000343322754,12.64
CCCCCC[N+]1=CSC=C1.FC(F)(F)S(=O)(=O)[N-]S(=O)(=O)C(F)(F)F,26.238628387451172,16.0,16.0
CCC([O-])=O.CCCC[N+](CCCC)(CCCC)CCCC,9.584247589111328,17.0,17.0
FC(F)(F)S(=O)(=O)[N-]S(=O)(=O)C(F)(F)F.CCCCCCCCCCCC[N+]1=CNC=C1,15.29942512512207,17.739999771118164,17.74
F[B-](F)(F)F.CCCCCCCCCCCN1C=C[N+](C)=C1,43.401336669921875,21.399999618530273,21.4
CCOS([O-])(=O)=O.CC[N+]1=CC=C(C=C1)C#N,39.447601318359375,25.0,25.0
CCCC[N+]1=CC=CC(=C1)C#N.FC(F)(F)S(=O)(=O)[N-]S(=O)(=O)C(F)(F)F,25.442947387695312,25.0,25.0
N[C@@H](CCCNC(N)=N)C([O-])=O.CCCC[P+](CCCC)(CCCC)CCCC,44.89038848876953,30.700000762939453,30.7
[N-]1C=CC=N1.CCCCCCCCCCCCCC[N+](C)(C)CC,46.795413970947266,31.0,31.0
CC(C)N(CC[N+]1=CN(C)C=C1)C(C)C.FC(F)(F)S(=O)(=O)[N-]S(=O)(=O)C(F)(F)F,39.546241760253906,33.0,33.0
CC[N+]1=C(C)NC=C1.[O-]S(=O)(=O)OC(C(F)(F)F)C(F)(F)F,18.678869247436523,33.0,33.0
FS(=O)(=O)[N-]S(F)(=O)=O.CCCCCCCC[N+]1=CC2=CC=CC=C2C=C1,32.46296691894531,33.84000015258789,33.84
CC(C)C([O-])=O.C[N+](C)(C)CCO,46.38032150268555,35.0,35.0
[Br-].CCCCCCCCCCCC[N+]1=C(C)N(CCCC)C=C1,57.9171257019043,35.29999923706055,35.3
C[N+](C)(C)C.[O-]S(=O)(=O)CCCN1CCOCC1,85.70047760009766,36.400001525878906,36.4
[N-]1C=NN=C1.CCCCCCCCCCCCCCCC[N+](C)(C)C,30.52972412109375,36.599998474121094,36.6
[O-]C(=O)C1=CC=CC=N1.CCCC[N+](CCCC)(CCCC)CCCC,72.46241760253906,37.5,37.5
F[B-](F)(F)F.CCCCCCCCCCCCCCN1C=C[N+](C)=C1,58.392669677734375,38.0,38.0
[O-]N(=O)=O.CC[NH+]1C=NC(=C1)N(=O)=O,28.478479385375977,40.0,40.0
[O-]S(=O)(=O)C(F)(F)F.CC[N+](CC)=C(C)OC,45.60533142089844,41.0,41.0
CCC[N+](C)(C)C.FS(=O)(=O)[N-]S(F)(=O)=O,22.24556350708008,42.0,42.0
CCC[N+]1=CN(C=C1)C1=CC=C(C)C=C1.FC(F)(F)S(=O)(=O)[N-]S(=O)(=O)C(F)(F)F,26.702472686767575,42.0,42.0
F[P-](F)(F)(F)(F)F.CCCC[N+]1=CC=C(C)C=C1,65.45773315429688,43.0,43.0
[O-]S(=O)(=O)C(F)(F)F.CCCCCCCCCCN1C=[N+](CCF)C=N1,51.88116836547851,46.0,46.0
[Br-].C[N+]1(CCCCCC#N)CCCC1,49.97890090942383,46.0,46.0
C[N+](C)(C)CCO.[O-]C(=O)C1=CC=CC=C1,50.60175704956055,47.0,47.0
F[B-](F)(F)F.CCC[N+](CCC)(CCC)CCOCC,63.97469329833984,50.29999923706055,50.3
CC[N+](C)(C)CCCC(F)(F)F.FC(F)(F)S(=O)(=O)[N-]S(=O)(=O)C(F)(F)F,48.20183563232422,51.0,51.0
[Cl-].C[N+]1=CN(CC=C)C=C1,64.28665924072266,52.0,52.0
CC([O-])=O.CC[NH+](CC)CCOC(=O)C1=CC=C(N)C=C1,30.23883056640625,52.0,52.0
[I-].CCCCCCCCCCCCCCCC[N+]1=CN(C=C1)C1=C(C)C=CC=C1,80.7914810180664,52.0,52.0
[Br-].CCCCCCCC[N+]1=CN(CC2=CC(CN3C=C[N+](CCCCCCCC)=C3)=CC(CN3C=CN=C3)=C2)C=C1,76.3271255493164,53.099998474121094,53.1
[N-]1C=CN=C1.CCCCCCCCCCCCCC[N+](C)(C)CC,30.489601135253903,54.0,54.0
[O-]S(=O)(=O)C(F)(F)F.CCCC[N+]1(C)CCCCCC1,78.06834411621094,55.0,55.0
FC(F)(F)S(=O)(=O)[N-]S(=O)(=O)C(F)(F)F.CCCCCC[N+]1=CC=C(C=C1)C1=CC=NC=C1,47.85078430175781,56.0,56.0
C[N+]1(C)CCCC1.O=N(=O)C1=C[N-]N=N1,75.0260238647461,57.0,57.0
CC1=CC=C(C=C1)S([O-])(=O)=O.CCCCCCCC[N+](CCCCCCCC)(CCCCCCCC)CCCCCCCC,80.23253631591797,57.5,57.5
CCN1C=[N+](C)C(C)=C1C.FC(F)(F)S(=O)(=O)[N-]S(=O)(=O)C(F)(F)F,33.03129577636719,58.0,58.0
F[B-](F)(F)F.CC(C)[N+]1=CN(C)C(=C1)P(=O)(C1=CC=CC=C1)C1=CC=CC=C1,75.66769409179688,59.0,59.0
[I-].CCCC[N+]1(CCCC#N)CCCC1,77.36687469482422,60.0,60.0
[O-]S(=O)(=O)C(F)(F)F.C(C1=CC=CC=C1)[N+]1=CC=CC=C1,74.24091339111328,61.0,61.0
N#C[N-]C#N.CCCCCCCCCCCCCCOC(=O)C[N+](C)(C)C,57.20785140991211,61.0,61.0
CC(=O)OC1=CC=CC=C1C([O-])=O.CCCCCCCCCCCCCCCC[N+]1=CC=CC=C1,91.61656188964844,61.310001373291016,61.31
[Cl-].CCCCCCCCCCCCN1C=C[N+](CC2=CC=CC=C2)=C1C,90.11186981201172,62.0,62.0
N#C[N-]C#N.CCCC[P+](CCCC)(CCCC)CCCC,35.787269592285156,62.0,62.0
[Br-].CCC[N+]1=CN(C=C1)C1=C(C)C=C(C)C=C1,84.54304504394531,62.0,62.0
[Br-].CC[N+](CCO)(CCO)CCO,56.536651611328125,62.79999923706055,62.8
F[P](F)(F)(F)(F)F.CCCCC[N+]1=C(CC)OC[C@@H]1C(C)C,76.80461120605469,63.0,63.0
[O-]N(=O)=O.CN1C=C[N+](CC#C)=C1,84.98595428466797,63.0,63.0
N#C[N-]C#N.CCCCCCCCCCCCCCCCOC(=O)C[N+](C)(C)C,57.976444244384766,63.0,63.0
F[P](F)(F)(F)(F)F.CCCCCCCCCCCCCC[N+]1=CN(C)C=C1,81.09812927246094,65.0999984741211,65.1
FS(=O)(=O)[N-]S(F)(=O)=O.CCCCCCCCCCCCCCCCCCN1C=C[N+](C)=C1,69.63412475585938,65.69999694824219,65.7
FC(F)(F)S(=O)(=O)[N-]S(=O)(=O)C(F)(F)F.CCCCCCCCCCCCCCCCCCCCCCN1C=C[N+](C)=C1,63.4268798828125,65.9000015258789,65.9
CCCCC1=CC=C(C=C1)[B-](F)(F)F.CCCC[N+](CCCC)(CCCC)CCCC,63.98055267333984,66.0,66.0
N#C[N-]C#N.C[N+]1=CN(CC#N)C=C1,55.3321647644043,67.0,67.0
[Cl-].OC(COC1CCCCC1)C[N+]1=CC=CC=C1,56.17205429077149,67.93000030517578,67.93
COC1=C(\C=C\C([O-])=O)C=CC=C1.CCCCCCCCCCCC[N+]1=CN(C)C=C1,77.84764862060547,68.0,68.0
[Cl-].CC(C)(C)OC(=O)NCCN1C=C[N+](=C1)C(C1=CC=CC=C1)(C1=CC=CC=C1)C1=CC=CC=C1,67.87165832519531,68.0,68.0
FC(F)(F)S(=O)(=O)[N-]S(=O)(=O)C(F)(F)F.CCCCN1C=[N+](CCC(F)(F)C(F)(F)C(F)(F)C(F)(F)F)C=N1,45.79224395751953,69.0,69.0
FC(F)(F)S(=O)(=O)[N-]S(=O)(=O)C(F)(F)F.CCCCCCCCCCCCCCCCCC[N+]1(C)CCCC1,75.04071807861328,72.0,72.0
OP(O)([O-])=O.CCCC[N+]1=CN(C)C=C1,51.44740295410156,73.0,73.0
[Br-].CCCCCCCCCCCCCCCCCC[N+]1=CC=CC=C1,73.63017272949219,74.0,74.0
[Br-].CCCCCC[N+]1(C)CCCC1,102.1415557861328,74.0,74.0
[I-].CCCC[N+]1=CN(C=C1)C1=CC=C(CC)C=C1,99.31061553955078,75.5999984741211,75.6
COC1=CC=CC(=C1)[B-](F)(F)F.CCCC[N+](CCCC)(CCCC)CCCC,75.65059661865234,75.69999694824219,75.7
CS([O-])(=O)=O.CN1C(C)=CC(C)=[N+]1C1=CC=C(Br)C=C1,91.79117584228516,76.30000305175781,76.3
CCC[N+](C)(C)C.F[B-](F)(F)C1=CC=CC=C1,75.06255340576172,76.83999633789062,76.84
[Br-].CCCCCCCCCCCCCCOC1=CC=[N+](CCCCCCCCCCCCCC)C=C1,89.2894058227539,76.9000015258789,76.9
[Br-].CCCCCCCCCCCCCC[N+]1=CC=C(C)C=C1,90.69193267822266,77.0,77.0
CN1C=C[N+](CCON(=O)=O)=C1.[O-]C1=C(C=C(C=C1N(=O)=O)N(=O)=O)N(=O)=O,92.04491424560548,81.0,81.0
[Br-].CCCC[N+](CCCC)(CCCC)CC(=O)OCC,63.05201721191406,83.0,83.0
[O-][I](=O)(=O)=O.CO[N+]1(C)CCOCC1,83.49559020996094,83.5,83.5
[Br-].CC[N+](C)(CC)CCOC,75.94026947021484,85.0,85.0
[Br-].CC[N+]1=CN(C=C)N=C1,89.13419342041016,85.0,85.0
[I-].CCN1C=[N+](CC)C=N1,68.97672271728516,85.0,85.0
CS([O-])(=O)=O.CCCCCCCCCCCCCCCCN1C=C[N+](CCCS(O)(=O)=O)=C1,85.9505844116211,85.0,85.0
[Br-].CCCCCCCCCC[N+]1=CC=CC2=CC=CC=C12,95.15718841552734,86.5999984741211,86.6
F[P](F)(F)(F)(F)F.CCCCCCCC[N+](CC)(CC)CC,94.35700225830078,88.30000305175781,88.3
[I-].C[N+](C)(C)CCN=[N]#N,87.40068817138672,89.0,89.0
[Cl-].C[N+]1(C)CCOCC1,82.49822235107422,90.0,90.0
[I-].CCCCCCN1C=C[N+](CCC(F)(F)C(F)(F)C(F)(F)C(F)(F)C(F)(F)C(F)(F)C(F)(F)C(F)(F)F)=C1,88.81871795654297,90.0,90.0
[I-].CCCCCCCCCCCC[N+]1=CSC2=C1C=CC=C2,86.47953033447266,90.5,90.5
CCCC[N+](CCCC)(CCCC)CCCC.FC(F)(F)C1=CC(=CC(=C1)[B-](C1=CC(=CC(=C1)C(F)(F)F)C(F)(F)F)(C1=CC(=CC(=C1)C(F)(F)F)C(F)(F)F)C1=CC(=CC(=C1)C(F)(F)F)C(F)(F)F)C(F)(F)F,70.69707489013672,92.0,92.0
[O-]S(=O)(=O)C(F)(F)F.CCN1C=C([N+](C)=C1)N(=O)=O,75.83290100097656,92.0,92.0
CS([O-])(=O)=O.CCCCCC[N+]1=C(C)C=C(C)N1C,71.37611389160156,92.0,92.0
CC[N+](C)(CC)CC.F[B-](C#N)(C#N)C#N,82.77045440673828,93.0,93.0
[O-]C(=O)C([O-])=O.CCCC[P+](CCCC)(CCCC)CCCC,88.54357147216797,93.0,93.0
[NH3+]C(=O)C1=CC=CN=C1.CC(C)CC1=CC=C(C=C1)C(C)C([O-])=O,91.41959381103516,93.8000030517578,93.8
[I-].CN1C=C[N+](CCC(F)(F)C(F)(F)C(F)(F)C(F)(F)C(F)(F)C(F)(F)F)=C1,94.92156982421876,94.0,94.0
[Br-].CCC[N+]1=CN(C=C1)C1=CC=CC=C1,97.65703582763672,94.0,94.0
CC1=CC=C(C=C1)S([O-])(=O)=O.CCCCCCCCCCCCCCCCCCCCCC[N+]1=CC=C(C=C1)C1=CC=CC=C1,69.30188751220703,94.0,94.0
[Br-].CCCCCCN1C=CC=[N+]1CCCCCC,89.73755645751953,94.1999969482422,94.2
F[P](F)(F)(F)(F)F.N#CCCC[N+]1=CC=CC=C1,77.37814331054688,95.0,95.0
F[B-](F)(F)F.CCCCCCCCCCCCCCOC(=O)C[N+](C)(C)C,77.89025115966797,96.0,96.0
[Br-].CCCCCCCCCCCC[N+]1=CN(C=C1)C1=CC=C(C=C1)N(=O)=O,102.81902313232422,96.0,96.0
[Br-].C[N+]1(CC#N)CCCC1,131.7737274169922,99.0,99.0
[Cl-].N#CCCCN1C=C[N+](CCCC#N)=C1,83.81189727783203,100.0,100.0
[S-]C#N.CCCC[N+](C)(CCCC)CCCC,84.20182037353516,100.0,100.0
[Br-].CC[N+](C)(C)CCOC(=O)C(C)=C,105.17261505126952,103.0,103.0
[Br-].CCCCCCCN1C=C[N+](=C1)C1=C(OC)C=CC=C1,99.578125,106.0,106.0
COS([O-])(=O)=O.CSC(=O)C1=CC=CC2=C1SN=[N+]2C,91.74369049072266,108.0,108.0
[Br-].CCN1C(C)=C(C)[N+](CC=C)=C1C(C)C,118.27910614013672,109.0,109.0
[Br-].CCCC[N+]1(C)CCOC1,114.48416900634766,110.0,110.0
[I-].CC[N+]1=CC=C(C=C1)C(=O)OC,103.15232849121094,111.0,111.0
[Br-].CC[N+]1=CN(C=C1)C1=CC=CC=C1,113.12075805664062,111.0,111.0
[Br-].CCCCCC[N+]1=CN(C=C1)C1=C(C)C=C(C)C=C1C,114.59355926513672,114.0,114.0
[Br-].CCCCC[N+]1=CN(C=C1)C1=CC=CC=C1,96.66683197021484,116.0,116.0
[I-].CCCCN1C=C[N+](=C1)C1=CC=C(Br)C=C1,109.08948516845705,118.5999984741211,118.6
[Br-].CCCCCCCCCCC[N+]1=CN(C=C1)C1=C(C)C=CC=C1,82.55320739746094,119.0,119.0
[Br-].CCCCCC[N+]1=CN(C=N1)C1=CC=CC=C1,125.1226806640625,120.9000015258789,120.9
[I-].CCCCCC[N+]1=CN(CC2=CC=C(\C=C\C3=CC=CC=C3)C=C2)C=C1,91.4710464477539,124.1999969482422,124.2
[Cl-].C(C1=CC=CC=C1)[N+]1=CC=CC=C1,99.16514587402344,125.0,125.0
[I-].C[N+]1(CCC#N)CCCC1,117.91193389892578,126.0,126.0
[I-].CCCCCC[N+]1=CSC2=CC=CC=C12,117.01697540283205,126.6999969482422,126.7
F[P](F)(F)(F)(F)F.CCCC[N+]1=CN(C=C1)C1=C(C)C=C(C)C=C1C,96.97211456298828,127.0,127.0
[Br-].CC(C#N)[N+]1=CN(C)C=C1,143.745849609375,131.0,131.0
[BH4-].CC(C)C[N+]1(C)CCCC1,126.50257873535156,131.0,131.0
[O-]N(=O)=O.N#CCN1C=[N+](CC#N)C=N1,137.75192260742188,133.0,133.0
[I-].CCCCCCCCCCCC[N+]1=CN(C=C1)C1=C2C=CC=CC2=CC2=CC=CC=C12,117.37492370605467,133.60000610351562,133.6
[I-].CCN1C(C)=C(C)[N+](C)=C1C,123.0414581298828,134.0,134.0
F[B-](F)(F)F.CCCC[P+](C)(CCCC)CCCC,108.0604476928711,140.0,140.0
[I-].C[N+]1=CN=CC=C1,107.75310516357422,142.0,142.0
FC(F)(F)S(=O)(=O)[N-]S(=O)(=O)C(F)(F)F.O=S(=O)(C1=CC=CC=C1)C1=CC=C(C=C1)[P+](C1=CC=CC=C1)(C1=CC=CC=C1)C1=CC=CC=C1,108.24706268310548,143.0,143.0
F[P](F)(F)(F)(F)F.CCCCCCCCCCCC[N+]1=CC=C(C=C1)C#N,105.03516387939452,146.0,146.0
[Br-].C[N+](C)(CC=C)C1=CC=C(Br)C=C1,146.0816192626953,148.0,148.0
[Cl-].CC(=O)OCC[N+](C)(C)C,136.61598205566406,151.0,151.0
[I-].CC1=[N+](C)C=CC=C1,174.2208709716797,155.0,155.0
[Br-].CCC[N+]1=CN(C=C1)C1=CC=C(Br)C=C1,105.9935531616211,155.0,155.0
C[N+](C)(C)CCO.[O-]C(=O)CSC1=CNC2=CC=CC=C12,94.05545043945312,155.0,155.0
[I-].CCCCCCCC[N+]1=CN(C=C1)C1=CC2=C(C=C1)C1=C(C2)C=CC=C1,129.2930908203125,160.1999969482422,160.2
[Br-].CC(C)(C)C1=CC=[N+](CC2=CC=CC=C2)C=C1,164.6131134033203,163.0,163.0
F[B-](F)(F)F.CN1C(C)=CC(C)=[N+]1C1=CC=C(C=C1)N(=O)=O,124.91614532470705,166.5,166.5
[Br-].CC1=C(C)N=C(S1)N1N=C(N=[N+]1C1=CC=CC=C1)C1=CC=CC=C1,170.4589080810547,171.0,171.0
F[B-](F)(F)F.CC1=CC(C)=C(C(C)=C1)[N+]1=CN(C=C1)C1CCCCCCC1,136.76234436035156,175.0,175.0
[I-].CC[N+](CC)(CC)CC,181.2232208251953,182.0,182.0
[Br-].CCCCCCCCCCCC[N+]1(C)CCCC1,146.45809936523438,186.0,186.0
[Br-].CC[N+]1=CN(C=N1)C1=CC=CC=C1,183.07798767089844,187.0,187.0
[I-].CCCCCCCCCCCCCCCCCC[N+]1=CC=C(\C=C\C2=CC=CC=C2)C=C1,186.29246520996097,189.0,189.0
[I-].CC[N+]1(CCCC#N)CCCC1,118.86652374267578,190.0,190.0
[Br-].CC[N+]1=CN(C=C1)C1=C(C)C=C(C)C=C1C,175.70301818847656,191.0,191.0
[Br-].CC[N+](CC)(CC)CC1=CC=CC=C1,204.9990997314453,195.0,195.0
[Cl-].OC(=O)C[N+]1=CC=CC2=CC=CC=C12,174.204345703125,196.0,196.0
[I-].CC1=CC=C(C=C1)[N+](C)(C)CC=C,155.99363708496094,197.0,197.0
[Cl-].CN1C=C[N+](C)=C1P(C1=CC=CC=C1)C1=CC=CC=C1,194.5464782714844,200.0,200.0
[Br-].BrCCC[P+](C1=CC=CC=C1)(C1=CC=CC=C1)C1=CC=CC=C1,214.66195678710935,217.0,217.0
[Cl-].C(C1=CC=CC=C1)[P+](C1=CC=CC=C1)(C1=CC=CC=C1)C1=CC=CC=C1,213.35401916503903,228.0,228.0
[Br-].CC1=CC=C(C[P+](C2=CC=CC=C2)(C2=CC=CC=C2)C2=CC=CC=C2)C=C1,229.4491424560547,238.0,238.0
[Br-].CCCC[N+]1(C)CCCCC1,217.70608520507812,240.66000366210935,240.66
NC(N)=[NH2+].OS([O-])(=O)=O,84.07613372802734,101.0,101.0
F[P](F)(F)(F)(F)F.CC(C)[C@@H]1CC[C@@H](C)C[C@H]1OC(=O)C[N+]1=CN(C)C2=CC=CC=C12,100.19135284423828,103.0,103.0
[Br-].CCCCCCCCCCCCCCCCCCCC[N+]12CCN(CC1)CC2,91.3492431640625,103.5,103.5
[Br-].CCCCCCCOC(=O)C[N+](C)(C)C,116.46249389648438,104.0,104.0
[Br-].CCCCCCCCCCOC(=O)C[N+](C)(C)C,106.1879425048828,104.0,104.0
[Br-].CCCCCCCCCCN1C=C[N+](=C1)C1=C(C)C=C(C)C=C1C,143.33963012695312,105.5,105.5
F[B-](F)(F)F.CC1=CC=C(C=C1)[N+]#N,105.87520599365234,105.0,105.0
[Br-].CCCCCCCCCCOC(=O)[C@H](CC1=CC=CC=C1)NC(=O)C[N+]1=CC=CC=C1,101.77821350097656,106.0,106.0
[Br-].CN1C=C[N+](CCOC2=CC=CC=C2C=O)=C1,124.73734283447266,107.0,107.0
[Cl-].CC(C)[C@@H]1CC[C@@H](C)C[C@H]1OC[N+]1=CC=C(C)C=C1,106.16098022460938,107.0,107.0
CC1=CC=C(C=C1)S([O-])(=O)=O.C([NH+]1C=CN=C1)C1=CC=CC=C1,90.4480209350586,106.0,106.0
F[B-](F)(F)F.CC[S+](CC)CC,114.5298309326172,110.0,110.0
[Br-].CC[N+](CC)(CC)CCCCBr,116.23780059814452,115.0,115.0
CC1=CC=C(C=C1)S([O-])(=O)=O.CCCC[N+]1(CCCC)CCCCC1,95.14093780517578,111.5,111.5
[I-].CCCC[N+](C)(C)C(C)CC(F)(F)F,116.56695556640624,112.5,112.5
F[B-](F)(F)F.N#[N+]C1=CC=CC=C1OC1=CC=CC=C1,134.6451873779297,112.0,112.0
OP(O)([O-])=O.CC(C)(C)C(O)(CCC1=CC=C(Cl)C=C1)C[NH+]1C=NC=N1,100.8020248413086,112.0,112.0
[Br-].CCCCCCCCCCNC(=O)CCCCC[N+]1=CC=CC=C1,108.7380599975586,113.5,113.5
CC1=CC=C(C=C1)S([O-])(=O)=O.CCCCC[N+]1(CCCCC)CCCCC1,93.31987762451172,114.5,114.5
[H][P-](F)(F)(C(F)(F)C(F)(F)F)(C(F)(F)C(F)(F)F)C(F)(F)C(F)(F)F.C1=CC=C(C=C1)[P+](C1=CC=CC=C1)(C1=CC=CC=C1)C1=CC=CC=C1,76.93006134033203,115.0,115.0
[Cl-].CC1=CC=C(C=C1)[N+]1=CC=CC=C1,92.92222595214844,116.0999984741211,116.1
F[B-](F)(F)F.CCCCCCCCCCCC[N+]1=CN(CCCCC(=O)O[C@H]2CN[C@@H](C2)C(O)=O)C=C1,71.60047912597656,118.0,118.0
[Br-].CCOC(=O)CCC[N+]1(C)CCCC1,95.4482421875,118.5,118.5
[Br-].CCCCCCCCCCCCNC(=O)CCCCC[N+]1=CC=CC=C1,107.27848052978516,118.5,118.5
[Br-].COCCN(CCOC)C(=O)C[N+]1=C(C)N(C)C=C1,109.1738510131836,119.5,119.5
C[N+](C)(C)C.FC(F)(F)[N-]C(F)(F)F,131.24330139160156,122.5,122.5
F[B-](F)(F)F.CN1C=C[N+](CC2=CC(=O)C=C(O2)C2=CC=CC=C2)=C1,98.96906280517578,123.5,123.5
[Br-].CCCCCCC[N+]1=CC=C(C=C1)C1=CC=NC=C1,171.95310974121094,124.25,124.25
CC1=CC=C(C=C1)S([O-])(=O)=O.CC[N+](CC)(CC)CC1=CC=CC=C1,134.1475067138672,124.25,124.25
[O-]N(=O)=O.C[N+](C)(N)N,113.39830017089844,125.5,125.5
F[B-](F)(F)F.IC1=CC=C(C[N+]2=CC=CC=C2)C=C1,131.76931762695312,127.3000030517578,127.3
[I-].CC1=CSC=[N+]1C,127.03697204589844,128.5,128.5
F[B-](F)(F)F.FC1=CC=C(C=C1)N=CC1=CC=C[N+](CC(=O)C2=CC=C(C=C2)N(=O)=O)=C1,118.4448013305664,129.0,129.0
[Br-].CCOC(=O)C[N+]1=C(C)N(C)C=C1,116.0011215209961,130.5,130.5
[Br-].C[NH2+]C,181.1571350097656,133.0,133.0
[I-].CN1[N+]N(CC2=CC=CC=C2)C=C1C1=CC=CC=C1,106.29498291015624,134.0,134.0
F[P-](F)(F)(F)(F)F.C(N1C=C[N+](CN2N=NC3=CC=CC=C23)=C1)C1=CC=CC=N1,113.15364074707033,135.0,135.0
[Br-].CC[N+]1=C2CCCN2C=C1,175.2863311767578,136.5,136.5
[I-].CCCC[N+]1=CC=CC(=C1)C#N,121.86278533935548,137.75,137.75
F[P](F)(F)(F)(F)F.CC1=N[N+](C)=C(C)N1N,135.09523010253906,144.5,144.5
[Br-].C[N+](C)(C)CCCCCBr,166.18190002441406,145.0,145.0
[I-].CSC1=[N+](C)C=CS1,151.7239990234375,145.5,145.5
[I-].CC[N+]1=CSC2=C1C=CC=C2,138.49856567382812,146.0,146.0
F[B-](F)(F)F.CC1=CC(C)=C(N2CC[N+](=C2C(F)=C(F)F)C2=C(C)C=C(C)C=C2C)C(C)=C1,121.57657623291016,149.5,149.5
F[B-](F)(F)F.COC1=CC=C(C(C)[P+](C2=CC=CC=C2)(C2=CC=CC=C2)C2=CC=CC=C2)C(OC)=C1,145.25979614257812,152.0,152.0
[I-].CN1C=CC=[N+]1C,145.75369262695312,155.0,155.0
[Br-].FC1=C(F)C(F)=C(C[N+]2=CC=CC=C2)C(F)=C1F,172.4029541015625,162.5,162.5
[Cl-].C[N+](C)(C)CCl,154.04652404785156,165.5,165.5
[Br-].OC(=O)CC[N+]1=CN(CC2=CC(C#N)=C(C=C2N(=O)=O)C#N)C2=CC=CC=C12,150.79542541503906,167.5,167.5
[I-].CC[P+](C1=CC=CC=C1)(C1=CC=CC=C1)C1=CC=CC=C1,206.4410400390625,169.5,169.5
F[P-](F)(F)(F)(F)F.COC1=C(O)C=CC(C=NCCN2C=C[N+](C)=C2)=C1,146.44432067871094,179.0,179.0
[Br-].CCCCCCCCCCCCCCCC[N+](C)(C)CC,186.1103973388672,182.0,182.0
CCCC[N+]1=C(C)N(C)C=C1.CCCCCCCC\C=C/CCCCCCCCOCCOCCOS([O-])(=O)=O,17.60744285583496,-16.5,-16.5
F[B-](F)(F)F.CCCC[N+](C)(C)C,171.97988891601562,191.0,188.8
F[B-](F)(F)F.CCCC[N+](C)(C)C,171.97988891601562,191.0,191.0
[Br-].C[N+]1(C)CCC(C1)OC(=O)C(O)(C1CCCC1)C1=CC=CC=C1,152.6302032470703,192.5,192.5
[I-].C=CCSC1=C(N=C(O1)C1=CC=CC=C1)[P+](C1=CC=CC=C1)(C1=CC=CC=C1)C1=CC=CC=C1,200.171142578125,199.0,199.0
[Cl-].COC[P+](C1=CC=CC=C1)(C1=CC=CC=C1)C1=CC=CC=C1,202.74659729003903,200.5,200.5
[Cl-].CC1=CC(C)=C(CN2C=C[N+]3=C2C(C2=CC=CC=C2)=C(C2=CC=CC=C2)C2=C3C=CC(Cl)=C2)C(C)=C1,206.58692932128903,209.5,209.5
[I-].CCSC1=C(N=C(O1)C1=CC=C(Cl)C=C1)[P+](C1=CC=CC=C1)(C1=CC=CC=C1)C1=CC=CC=C1,214.5313720703125,210.0,210.0
[Br-].CCCCCCCCCCCCCCCCCC[N+](C)(C)C,210.4592437744141,219.0,219.0
[I-].CCCCN1C=[N+](CC2=CC(=O)C=C(O2)C2=CC=CC=C2)C2=CC=CC=C12,182.88572692871097,219.0,219.0
[Cl-].CC[P+](C1=CC=CC=C1)(C1=CC=CC=C1)C1=CC=CC=C1,213.75161743164065,227.5,227.5
[Br-].CCCCCCCCCCCCCC[N+](C)(C)C,213.92086791992188,228.0,228.0
[O-]S([O-])(=O)=O.CCCCCCCCCCCCCC[P+](CCCCCC)(CCCCCC)CCCCCC,39.23859405517578,31.0,31.0
CC[N+]1=CC=CC(=C1)C(F)(F)F.FC(F)(F)S(=O)(=O)[N-]S(=O)(=O)C(F)(F)F,18.607168197631836,29.5,29.5
CCCC[N+]1=C(C)N(C)C(C)=C1C.FC(F)(F)S(=O)(=O)[N-]S(=O)(=O)C(F)(F)F,46.411624908447266,30.5,30.5
COP([O-])(=O)SC.CCC[N+]1(C)CCCC1,32.7676887512207,33.0,33.0
CC1=CC(=O)[N-]S(=O)(=O)O1.CCCCCCCCCCCCCCOC[N+](C)(C)CCO,24.12744903564453,31.25,31.25
FC(F)(F)S(=O)(=O)[N-]S(=O)(=O)C(F)(F)F.FC(F)(F)C(F)(F)C(F)(F)C(F)(F)CC[N+]1=CC=CC=C1,32.146114349365234,35.0,35.0
F[P](F)(F)(F)(F)F.CCCCOCN1C=C[N+](COCCC)=C1CC,59.5341911315918,38.0,38.0
F[B-](F)(F)F.CCCCCCCOCN1C=C[N+](COCCCCCCC)=C1,35.77344512939453,39.0,39.0
CCC[N+]1(C)CCCCC1.CC1=CC(Cl)=CC=C1OCC([O-])=O,32.92710876464844,39.0,39.0
COP([O-])(=O)[Se]C.CCC[N+]1(C)CCCC1,37.80961608886719,40.0,40.0
[O-][Cl](=O)(=O)=O.CCCCCCCCCC[P+](C)(CCCCCCCCCC)CCCCCCCCCC,78.54532623291016,40.29999923706055,40.3
CC[NH+](CC)CC.FC(F)(F)C(F)(F)C(F)(F)C(F)(F)S(=O)(=O)[N-]S(=O)(=O)C(F)(F)C(F)(F)C(F)(F)C(F)(F)F,22.34501266479492,42.0,42.0
[O-]S(=O)(=O)C(F)(F)F.COC(=O)CCSC(SC)=[N+]1CCCCC1,47.84425354003906,42.0,42.0
OS([O-])(=O)=O.CCCCCC[N+]1=CC(=CC=C1)C(O)=O,42.88838195800781,44.0,44.0
F[B-](F)(F)F.CCCCCCCCCCCCSC[N+]1=CN(C)C=C1,40.45922088623047,44.0,44.0
FC(F)(F)S(=O)(=O)[N-]S(=O)(=O)C(F)(F)F.CCOC(=O)[C@@H](OC(=O)C[N+]1=CN(C)C=C1)C1=CC=CC=C1,43.95552062988281,45.0,45.0
[Br-].OCC[N+]1=CN(C=C)C=C1,103.9919204711914,46.0,46.0
CS([O-])(=O)=O.CCCC[NH+]1C[Si](C)(C)O[Si](C)(C)C1,35.53181076049805,48.0,48.0
FC(F)(F)S(=O)(=O)[N-]S(=O)(=O)C(F)(F)F.C(ON1C=C[N+](OCC2=CC=CC=C2)=C1)C1=CC=CC=C1,61.450645446777344,50.0,50.0
C[NH+](C)CC1=CC=CC=C1.FC(F)(F)S(=O)(=O)[N-]S(=O)(=O)C(F)(F)F,43.010276794433594,51.0,51.0
[Cl-].C[N+](C)(N)CC=C,77.14762115478516,52.0,52.0
FC(F)(F)S(=O)(=O)[N-]S(=O)(=O)C(F)(F)F.CCCCCCCCCCCC[N+]12CCN(CC1)CC2,61.61595916748047,53.79999923706055,53.8
F[B-](F)(F)F.CCCCCCCCCOCN1C=C[N+](COCCCCCCCCC)=C1,50.77189636230469,55.0,57.0
F[B-](F)(F)F.CCCCCCCCCOCN1C=C[N+](COCCCCCCCCC)=C1,50.77189636230469,55.0,55.0
[Cl-].CCCCCCCCCCCCCCCC[N+](C)(C)CC1=CC=CC=C1,75.38347625732422,55.0,55.0
[Br-].CN1C=C[N+](CCCO)=C1C,92.44884490966795,58.0,58.0
F[P](F)(F)(F)(F)F.CCN1C=C[N+](CC)=C1,61.30574035644531,59.5,59.5
O=N(=O)C1=C[N-]N=N1.CCCC[N+](CCCC)(CCCC)CCCC,35.8255729675293,60.0,60.0
CC1=CC=[N+](CC(F)(F)F)C=C1.FC(F)(F)S(=O)(=O)[N-]S(=O)(=O)C(F)(F)F,41.287933349609375,60.70000076293945,60.7
F[B-](F)(F)F.CN(C)C1=CC=[N+](CCO)C=C1,72.30587005615234,62.0,62.0
FC(F)(F)S(=O)(=O)[N-]S(=O)(=O)C(F)(F)F.CCCCCCCCCCCCCC[N+]12CCN(CC1)CC2,68.3729476928711,66.0,66.0
[Br-].CCCCCCCCCCCCCCCC[N+]1=CN(CCCNC(=O)CP(=O)(C2=CC=CC=C2)C2=CC=CC=C2)C=C1,86.82158660888672,67.0,67.0
CC1=CC=C(C=C1)S([O-])(=O)=O.CCCCCCCC[P+](C1=CC=CC=C1)(C1=CC=CC=C1)C1=CC=CC=C1,72.03995513916016,70.0,70.0
O=C1O[B-]2(OC1=O)OC(=O)C(=O)O2.CCCC[N+](CCCC)(CCCC)CCCC,84.1307601928711,73.0,73.0
FC(F)(F)S(=O)(=O)[N-]S(=O)(=O)C(F)(F)F.COC(=O)C(OC(=O)C[N+]1=CN(C)C=C1)C1=CC=CC=C1,69.80619812011719,74.0,74.0
[O-]C(=O)C(F)(F)F.CN1C=CC(=[N+]1C)C(F)(F)F,84.08968353271484,77.0,77.0
[Br-].COCCCNC(=O)C[N+]1=CN(C)C=C1,91.14167022705078,75.0,75.0
[O-]S(=O)(=O)C1=CC=CC=C1.CCCC[N+](CCCC)(CCCC)CCCC,85.11483764648438,75.0,75.0
F[B-](F)(F)F.CC(C1=CC=CC=C1)[N+]1=CC=CC=C1,119.84709930419922,75.0,75.0
F[P](F)(F)(F)(F)F.CN1C=C[N+](CCCCCCCCCCC(O)=O)=C1,65.77672576904297,78.0,78.0
CCCC[N+]1(C)CCOCC1.CC1=CC(Cl)=CC=C1OCC([O-])=O,47.72108840942383,77.0,77.0
[I-].CC[N+]1=C(C)N(OCC=C)C=C1,76.52017211914062,78.0,78.0
C1=C[NH+]=CC=N1.[O-]S(=O)(=O)C(F)(F)F,108.5621109008789,78.0,78.0
CCCCN1C=C[NH+]=C1.[O-]C1=C(C=C(C=C1N(=O)=O)N(=O)=O)N(=O)=O,107.7196807861328,80.0,80.0
[Br-].CCCCCCCCCCCCCCCC[N+](C)(C)CCN(C)C,79.43158721923828,84.75,84.75
[Cl-].[NH3+]CCO,86.63414764404297,82.0,82.0
C1=CC=[NH+]C=C1.[O-]C(=O)C(F)(F)F,78.9299545288086,82.0,82.0
[I-].CCCCCCCCCCCCCCCC[N+]1=CC=C(C)C=C1,89.56429290771484,82.0,82.0
F[P-](F)(F)(F)(F)F.C[N+]1=CN(OCC2=CC=CC=C2)C=C1,80.1975326538086,83.0,83.0
F[P](F)(F)(F)(F)F.CN1C=C[N+](CCOC(=O)C2=CC=C(C=C2)C(N)=NOC(=O)C2=CC=CO2)=C1,87.04232025146484,84.0,84.0
[Br-].CCC[N+]1=C2CCCN2C=C1,153.07833862304688,83.0,83.0
[Br-].CCCCCCCC[N+]12CCN(CC1)CC2,99.57563018798828,84.0,84.0
F[P-](F)(F)(F)(F)F.CCON1C=C[N+](OCC)=C1Br,72.83255767822266,84.0,84.0
F[P](F)(F)(F)(F)F.CN1C=C[N+](CC(=O)N2[C@@H](CC3=CC=CC=C3)COC2=O)=C1,94.4987564086914,85.0,85.0
[Br-].CON1C=C[N+](CC#C)=C1,95.74486541748048,85.0,85.0
F[P](F)(F)(F)(F)F.CCCCN1C=[N+](CCCC)C2=CC(C)=C(C)C=C12,95.72853088378906,85.5,85.5
[Br-].CCCCCCCCCCCCCCCC[N+](CCC)(CCC)CCC,99.37481689453124,85.0,85.0
[I-].CCCCCCCC[N+]1=C(C)N(C)C=C1,80.40850067138672,86.0,86.0
F[P](F)(F)(F)(F)F.CCCCCC1=C[N+](=NN1C)[C@@H]1CN[C@@H](C1)C(O)(C1=CC=CC=C1)C1=CC=CC=C1,83.73365020751953,87.0,87.0
F[P](F)(F)(F)(F)F.CCCC[N+]1=CN(CC(OCC2=C(Cl)C=C(Cl)C=C2)C2=C(Cl)C=C(Cl)C=C2)C=C1,73.6042251586914,87.5,87.5
CCCC[N+]1(CCCC)CCCC1.CC1=CC(C)=C(C(C)=C1)S([O-])(=O)=O,89.6075668334961,87.0,87.0
F[P](F)(F)(F)(F)F.CCCCN1C=C[N+](CC2=CC=C(C=C)C=C2)=C1,94.32909393310548,87.75,87.75
F[P](F)(F)(F)(F)F.O=C(C[N+]1=CC=CC=C1)N1[C@@H](CC2=CC=CC=C2)COC1=O,96.99183654785156,88.5,88.5
CCCN1C=C[N+](C)=C1.[O-]S(=O)(=O)C1=CC(=CC=C1)P(C1=CC=CC=C1)C1=CC=CC=C1,69.51248931884766,88.0,88.0
F[B-](F)(F)F.C[N+]1(CC2=CC=CC=C2)CCOCC1,88.50593566894531,88.0,88.0
[Br-].CCCC[N+]1=CN(C[C@@H](O)CC)N=C1,85.46633911132812,89.0,89.0
CCCC[NH3+].[O-]C(=O)\C=C\C1=CC=CC=C1,81.47010803222656,89.0,89.0
CC(=O)OCC[N+](C)(C)C.CC1=C(OCC([O-])=O)C=CC(Cl)=C1,61.33890151977539,90.0,90.0
[O-]S(=O)(=O)C1=CC=C(C=C1)N(=O)=O.CCCC[N+](CCCC)(CCCC)CCCC,79.44622039794922,90.0,90.0
[I-].CC[N+](C)(C)CCOC(=O)C(C)=C,96.84534454345705,91.25,91.25
[Cl-].CN1C=C[N+](CCC2=CC=CC=C2)=C1,82.4437026977539,91.0,91.0
F[B-](F)(F)F.CN1C=C[N+](CC2=CC=C(C=C2)C2=CC(=O)C=C(C)O2)=C1,92.66082763671876,91.0,91.0
CCOC(=O)C[N+](C)(C)C.COC(=O)C1=CC=C(I)C=C1S(=O)(=O)[N-]C(=O)NC1=NC(OC)=NC(C)=N1,67.00474548339844,91.0,91.0
[Br-].CCCCCCCCCCCCCCCCCC[N+]1=CC=CC2=CC=CC=C12,91.39427947998048,92.0,92.0
[Br-].CCCCCCCCCOC(=O)C[N+](C)(C)C,109.21672821044922,92.0,92.0
F[B-](F)(F)F.CCC[N+]12CCN(CC1)CC2,92.28154754638672,93.0,93.0
[I-].CC[N+]1=CN(C=C1)C(F)(F)C(F)Cl,79.277587890625,94.0,94.0
[Br-].CCCCCCCCCCCCOC(=O)[C@H](CC1=CC=CC=C1)NC(=O)C[N+]1=CN(C)C=C1,96.52094268798828,94.0,94.0
C[N+](C)(C)CCCl.CC1=CC(Cl)=CC=C1OCC([O-])=O,69.82655334472656,95.0,95.0
F[P](F)(F)(F)(F)F.CN1C=C[N+](CC(=O)N2[C@H](COC2=O)C2=CC=CC=C2)=C1,109.66879272460938,95.0,95.0
F[P-](F)(F)(F)(F)F.CCCC[N+](CCCC)(CCCC)CC1=CC(C=O)=C(O)C(Cl)=C1,85.15159606933594,95.0,95.0
F[B-](F)(F)F.C[N+]1=CN(CCOC(=O)C2=C(O)C=CC=C2)C=C1,100.6777114868164,97.0,97.0
[I-].CC[N+]1=CN(C=C1)C(C)=O,104.70336151123048,97.0,97.0
[Br-].CCCCCCCCOC(=O)[C@H](CC1=CC=CC=C1)NC(=O)C[N+]1=CC=CC=C1,103.00753021240234,98.0,98.0
[Br-].CCCCCCCCCCCCOC(=O)C[N+](C)(C)C,101.1822738647461,99.0,99.0
[Br-].CC[N+]1=CN(C=C1)[C@H](CO)C(C)C,16.621801376342773,12.0,12.0
[Br-].CC[N+]1=CN(C=C1)[C@H](CO)CC(C)C,15.033360481262209,16.0,16.0
[Br-].CC[N+]1=CN(C=C1)[C@@H](C)CO,24.666439056396484,6.0,6.0
Cl[Al-](Cl)(Cl)Cl.CC[N+]1=CN(C)C=C1,-3.909760236740112,9.0,9.0
Cl[Al-](Cl)(Cl)Cl.CCCC[N+]1=CN(C)C=C1,-12.278609275817873,-10.0,-10.0
CC[N+]1=CN(C)C=C1.FC(F)(F)C(O[Al-](OC(C(F)(F)F)(C(F)(F)F)C(F)(F)F)(OC(C(F)(F)F)(C(F)(F)F)C(F)(F)F)OC(C(F)(F)F)(C(F)(F)F)C(F)(F)F)(C(F)(F)F)C(F)(F)F,153.8761749267578,175.0,175.0
CCCCCC[N+]1=CN(C)C=C1.FC(F)(F)C(O[Al-](OC(C(F)(F)F)(C(F)(F)F)C(F)(F)F)(OC(C(F)(F)F)(C(F)(F)F)C(F)(F)F)OC(C(F)(F)F)(C(F)(F)F)C(F)(F)F)(C(F)(F)F)C(F)(F)F,137.7139892578125,68.0,68.0
CC[N+]1=CN(C)C2=CC=CC=C12.FC(F)(F)C(O[Al-](OC(C(F)(F)F)(C(F)(F)F)C(F)(F)F)(OC(C(F)(F)F)(C(F)(F)F)C(F)(F)F)OC(C(F)(F)F)(C(F)(F)F)C(F)(F)F)(C(F)(F)F)C(F)(F)F,190.5725250244141,215.0,215.0
CC[N+]1=C(C)N(C)CC1.FC(F)(F)C(O[Al-](OC(C(F)(F)F)(C(F)(F)F)C(F)(F)F)(OC(C(F)(F)F)(C(F)(F)F)C(F)(F)F)OC(C(F)(F)F)(C(F)(F)F)C(F)(F)F)(C(F)(F)F)C(F)(F)F,185.98301696777344,216.0,216.0
Br[Al-](Br)(Br)Br.CCC[N+](C)(C)CC,32.984371185302734,17.0,17.0
Br[Al-](Br)(Br)Br.CCCC[N+](C)(C)CCC,74.41612243652344,65.0,65.0
Br[Al-](Br)(Br)Br.CCCC[N+](C)(CC)CC,67.50811767578125,91.0,91.0
Br[Al-](Br)(Br)Br.CCCCC[N+](CC)(CC)CC,55.057655334472656,47.0,47.0
Br[Al-](Br)(Br)Br.CCCCC[P+](CC)(CC)CC,46.27937316894531,35.0,35.0
Cl[Al-](Cl)(Cl)Cl.CC[NH+]1CN(C)C=C1,35.167083740234375,6.0,6.0
