smiles,value_x,y_true,entry_id,cation_family,anion_family,value_y
CCCC[N+]1(C)CCCC1.N#C[N-]C#N,1.592167615890503,1.5544891357421875,AFGIv,pyrrolidinium,amides,1.5544891600038189
CCCCn1cc[n+](C)c1.CC(N)C(=O)[O-],1.7680504322052002,1.8937617540359497,AHPDw,imidazolium,carboxylates,1.8937617620579432
CCCC[n+]1ccn(C)c1.N#C[N-]C#N,1.5047383308410645,1.484299898147583,AIgQV,imidazolium,amides,1.484299839346786
CCn1cc[n+](C)c1.CC(=O)CCC(=O)[O-],1.9612627029418943,2.2314696311950684,AMRAa,imidazolium,carboxylates,2.2314695904306814
CCCC[n+]1ccn(C)c1.O=S(=O)([N-]S(=O)(=O)C(F)(F)F)C(F)(F)F,1.6578600406646729,1.6963564157485962,APbkE,imidazolium,bistriflamides,1.6963563887333322
CCCCCC[N+]1(C)CCOCC1.CC(=O)NC(C)C(=O)[O-],3.478423833847046,4.173186302185059,ASTsl,morpholinium,carboxylates,4.173186268412274
CCC[n+]1ccn(C)c1.O=C([O-])O,1.634148120880127,1.6304278373718262,ATucN,imidazolium,carboxylates,1.6304278750250238
CCCCCC[n+]1ccn(C)c1.F[P-](F)(F)(F)(F)F,2.548065423965454,2.748188018798828,AUazg,imidazolium,phosphates,2.7481880270062
CCCCC[N+](C)(C)CCO.O=S(=O)([N-]S(=O)(=O)C(F)(F)F)C(F)(F)F,1.9616042375564575,2.2518813610076904,AWaXB,ammonium,bistriflamides,2.2518814545525276
CC[N+](C)(C)CCOC.O=S(=O)([N-]S(=O)(=O)C(F)(F)F)C(F)(F)F,1.5973665714263916,1.7737864255905151,AWgZI,ammonium,bistriflamides,1.7737864449811935
CN(C)C(=[NH2+])N(C)C.CCCCCCC(=O)[O-],2.600311279296875,3.0584261417388916,AXdBX,guanidinium,carboxylates,3.058426024457005
C[N+](C)(C)CCO.O=C([O-])C1CCCN1,3.50280237197876,4.02530574798584,AaVyQ,ammonium,carboxylates,4.02530586526477
CCCCCCCCC=CCCCCCCCCn1cc[n+](C)c1.O=S(=O)([N-]S(=O)(=O)C(F)(F)F)C(F)(F)F,2.2217001914978027,2.4377505779266357,Aboan,imidazolium,bistriflamides,2.437750562820388
CCn1cc[n+](C)c1.FC(F)(F)C(F)(F)[P-](F)(F)(F)(C(F)(F)C(F)(F)F)C(F)(F)C(F)(F)F,1.7486896514892578,1.778151273727417,AdNln,imidazolium,phosphates,1.7781512503836436
CCCC[n+]1ccn(C)c1.O=S(=O)([N-]S(=O)(=O)C(F)(F)C(F)(F)F)C(F)(F)C(F)(F)F,1.8719775676727295,2.0086002349853516,AeUNZ,imidazolium,bistriflamides,2.0086001717619175
Cn1cc[n+](C)c1.O=S(=O)([N-]S(=O)(=O)C(F)(F)F)C(F)(F)F,1.4735008478164673,1.580468773841858,Ahanj,imidazolium,bistriflamides,1.5804687839510017
CC[n+]1ccn(C)c1.CCOS(=O)(=O)[O-],1.8714003562927248,1.9818185567855835,AhepV,imidazolium,sulfates,1.9818186071706636
CC[NH3+].O=[N+]([O-])[O-],1.4707870483398438,1.5740312337875366,AhpHo,ammonium,inorganics,1.5740312677277188
CCCCCC[n+]1ccn(C)c1.O=[N+]([O-])c1cn[n-]c1,2.738485813140869,2.6095943450927734,AkZDy,imidazolium,cyclic amides,2.60959440922522
CCCC[P+](CC)(CC)CC.O=[N+]([O-])c1cn[n-]c1,2.033026695251465,2.2764618396759033,AktrI,phosphonium,cyclic amides,2.2764618041732443
CC[N+](CCO)(CCO)CCO.O=S(=O)([N-]S(=O)(=O)C(F)(F)F)C(F)(F)F,2.6157941818237305,2.9247961044311523,AlWqc,ammonium,bistriflamides,2.924795995797912
CCCC[n+]1ccn(C)c1.COP(=O)([O-])OC,2.371312141418457,2.49147367477417,AnFbL,imidazolium,organic phosphates,2.4914737553706714
CCCCCCn1cc[n+](C)c1.N#C[C-](C#N)C#N,1.544034719467163,1.6227319240570068,AoTfN,imidazolium,methanides,1.6227319651647192
CCCCCCCCCCCCCC[P+](CCCCCC)(CCCCCC)CCCCCC.Cc1ncc([N+](=O)[O-])[n-]1,2.587656736373902,3.045322895050049,AqDpj,phosphonium,cyclic amides,3.0453229787866576
CCCCCC[n+]1cn(CCCCS(=O)(=O)O)cn1.O=S(=O)([O-])C(F)(F)F,2.3962044715881348,2.0928258895874023,AqKLe,triazolium,sulfonates,2.09282587292398
C=Cn1cc[n+](CC(CBr)N=[N+]=[N-])c1.N#C[N-]C#N,1.426497220993042,1.4778438806533811,AvWGU,imidazolium,amides,1.4778438751567529
CCCC[n+]1ccn(C)c1.O=S(=O)([O-])C(F)(F)F,1.728392481803894,1.944482684135437,AwQoT,imidazolium,sulfonates,1.944482672150169
C=C[n+]1ccn(CC)c1.O=S(=O)([N-]S(=O)(=O)C(F)(F)F)C(F)(F)F,1.6945010423660278,1.7558748722076416,Azrwn,imidazolium,bistriflamides,1.7558748556724917
CC(C)CCn1c[n+](CCCCS(=O)(=O)O)cn1.O=S(=O)([O-])C(F)(F)F,2.0255768299102783,2.1350371837615967,BArmj,triazolium,sulfonates,2.1350371915496176
CCn1cc[n+](C)c1.CCCCCCOS(=O)(=O)[O-],2.1011061668395996,2.492760419845581,BBoao,imidazolium,sulfates,2.4927603890268375
COCCOCCn1cc[n+](C)c1.CS(=O)(=O)[O-],2.3593225479125977,2.6422665119171143,BDtbI,imidazolium,sulfonates,2.6422666189026733
CCCC[n+]1ccccc1.O=S(=O)(F)[N-]S(=O)(=O)F,1.5979273319244385,1.6020599603652954,BJNHF,pyridinium,bistriflamides,1.6020599913279625
CCCC[n+]1ccn(C)c1.N#C[S-],1.7978432178497314,1.7522021532058716,BJzqA,imidazolium,inorganics,1.752202153176521
CCCC[n+]1ccn(C)c1.F[P-](F)(F)(F)(F)F,2.395561933517456,2.326335906982422,BLwJk,imidazolium,phosphates,2.326335860928751
CCCCCCCCC[N+]1(C)CCOCC1.N#C[N-]C#N,2.757517099380493,2.859138250350952,BONxA,morpholinium,amides,2.859138297294531
CCCC[n+]1ccn(C)c1.O=C([O-])C(F)(F)F,1.668277621269226,1.885926365852356,BOfyI,imidazolium,carboxylates,1.885926339801431
CCCCCCCC[P+](CC)(CC)CC.O=[N+]([O-])c1cn[n-]c1,2.129880428314209,2.3765769004821777,BPuhZ,phosphonium,cyclic amides,2.376576957056512
CC[N+](C)(C)CCCO.O=S(=O)([N-]S(=O)(=O)C(F)(F)F)C(F)(F)F,2.007760524749756,2.2201080322265625,BQBym,ammonium,bistriflamides,2.220108088040055
CCCC[NH3+].CC(=O)[O-],2.392387628555298,2.7371926307678223,BSTYM,ammonium,carboxylates,2.7371926427047373
Cn1cc[n+](C)c1.COP(=O)([O-])OC,2.022170066833496,2.348304748535156,BXTFP,imidazolium,organic phosphates,2.3483048630481607
CCCCCCCCCCCCn1c[n+](C)cn1.O=S(=O)([N-]S(=O)(=O)C(F)(F)F)C(F)(F)F,2.24546480178833,2.4857213497161865,BZVHR,triazolium,bistriflamides,2.48572142648158
CCCC[N+]1(C)CCCCC1.O=S(=O)([N-]S(=O)(=O)C(F)(F)F)C(F)(F)F,1.8959312438964844,2.2557547092437744,Barru,piperidinium,bistriflamides,2.255754786643044
C[N+](C)(C)CCO.NC(Cc1ccccc1)C(=O)[O-],3.4975743293762207,4.136435031890869,BdDlM,ammonium,carboxylates,4.136435170458382
CCCCCC[n+]1ccn(C)c1.O=S(=O)([N-]S(=O)(=O)C(F)(F)F)C(F)(F)F,1.758273959159851,1.847942590713501,BleMB,imidazolium,bistriflamides,1.8479426388452236
CCCC[n+]1ccn(C)c1C.O=S(=O)([O-])O,2.284341335296631,2.5502283573150635,BmqmN,imidazolium,sulfates,2.550228353055094
CCCC[n+]1ccn(C)c1.CCCCCCOC(=O)CC(C(=O)OCCCCCC)C(C(=O)OCCCCCC)S(=O)(=O)[O-],3.2346413135528564,3.5609819889068604,BniVa,imidazolium,sulfonates,3.5609820555862353
CCCCCCCC[NH+](CCCCCCCC)CCCCCCCC.O=C([O-])CCCCCCCCC(=O)O,3.0955655574798584,3.526855945587158,BonVt,ammonium,carboxylates,3.5268559871258747
CCCCCC[NH+](CCCCCC)CCCCCC.CCCCCCCC(=O)[O-],1.0116565227508545,1.1430147886276243,BrlGd,ammonium,carboxylates,1.143014800254095
CCCCCCCC[n+]1ccn(C)c1.F[P-](F)(F)(F)(F)F,2.7058804035186768,2.852100133895874,BvazU,imidazolium,phosphates,2.8521001127866046
CCn1cc[n+](C)c1.CC(O)C(=O)[O-],1.7628449201583862,2.22788667678833,BwADN,imidazolium,carboxylates,2.2278867046136734
CCCCn1cc[n+](C)c1.CO[PH](=O)[O-],2.025526285171509,2.274157762527466,BxtjV,imidazolium,organic phosphates,2.27415784926368
CC[NH+]=C(N(C)C)N(C)C.CCOS(=O)(=O)[O-],2.3019683361053467,2.6434526443481445,ByHWg,guanidinium,sulfates,2.643452676486187
CCCC[N+]1(C)CCCC1.O=S(=O)(F)[N-]S(=O)(=O)F,1.598907470703125,1.7259116172790527,ByNed,pyrrolidinium,bistriflamides,1.725911632295048
CN(C)C(=[NH2+])N(C)C.CCCCCCCC(=O)[O-],2.6618659496307373,2.869231700897217,BzQsV,guanidinium,carboxylates,2.869231719730976
CCCC[P+](CCCC)(CCCC)CCCC.N#C[N-]C#N,1.9760055541992188,2.045322895050049,CAdpW,phosphonium,amides,2.0453229787866576
CCn1cc[nH+]c1.O=S(=O)([N-]S(=O)(=O)C(F)(F)F)C(F)(F)F,1.3649893999099731,1.778151273727417,CFpet,imidazolium,bistriflamides,1.7781512503836436
CC[n+]1ccccc1.CCOS(=O)(=O)[O-],1.861091136932373,2.136720657348633,CGurp,pyridinium,sulfates,2.1367205671564067
CC[n+]1cccc(C)c1.O=C([O-])C(F)(F)C(F)(F)C(F)(F)C(F)(F)F,1.9899795055389404,2.167612791061402,CGzow,pyridinium,carboxylates,2.16761267272753
CC[n+]1ccn(C)c1.O=C([O-])C(F)(F)F,1.313501477241516,1.5171959400177002,CHWqm,imidazolium,carboxylates,1.5171958979499742
CCCC[n+]1ccc(C)cc1.O=S(=O)([N-]S(=O)(=O)C(F)(F)F)C(F)(F)F,1.7256510257720947,1.735598921775818,CLNPW,pyridinium,bistriflamides,1.73559889969818
CC[n+]1ccn(C)c1.CC(=O)[O-],1.82017982006073,2.1411361694335938,CLSxm,imidazolium,carboxylates,2.141136090120739
CCCCCC[n+]1ccc(N(C)C)c(C)c1.O=S(=O)([N-]S(=O)(=O)C(F)(F)F)C(F)(F)F,1.9869303703308103,2.049217939376831,CLlEA,pyridinium,bistriflamides,2.0492180226701815
COCC[n+]1ccccc1.N#C[S-],1.7894845008850098,2.1479852199554443,CNZRb,pyridinium,inorganics,2.147985320683805
CC[n+]1ccn(C)c1.CCOP(=O)([O-])OCC,2.1555824279785156,2.506505012512207,CNaXC,imidazolium,organic phosphates,2.506505032404872
CCCCCCCCCCCC[n+]1ccn(C)c1.O=S(=O)([N-]S(=O)(=O)C(F)(F)F)C(F)(F)F,1.9562978744506836,2.096909999847412,CONRH,imidazolium,bistriflamides,2.096910013008056
Cn1cc[n+](Cc2ccccc2)c1.O=S(=O)([N-]S(=O)(=O)C(F)(F)F)C(F)(F)F,1.883178472518921,2.0530784130096436,CPrzw,imidazolium,bistriflamides,2.0530784434834195
CCCC[n+]1ccn(C)c1.CCCCCCCCOS(=O)(=O)[O-],2.499288320541382,2.948901653289795,CXYfP,imidazolium,sulfates,2.9489017609702137
CC[n+]1ccccc1.O=S(=O)([O-])C(F)(F)F,1.4950755834579468,1.7824726104736328,CZSzO,pyridinium,sulfonates,1.7824726241662865
CC[NH+](CC)CC.CC(=O)[O-],1.484216809272766,1.3827372789382937,ChObi,ammonium,carboxylates,1.3827372657613304
CC[n+]1ccn(C)c1.O=S(=O)(F)[N-]S(=O)(=O)F,1.2407264709472656,1.2855572700500488,ChZcH,imidazolium,bistriflamides,1.285557309007774
OCC[NH2+]c1ccccc1.CCCCCC(=O)[O-],1.5556375980377195,1.5987905263900757,Cihak,ammonium,carboxylates,1.598790506763115
CCCCCCCCCCCCCC[P+](CCCCCC)(CCCCCC)CCCCCC.[Cl-],2.8953561782836914,3.4360034465789795,CkjrF,phosphonium,inorganics,3.4360035356698964
CCCC[n+]1ccn(C)c1.COS(=O)(=O)[O-],2.084078311920166,2.320146322250366,ClQDm,imidazolium,sulfates,2.3201462861110542
CC[n+]1c(C)cc(C)n1C.O=S(=O)([N-]S(=O)(=O)C(F)(F)F)C(F)(F)F,1.8737232685089111,1.941511392593384,CliUo,pyrazolium,bistriflamides,1.941511432634403
CCC[N+]1(C)CCCC1.O=S(=O)(F)[N-]S(=O)(=O)F,1.517124891281128,1.6085259914398191,CmefK,pyrrolidinium,bistriflamides,1.608526033577194
CC[n+]1ccn(C)c1.O=S(=O)([N-]S(=O)(=O)C(F)(F)F)C(F)(F)F,1.4661436080932615,1.5117497444152832,CnFwF,imidazolium,bistriflamides,1.5117497113449827
CCCC[n+]1ccn(C)c1.NC(CCC(=O)O)C(=O)[O-],2.2139952182769775,1.9190781116485596,CpfTP,imidazolium,carboxylates,1.919078092376074
CC[NH2+]CC.CC(=O)[O-],1.8006412982940674,1.7686381340026855,CrDVD,ammonium,carboxylates,1.7686381012476144
CCCCCCn1cc[n+](C)c1.CO[PH](=O)[O-],2.404103994369507,2.812913417816162,CsiOd,imidazolium,organic phosphates,2.8129133566428557
CCCCCC[n+]1ccn(C)c1.O=[N+]([O-])[O-],2.6575191020965576,2.736396551132202,CykTP,imidazolium,inorganics,2.7363965022766426
CCCCCC[n+]1ccn(C)c1C.O=S(=O)([N-]S(=O)(=O)C(F)(F)F)C(F)(F)F,1.9096375703811648,2.1172711849212646,CznMY,imidazolium,bistriflamides,2.1172712956557644
CCC[n+]1cccc(C)c1.O=S(=O)([N-]S(=O)(=O)C(F)(F)F)C(F)(F)F,1.7080724239349363,1.734799861907959,DAmBZ,pyridinium,bistriflamides,1.734799829588847
CCCCC(CC)C[NH2+]CCN.O=S(=O)([O-])C(F)(F)F,2.6109089851379395,2.943988800048828,DBkmP,ammonium,sulfonates,2.9439888750737717
CCCC[n+]1ccn(C)c1.CC(=O)CCC(=O)[O-],2.1827552318573,2.426511287689209,DBoDP,imidazolium,carboxylates,2.4265112613645754
CCOC[N+](C)(C)CCOC(C)=O.O=S(=O)([N-]S(=O)(=O)C(F)(F)F)C(F)(F)F,2.0274829864501953,2.2304489612579346,DHurB,ammonium,bistriflamides,2.230448921378274
CCCCc1cccc[n+]1CC.O=S(=O)([N-]S(=O)(=O)C(F)(F)F)C(F)(F)F,1.8030418157577517,2.040602445602417,DIqrZ,pyridinium,bistriflamides,2.040602340114073
CCCC[P+](CCCC)(CCCC)CCCC.O=S(=O)([O-])CCN(CCO)CCO,3.7156829833984375,4.149219036102295,DKzfb,phosphonium,sulfonates,4.14921911265538
CCCCCCCCn1cc[n+](C)c1.O=S(=O)([N-]S(=O)(=O)C(F)(F)F)C(F)(F)F,1.9124948978424072,1.9556877613067627,DLyLU,imidazolium,bistriflamides,1.955687750313506
CC[n+]1ccn(C)c1C.O=S(=O)([N-]S(=O)(=O)C(F)(F)F)C(F)(F)F,1.5985183715820312,1.843855381011963,DNfuh,imidazolium,bistriflamides,1.8438554226231612
CCCCC[n+]1ccccc1.N#C[N-]C#N,1.6592206954956057,1.6954816579818726,DOczg,pyridinium,amides,1.6954816764901974
[NH3+]C(Cc1ccccc1)C(=O)OCc1ccccc1.O=S(=O)([N-]S(=O)(=O)C(F)(F)F)C(F)(F)F,2.9616057872772217,4.303195953369141,DPYWz,ammonium,bistriflamides,4.303196057420489
CCCCCCCCCC[n+]1ccn(C)c1.O=S(=O)([N-]S(=O)(=O)C(F)(F)F)C(F)(F)F,1.9190610647201536,2.0038912296295166,DQOCW,imidazolium,bistriflamides,2.0038911662369103
CCCCCCCC[N+](C)(CCCCCCCC)CCCCCCCC.O=S(=O)([N-]S(=O)(=O)C(F)(F)F)C(F)(F)F,2.7185447216033936,2.806180000305176,DQWla,ammonium,bistriflamides,2.806179973983887
CCCCCCCCn1cc[n+](C)c1.[Cl-],3.765798091888428,4.320146083831787,DTOGt,imidazolium,inorganics,4.320146286111054
CCCCCC[n+]1ccn(C)c1C.O=[N+]([O-])c1cn[n-]c1,2.8432602882385254,3.045322895050049,DZDmE,imidazolium,cyclic amides,3.0453229787866576
CC[N+]1(C)CCCCC1.CC(=O)CCC(=O)[O-],2.206004858016968,2.6232492923736572,DavZk,piperidinium,carboxylates,2.6232492903979003
CCCC[n+]1cccc(C)c1.O=S(=O)([N-]S(=O)(=O)C(F)(F)F)C(F)(F)F,1.7504642009735107,1.7993406057357788,DbDpt,pyridinium,bistriflamides,1.7993405494535817
CC[n+]1ccn(C)c1.O=C([O-])C1CCCN1,2.5737154483795166,3.0773680210113525,DhLXA,imidazolium,carboxylates,3.0773679052841563
C[NH2+]CCO.CC(C)C(=O)[O-],1.991419553756714,2.2121875286102295,DkUnX,ammonium,carboxylates,2.2121876044039577
CCCC[P+](C)(CCCC)CCCC.COS(=O)(=O)[O-],2.279848575592041,2.7168376445770264,DlISO,phosphonium,sulfates,2.7168377232995247
CCCCCC[N+]1(C)CCCC1.O=S(=O)([N-]S(=O)(=O)C(F)(F)F)C(F)(F)F,1.7468388080596924,1.991226077079773,DnnKa,pyrrolidinium,bistriflamides,1.9912260756924949
CCCCCCCCCCCCCC[P+](CCCCCC)(CCCCCC)CCCCCC.O=[N+]([O-])c1c[n-]cn1,2.5795624256134033,2.8662872314453125,DodDn,phosphonium,cyclic amides,2.8662873390841948
CCCc1cccc[n+]1CC.O=S(=O)([N-]S(=O)(=O)C(F)(F)F)C(F)(F)F,1.743332028388977,2.0211892127990723,Dopfo,pyridinium,bistriflamides,2.0211892990699383
CCCC[S+]1CCCC1.N#C[N-]C#N,1.6272772550582886,1.796574354171753,DuFps,cyclic sulfonium,amides,1.7965743332104296
CCCCCCCCCCCC[N+](CC)(CC)CC.O=S(=O)([N-]S(=O)(=O)C(F)(F)F)C(F)(F)F,2.2929494380950928,2.494154691696167,DuYBs,ammonium,bistriflamides,2.494154594018443
CCCC[N+](C)(C)C.O=S(=O)([N-]S(=O)(=O)C(F)(F)F)C(F)(F)F,1.7490246295928955,1.991226077079773,DxEup,ammonium,bistriflamides,1.9912260756924949
CCCCCCCCCCCCCC[P+](CCCCCC)(CCCCCC)CCCCCC.N#C[N-]C#N,2.347471237182617,2.5599067211151123,DxURS,phosphonium,amides,2.5599066250361124
CCCCCCC[n+]1ccn(C)c1.F[P-](F)(F)(F)(F)F,2.629000663757324,2.7543482780456543,DyLVe,imidazolium,phosphates,2.754348335711019
C=C[n+]1ccn(CCC)c1.O=S(=O)([N-]S(=O)(=O)C(F)(F)F)C(F)(F)F,1.8701658248901367,1.903090000152588,EAGWS,imidazolium,bistriflamides,1.9030899869919435
COCC[N+]1(C)CCCCC1.O=S(=O)([N-]S(=O)(=O)C(F)(F)F)C(F)(F)F,1.7043774127960205,1.84447717666626,EAXgU,piperidinium,bistriflamides,1.8444771757456817
CCCCCCCC[N+](C)(CCCCCCCC)CCCCCCCC.CCCCCCCCC=CCCCCCCCC(=O)[O-],2.7125043869018555,3.2946865558624268,EAsil,ammonium,carboxylates,3.2946866242794433
CCCCCCCCCCCCCC[N+](CC)(CC)CC.O=S(=O)([N-]S(=O)(=O)C(F)(F)F)C(F)(F)F,2.3301587104797363,2.603144407272339,ECYiM,ammonium,bistriflamides,2.603144372620182
CC[NH2+]CC.O=S(=O)([O-])O,2.3564062118530273,1.5327544212341309,EDhZC,ammonium,sulfates,1.5327543789924978
Cn1cc[n+](CC(CBr)N=[N+]=[N-])c1.N#C[N-]C#N,1.5411064624786377,1.7230581045150757,EDsFU,imidazolium,amides,1.723058084677307
CCCCn1cc[n+](C2CCCC2)c1.O=S(=O)([N-]S(=O)(=O)C(F)(F)F)C(F)(F)F,1.6685959100723269,1.9299296140670776,EEQjN,imidazolium,bistriflamides,1.929929560084588
CCCC[N+]1(C)CCCC1.O=S(=O)([N-]S(=O)(=O)C(F)(F)F)C(F)(F)F,1.7138686180114746,1.8909796476364136,EEmfb,pyrrolidinium,bistriflamides,1.890979596989689
CCCCCCCC[N+]1(C)CCOCC1.CCCCCCCCO[PH](=O)[O-],2.117893695831299,1.761927843093872,EGMZQ,morpholinium,organic phosphates,1.761927838420529
CC[n+]1ccn(C)c1.O=S(=O)([N-]S(=O)(=O)C(F)(F)C(F)(F)F)C(F)(F)C(F)(F)F,1.7401045560836792,1.834420680999756,EISRN,imidazolium,bistriflamides,1.8344207036815323
CCCCC[P+](CC)(CC)CC.O=S(=O)([N-]S(=O)(=O)C(F)(F)F)C(F)(F)F,1.8702590465545657,1.9309489727020264,ELVKe,phosphonium,bistriflamides,1.930949031167523
CCCCCC[NH+](CCCCCC)CCCCCC.CCCC(=O)[O-],0.9251282215118408,1.037426471710205,EMMEF,ammonium,carboxylates,1.0374264979406236
CCCC[n+]1ccn(C)c1.O=S(=O)([C-](S(=O)(=O)C(F)(F)F)S(=O)(=O)C(F)(F)F)C(F)(F)F,1.9781044721603391,2.4345688819885254,ENCEm,imidazolium,methanides,2.4345689040341987
CC[N+](C)(C)CCOC.FC(F)(F)C(F)(F)[P-](F)(F)(F)(C(F)(F)C(F)(F)F)C(F)(F)C(F)(F)F,1.959613561630249,2.115943193435669,EQfRm,ammonium,phosphates,2.115943176939055
CC1(C)OCC(C[N+]2(C)CCCC2)O1.O=S(=O)([N-]S(=O)(=O)C(F)(F)F)C(F)(F)F,2.1690890789031982,2.459392547607422,ESGgh,pyrrolidinium,bistriflamides,2.459392487759231
CCCCCCCC[P+](CC)(CC)CC.Ic1cc[n-]n1,2.2291812896728516,2.3433539867401123,ESIwb,phosphonium,cyclic amides,2.343353876091346
CCCCCCCC[n+]1ccccc1.O=S(=O)([N-]S(=O)(=O)C(F)(F)F)C(F)(F)F,1.9393794536590576,2.01745080947876,ETwGk,pyridinium,bistriflamides,2.017450729510536
CCCCCCCCCCCCCC[N+](C)(CCOCCOCCOCCOCCOCCO)CCOCCOCCOCCOCCOCCO.COS(=O)(=O)[O-],2.908458948135376,3.445604085922241,EViwc,ammonium,sulfates,3.4456042032735974
CCCCCC[N+]1(C)CCOCC1.CC(=O)NC(C(=O)[O-])C(C)C,3.570546388626098,4.110589504241943,EWUon,morpholinium,carboxylates,4.110589710299249
CCCCn1cc[n+](CCC#N)c1.CCCCCCCCCCCCOS(=O)(=O)[O-],3.490084409713745,3.897627115249634,EXaHw,imidazolium,sulfates,3.8976270912904414
CCCCCCCn1cc[n+](CCCCCCC)c1.O=S(=O)([N-]S(=O)(=O)C(F)(F)F)C(F)(F)F,1.9452507495880127,2.13193941116333,EZwyv,imidazolium,bistriflamides,2.1319392952104246
CC[n+]1ccn(C)c1.COS(=O)(=O)[O-],1.9631338119506836,1.9242793321609497,Ecjdg,imidazolium,sulfates,1.9242792860618816
CCCCC[P+](CC)(CC)CC.O=S(=O)(F)[N-]S(=O)(=O)F,1.926257610321045,1.84123432636261,EcjfU,phosphonium,bistriflamides,1.841234295506041
Cn1cc[n+](C)c1.COS(=O)(=O)[O-],1.8098819255828855,1.8904210329055784,EddsX,imidazolium,sulfates,1.8904210188009145
CCCC[P+](CCCC)(CCCC)CCCC.NCCS(=O)(=O)[O-],2.948669910430908,3.008174180984497,EeCRP,phosphonium,sulfonates,3.0081741840064264
CCCC[N+]1(C)CCCC1.N#C[C-](C#N)C#N,1.574452519416809,1.4653828144073486,EgElt,pyrrolidinium,methanides,1.4653828514484182
CCCCCCCC[NH+](CCCCCCCC)CCCCCCCC.O=C([O-])c1ccccc1C(=O)O,2.6683948040008545,2.8656959533691406,EqTPM,ammonium,carboxylates,2.8656960599160706
CCCCCCCC[n+]1ccc2ccccc2c1.O=S(=O)([N-]S(=O)(=O)C(F)(F)F)C(F)(F)F,2.271160364151001,2.567026376724243,ErRdl,quinlolinium,bistriflamides,2.56702636615906
CCCC[N+]1(C)CCCCC1.N#C[N-]C#N,1.699923396110535,2.089905023574829,Eyjgv,piperidinium,amides,2.089905111439398
C[N+]1(CCO)CCCC1.COP(=O)([O-])OC,2.6138198375701904,2.991668939590454,FBOTA,pyrrolidinium,organic phosphates,2.991669007379949
CC[n+]1ccn(C)c1.N#C[S-],1.4858498573303225,1.3463529348373413,FJKRh,imidazolium,inorganics,1.3463529744506386
CCCCC[P+](CC)(CC)CC.O=S(=O)([N-]S(=O)(=O)C(F)(F)C(F)(F)F)C(F)(F)C(F)(F)F,2.0862667560577393,2.3161799907684326,FMJbY,phosphonium,bistriflamides,2.3161800988934527
CCCC[n+]1ccn(C)c1.O=C([O-])c1ccccc1O,2.55812406539917,2.890979528427124,FMqnA,imidazolium,carboxylates,2.890979596989689
Cn1cc[n+](Cc2ccccc2)c1.[Cl-],3.3116488456726074,3.5711262226104736,FTIFb,imidazolium,inorganics,3.5711262770843115
Cn1cc[n+](CCO)c1.O=S(=O)([N-]S(=O)(=O)C(F)(F)F)C(F)(F)F,1.6244640350341797,1.939019799232483,FZIdm,imidazolium,bistriflamides,1.9390197764486663
COCC[N+]1(C)CCCC1.O=S(=O)(F)[N-]S(=O)(=O)F,1.6167014837265017,1.5965970754623413,FbluL,pyrrolidinium,bistriflamides,1.59659709562646
CCCC[n+]1ccccc1.O=C([O-])C(F)(F)F,1.5635181665420532,1.9474337100982664,FbzTA,pyridinium,carboxylates,1.9474337218870508
CCC[n+]1ccn(C)c1C.O=S(=O)([O-])O,2.2242071628570557,2.4216039180755615,FdEfW,imidazolium,sulfates,2.4216039268698313
CCCC[n+]1ccn(C)c1.N#C[C-](C#N)C#N,1.397409200668335,1.432969331741333,FdQAW,imidazolium,methanides,1.4329692908744056
CC[n+]1ccn(C)c1.CCCCCCCCCCOS(=O)(=O)[O-],2.4648213386535645,2.9116902351379395,FdgiM,imidazolium,sulfates,2.9116901587538613
CC[n+]1cccc(C)c1.CCOS(=O)(=O)[O-],1.9369516372680664,2.131297826766968,FeAOO,pyridinium,sulfates,2.131297796597623
CCC[N+]1(C)CCOCC1.CC(=O)NC(CC(C)C)C(=O)[O-],3.391209125518799,4.20951509475708,FeGOB,morpholinium,carboxylates,4.209515014542631
CCCC[n+]1ccn(C)c1.CCOS(=O)(=O)[O-],1.9794526100158691,2.578639268875122,FkPkI,imidazolium,sulfates,2.578639209968072
CC[NH+](CC)CC.O=P([O-])(O)O,1.5067570209503174,1.8082109689712524,Fnvyg,ammonium,organic phosphates,1.808210972924222
CC[n+]1ccn(C)c1.O=S(=O)([O-])C(F)(F)F,1.495877981185913,1.6063814163208008,FoIAG,imidazolium,sulfonates,1.606381365110605
CC(C)C[NH3+].O=C[O-],2.154101610183716,2.352182626724243,FrcMG,ammonium,carboxylates,2.3521825181113627
CCCCCCCC[P+](CC)(CC)CC.N#Cc1ccc2cn[n-]c2c1,2.601688861846924,2.982271194458008,Fuphn,phosphonium,cyclic amides,2.9822712330395684
CCCCCC[n+]1ccn(C)c1.N#C[N-]C#N,1.5779047012329102,1.6988831758499146,FxXpY,imidazolium,amides,1.6988831367525905
CCCCCCCC[N+](CCCCCCCC)(CCCCCCCC)CCCCCCCC.CCCCCCCCC=CCCCCCCCC(=O)[O-],2.611971616744995,3.0619800090789795,FxafG,ammonium,carboxylates,3.0619799470748785
CC[P+](CC)(CC)COCCOC.Cc1ncc([N+](=O)[O-])[n-]1,1.9563462734222412,2.146127939224243,FyOSk,phosphonium,cyclic amides,2.146128035678238
CC[n+]1ccn(C)c1.CS(=O)(=O)[O-],2.0272696018218994,2.222196102142334,GEIZL,imidazolium,sulfonates,2.22219604630172
CCCCCCCC[N+]1(C)CCOCC1.CC(=O)NC(C(=O)[O-])C(C)C,3.7056326866149902,4.432969093322754,GFxvX,morpholinium,carboxylates,4.432969290874405
CCCCn1cc[n+](CCCC)c1.O=S(=O)([N-]S(=O)(=O)C(F)(F)F)C(F)(F)F,1.7316381931304932,1.8369567394256592,GGLOg,imidazolium,bistriflamides,1.8369567370595503
CCC[n+]1ccccc1C.O=S(=O)([N-]S(=O)(=O)C(F)(F)F)C(F)(F)F,1.770855188369751,1.9242793321609497,GGQYB,pyridinium,bistriflamides,1.9242792860618816
CC[P+](CC)(CC)CCOC.O=S(=O)([N-]S(=O)(=O)C(F)(F)F)C(F)(F)F,1.6722227334976196,1.682506084442139,GGegL,phosphonium,bistriflamides,1.6825060859390113
CCCCCC[n+]1ccn(C)c1.[Cl-],3.542461633682251,4.257678508758545,GHfaV,imidazolium,inorganics,4.2576785748691846
CC[n+]1ccn(C)c1.CC(N)C(=O)[O-],1.6656861305236816,2.233503818511963,GMEVe,imidazolium,carboxylates,2.2335037603411343
CC[n+]1ccccc1C.O=S(=O)([N-]S(=O)(=O)C(F)(F)F)C(F)(F)F,1.57743239402771,1.8870543241500857,GOfNv,pyridinium,bistriflamides,1.887054378050957
CC[N+](C)(CC)CCOC.O=S(=O)([N-]S(=O)(=O)C(F)(F)F)C(F)(F)F,1.7512521743774414,1.8388490676879885,GPAas,ammonium,bistriflamides,1.8388490907372552
CC(C)(C)OC(=O)C([NH3+])Cc1ccccc1.O=S(=O)([N-]S(=O)(=O)C(F)(F)F)C(F)(F)F,3.4261200428009033,4.20412015914917,GPOcl,ammonium,bistriflamides,4.204119982655925
N#CCCn1cc[n+](CCO)c1.N#C[S-],2.6982052326202393,3.1491575241088867,GRWqh,imidazolium,inorganics,3.149157506231856
CCC[N+]1(C)CCCC1.O=S(=O)([N-]S(=O)(=O)C(F)(F)F)C(F)(F)F,1.6613097190856934,1.772321701049805,GSBmw,pyrrolidinium,bistriflamides,1.7723217067229198
CCCC[P+](CCCC)(CCCC)CCCC.NC(CS)C(=O)[O-],2.9343149662017822,3.4692327976226807,GWoHD,phosphonium,carboxylates,3.469232742506612
COCC[n+]1ccccc1.N#C[N-]C#N,1.3858637809753418,1.568201780319214,GWsBv,pyridinium,amides,1.568201724066995
COC[n+]1ccn(C)c1.O=S(=O)([N-]S(=O)(=O)C(F)(F)F)C(F)(F)F,1.4581273794174194,1.7641761302947998,GYMAT,imidazolium,bistriflamides,1.7641761323903309
CCCCn1c[n+](C)cn1.O=S(=O)([N-]S(=O)(=O)C(F)(F)F)C(F)(F)F,1.7740013599395752,2.023252487182617,GZHpz,triazolium,bistriflamides,2.0232524596337114
CCC=C[n+]1ccn(C)c1C.O=[N+]([O-])c1cn[n-]c1,2.2400803565979004,2.7708520889282227,GanWP,imidazolium,cyclic amides,2.770852011642144
CCCC[n+]1ccn(C)c1.O=[N+]([O-])[O-],2.186307191848755,2.1939589977264404,GbbjD,imidazolium,inorganics,2.193958978019187
CC[S+](CC)CC.O=S(=O)([N-]S(=O)(=O)C(F)(F)F)C(F)(F)F,1.5771132707595823,1.510545015335083,GbtQX,sulfonium,bistriflamides,1.510545010206612
CC(O)C[NH3+].O=C[O-],2.379570722579956,2.931457757949829,GfcsC,ammonium,carboxylates,2.931457870689005
Cn1cc[n+](CCO)c1.N#C[N-]C#N,1.81782865524292,1.826722502708435,GgDxL,imidazolium,amides,1.826722520168992
CC[n+]1ccn(C)c1.N#C[C-](C#N)C#N,1.1345480680465698,1.1461280584335327,GkUkM,imidazolium,methanides,1.146128035678238
C[N+](C)(C)CCO.O=S(=O)([N-]S(=O)(=O)C(F)(F)F)C(F)(F)F,1.8748068809509275,2.073718309402466,GoIyv,ammonium,bistriflamides,2.0737183503461227
CCCC[N+]1(C)CCCC1.O=S(=O)([O-])C(F)(F)F,1.9838186502456665,2.225050687789917,GogER,pyrrolidinium,sulfonates,2.225050696138049
CCCCCn1cc[n+](CCCCC)c1.O=S(=O)([N-]S(=O)(=O)C(F)(F)F)C(F)(F)F,1.7961127758026123,1.9777235984802248,GqbKZ,imidazolium,bistriflamides,1.977723605288848
CCCCCCCC[P+](CC)(CC)CC.Cc1ncc([N+](=O)[O-])[n-]1,2.2383804321289062,2.794487953186035,GsAjb,phosphonium,cyclic amides,2.7944880466591697
CCC[N+]1(C)CCOCC1.CC(=O)NC(C(=O)[O-])C(C)C,3.2872233390808105,3.761927843093872,Gugcm,morpholinium,carboxylates,3.761927838420529
C[N+]1(CCO)CCCC1.O=S(=O)([N-]S(=O)(=O)C(F)(F)F)C(F)(F)F,1.7112720012664795,1.903090000152588,GuhCD,pyrrolidinium,bistriflamides,1.9030899869919435
CCCCCC[N+](C)(C)C.O=S(=O)([N-]S(=O)(=O)C(F)(F)F)C(F)(F)F,1.8956724405288696,2.1846914291381836,Gunst,ammonium,bistriflamides,2.184691430817599
CCCCO[n+]1ccn(CCCC)c1.O=S(=O)([O-])C(F)(F)F,1.9173129796981812,1.929418921470642,HCQEL,imidazolium,sulfonates,1.9294189257142929
CCCC[n+]1ccn(C)c1.[I-],2.7604315280914307,2.7708520889282227,HFyjJ,imidazolium,inorganics,2.770852011642144
CCCC[N+]1(C)CCCC1.FC(F)(F)C(F)(F)[P-](F)(F)(F)(C(F)(F)C(F)(F)F)C(F)(F)C(F)(F)F,1.7873141765594482,2.3285834789276123,HIabK,pyrrolidinium,phosphates,2.328583449714202
CCCCCC[N+](C)(C)C(C)C.O=S(=O)([N-]S(=O)(=O)C(F)(F)F)C(F)(F)F,1.9689748287200928,2.1673173904418945,HOdnr,ammonium,bistriflamides,2.167317334748176
Cn1cc[n+](CCO)c1.O=C([O-])C(F)(F)C(F)(F)C(F)(F)C(F)(F)F,2.5365190505981445,2.8530895709991455,HQzhK,imidazolium,carboxylates,2.8530895298518657
CCCC[n+]1ccn(C)c1.CC(=O)[O-],2.2896783351898193,2.6434526443481445,HUGgB,imidazolium,carboxylates,2.643452676486187
CCCC[n+]1ccn(C)c1C.NCC(=O)[O-],1.6977192163467407,2.338456392288208,HcvNg,imidazolium,carboxylates,2.3384564936046046
COCCOCC[n+]1ccccc1.O=S(=O)([N-]S(=O)(=O)C(F)(F)F)C(F)(F)F,1.6196660995483398,1.8041393756866455,HfEec,pyridinium,bistriflamides,1.8041394323353503
CCCn1cc[n+](C)c1C.O=[N+]([O-])c1cn[n-]c1,2.699678421020508,2.858537197113037,Hhosm,imidazolium,cyclic amides,2.858537197569639
CCOCCn1cc[n+](C)c1.CC(=O)[O-],1.581084370613098,1.4772659540176392,HkqPf,imidazolium,carboxylates,1.4772659954248526
CCCCCC=CCC=CCCCCCCCCn1cc[n+](C)c1.O=S(=O)([N-]S(=O)(=O)C(F)(F)F)C(F)(F)F,2.1717312335968018,2.39445161819458,HoZxZ,imidazolium,bistriflamides,2.3944516808262164
CCOC(=O)c1ccc[n+](CC)c1.CCOS(=O)(=O)[O-],2.7730140686035156,3.501059293746948,HocGo,pyridinium,sulfates,3.5010592622177517
CCCn1cc[n+](CCC)c1.O=S(=O)([N-]S(=O)(=O)C(F)(F)F)C(F)(F)F,1.6644306182861328,1.7411515712738037,HqFwc,imidazolium,bistriflamides,1.7411515988517852
CCCCn1cc[n+](C)c1C.O=S(=O)([N-]S(=O)(=O)C(F)(F)F)C(F)(F)F,1.8709564208984375,2.009450912475586,HqpWg,imidazolium,bistriflamides,2.009450895798694
CCCCCC[n+]1ccn(C)c1.O=S(=O)([O-])C(F)(F)F,1.8518993854522705,2.1789770126342773,HsZrS,imidazolium,sulfonates,2.1789769472931693
CC(C)[n+]1ccn(C)c1.O=S(=O)([N-]S(=O)(=O)C(F)(F)C(F)(F)F)C(F)(F)C(F)(F)F,1.7955703735351562,2.0827853679656982,HyFEt,imidazolium,bistriflamides,2.0827853703164503
CCC[n+]1cn(C)cn1.CS(=O)(=O)[O-],2.435837745666504,2.695481777191162,IEMYk,triazolium,sulfonates,2.6954816764901977
C=C[n+]1ccn(CC(N)=O)c1.O=S(=O)([N-]S(=O)(=O)C(F)(F)F)C(F)(F)F,2.0593361854553223,2.4487063884735107,IFhcB,imidazolium,bistriflamides,2.44870631990508
CCCC[n+]1cccc(C)c1.N#C[N-]C#N,1.5982041358947754,1.5770319700241089,IIvAn,pyridinium,amides,1.5770319856260315
C=C[n+]1ccn(CCCCCCC)c1.O=S(=O)([N-]S(=O)(=O)C(F)(F)F)C(F)(F)F,2.049093723297119,2.1172711849212646,IPoaz,imidazolium,bistriflamides,2.1172712956557644
CCCCCCC[n+]1ccccc1.O=S(=O)([N-]S(=O)(=O)C(F)(F)F)C(F)(F)F,1.882108449935913,1.9978231191635132,IRutt,pyridinium,bistriflamides,1.9978230807457256
C=CC[N+](C)(C)CC.O=C([O-])C(F)(F)F,2.0281524658203125,1.884795308113098,ISAFF,ammonium,carboxylates,1.884795363948981
CCCC[N+](CCCC)(CCCC)CCCC.O=C([O-])C1CCCN1,2.6920647621154785,3.177449941635132,ISOto,ammonium,carboxylates,3.1774499209718248
CCCCCCCCCCCCCC[P+](CCCCCC)(CCCCCC)CCCCCC.CC(CC(C)(C)C)CP(=O)([O-])CC(C)CC(C)(C)C,2.6178247928619385,2.9294190406799316,IUXDD,phosphonium,organic phosphates,2.929418925714293
CCCCCC[n+]1ccn(C)c1.COS(=O)(=O)[O-],2.2042627334594727,2.5831987857818604,IUytv,imidazolium,sulfates,2.583198773968623
C[NH2+]CCO.CCC(=O)[O-],1.8626046180725095,2.3324384689331055,IdWnm,ammonium,carboxylates,2.3324384599156054
CCCCCCCCCCCC[n+]1cc[nH]c1.O=S(=O)([N-]S(=O)(=O)C(F)(F)F)C(F)(F)F,2.003648042678833,2.36791467666626,IgWGw,imidazolium,bistriflamides,2.3679147387937527
CC[NH3+].O=C[O-],1.4434292316436768,1.5051499605178833,IjJxG,ammonium,carboxylates,1.505149978319906
C[N+](C)(C)CCO.NC(CO)C(=O)[O-],3.230877161026001,4.06069803237915,IklJu,ammonium,carboxylates,4.060697840353612
CCn1cc[nH+]c1.CC(=O)[O-],1.0433168411254885,0.6989700198173523,IlBzi,imidazolium,carboxylates,0.6989700043360189
CCCn1cc[n+](C)c1.O=S(=O)([N-]S(=O)(=O)C(F)(F)F)C(F)(F)F,1.6691904067993164,1.5954961776733398,IlojE,imidazolium,bistriflamides,1.5954962218255742
C[N+](C)(C)CCO.CCCCCC(=O)[O-],2.506981611251831,2.851869583129883,ImZlo,ammonium,carboxylates,2.851869600729766
CC[n+]1ccn(C)c1.NCCS(=O)(=O)[O-],2.428990364074707,2.7118072509765625,IoirZ,imidazolium,sulfonates,2.711807229041191
CCCCCC[n+]1ccc(N2CCC(C)CC2)cc1.O=S(=O)([N-]S(=O)(=O)C(F)(F)F)C(F)(F)F,1.8010375499725342,2.045322895050049,IpByz,pyridinium,bistriflamides,2.0453229787866576
CC[n+]1ccn(C)c1.c1c[n-]nn1,1.9369834661483765,1.9043484926223757,IrwIO,imidazolium,cyclic amides,1.904348501305749
C[NH+](C)C.CC(=O)[O-],1.2957390546798706,0.4409090876579284,Ixptc,ammonium,carboxylates,0.4409090820652177
CCCC[N+]1(C)CCCCC1.N#C[C-](C#N)C#N,1.655869722366333,1.761927843093872,JEtCQ,piperidinium,methanides,1.761927838420529
CCCCCCCCn1cc[n+](C)c1.O=[N+]([O-])[O-],2.7449491024017334,2.819543838500977,JFmkQ,imidazolium,inorganics,2.8195439355418688
CC[N+]1(C)CCCCC1.CCO[PH](=O)[O-],2.1433937549591064,1.9637877941131592,JIDxk,piperidinium,organic phosphates,1.9637878273455551
CCCC[n+]1ccccc1.O=S(=O)([N-]S(=O)(=O)C(F)(F)F)C(F)(F)F,1.726185321807861,1.7881684303283691,JLHnN,pyridinium,bistriflamides,1.7881683711411678
CC[n+]1ccccc1.O=S(=O)([N-]S(=O)(=O)C(F)(F)F)C(F)(F)F,1.4370274543762207,1.6129956245422363,JUfnD,pyridinium,bistriflamides,1.6129956560323475
CC[n+]1ccc(C)cc1.O=S(=O)([N-]S(=O)(=O)C(F)(F)F)C(F)(F)F,1.45188307762146,1.516270875930786,JWFZx,pyridinium,bistriflamides,1.51627088272934
CCCCCC[N+]1(C)CCOCC1.O=S(=O)([N-]S(=O)(=O)C(F)(F)F)C(F)(F)F,2.2580511569976807,2.6998376846313477,JXBpk,morpholinium,bistriflamides,2.699837725867246
CCCCCCCC[n+]1ccn(C)c1.O=S(=O)([O-])C(F)(F)F,1.957221746444702,2.1903316974639893,JXWIw,imidazolium,sulfonates,2.1903316981702914
CCOCCn1cc[n+](C)c1.CCC(=O)[O-],1.6531585454940796,1.7454651594161987,JYUrI,imidazolium,carboxylates,1.7454651686707272
CCCCCCCCCCCCCC[P+](CCCCCC)(CCCCCC)CCCCCC.[Br-],2.9331085681915283,3.4753806591033936,Jcdnj,phosphonium,inorganics,3.475380593143361
COCCn1cc[n+](C)c1.N#C[S-],1.647800087928772,1.724275827407837,JeDEQ,imidazolium,inorganics,1.724275869600789
CCCCCCC[N+](CCCC)(CCCC)CCCC.O=S(=O)([N-]S(=O)(=O)C(F)(F)F)C(F)(F)F,2.7119803428649902,2.782472610473633,JeOPQ,ammonium,bistriflamides,2.782472624166286
OCC[NH2+]CCO.O=C[O-],1.8607605695724487,2.726727247238159,JkLZr,ammonium,carboxylates,2.7267272090265724
CCCCCCCC[n+]1ccn(CCC#N)c1.O=S(=O)([O-])c1ccccc1,3.226359605789185,3.91907811164856,Jliym,imidazolium,sulfonates,3.9190780923760737
CCCC[P+](CCCC)(CCCC)CCOCC.O=S(=O)([O-])C(F)(F)F,2.4915425777435303,2.612783908843994,JnFPo,phosphonium,sulfonates,2.6127838567197355
CCCCCC[N+](CC)(CC)CC.O=S(=O)([N-]S(=O)(=O)C(F)(F)F)C(F)(F)F,2.082735538482666,2.271841526031494,JoIwl,ammonium,bistriflamides,2.271841606536499
CC[NH+](CC)CC.O=S(=O)([O-])O,2.0993287563323975,2.371067762374878,JuUWT,ammonium,sulfates,2.3710678622717363
C=CC[n+]1ccn(C)c1.[Cl-],2.653747320175171,2.913813829421997,KEYjc,imidazolium,inorganics,2.9138138523837167
CCCCCCCCSC(N(C)C)=[N+](C)C.O=S(=O)([N-]S(=O)(=O)C(F)(F)F)C(F)(F)F,2.1680750846862793,2.033423662185669,KKqeN,amidium,bistriflamides,2.03342375548695
CC[n+]1ccn(C)c1.N#Cc1ccc[n-]1,1.8160524368286133,1.8230360746383667,KLhxe,imidazolium,cyclic amides,1.82303612094126
CCCCCC[n+]1ccn(CCC#N)c1.CCCCCCCCCCCCOS(=O)(=O)[O-],3.57956862449646,4.13987922668457,KNfXQ,imidazolium,sulfates,4.139879086401237
CCCC[n+]1ccn(CCC#N)c1.[Br-],3.7240166664123535,4.281033515930176,KStgM,imidazolium,inorganics,4.281033367247727
CCCn1cc[n+](C)c1.NC(CO)C(=O)[O-],2.683035373687744,3.4763967990875244,KUmxw,imidazolium,carboxylates,3.4763968267253302
C=C[n+]1ccn(CCCCC)c1.O=S(=O)([N-]S(=O)(=O)C(F)(F)F)C(F)(F)F,1.9459896087646484,2.0211892127990723,KVcym,imidazolium,bistriflamides,2.0211892990699383
CCCCCCCCC[P+](CC)(CC)CC.O=[N+]([O-])c1cn[n-]c1,2.1564109325408936,2.463892936706543,KVkiD,phosphonium,cyclic amides,2.4638929889859074
CCCC[n+]1cccc(C)c1.FC(F)(F)C(F)(F)[P-](F)(F)(F)(C(F)(F)C(F)(F)F)C(F)(F)C(F)(F)F,1.8656086921691897,2.02530574798584,KYqOS,pyridinium,phosphates,2.0253058652647704
CCCCCCCC[n+]1cccc(C#N)c1.O=S(=O)([N-]S(=O)(=O)C(F)(F)F)C(F)(F)F,2.872318744659424,3.1838390827178955,KeIBf,pyridinium,bistriflamides,3.183839037056422
CCCCCC[n+]1ccn(C)c1.N#C[S-],2.332186698913574,1.971275806427002,KfcBe,imidazolium,inorganics,1.9712758487381052
CCCC[N+]1(C)CCOCC1.CC(=O)NC(CC(C)C)C(=O)[O-],3.501349687576294,4.383815288543701,KieTU,morpholinium,carboxylates,4.383815365980431
CCCC[P+](CC)(CCCC)CCCC.CC(=O)[O-],2.0488414764404297,2.240549325942993,KjYoT,phosphonium,carboxylates,2.2405492482826
CCCn1cc[n+](C)c1.N#C[N-]C#N,1.449720859527588,1.3128118515014648,Kjtak,imidazolium,amides,1.312811826212088
CCCCCCCCCCCCCC[P+](CCCCCC)(CCCCCC)CCCCCC.CCCCCC(=O)[O-],2.2588162422180176,2.5352940559387207,KoFHJ,phosphonium,carboxylates,2.5352941200427703
CCCC[NH3+].O=[N+]([O-])[O-],1.7916678190231323,2.0056095123291016,KodWG,ammonium,inorganics,2.0056094453602804
CC[n+]1ccn(C)c1.N#C[N-]C#N,1.2396999597549438,1.2065560817718506,KtBkV,imidazolium,amides,1.2065560440990295
CC[NH3+].CCCC(=O)[O-],1.9683713912963867,2.318063259124756,LcNLB,ammonium,carboxylates,2.3180633349627615
CCOC(=O)C[n+]1ccn(C)c1.[Cl-],2.261608362197876,2.54282546043396,LltqC,imidazolium,inorganics,2.5428254269591797
CCCCCn1cc[n+](C)c1.O=P([O-])(O)O,2.2199742794036865,2.311753749847412,LnTJY,imidazolium,organic phosphates,2.311753861055754
CCCC[n+]1ccn(C)c1.O=P([O-])(O)O,1.9132957458496096,2.098989725112915,LqNxr,imidazolium,organic phosphates,2.0989896394011773
CC[N+]1(C)CCOCC1.N#C[N-]C#N,2.398505449295044,2.2455127239227295,LsOiR,morpholinium,amides,2.24551266781415
CCCCCCCCCCCCOC[N+](C)(C)CCO.O=S(=O)([N-]S(=O)(=O)C(F)(F)F)C(F)(F)F,2.362359523773194,2.365488052368164,LskgT,ammonium,bistriflamides,2.3654879848909
CCCC[NH+](C)C.O=S(=O)([N-]S(=O)(=O)C(F)(F)F)C(F)(F)F,1.677133321762085,1.739572286605835,Luwkl,ammonium,bistriflamides,1.739572344450092
CCC[n+]1ccccc1.O=S(=O)([O-])C(F)(F)F,1.7726401090621948,2.0145206451416016,LvfQP,pyridinium,sulfonates,2.0145205387579237
CCCCCCCC[P+](CC)(CC)CC.Brc1c[n-]cn1,2.42962384223938,2.7682666778564453,LxCIR,phosphonium,cyclic amides,2.7682665960791595
CCCCC[N+]1(C)CCOCC1.N#C[N-]C#N,2.677762746810913,2.7067177295684814,LzGwJ,morpholinium,amides,2.7067177823367587
CCCCCCn1cc[n+](C)c1.CC1=CC(=O)[N-]S(=O)(=O)O1,2.793073892593384,2.896526336669922,MCKxq,imidazolium,bistriflamides,2.8965262174895554
CCCCCCCCCCCCCC[P+](CCCCCC)(CCCCCC)CCCCCC.CCCCCCCCCC(=O)[O-],2.3255443572998047,2.612783908843994,MEkSy,phosphonium,carboxylates,2.6127838567197355
C[N+](C)(C)CCO.CC(O)C(=O)[O-],2.5473973751068115,2.7474117279052734,MEvtG,ammonium,carboxylates,2.747411807886423
CC(C)C[P+](C)(CC(C)C)CC(C)C.Cc1ccc(S(=O)(=O)[O-])cc1,3.1962058544158936,3.5577478408813477,MHRhC,phosphonium,sulfonates,3.557747741641468
C[NH2+]CCO.CCCC(=O)[O-],1.88092041015625,2.4756712913513184,MINNE,ammonium,carboxylates,2.4756711883244296
CCCC[n+]1ccccc1.N#C[N-]C#N,1.5593862533569336,1.5492485761642456,MJtbx,pyridinium,amides,1.549248556854056
CC[S+]1CCCC1.N#C[N-]C#N,1.7320690155029297,1.5340261459350586,MLUUH,cyclic sulfonium,amides,1.534026106056135
CCCCCCCCCCCCCC[P+](CCCCCC)(CCCCCC)CCCCCC.O=C([O-])C(F)(F)C(F)(F)C(F)(F)C(F)(F)F,2.372283935546875,2.4533183574676514,MLVBk,phosphonium,carboxylates,2.4533183400470375
C[n+]1ccn(CCCC#N)c1.O=S(=O)([N-]S(=O)(=O)C(F)(F)F)C(F)(F)F,2.2708218097686768,2.318063259124756,MLmQo,imidazolium,bistriflamides,2.3180633349627615
CCCCCCCCn1cc[n+](CCC#N)c1.O=S(=O)([O-])C(F)(F)F,2.8728601932525635,3.6164755821228023,MNmsE,imidazolium,sulfonates,3.616475513888566
CC(C)C[n+]1ccn(C)c1.O=S(=O)([N-]S(=O)(=O)C(F)(F)F)C(F)(F)F,1.7104666233062744,1.910624384880066,MSAif,imidazolium,bistriflamides,1.9106244048892012
CCCn1c[n+](C)cn1.O=S(=O)([N-]S(=O)(=O)C(F)(F)F)C(F)(F)F,1.7325812578201294,1.945468544960022,MWxHK,triazolium,bistriflamides,1.9454685851318196
CCCCn1cc[n+](C)c1.FC(F)(F)C(F)(F)[P-](F)(F)(F)(C(F)(F)C(F)(F)F)C(F)(F)C(F)(F)F,1.7816336154937744,1.8756399154663088,Mbjws,imidazolium,phosphates,1.8756399370041683
C[NH2+]CCO.CCCCC(=O)[O-],1.841559648513794,2.369215965270996,McJYt,ammonium,carboxylates,2.369215857410143
CCC(C)C[NH3+].O=C[O-],2.042375326156616,2.359835386276245,MccER,ammonium,carboxylates,2.359835482339888
C[N+](C)(C)CCO.O=S(=O)([O-])CCN(CCO)CCO,3.821037530899048,4.311753749847412,MhMZs,ammonium,sulfonates,4.311753861055754
CCCCCC[N+]1(C)CCOCC1.N#C[C-](C#N)C#N,2.416938066482544,2.491361618041992,MhZxO,morpholinium,methanides,2.4913616938342726
CCCCCCCC[P+](CCCC)(CCCC)CCCC.FC(F)(F)C(F)(F)[P-](F)(F)(F)(C(F)(F)C(F)(F)F)C(F)(F)C(F)(F)F,2.2470028400421143,2.51188325881958,MkEow,phosphonium,phosphates,2.5118833609788744
Cc1ccc[n+](CC(C)C)c1.O=S(=O)([N-]S(=O)(=O)C(F)(F)F)C(F)(F)F,1.7063605785369873,2.000434160232544,MoNze,pyridinium,bistriflamides,2.000434077479319
CCCCCC[n+]1ccn(CCC#N)c1.CCCCC(CC)COC(=O)CC(C(=O)OCC(CC)CCCC)S(=O)(=O)[O-],4.058553218841553,4.298852920532227,MrYIe,imidazolium,sulfonates,4.298853076409706
COCCCC[n+]1ccn(C)c1.NCC(=O)[O-],1.8064216375350952,1.9876662492752075,MwegR,imidazolium,carboxylates,1.9876662649262744
C=CC[n+]1ccn(C=C)c1.N#C[N-]C#N,1.6485438346862793,1.4727565050125122,Mxuvf,imidazolium,amides,1.4727564493172125
CCCCCCCCCCCCCC[P+](CCCCCC)(CCCCCC)CCCCCC.O=S(=O)([N-]S(=O)(=O)C(F)(F)F)C(F)(F)F,2.392775774002075,2.492760419845581,MyLfe,phosphonium,bistriflamides,2.4927603890268375
CCCCCCCCCCOC[N+](C)(C)CCO.O=S(=O)([N-]S(=O)(=O)C(F)(F)F)C(F)(F)F,2.2226827144622803,2.271841526031494,MzKGy,ammonium,bistriflamides,2.271841606536499
C[N+]1(CCCO)CCOCC1.O=S(=O)([N-]S(=O)(=O)C(F)(F)F)C(F)(F)F,2.5105748176574707,3.0729846954345703,NDzOj,morpholinium,bistriflamides,3.0729847446279304
CCCCCCCCCC[n+]1ccccc1.O=S(=O)([N-]S(=O)(=O)C(F)(F)F)C(F)(F)F,2.004973888397217,2.1956229209899902,NHOpl,pyridinium,bistriflamides,2.1956229435869368
COCC[N+]1(C)CCCC1.O=S(=O)([N-]S(=O)(=O)C(F)(F)F)C(F)(F)F,1.5724728107452393,1.7411515712738037,NIDln,pyrrolidinium,bistriflamides,1.7411515988517852
CCCCCCC[N+]1(C)CCOCC1.N#C[N-]C#N,2.7352988719940186,2.7767012119293213,NImfh,morpholinium,amides,2.776701183988411
CCCCCc1c(C)cc(C)c[n+]1CCCC.O=S(=O)([N-]S(=O)(=O)C(F)(F)F)C(F)(F)F,2.1670210361480713,2.403120517730713,NJGye,pyridinium,bistriflamides,2.403120521175818
CC(C)n1cc[n+](C)c1.O=S(=O)([N-]S(=O)(=O)C(F)(F)F)C(F)(F)F,1.513404369354248,1.6812412738800049,NMeqO,imidazolium,bistriflamides,1.6812412373755872
CCCCCC[n+]1ccccc1.N#C[N-]C#N,1.735152006149292,1.786041259765625,NOrTO,pyridinium,amides,1.7860412102425542
COCC[n+]1ccn(C)c1.O=S(=O)([N-]S(=O)(=O)C(F)(F)F)C(F)(F)F,1.500373363494873,1.6683858633041382,NPfgs,imidazolium,bistriflamides,1.66838591669
CCCCCCCC[NH+](CCCCCCCC)CCCCCCCC.O=C([O-])CCCCC(=O)O,3.042921543121338,3.526855945587158,NPtQS,ammonium,carboxylates,3.5268559871258747
CCCCCCCC[P+](CCCCCCCC)(CCCCCCCC)CCCCCCCC.O=S(=O)([N-]S(=O)(=O)C(F)(F)F)C(F)(F)F,2.3948328495025635,2.6493349075317383,NTAGs,phosphonium,bistriflamides,2.649334858712142
CCCCCCCC[P+](C)(CCCCCCCC)CCCCCCCC.CC(=O)CCC(=O)[O-],2.401143789291382,2.563481092453003,NUlcO,phosphonium,carboxylates,2.5634810853944106
CCCCCc1c(C)cc(C)c[n+]1CC.O=S(=O)([N-]S(=O)(=O)C(F)(F)F)C(F)(F)F,1.9900693893432615,2.414973258972168,NZslI,pyridinium,bistriflamides,2.4149733479708178
CCCCCCCCCn1cc[n+](C)c1.O=S(=O)([N-]S(=O)(=O)C(F)(F)F)C(F)(F)F,1.957930326461792,2.0269415378570557,NfEin,imidazolium,bistriflamides,2.0269416279590295
Cc1n(CCCC#N)cc[n+]1C.N#C[N-]C#N,1.904544472694397,2.568201780319214,NgsTy,imidazolium,amides,2.568201724066995
CCCCOC[N+](C)(C)CCO.O=S(=O)([N-]S(=O)(=O)C(F)(F)F)C(F)(F)F,1.8542661666870115,1.954242467880249,NiCTA,ammonium,bistriflamides,1.954242509439325
Cn1cc[n+](CCO)c1.O=S(=O)([O-])C(F)(F)C(F)(F)C(F)(F)C(F)(F)F,2.359104871749878,2.920123338699341,NiIPC,imidazolium,sulfonates,2.920123326290724
CCCCCCCCCC[N+](CC)(CC)CC.O=S(=O)([N-]S(=O)(=O)C(F)(F)F)C(F)(F)F,2.2407727241516113,2.450249195098877,NqYxf,ammonium,bistriflamides,2.450249108319361
C[N+]1=C(O)CCC1.CCCC(=O)[O-],0.501476526260376,0.5472822785377502,NqsfO,amidium,carboxylates,0.5472823079633032
CCCCOC[N+](C)(C)CCOC(C)=O.O=S(=O)([N-]S(=O)(=O)C(F)(F)F)C(F)(F)F,2.0935404300689697,2.262451171875,NsYaW,ammonium,bistriflamides,2.2624510897304293
CCCCCCCC[N+]1(C)CCCC1.O=S(=O)([N-]S(=O)(=O)C(F)(F)F)C(F)(F)F,1.7938132286071775,2.140507936477661,OBIJG,pyrrolidinium,bistriflamides,2.14050804303818
CCCCCCCCCCCCCC[P+](CCCCCC)(CCCCCC)CCCCCC.c1nnn[n-]1,2.278029441833496,2.778151273727417,OCZDB,phosphonium,cyclic amides,2.7781512503836434
COCC[N+]1=C2CCCCCN2CCC1.O=S(=O)([N-]S(=O)(=O)C(F)(F)F)C(F)(F)F,2.0444791316986084,2.3222193717956543,OCphM,amidium,bistriflamides,2.322219294733919
CCCC[n+]1ccn(CCC#N)c1.O=S(=O)([O-])C(F)(F)F,2.5073201656341553,2.857332468032837,ODTBK,imidazolium,sulfonates,2.8573324964312685
CCCCO[n+]1ccn(CCCC)c1.Cc1ccc(S(=O)(=O)[O-])cc1,1.9564217329025269,1.8633228540420532,ODciU,imidazolium,sulfonates,1.863322860120456
[NH3+]CCO.CC(O)C(=O)[O-],2.1601059436798096,2.4048337936401367,ODeph,ammonium,carboxylates,2.404833716619938
CCCC[N+]1(C)CCCC1.O=S(=O)(F)[N-]S(=O)(=O)C(F)(F)F,1.815041661262512,1.707570195198059,OIxbv,pyrrolidinium,bistriflamides,1.7075701760979365
CCc1cccc[n+]1CC.O=S(=O)([N-]S(=O)(=O)C(F)(F)F)C(F)(F)F,1.6183688640594482,1.8373990058898928,ORJCW,pyridinium,bistriflamides,1.8373990243420224
CCCCCCCC[n+]1ccn(C)c1.O=P([O-])(O)OP(=O)(O)O,3.630172729492187,4.371068000793457,OYtWE,imidazolium,organic phosphates,4.371067862271736
CCCC[n+]1ccc(N(C)C)cc1.O=S(=O)([N-]S(=O)(=O)C(F)(F)F)C(F)(F)F,1.810377836227417,1.9190781116485596,ObxBC,pyridinium,bistriflamides,1.919078092376074
COCC[n+]1ccccc1.O=S(=O)([N-]S(=O)(=O)C(F)(F)F)C(F)(F)F,1.4750664234161377,1.76937735080719,OcTgJ,pyridinium,bistriflamides,1.7693773260761383
CCn1cc[n+](C)c1.NCCC(=O)[O-],2.211743116378784,2.901458263397217,OchWi,imidazolium,carboxylates,2.9014583213961123
CCCCCC[NH+](CCCCCC)CCCCCC.CCCCCC(=O)[O-],0.9645886421203612,1.0569047927856443,OdkUi,ammonium,carboxylates,1.0569048513364727
CCCCCCn1cc[n+](C)c1.FC(F)(F)C(F)(F)[P-](F)(F)(F)(C(F)(F)C(F)(F)F)C(F)(F)C(F)(F)F,1.9158263206481936,1.945468544960022,OflKV,imidazolium,phosphates,1.9454685851318196
CCCCCCCC[N+](C)(CCCCCCCC)CCCCCCCC.O=C([O-])C(F)(F)F,2.943305253982544,3.232487916946411,OkDnt,ammonium,carboxylates,3.232487866352986
CCCCNC(=O)Cn1cc[n+](CC)c1.O=S(=O)([N-]S(=O)(=O)C(F)(F)F)C(F)(F)F,2.647312641143799,2.890420913696289,OnqXH,imidazolium,bistriflamides,2.890421018800914
C=Cc1ccc(C[N+](C)(C)CCCCCCCCCC)cc1.O=S(=O)([N-]S(=O)(=O)C(F)(F)F)C(F)(F)F,2.548628091812134,3.1065309047698975,PENNR,ammonium,bistriflamides,3.1065308538223815
C[n+]1ccn(CCCC#N)c1.O=S(=O)(F)[N-]S(=O)(=O)F,2.0984461307525635,2.3324384689331055,PEeQW,imidazolium,bistriflamides,2.3324384599156054
CCCC[n+]1ccn(CCC#N)c1.[Cl-],3.680075883865357,4.294466018676758,PFJoe,imidazolium,inorganics,4.294466226161593
CC[N+]1(C)CCCCC1.CCOS(=O)(=O)[O-],2.7859628200531006,3.260309934616089,PLKdp,piperidinium,sulfates,3.26030994579492
CCCC[P+](CCCC)(CCCC)COC.c1c[n-]nn1,2.1355509757995605,2.3747482299804688,PPPwX,phosphonium,cyclic amides,2.374748346010104
C[NH+](C)C.O=S(=O)([O-])O,0.9396580457687378,0.7075701951980591,PQmYu,ammonium,sulfates,0.7075701760979364
Cn1cc[n+](C)c1.CC(=O)[O-],1.693408489227295,1.939519286155701,PRgOP,imidazolium,carboxylates,1.9395192526186185
CCCCC[n+]1ccccc1.O=S(=O)([N-]S(=O)(=O)C(F)(F)F)C(F)(F)F,1.764233112335205,1.8567289113998413,PSQPj,pyridinium,bistriflamides,1.8567288903828827
CCn1c[n+](C)cn1.O=S(=O)([N-]S(=O)(=O)C(F)(F)F)C(F)(F)F,1.5627188682556152,1.8363240957260132,PUIQf,triazolium,bistriflamides,1.8363241157067516
COCC[N+]1(C)CCCC1.F[P-](F)(F)(F)(F)F,2.3235840797424316,2.7403626441955566,PWFRc,pyrrolidinium,phosphates,2.7403626894942437
COC(=O)C([NH3+])Cc1ccccc1.O=S(=O)([N-]S(=O)(=O)C(F)(F)F)C(F)(F)F,2.8161540031433105,3.2329962253570557,PbzIW,ammonium,bistriflamides,3.2329961103921536
OCCC[n+]1ccccc1.N#C[N-]C#N,1.9085183143615725,2.0606977939605713,PgXYj,pyridinium,amides,2.060697840353612
CC[n+]1ccn(CCCCCCO)c1.[Cl-],2.7515783309936523,2.9344985485076904,PjsJE,imidazolium,inorganics,2.934498451243568
CCn1cc[n+](CC)c1.O=S(=O)([N-]S(=O)(=O)C(F)(F)F)C(F)(F)F,1.4053844213485718,1.4882686138153076,PkdJY,imidazolium,bistriflamides,1.48826861549546
CCCCCC[N+]1(C)CCOCC1.N#C[N-]C#N,2.7342913150787354,2.7168376445770264,PonIy,morpholinium,amides,2.7168377232995247
CCCCCC[N+](CCCCCC)=C(N(C)C)N(C)C.N#C[N-]C#N,2.2836647033691406,2.346353054046631,PonbR,guanidinium,amides,2.346352974450639
CC[NH3+].CC(O)C(=O)[O-],2.068764925003052,2.9047155380249023,PpitK,ammonium,carboxylates,2.904715545278681
C[n+]1ccn(CCc2ccccc2)c1.O=S(=O)([N-]S(=O)(=O)C(F)(F)F)C(F)(F)F,1.850849151611328,2.271841526031494,PrkdK,imidazolium,bistriflamides,2.271841606536499
CCCC[N+](CCCC)(CCCC)CCCC.CCCCC(CC)COP(=O)([O-])OCC(CC)CCCC,2.9513580799102783,3.2951271533966064,PwPeE,ammonium,organic phosphates,3.295127085252191
CCCCCCCCCC[n+]1cc[nH]c1.O=S(=O)([N-]S(=O)(=O)C(F)(F)F)C(F)(F)F,1.963468074798584,2.2555136680603027,PxHgx,imidazolium,bistriflamides,2.2555137128195333
CC[n+]1ccn(C)c1.c1nnn[n-]1,1.7491655349731443,1.641698122024536,QDJVK,imidazolium,cyclic amides,1.641698110116073
CCCCCCCCCCCCCC[P+](CCCCCC)(CCCCCC)CCCCCC.O=[N+]([O-])c1cn[n-]c1,2.5261037349700928,2.8512582778930664,QFHEG,phosphonium,cyclic amides,2.8512583487190755
CCCCCc1cccc[n+]1CC.O=S(=O)([N-]S(=O)(=O)C(F)(F)F)C(F)(F)F,1.8413740396499632,2.0366289615631104,QGvRU,pyridinium,bistriflamides,2.036628895362161
CCn1cc[n+](C)c1.O=C([N-]S(=O)(=O)C(F)(F)F)C(F)(F)F,1.4109835624694824,1.403120517730713,QHlJa,imidazolium,bistriflamides,1.403120521175818
CCCC[N+](C)(C)CCO.O=S(=O)([N-]S(=O)(=O)C(F)(F)F)C(F)(F)F,1.942103624343872,2.1737687587738037,QMJQn,ammonium,bistriflamides,2.17376882313665
C[N+]1=C(O)CCC1.CCCCCC(=O)[O-],0.7730951309204102,0.6579159498214722,QPbQA,amidium,carboxylates,0.6579159368299552
CCOCC[n+]1ccccc1.O=S(=O)([N-]S(=O)(=O)C(F)(F)F)C(F)(F)F,1.651872634887695,1.7218105792999268,QRgrN,pyridinium,bistriflamides,1.7218106152125463
CCC[n+]1ccccc1.N#C[N-]C#N,1.4298481941223145,1.4487062692642212,QScHF,pyridinium,amides,1.4487063199050798
CCCCCCCC[N+](C)(CCCCCCCC)CCCCCCCC.CCCCC(CC)CCC(=O)[O-],2.7533295154571533,3.5720579624176025,QXfTb,ammonium,carboxylates,3.5720579899263045
CC(C)CC[n+]1ccn(C)c1.O=S(=O)([N-]S(=O)(=O)C(F)(F)F)C(F)(F)F,1.7759602069854736,1.8388490676879885,QYFBr,imidazolium,bistriflamides,1.8388490907372552
CCCC[S+]1CCCCC1.O=S(=O)([N-]S(=O)(=O)C(F)(F)F)C(F)(F)F,1.8829751014709473,2.049217939376831,QcyPU,cyclic sulfonium,bistriflamides,2.0492180226701815
CCCCCCCCCOC[N+](C)(C)CCO.O=S(=O)([N-]S(=O)(=O)C(F)(F)F)C(F)(F)F,2.1511459350585938,2.2201080322265625,QgBQT,ammonium,bistriflamides,2.220108088040055
CCCCCC[n+]1cccc(C)c1.O=S(=O)([N-]S(=O)(=O)C(F)(F)F)C(F)(F)F,1.8318049907684328,1.929418921470642,QiNSN,pyridinium,bistriflamides,1.9294189257142929
CCCCCCCC[n+]1ccn(CCC#N)c1.CCCCCCCCCCOS(=O)(=O)[O-],3.5799553394317627,4.334453582763672,QmlWl,imidazolium,sulfates,4.334453751150931
C[N+](C)(CCO)CCO.CS(=O)(=O)[O-],3.2503902912139893,3.1746411323547363,QssoT,ammonium,sulfonates,3.1746411926604483
CCCCCC[n+]1ccn(C)c1.COP(=O)([O-])OC,2.4914751052856445,2.6095943450927734,QtCZW,imidazolium,organic phosphates,2.60959440922522
C=CC[N+](C)(C)CC.N#C[N-]C#N,1.597296118736267,1.3003780841827393,QwWYf,ammonium,amides,1.3003780648707026
CCCCCCCC[N+](CCCC)(CCCC)CCCC.O=S(=O)([O-])C(F)(F)F,3.1741275787353516,3.3074960708618164,QxEXj,ammonium,sulfonates,3.307496037913213
CCCCCCCC[N+]1(C)CCOCC1.N#C[N-]C#N,2.7399380207061768,2.8247764110565186,RDUwt,morpholinium,amides,2.824776462475546
CCCOCC[N+]1(C)CCCC1.O=S(=O)([N-]S(=O)(=O)C(F)(F)F)C(F)(F)F,1.7150170803070068,1.8394780158996584,REqMu,pyrrolidinium,bistriflamides,1.8394780473741985
CCCCCCCCC=CCCCCCCCC[n+]1ccn(C)c1.O=S(=O)([N-]S(=O)(=O)C(F)(F)F)C(F)(F)F,2.176661491394043,2.4216039180755615,RGmFO,imidazolium,bistriflamides,2.4216039268698313
CCCC[P+](CCCC)(CCCC)CCOCC.CS(=O)(=O)[O-],3.003363847732544,2.886490821838379,RHEEF,phosphonium,sulfonates,2.886490725172482
C=CC[N+](C)(C)CC.O=S(=O)([N-]S(=O)(=O)C(F)(F)F)C(F)(F)F,1.835046410560608,1.7671558856964111,RJvYf,ammonium,bistriflamides,1.7671558660821804
CCCCCC[n+]1ccc(C#N)cc1.O=S(=O)([N-]S(=O)(=O)C(F)(F)F)C(F)(F)F,2.817157506942749,2.8475725650787354,RKetR,pyridinium,bistriflamides,2.847572659142112
CCCC[n+]1ccsc1.O=S(=O)([N-]S(=O)(=O)C(F)(F)F)C(F)(F)F,1.7772459983825684,1.9547247886657717,RPnaH,thiazolium,bistriflamides,1.954724790979063
CCCC[n+]1ccn(C)c1.COCCOCCOS(=O)(=O)[O-],2.52717661857605,3.0141003131866455,RfbyY,imidazolium,sulfates,3.0141003215196207
CCOCn1cc[n+](C)c1.O=S(=O)([N-]S(=O)(=O)C(F)(F)F)C(F)(F)F,1.6293277740478516,1.7558748722076416,RkvIY,imidazolium,bistriflamides,1.7558748556724917
C[N+](C)(C)CCO.NCCC(=O)[O-],2.912747621536255,3.706888437271118,RnbND,ammonium,carboxylates,3.706888394981618
Cn1cc[n+](CCO)c1.CC(=O)[O-],1.8138549327850344,2.01745080947876,Rtluj,imidazolium,carboxylates,2.017450729510536
CC[n+]1ccn(CCOC)c1.O=S(=O)([N-]S(=O)(=O)C(F)(F)F)C(F)(F)F,1.470304012298584,1.5501060485839844,SAzrJ,imidazolium,bistriflamides,1.5501059993475927
CCCn1cc[n+](C)c1.O=S(=O)(F)[N-]S(=O)(=O)F,1.5175502300262451,1.4756711721420288,SVNCY,imidazolium,bistriflamides,1.4756711883244296
COC[n+]1ccccc1.O=S(=O)([N-]S(=O)(=O)C(F)(F)F)C(F)(F)F,1.4645994901657104,1.765668511390686,SXGeQ,pyridinium,bistriflamides,1.765668554759014
CCCC[n+]1cccn1C.O=S(=O)([N-]S(=O)(=O)C(F)(F)F)C(F)(F)F,1.8351478576660156,1.84509801864624,SdpBx,pyrazolium,bistriflamides,1.845098040014257
CCC[N+]1(C)CCCCC1.O=S(=O)(F)[N-]S(=O)(=O)F,1.721398115158081,1.707570195198059,SeLaG,piperidinium,bistriflamides,1.7075701760979365
CCCCCC[n+]1ccsc1.O=S(=O)([N-]S(=O)(=O)C(F)(F)F)C(F)(F)F,1.8962363004684448,2.260071277618408,SfKXC,thiazolium,bistriflamides,2.2600713879850747
CCCC[P+](CCCC)(CCCC)CCC(F)(F)C(F)(F)F.N#C[N-]C#N,2.559040784835815,2.8260748386383057,SgQrl,phosphonium,amides,2.8260748027008264
CCCC[N+]1(C)CCCC1.O=S(=O)([N-]S(=O)(=O)C(F)(F)C(F)(F)F)C(F)(F)C(F)(F)F,2.21285343170166,2.397939920425415,SiuMk,pyrrolidinium,bistriflamides,2.3979400086720375
CCCCC[n+]1ccn(C)c1.O=C([O-])O,1.875284433364868,2.035829782485962,Slyri,imidazolium,carboxylates,2.035829825252828
CCOC[N+]1(C)CCCC1.O=S(=O)([N-]S(=O)(=O)C(F)(F)F)C(F)(F)F,1.5647248029708862,1.5809249877929688,SmYXt,pyrrolidinium,bistriflamides,1.5809249756756194
Cn1cc[n+](CC#N)c1.O=S(=O)([N-]S(=O)(=O)C(F)(F)F)C(F)(F)F,1.9981815814971924,2.4996871948242188,SyDAq,imidazolium,bistriflamides,2.499687082618404
CCCn1cc[n+](C)c1C.O=S(=O)([N-]S(=O)(=O)C(F)(F)F)C(F)(F)F,1.82148540019989,1.9547247886657717,TBzCO,imidazolium,bistriflamides,1.954724790979063
CCCCCC[n+]1ccn(C)c1.N#Cc1ccc[n-]1,2.4699466228485107,2.3783979415893555,TOZMR,imidazolium,cyclic amides,2.3783979009481375
C[N+](C)(C)CCO.CC(N)C(=O)[O-],3.017874002456665,3.31718373298645,TOwXc,ammonium,carboxylates,3.3171836295143864
CCC[N+]1(C)CCOCC1.CC(=O)NC(C)C(=O)[O-],3.1768462657928467,3.549738645553589,TXAGu,morpholinium,carboxylates,3.549738731264899
COCCC[N+]1(C)CCCC1.O=S(=O)([N-]S(=O)(=O)C(F)(F)F)C(F)(F)F,1.7039369344711304,1.8893016576766968,TaAMC,pyrrolidinium,bistriflamides,1.8893017025063104
CCn1cc[n+](C)c1.NC(CO)C(=O)[O-],2.518654108047486,2.613841772079468,TbIdS,imidazolium,carboxylates,2.6138418218760693
CCCCCCn1c[n+](C)cn1.O=S(=O)([N-]S(=O)(=O)C(F)(F)F)C(F)(F)F,1.9036896228790283,2.090963125228882,TfYJw,triazolium,bistriflamides,2.090963076595732
N#CCCn1cc[n+](Cc2ccccc2)c1.N#C[S-],3.1682350635528564,3.346353054046631,TigLo,imidazolium,inorganics,3.346352974450639
COCCn1cc[n+](C)c1.CCC(=O)[O-],1.6182291507720947,1.8457800149917605,TmILN,imidazolium,carboxylates,1.8457799671118893
CCCCn1cc[n+](C)c1.COP(C)(=O)[O-],2.3654723167419434,2.8808135986328125,TrHQV,imidazolium,organic phosphates,2.8808135922807914
CC[n+]1ccn(C)c1.O=C([O-])C(F)(F)C(F)(F)C(F)(F)C(F)(F)F,2.0681285858154297,2.0314085483551025,TtGUh,imidazolium,carboxylates,2.031408464251624
CCCCCCCC[n+]1ccsc1.O=S(=O)([N-]S(=O)(=O)C(F)(F)F)C(F)(F)F,2.001139879226685,2.350248098373413,TvqhJ,thiazolium,bistriflamides,2.3502480183341627
CCCCC(CC)C[NH2+]CCN.O=C([O-])C(F)(F)F,2.695810556411743,2.761927843093872,TwMWw,ammonium,carboxylates,2.761927838420529
CCCCCC[N+]1(C)CCOCC1.CCCCCCO[PH](=O)[O-],2.1752755641937256,2.4297523498535156,TxqkI,morpholinium,organic phosphates,2.429752280002408
CCCCCC[P+](CCCC)(CCCC)CCCC.N#C[N-]C#N,2.1681337356567383,2.086359739303589,UGAeB,phosphonium,amides,2.0863598306747484
COCC[N+]1(C)CCOCC1.O=S(=O)([N-]S(=O)(=O)C(F)(F)F)C(F)(F)F,2.1987695693969727,2.4116196632385254,UGYHh,morpholinium,bistriflamides,2.41161970596323
CCCOC[N+](C)(C)CCOC(C)=O.O=S(=O)([N-]S(=O)(=O)C(F)(F)F)C(F)(F)F,2.1337060928344727,2.2528529167175293,UHPeT,ammonium,bistriflamides,2.2528530309798933
CCOCC[N+]1(C)CCCC1.O=S(=O)([N-]S(=O)(=O)C(F)(F)F)C(F)(F)F,1.6201094388961792,1.7050079107284546,UHoRA,pyrrolidinium,bistriflamides,1.705007959333336
COCCCC[n+]1ccn(C)c1.CC(O)C(N)C(=O)[O-],2.443851947784424,2.627365827560425,UJMRb,imidazolium,carboxylates,2.6273658565927325
CCCC[N+]1(C)CCCC1.CC(=O)[O-],1.9452420473098757,2.029383659362793,ULRqG,pyrrolidinium,carboxylates,2.0293837776852097
CCCCCOC[N+](C)(C)CCOC(C)=O.O=S(=O)([N-]S(=O)(=O)C(F)(F)F)C(F)(F)F,2.095581531524658,2.271841526031494,ULYap,ammonium,bistriflamides,2.271841606536499
COCCC[n+]1ccccc1.O=S(=O)([N-]S(=O)(=O)C(F)(F)F)C(F)(F)F,1.698028802871704,1.802773714065552,USkdg,pyridinium,bistriflamides,1.802773725291976
Cc1cccc[nH+]1.O=S(=O)([N-]S(=O)(=O)C(F)(F)F)C(F)(F)F,1.4417157173156738,1.7535830736160278,UYLuH,pyridinium,bistriflamides,1.7535830588929069
N#CCCC[n+]1ccccc1.O=S(=O)([N-]S(=O)(=O)C(F)(F)F)C(F)(F)F,2.3369085788726807,2.6117234230041504,UkGzD,pyridinium,bistriflamides,2.611723308007342
CCCC[NH3+].O=C[O-],1.805586576461792,2.0827853679656982,Unhab,ammonium,carboxylates,2.0827853703164503
CCCCCCCCCCOC[N+](C)(C)CCOC(C)=O.O=S(=O)([N-]S(=O)(=O)C(F)(F)F)C(F)(F)F,2.2652323246002197,2.3996737003326416,UzYIP,ammonium,bistriflamides,2.399673721481038
CCCC[n+]1ccn(C(CC)CC)c1.O=S(=O)([N-]S(=O)(=O)C(F)(F)F)C(F)(F)F,1.826772689819336,2.072617530822754,VBDee,imidazolium,bistriflamides,2.0726174765452368
CCCCn1c[n+](CCCCS(=O)(=O)O)cn1.O=S(=O)([O-])C(F)(F)F,2.0698840618133545,1.9962489604949951,VDTOY,triazolium,sulfonates,1.996248914569132
CCCCCCCCCCCOC[N+](C)(C)CCO.O=S(=O)([N-]S(=O)(=O)C(F)(F)F)C(F)(F)F,2.296553611755371,2.301029920578003,VKFQz,ammonium,bistriflamides,2.3010299956639813
C[n+]1ccn(CCC(F)(F)C(F)(F)F)c1.O=S(=O)([N-]S(=O)(=O)C(F)(F)F)C(F)(F)F,2.1903018951416016,2.600972890853882,VLXgY,imidazolium,bistriflamides,2.6009728956867484
CCCC[n+]1cscc1C.O=S(=O)([N-]S(=O)(=O)C(F)(F)F)C(F)(F)F,1.89217472076416,2.043755054473877,VLiox,thiazolium,bistriflamides,2.0437551269686796
CC[S+](C)CC.O=S(=O)([N-]S(=O)(=O)C(F)(F)F)C(F)(F)F,1.5742566585540771,1.609701156616211,VNibq,sulfonium,bistriflamides,1.6097011023793997
CCCC[n+]1ccc(C)cc1.N#C[S-],1.9447944164276123,1.9344984292984009,Vgrek,pyridinium,inorganics,1.9344984512435677
CC[N+]1(C)CCCC1.CC(=O)[O-],2.1578283309936523,2.380211353302002,VkqxO,pyrrolidinium,carboxylates,2.380211241711606
CCCC[N+]1(C)CCCC1.N#C[S-],1.895202398300171,2.039414167404175,VlGxl,pyrrolidinium,inorganics,2.0394141191761372
CCC[n+]1cn(C)cn1.O=[N+]([O-])[O-],2.2343170642852783,2.348304748535156,VmCVd,triazolium,inorganics,2.3483048630481607
Cn1cc[n+](CCCCC#N)c1.[Cl-],3.2278201580047607,3.71600341796875,VmYpX,imidazolium,inorganics,3.716003343634799
CCCC[P+](CC)(CCCC)CCCC.CCCC(=O)[O-],2.018662452697754,2.1903316974639893,VnLml,phosphonium,carboxylates,2.1903316981702914
CCCCC[S+]1CCCC1.O=S(=O)([N-]S(=O)(=O)C(F)(F)F)C(F)(F)F,1.7647101879119873,1.9595184326171875,VoryF,cyclic sulfonium,bistriflamides,1.9595183769729985
CCCOCC[n+]1ccccc1.O=S(=O)([N-]S(=O)(=O)C(F)(F)F)C(F)(F)F,1.7147774696350098,1.792391657829285,VuazU,pyridinium,bistriflamides,1.792391689498254
CCCCCCCC[P+](CC)(CC)CC.Brc1cccc2[n-]ncc12,2.5697710514068604,3.003509759902954,VyeiQ,phosphonium,cyclic amides,3.003509780882299
CCCC[n+]1ccn(C)c1.O=S(=O)([O-])O,2.110006809234619,2.5502283573150635,VzvKT,imidazolium,sulfates,2.550228353055094
COCC[n+]1ccn(C)c1.CC(O)C(N)C(=O)[O-],2.490997314453125,2.954242467880249,WAREM,imidazolium,carboxylates,2.9542425094393248
C[n+]1ccn(CCO)c1.FC(F)(F)C(F)(F)[P-](F)(F)(F)(C(F)(F)C(F)(F)F)C(F)(F)C(F)(F)F,2.087188720703125,2.311753749847412,WCKGi,imidazolium,phosphates,2.311753861055754
CCCC[N+]1(C)CCCCC1.CCCCO[PH](=O)[O-],2.0786025524139404,2.0530784130096436,WGNyB,piperidinium,organic phosphates,2.0530784434834195
CCCCCCCCn1cc[n+](CCC#N)c1.O=C([O-])c1cccc(S(=O)(=O)O)c1,3.4866273403167725,4.15836238861084,WTJmN,imidazolium,carboxylates,4.158362492095249
C[N+](C)(C)CCCC(=O)O.O=S(=O)([N-]S(=O)(=O)C(F)(F)F)C(F)(F)F,2.756054401397705,3.2430379390716553,WUdsh,ammonium,bistriflamides,3.2430380486862944
CCCCCCCCCCCCCC[P+](CCCCCC)(CCCCCC)CCCCCC.CS(=O)(=O)[O-],2.592211961746216,3.1396901607513428,WdAns,phosphonium,sulfonates,3.1396902216529226
CN(C)C(=[NH2+])N(C)C.O=S(=O)([N-]S(=O)(=O)C(F)(F)C(F)(F)F)C(F)(F)C(F)(F)F,2.0023200511932373,2.380211353302002,WeZho,guanidinium,bistriflamides,2.380211241711606
Cn1cc[n+](C(C)(C)C)c1.O=S(=O)([N-]S(=O)(=O)C(F)(F)F)C(F)(F)F,1.8434350490570068,2.0827853679656982,WgJNs,imidazolium,bistriflamides,2.0827853703164503
CCCC[n+]1ccccc1.O=S(=O)([O-])C(F)(F)F,1.8484309911727903,2.1038036346435547,WiZHH,pyridinium,sulfonates,2.103803720955957
C[N+](C)(C)CCO.CCCC(=O)[O-],2.724220037460327,2.8000292778015137,WkFgU,ammonium,carboxylates,2.8000293592441343
CCCCCCCCn1cc[n+](C)c1.N#C[C-](C#N)C#N,1.6869733333587646,1.778151273727417,WkhOP,imidazolium,methanides,1.7781512503836436
CCCCCCCC[N+]1(C)CCOCC1.CC(=O)NC(C)C(=O)[O-],3.5928380489349365,4.3961992263793945,WlsAm,morpholinium,carboxylates,4.396199347095736
C[N+]1=C(O)CCC1.O=C[O-],0.5921804308891296,0.3457656800746918,Wmyqh,amidium,carboxylates,0.3457656931144881
C[n+]1ccn(CCC(F)(F)C(F)(F)C(F)(F)C(F)(F)C(F)(F)C(F)(F)F)c1.CC(=O)[O-],3.149242162704468,3.8633229732513423,WnomS,imidazolium,carboxylates,3.863322860120456
COCC[N+]1(C)CCCCC1.FC(F)(F)C(F)(F)[P-](F)(F)(F)(C(F)(F)C(F)(F)F)C(F)(F)C(F)(F)F,1.9615001678466797,2.2875778675079346,XEktX,piperidinium,phosphates,2.287577809078705
CC[NH3+].CCC(=O)[O-],1.7858760356903076,1.875061273574829,XIGoh,ammonium,carboxylates,1.8750612633917
CC[n+]1cccc(C)c1.O=S(=O)([N-]S(=O)(=O)C(F)(F)F)C(F)(F)F,1.4815753698349,1.5919545888900757,XNdDC,pyridinium,bistriflamides,1.5919545550467356
CCCC[n+]1ccn(CCC#N)c1.O=S(=O)([O-])c1ccccc1,3.0217063426971436,3.439648389816284,XQIUN,imidazolium,sulfonates,3.4396484295634737
CCCCCC[n+]1ccn(CCC#N)c1.O=C([O-])c1cccc(S(=O)(=O)O)c1,3.392622947692871,4.06069803237915,XSnMr,imidazolium,carboxylates,4.060697840353612
CC[NH+]=C(N(C)C)N(C)C.O=S(=O)([N-]S(=O)(=O)C(F)(F)F)C(F)(F)F,1.737955093383789,1.7701152563095093,XTmOx,guanidinium,bistriflamides,1.7701152947871015
CCCCO[n+]1ccn(CCCC)c1.[Br-],2.46282696723938,2.7403626441955566,XcuNT,imidazolium,inorganics,2.7403626894942437
CCC[N+]1(C)CCCC1.N#C[N-]C#N,1.5980379581451416,1.4771212339401243,XgOdq,pyrrolidinium,amides,1.4771212547196624
C1CC[NH2+]C1.O=[N+]([O-])[O-],0.6811624765396118,0.7160033583641052,XhCru,pyrrolidinium,inorganics,0.7160033436347992
CC(C)n1cc[n+](C)c1.O=S(=O)(F)[N-]S(=O)(=O)F,1.426679253578186,1.4216039180755615,XhJUU,imidazolium,bistriflamides,1.421603926869831
CCCCCCCC[P+](CCCC)(CCCC)CCCC.CC(=O)C=C(C)[O-],2.17681884765625,2.6095943450927734,XqvAw,phosphonium,carboanions,2.60959440922522
CC(C(O)c1ccccc1)[N+](C)(C)C.O=S(=O)([N-]S(=O)(=O)C(F)(F)F)C(F)(F)F,2.235044479370117,2.68304705619812,XrVum,ammonium,bistriflamides,2.6830470382388496
Cn1cc[n+](CCCC#N)c1.N#C[N-]C#N,1.7926372289657593,2.201397180557251,XrXRk,imidazolium,amides,2.2013971243204513
CCCCCn1cc[n+](CCCC)c1.O=S(=O)([N-]S(=O)(=O)C(F)(F)F)C(F)(F)F,1.7553184032440186,1.8802417516708376,XxMSJ,imidazolium,bistriflamides,1.8802417758954804
CCCCCCCC[N+](CC)(CC)CC.O=S(=O)([N-]S(=O)(=O)C(F)(F)F)C(F)(F)F,2.1672286987304688,2.3443922996520996,XzzaF,ammonium,bistriflamides,2.3443922736851106
CN(C)C(=[NH2+])N(C)C.CCCCCC(=O)[O-],2.503509283065796,3.000434160232544,YAYAq,guanidinium,carboxylates,3.000434077479319
CCCCCCC[N+](CC)(CC)CC.O=S(=O)([N-]S(=O)(=O)C(F)(F)F)C(F)(F)F,2.1279044151306152,1.8779469728469849,YAlGY,ammonium,bistriflamides,1.877946951629188
C[N+]1=C(O)CCC1.CCCCC(=O)[O-],0.6580939292907715,0.5921767354011536,YCmBY,amidium,carboxylates,0.5921767573958668
CCCCC[n+]1ccn(C)c1.N#C[S-],2.0176873207092285,1.972665548324585,YGGtS,imidazolium,inorganics,1.972665592266111
CCC[N+]1(C)CCCCC1.O=S(=O)([N-]S(=O)(=O)C(F)(F)F)C(F)(F)F,1.8253432512283323,2.1684975624084473,YJkxk,piperidinium,bistriflamides,2.1684974835230326
CCCCCCC[N+](CC)(C(C)C)C(C)C.O=S(=O)([N-]S(=O)(=O)C(F)(F)F)C(F)(F)F,2.191502094268799,2.558708667755127,YKFGW,ammonium,bistriflamides,2.558708570533166
CCCCCCC[n+]1ccn(C)c1.O=S(=O)([N-]S(=O)(=O)C(F)(F)F)C(F)(F)F,1.815053939819336,1.913813829421997,YMUNu,imidazolium,bistriflamides,1.9138138523837167
C[N+](CCO)(CCO)CCO.O=S(=O)([N-]S(=O)(=O)C(F)(F)F)C(F)(F)F,2.4264707565307617,2.7551121711730957,YUOpp,ammonium,bistriflamides,2.7551122663950713
CCCCCC[N+]1(C)CCOCC1.O=S(=O)(F)[N-]S(=O)(=O)F,2.372518301010132,2.568201780319214,YXgaf,morpholinium,bistriflamides,2.568201724066995
CCCC[N+]1(C)CCCC1.N#C[N-]S(=O)(=O)C(F)(F)F,1.8172409534454343,1.661812663078308,YYhmA,pyrrolidinium,bistriflamides,1.6618126855372612
C[n+]1ccn(CCO)c1.CCC(=O)[O-],2.092658758163452,2.18780255317688,YihQc,imidazolium,carboxylates,2.1878026387184195
CCCCn1cc[n+](CCC#N)c1.N#C[S-],2.2947726249694824,2.4171392917633057,YjLmQ,imidazolium,inorganics,2.4171394097273255
CCCCCCCCCCCCCC[P+](CCCCCC)(CCCCCC)CCCCCC.O=C([O-])C(F)(F)C(F)(F)C(F)(F)C(F)(F)C(F)(F)C(F)(F)C(F)(F)C(F)(F)F,2.6972270011901855,2.7371926307678223,YluOJ,phosphonium,carboxylates,2.7371926427047373
CCCC[n+]1ccn(C)c1C.CC(N)C(=O)[O-],1.8055827617645264,2.4281346797943115,YmaEu,imidazolium,carboxylates,2.428134794028789
CCC(O)=[N+](C)C.O=S(=O)([N-]S(=O)(=O)C(F)(F)F)C(F)(F)F,1.9211814403533936,2.0707764625549316,YvgJQ,amidium,bistriflamides,2.070776462843434
CCCCCCC[n+]1ccn(C)c1.N#C[C-](C#N)C#N,1.5999460220336914,1.6894865036010742,YwcTs,imidazolium,methanides,1.6894864483642478
CCCC[P+](CCCC)(CCCC)CCCC.NCCCCC(N)C(=O)[O-],2.653157949447632,2.869231700897217,ZKcyT,phosphonium,carboxylates,2.869231719730976
CCCC[P+](CCCC)(CCCC)CCCC.O=C([O-])c1ccco1,2.649747610092163,2.982271194458008,ZLqYx,phosphonium,carboxylates,2.9822712330395684
CCCCn1cc[n+](C)c1C.FC(F)(F)C(F)(F)[P-](F)(F)(F)(C(F)(F)C(F)(F)F)C(F)(F)C(F)(F)F,1.8441085815429688,2.18780255317688,ZMOAl,imidazolium,phosphates,2.1878026387184195
CCCCCCCCCCCCCC[P+](CCCCCC)(CCCCCC)CCCCCC.O=S(=O)([O-])C(F)(F)C(F)(F)C(F)(F)C(F)(F)C(F)(F)C(F)(F)C(F)(F)C(F)(F)F,2.83573579788208,3.3031959533691406,ZMiZY,phosphonium,sulfonates,3.3031960574204886
CCCC[P+](CC)(CCCC)CCCC.O=C[O-],1.948542594909668,2.3138673305511475,ZNbmi,phosphonium,carboxylates,2.3138672203691533
CCOCC[n+]1ccn(C)c1.O=S(=O)([N-]S(=O)(=O)C(F)(F)F)C(F)(F)F,1.5773829221725464,1.666517972946167,ZOQFg,imidazolium,bistriflamides,1.6665179805548809
CC[N+]1(C)CCOCC1.CC(=O)NC(C)C(=O)[O-],3.0091726779937744,3.4965145587921143,ZQMrk,morpholinium,carboxylates,3.496514518697745
OCC[NH2+]c1ccccc1.CCC(=O)[O-],1.2553590536117554,1.3404440879821775,ZdOqH,ammonium,carboxylates,1.3404441148401185
CCCCCn1cc[n+](C)c1.FC(F)(F)C(F)(F)[P-](F)(F)(F)(C(F)(F)C(F)(F)F)C(F)(F)C(F)(F)F,1.8665215969085691,2.123851537704468,ZtIol,imidazolium,phosphates,2.123851640967086
CCCC[N+](C)(CCCC)CCCC.CC(O)C(N)C(=O)[O-],3.259539842605591,3.92427921295166,ZvIWX,ammonium,carboxylates,3.9242792860618816
CCCC[P+](CC)(CCCC)CCCC.CCCCCC(=O)[O-],2.090813159942627,2.2764618396759033,ZwQpB,phosphonium,carboxylates,2.2764618041732443
C[NH2+]CCO.CC(=O)[O-],1.8450450897216797,2.0257153511047363,aIZjX,ammonium,carboxylates,2.0257153839013404
COC(=O)C([NH3+])Cc1ccccc1.O=S(=O)([N-]S(=O)(=O)C(F)(F)C(F)(F)F)C(F)(F)C(F)(F)F,3.466613531112671,4.217483997344971,aJKpQ,ammonium,bistriflamides,4.217483944213907
CCCCCC[n+]1ccn(C)c1.c1nnn[n-]1,2.483634233474731,2.5843312740325928,aMtQP,imidazolium,cyclic amides,2.584331224367531
CCCCCOC[N+](C)(C)CCO.O=S(=O)([N-]S(=O)(=O)C(F)(F)F)C(F)(F)F,1.878712773323059,2.0,aQDXE,ammonium,bistriflamides,2.0
OCCC[n+]1ccccc1.N#C[C-](C#N)C#N,1.8072901964187624,1.966141700744629,aViFG,pyridinium,methanides,1.9661417327390327
CCCCCC[n+]1cc(C)cc(C)c1C.O=S(=O)([N-]S(=O)(=O)C(F)(F)F)C(F)(F)F,2.1024296283721924,2.240549325942993,aZvQA,pyridinium,bistriflamides,2.2405492482826
CCCCCCCC[P+](CCCC)(CCCC)CCCC.O=S(=O)([N-]S(=O)(=O)C(F)(F)F)C(F)(F)F,2.2686402797698975,2.42488169670105,abwlv,phosphonium,bistriflamides,2.424881636631067
C[N+]1=C(O)CCC1.CC(=O)[O-],0.5178796052932739,0.4186326861381531,ajafs,amidium,carboxylates,0.4186326873540655
CC[NH+](C)C.CC(=O)[O-],1.272189974784851,1.1461280584335327,aowsV,ammonium,carboxylates,1.146128035678238
CCCCCCCCCCCn1cc[n+](C)c1.O=S(=O)([N-]S(=O)(=O)C(F)(F)F)C(F)(F)F,2.0268290042877197,2.139878988265991,areEO,imidazolium,bistriflamides,2.1398790864012365
CCCCCC[n+]1ccc2ccccc2c1.N#C[S-],2.9360225200653076,2.875061273574829,bBxSW,quinlolinium,inorganics,2.8750612633917
C[NH+](C)C.O=P([O-])(O)O,0.9511823654174804,0.8830933570861816,bDEDE,ammonium,organic phosphates,0.8830933585756899
CCCC[P+](CC)(CCCC)CCCC.CCCCCCCCCCCCCCCCC(=O)[O-],2.1986894607543945,2.4996871948242188,bEUyY,phosphonium,carboxylates,2.499687082618404
CCCCCCCCCCCCOC[N+](C)(C)CCOC(C)=O.O=S(=O)([N-]S(=O)(=O)C(F)(F)F)C(F)(F)F,2.359283685684204,2.466867685317993,bLsmR,ammonium,bistriflamides,2.4668676203541096
CN1CCCN2CCC[NH+]=C12.O=S(=O)([N-]S(=O)(=O)C(F)(F)C(F)(F)F)C(F)(F)C(F)(F)F,2.1690876483917236,2.5599067211151123,bOGDU,guanidinium,bistriflamides,2.5599066250361124
CCCCCCCC[N+]1(C)CCCCC1.CCCCCCCCO[PH](=O)[O-],1.9997050762176511,1.5763413906097412,bPCBu,piperidinium,organic phosphates,1.5763413502057928
COCC[N+]1(C)CCCC1.FC(F)(F)C(F)(F)[P-](F)(F)(F)(C(F)(F)C(F)(F)F)C(F)(F)C(F)(F)F,1.9527192115783691,2.0441477298736572,bSluP,pyrrolidinium,phosphates,2.044147620878723
CCC=C[P+](CC)(CC)CC.O=[N+]([O-])c1cn[n-]c1,1.8967535495758057,2.1271047592163086,bTSwl,phosphonium,cyclic amides,2.1271047983648077
CCCCCn1cc[n+](C)c1.O=S(=O)([N-]S(=O)(=O)C(F)(F)F)C(F)(F)F,1.743859887123108,1.79518461227417,bTahk,imidazolium,bistriflamides,1.795184589682424
COCCCCn1cc[n+](C)c1.CC(N)C(=O)[O-],2.0153720378875732,2.2567176818847656,bUkUm,imidazolium,carboxylates,2.256717745977487
CCCCCC[n+]1cc[nH]c1.O=S(=O)([N-]S(=O)(=O)C(F)(F)F)C(F)(F)F,1.7913565635681152,2.037426471710205,bWaIs,imidazolium,bistriflamides,2.037426497940624
CCCCOC(=O)c1ccc[n+](CCCC)c1.O=S(=O)([N-]S(=O)(=O)C(F)(F)F)C(F)(F)F,2.4896810054779053,2.7250945568084717,bZbaG,pyridinium,bistriflamides,2.725094521081469
Cn1cc[n+](CCCCC#N)c1.F[P-](F)(F)(F)(F)F,3.044269323348999,3.3424227237701416,bZscC,imidazolium,phosphates,3.342422680822206
CC[n+]1ccn(C)c1C.O=S(=O)([O-])O,2.138486385345459,2.269512891769409,beDIV,imidazolium,sulfates,2.2695129442179165
CC[P+](CC)(CC)COCCOC.O=[N+]([O-])c1cn[n-]c1,1.91605281829834,1.944482684135437,bhmRV,phosphonium,cyclic amides,1.944482672150169
CC[n+]1ccn(C)c1.CCCCCCCCOS(=O)(=O)[O-],2.326364517211914,2.7641761302948,bjcEQ,imidazolium,sulfates,2.7641761323903307
CCCC[n+]1ccn(C)c1.NC(CO)C(=O)[O-],2.67830491065979,3.733598470687866,bmENk,imidazolium,carboxylates,3.733598460961339
CCCCCCC[N+](C)(C)CC.O=S(=O)([N-]S(=O)(=O)C(F)(F)F)C(F)(F)F,1.9686378240585327,2.2245330810546875,briYN,ammonium,bistriflamides,2.2245330626060857
CC[N+]1(C)CCOCC1.CCOP(=O)([O-])OCC,3.0397117137908936,3.8247764110565186,byypk,morpholinium,organic phosphates,3.824776462475546
CCCCCCCCn1cc[n+](Cc2ccc(C)cc2)c1.O=S(=O)([N-]S(=O)(=O)C(F)(F)F)C(F)(F)F,2.1360392570495605,2.444044828414917,bzJPY,imidazolium,bistriflamides,2.444044795918076
CCCCCC[n+]1ccn(C)c1.[Br-],3.262136697769165,3.602060079574585,cDubM,imidazolium,inorganics,3.6020599913279625
Cn1cc[nH+]c1.CC(=O)[O-],0.9949226379394532,0.7937904000282288,cDxhd,imidazolium,carboxylates,0.7937903846908186
CCCCCCCCCCCCCC[P+](CCCCCC)(CCCCCC)CCCCCC.FC(F)(F)C(F)(F)[P-](F)(F)(F)(C(F)(F)C(F)(F)F)C(F)(F)C(F)(F)F,2.2770259380340576,2.526984691619873,cNBtU,phosphonium,phosphates,2.526984589130591
CCCCCCCOC[N+](C)(C)CCOC(C)=O.O=S(=O)([N-]S(=O)(=O)C(F)(F)F)C(F)(F)F,2.144362688064575,2.301029920578003,ceNxw,ammonium,bistriflamides,2.3010299956639813
C[n+]1ccn(CCCCCCO)c1.[Cl-],2.816102981567383,2.8325088024139404,ciPad,imidazolium,inorganics,2.832508912706236
CCCCCCCCC[n+]1ccn(C)c1.F[P-](F)(F)(F)(F)F,2.782935619354248,2.9508514404296875,cpHMy,imidazolium,phosphates,2.9508514588885464
CCCCCC[NH2+]CCN.O=C([O-])C(F)(F)F,2.56868052482605,2.572871685028076,dGnJE,ammonium,carboxylates,2.5728716022004803
CCCCCCCC[N+](C)(CCCCCCCC)CCCCCCCC.CC(=O)CCC(=O)[O-],2.729053258895874,3.008174180984497,dHdam,ammonium,carboxylates,3.0081741840064264
CC[N+](C)(CCO)CCO.O=S(=O)([N-]S(=O)(=O)C(F)(F)F)C(F)(F)F,2.0357799530029297,2.4281346797943115,dISqn,ammonium,bistriflamides,2.428134794028789
CCCCCCCC[P+](CC)(CC)CC.O=S(=O)([N-]S(=O)(=O)C(F)(F)F)C(F)(F)F,1.992292404174805,2.045322895050049,dPgDF,phosphonium,bistriflamides,2.0453229787866576
Cn1cc[n+](C(C)(C)C)c1.O=S(=O)([N-]S(=O)(=O)C(F)(F)C(F)(F)F)C(F)(F)C(F)(F)F,2.103599548339844,2.5646660327911377,dQccx,imidazolium,bistriflamides,2.5646660642520893
CC[P+](CC)(CC)COCCOC.c1c[n-]nn1,1.6974782943725586,1.903090000152588,dUKFK,phosphonium,cyclic amides,1.9030899869919435
CCC[N+]1(C)CCOCC1.N#C[N-]C#N,2.5578463077545166,2.613841772079468,dWcFk,morpholinium,amides,2.6138418218760693
CCCCCCCC[n+]1ccn(C)c1.O=S(=O)([O-])C(F)(F)C(F)F,2.170433759689331,2.445604085922241,dYbPo,imidazolium,sulfonates,2.4456042032735974
CC[NH3+].O=S(=O)([O-])O,2.125377893447876,2.1072099208831787,dZgOP,ammonium,sulfates,2.1072099696478683
CCn1cc[n+](Cc2ccc(C)cc2)c1.O=S(=O)([N-]S(=O)(=O)C(F)(F)F)C(F)(F)F,1.9123479127883911,2.1538147926330566,dZvfE,imidazolium,bistriflamides,2.153814864344529
CCCCCCCCn1cc[n+](CCCCCCCC)c1.O=S(=O)([N-]S(=O)(=O)C(F)(F)F)C(F)(F)F,2.0109617710113525,2.2089784145355225,dacYp,imidazolium,bistriflamides,2.2089785172762535
CCCC[P+](CCCC)(CCCC)CCCC.CC(O)C(N)C(=O)[O-],2.675673246383667,2.869231700897217,dbPuL,phosphonium,carboxylates,2.869231719730976
CC[N+](CC)(CC)CCOC.O=S(=O)([N-]S(=O)(=O)C(F)(F)F)C(F)(F)F,1.8015435934066772,1.929418921470642,dcCxT,ammonium,bistriflamides,1.9294189257142929
CCCC[n+]1ccn(C)c1.[O-][Cl+3]([O-])([O-])[O-],2.047619104385376,2.255995750427246,ddGVy,imidazolium,inorganics,2.255995726722402
CCCCC[N+](CC)(CC)CC.O=S(=O)([N-]S(=O)(=O)C(F)(F)F)C(F)(F)F,2.058457374572754,2.22788667678833,dfcEB,ammonium,bistriflamides,2.2278867046136734
CCCC[P+](CCCC)(CCCC)CCCC.O=S(=O)([O-])CC(O)CNC1CCCCC1,3.7268221378326416,4.004321575164795,dgCdt,phosphonium,sulfonates,4.004321373782642
Cn1cc[n+](C)c1.CS(=O)(=O)[O-],1.781047821044922,1.5171959400177002,dhLoC,imidazolium,sulfonates,1.5171958979499742
CCCCCCCC[NH+](CCCCCCCC)CCCCCCCC.CCCC(=O)[O-],1.007460117340088,1.1643528938293457,diqmL,ammonium,carboxylates,1.1643528557844371
C[N+](C)(C)CCO.NCC(=O)[O-],2.6375935077667236,2.260071277618408,dmAeH,ammonium,carboxylates,2.2600713879850747
CCOC(=O)C([NH3+])Cc1ccccc1.O=S(=O)([N-]S(=O)(=O)C(F)(F)C(F)(F)F)C(F)(F)C(F)(F)F,3.462164878845215,3.9912259578704834,dnGyh,ammonium,bistriflamides,3.991226075692494
CCCC[n+]1ccn(CCC(C)C)c1.O=S(=O)([N-]S(=O)(=O)C(F)(F)F)C(F)(F)F,1.82231867313385,1.9684829711914065,dpOIE,imidazolium,bistriflamides,1.968482948553935
[NH3+]CCO.O=[N+]([O-])[O-],1.8871325254440308,2.0530784130096436,dvPaB,ammonium,inorganics,2.0530784434834195
CCCCC[N+](C)(C)CC.O=S(=O)([N-]S(=O)(=O)C(F)(F)F)C(F)(F)F,1.8582203388214111,2.1058506965637207,eAqAf,ammonium,bistriflamides,2.1058506743851435
C=CCn1cc[n+](CCC#N)c1.[Cl-],3.0496065616607666,4.243038177490234,eEjmy,imidazolium,inorganics,4.243038048686294
CCCCCCCCCn1cc[n+](CCCCCCCCC)c1.O=S(=O)([N-]S(=O)(=O)C(F)(F)F)C(F)(F)F,2.0634286403656006,2.268343925476074,eEuZf,imidazolium,bistriflamides,2.268343913951065
CC[n+]1ccn(C)c1.NCC(=O)[O-],1.6816411018371582,2.235528469085694,eFdOZ,imidazolium,carboxylates,2.2355284469075487
CCCCCCCCCCCC[P+](CCCC)(CCCC)CCCC.c1c[n-]nn1,2.2545034885406494,2.684845447540283,eHoUF,phosphonium,cyclic amides,2.6848453616444123
CCCCCCCC[NH+](CCCCCCCC)CCCCCCCC.CCCCCC(=O)[O-],1.0458253622055054,1.313867211341858,eWRki,ammonium,carboxylates,1.3138672203691537
CC[N+](C)(C)CCOC(C)=O.O=S(=O)([N-]S(=O)(=O)C(F)(F)F)C(F)(F)F,1.9155669212341309,2.3170180320739746,eWiqO,ammonium,bistriflamides,2.3170181010481117
CCCCCCCC[N+]1(C)CCCC1.CCCCCCCCO[PH](=O)[O-],1.939268946647644,1.9227254390716553,efdMW,pyrrolidinium,organic phosphates,1.92272545799326
C=CC[n+]1ccn(C)c1.O=S(=O)([N-]S(=O)(=O)C(F)(F)F)C(F)(F)F,1.5432357788085938,1.5037907361984253,ehKkO,imidazolium,bistriflamides,1.503790683057181
CCn1cc[n+](C)c1.CCCCOS(=O)(=O)[O-],1.9194631576538088,2.149219036102295,enZKg,imidazolium,sulfates,2.1492191126553797
Cn1cc[n+](CCCl)c1.N#C[N-]C#N,1.7499011754989624,2.086359739303589,ezlkW,imidazolium,amides,2.0863598306747484
CCCCCCCCCCn1c[n+](C)cn1.O=S(=O)([N-]S(=O)(=O)C(F)(F)F)C(F)(F)F,2.149857997894287,2.3283796310424805,ezpiy,triazolium,bistriflamides,2.3283796034387376
CC[n+]1ccn(CCOC)c1.N#C[S-],1.6939730644226074,1.7466342449188232,fFsIf,imidazolium,inorganics,1.7466341989375789
CC[N+]1(C)CCCC1.O=C([O-])CO,2.205904006958008,2.537819147109986,fIIsJ,pyrrolidinium,carboxylates,2.537819095073274
CCCCCCCCn1cc[n+](C)c1.[Br-],3.543595790863037,3.70483660697937,fLxsI,imidazolium,inorganics,3.704836606211403
CCCC[P+](CCCC)(CCCC)CCCN.CC(C)C(N)C(=O)[O-],2.726837396621704,2.9057958126068115,fOeBS,phosphonium,carboxylates,2.9057958803678687
C=Cc1ccc(C[N+]2(C)CCCC2)cc1.O=S(=O)([N-]S(=O)(=O)C(F)(F)F)C(F)(F)F,2.3259778022766113,2.537819147109986,fREbE,pyrrolidinium,bistriflamides,2.537819095073274
CCC[NH3+].O=C[O-],1.8193984031677248,1.8954225778579712,fRgBF,ammonium,carboxylates,1.895422546039408
CCCC[N+](CCCC)(CCCC)CCCC.CCCCC(CC)COC(=O)CC(C(=O)OCC(CC)CCCC)S(=O)(=O)[O-],3.7118935585021977,4.082785606384277,fSHbn,ammonium,sulfonates,4.08278537031645
CC[NH+](C(C)C)C(C)C.O=C[O-],1.185773253440857,1.2552725076675415,fqDRF,ammonium,carboxylates,1.255272505103306
C[N+](CCO)(CCO)CCO.COS(=O)(=O)[O-],3.1718194484710693,2.892094612121582,fqSpz,ammonium,sulfates,2.8920946026904804
C[n+]1ccn(CCCc2ccccc2)c1.F[P-](F)(F)(F)(F)F,3.4694807529449463,3.763427972793579,fshAL,imidazolium,phosphates,3.763427993562938
C=CC[n+]1ccn(CCC#N)c1.N#C[S-],2.289119005203247,2.971275806427002,fuLxE,imidazolium,inorganics,2.971275848738105
C[n+]1ccn(CCC(F)(F)C(F)(F)C(F)(F)C(F)(F)C(F)(F)C(F)(F)F)c1.O=S(=O)([N-]S(=O)(=O)C(F)(F)F)C(F)(F)F,2.6635262966156006,3.0838608741760254,fxTAC,imidazolium,bistriflamides,3.083860800866573
OCC[n+]1ccccc1.N#C[C-](C#N)C#N,1.8219220638275144,1.9867717027664185,gADOB,pyridinium,methanides,1.9867717342662448
Cc1cccc[nH+]1.CC(=O)[O-],0.542040228843689,0.388101190328598,gHWXR,pyridinium,carboxylates,0.3881012015705166
CCCC[P+](CCCC)(CCCC)CCCC.O=C([O-])C1CCCN1,2.902837038040161,3.2291696071624756,gIxYc,phosphonium,carboxylates,3.229169702539101
CCCCCn1cc[n+](C)c1.F[P-](F)(F)(F)(F)F,2.5705177783966064,2.5797836780548096,gMNnT,imidazolium,phosphates,2.57978359661681
CCCC[n+]1cccc(C#N)c1.O=S(=O)([N-]S(=O)(=O)C(F)(F)F)C(F)(F)F,2.665191173553467,2.9912259578704834,gNZYD,pyridinium,bistriflamides,2.9912260756924947
CC[n+]1ccn(C)c1.COP(=O)([O-])OC,2.0988595485687256,2.431363821029663,gRjvA,imidazolium,organic phosphates,2.4313637641589874
CCCOC[N+](C)(C)CCO.O=S(=O)([N-]S(=O)(=O)C(F)(F)F)C(F)(F)F,1.8717505931854248,1.9242793321609497,gVEkk,ammonium,bistriflamides,1.9242792860618816
CCCC[N+](C)(C)C(C)C.O=S(=O)([N-]S(=O)(=O)C(F)(F)F)C(F)(F)F,1.8843083381652832,2.136720657348633,gWzgv,ammonium,bistriflamides,2.1367205671564067
CCCCCC[n+]1ccccc1.O=S(=O)([N-]S(=O)(=O)C(F)(F)F)C(F)(F)F,1.819570541381836,1.9268567562103271,gZucK,pyridinium,bistriflamides,1.9268567089496924
CCCCCCCC[P+](CC)(CC)CC.O=[N+]([O-])c1c[n-]cn1,2.234666109085083,2.4409091472625732,gcdYp,phosphonium,cyclic amides,2.4409090820652177
CN(C)C(=[NH2+])N(C)C.c1c[n-]cn1,1.9480713605880735,0.8627275228500366,gkiHg,guanidinium,cyclic amides,0.8627275283179746
CC[n+]1ccccc1.N#C[N-]C#N,1.3939659595489502,1.2769211530685425,gnadZ,pyridinium,amides,1.2769211320657738
Cn1cc[n+](Cc2ccccc2)c1.COS(=O)(=O)[O-],3.147190809249878,3.654850006103515,gsfhi,imidazolium,sulfates,3.654850090561394
Cn1cc[n+](CCCSCCC(F)(F)C(F)(F)C(F)(F)C(F)(F)C(F)(F)C(F)(F)C(F)(F)C(F)(F)F)c1.O=S(=O)([N-]S(=O)(=O)C(F)(F)F)C(F)(F)F,2.7884185314178467,3.1580607891082764,guBfm,imidazolium,bistriflamides,3.158060793936605
CCCCCCn1cc[n+](C)c1.CC(=O)[O-],2.757566213607788,3.1038036346435547,gxxlU,imidazolium,carboxylates,3.103803720955957
OCC[NH2+]c1ccccc1.CCCCC(=O)[O-],1.489316463470459,1.530199646949768,gyYDq,ammonium,carboxylates,1.530199698203082
CCCCCCCC[n+]1cccc(C)c1.O=S(=O)([N-]S(=O)(=O)C(F)(F)F)C(F)(F)F,1.92110276222229,2.049217939376831,hBIvD,pyridinium,bistriflamides,2.0492180226701815
CCCCn1cc[n+](CCCC)c1.[Br-],2.6484339237213135,2.7874605655670166,hBmIj,imidazolium,inorganics,2.787460474518415
C[N+]1=C(O)CCC1.CCC(=O)[O-],0.4500646889209747,0.4473131000995636,hKNcf,amidium,carboxylates,0.4473131088235682
CCCCCC[n+]1cc(C)cc(C)c1.O=S(=O)([N-]S(=O)(=O)C(F)(F)F)C(F)(F)F,1.8787782192230225,2.017033338546753,hSPuL,pyridinium,bistriflamides,2.0170333392987803
CCCn1cc[n+](C)c1.O=P([O-])(O)O,1.863723874092102,1.791690707206726,hcQhX,imidazolium,organic phosphates,1.791690649020118
Cc1cccc[nH+]1.O=C([O-])C(F)(F)F,1.3472657203674316,1.404320478439331,hcaDI,pyridinium,carboxylates,1.4043204672217309
C[n+]1ccccc1.COS(=O)(=O)[O-],1.9107325077056885,2.0652060508728027,heWKa,pyridinium,sulfates,2.065206128054312
CCCCn1cc[nH+]c1.O=S(=O)([N-]S(=O)(=O)C(F)(F)F)C(F)(F)F,1.6235544681549072,1.83250892162323,hfJsM,imidazolium,bistriflamides,1.8325089127062364
CCCCC[n+]1ccn(C)c1.N#C[N-]C#N,1.5331332683563232,1.561220645904541,hfcOS,imidazolium,amides,1.5612206789339438
CCCCCCCC[NH+](CCCCCCCC)CCCCCCCC.CCCCCCCC(=O)[O-],1.0845879316329956,1.3996737003326416,hgpOz,ammonium,carboxylates,1.3996737214810382
CCCCCC[n+]1cc(CC)cc(CC)c1CCC.O=S(=O)([N-]S(=O)(=O)C(F)(F)F)C(F)(F)F,2.134765148162842,2.3138673305511475,hmiBh,pyridinium,bistriflamides,2.3138672203691533
CC(C)[N+](C)(C)CCO.O=S(=O)([N-]S(=O)(=O)C(F)(F)F)C(F)(F)F,1.8892974853515625,2.32428240776062,iSsbC,ammonium,bistriflamides,2.3242824552976926
CCCC[P+](CC)(CCCC)CCCC.O=S(=O)([N-]S(=O)(=O)C(F)(F)F)C(F)(F)F,2.0287952423095703,2.21484375,iVfal,phosphonium,bistriflamides,2.214843848047698
CC[N+]1(C)CCOCC1.CCO[PH](=O)[O-],2.1732962131500244,2.20951509475708,iZleN,morpholinium,organic phosphates,2.2095150145426308
CCCCCCCC[P+](CC)(CC)CC.Cc1n[n-]cc1Br,2.386873960494995,2.447158098220825,iiAPc,phosphonium,cyclic amides,2.447158031342219
CCC[NH3+].CC(=O)[O-],2.2428276538848877,2.797267436981201,iloHA,ammonium,carboxylates,2.7972675408307164
CC[N+]1(C)CCCC1.CC(=O)CCC(=O)[O-],2.1407830715179443,2.142702341079712,imYHI,pyrrolidinium,carboxylates,2.1427022457376155
CCCC[n+]1cccc(C)c1.O=S(=O)([O-])C(F)(F)F,1.9205090999603271,2.1038036346435547,imcbf,pyridinium,sulfonates,2.103803720955957
CCCCCCCCCCn1cc[n+](C)c1.N#C[S-],2.922041177749634,2.805500745773315,imuhK,imidazolium,inorganics,2.8055008581584
CCCn1cc[n+](CC)c1.O=S(=O)([N-]S(=O)(=O)C(F)(F)F)C(F)(F)F,1.5426759719848633,1.620136022567749,inbVS,imidazolium,bistriflamides,1.6201360549737576
C[n+]1ccn(CCC(F)(F)C(F)(F)C(F)(F)C(F)(F)F)c1.O=S(=O)([N-]S(=O)(=O)C(F)(F)F)C(F)(F)F,2.387473821640014,2.864511013031006,irLBR,imidazolium,bistriflamides,2.864511081058392
CCCCCCCCCCCC[P+](CCCC)(CCCC)CCCC.N#C[N-]C#N,2.2155160903930664,2.3424227237701416,ixJbO,phosphonium,amides,2.342422680822206
C=Cc1ccc(Cn2cc[n+](C)c2C)cc1.O=S(=O)([N-]S(=O)(=O)C(F)(F)F)C(F)(F)F,2.270484209060669,2.785329818725586,jIvpn,imidazolium,bistriflamides,2.785329835010767
CCCCCCCCCC[P+](CCCC)(CCCC)CCCC.O=S(=O)([N-]S(=O)(=O)C(F)(F)F)C(F)(F)F,2.3196468353271484,2.4785664081573486,jQvwB,phosphonium,bistriflamides,2.4785664955938436
CCCCCCc1cccc[n+]1CC.O=S(=O)([N-]S(=O)(=O)C(F)(F)F)C(F)(F)F,1.8977729082107544,2.0770044326782227,jTCdW,pyridinium,bistriflamides,2.0770043267933502
CCCC[N+]1(C)CCOCC1.CC(=O)NC(C)C(=O)[O-],3.291381597518921,4.06069803237915,jYRPk,morpholinium,carboxylates,4.060697840353612
CCCC[P+](CC)(CC)CC.Cc1ncc([N+](=O)[O-])[n-]1,2.0888831615448,2.592176675796509,jbGks,phosphonium,cyclic amides,2.5921767573958667
CCCCCCCCCCCCCC[P+](CCCCCC)(CCCCCC)CCCCCC.CCCC(=O)[O-],2.238617420196533,2.3996737003326416,jcneG,phosphonium,carboxylates,2.399673721481038
CC[N+](C)(C)CCO.CCOS(=O)(=O)[O-],2.832956075668335,3.208709955215454,jdanh,ammonium,sulfates,3.208710019906401
CCCCCCCC[P+](CC)(CC)CC.Brc1ccc2cn[n-]c2c1,2.5596508979797363,2.998417854309082,jecxe,phosphonium,cyclic amides,2.9984177605263875
C[N+]1(CC(O)CO)CCCC1.O=S(=O)([N-]S(=O)(=O)C(F)(F)F)C(F)(F)F,1.802324891090393,3.176091194152832,jenWt,pyrrolidinium,bistriflamides,3.1760912590556813
CCCCCC[N+](CCCCCC)(CCCCCC)CCCCCC.CCCCCCCCC=CCCCCCCCC(=O)[O-],2.489249467849731,3.2105860710144043,jhWrt,ammonium,carboxylates,3.2105860249051563
CCC[N+](C)(CC)CC.O=S(=O)([N-]S(=O)(=O)C(F)(F)F)C(F)(F)F,1.7924280166625977,1.973127841949463,jpKCS,ammonium,bistriflamides,1.9731278535996983
CCCC[P+](CCCC)(CCCC)CCCN.CC(C)CC(N)C(=O)[O-],2.834635972976685,3.089198350906372,jrVbV,phosphonium,carboxylates,3.089198366805149
CCCC[n+]1ccn(CC)c1.O=S(=O)([N-]S(=O)(=O)C(F)(F)F)C(F)(F)F,1.611154317855835,1.6454222202301023,jvuha,imidazolium,bistriflamides,1.645422269349092
CCCCCCOC[N+](C)(C)CCOC(C)=O.O=S(=O)([N-]S(=O)(=O)C(F)(F)F)C(F)(F)F,2.11240291595459,2.285557270050049,kAfsR,ammonium,bistriflamides,2.285557309007774
CCCCCCCCCC[P+](CC)(CC)CC.O=[N+]([O-])c1cn[n-]c1,2.1812593936920166,2.51188325881958,kAgYc,phosphonium,cyclic amides,2.5118833609788744
CCCCCC[N+](CCCC)(CCCC)CCCC.O=S(=O)([N-]S(=O)(=O)C(F)(F)F)C(F)(F)F,2.6741490364074707,2.774517059326172,kArgl,ammonium,bistriflamides,2.7745169657285498
CCCCCC[P+](CCCC)(CCCC)CCCC.O=S(=O)([N-]S(=O)(=O)C(F)(F)F)C(F)(F)F,2.1877095699310303,2.409933090209961,kGSiF,phosphonium,bistriflamides,2.4099331233312946
CCCC[n+]1ccn(C)c1.CCCCC(CC)COC(=O)CC(C(=O)OCC(CC)CCCC)S(=O)(=O)[O-],3.372666120529175,3.5928425788879395,kKjof,imidazolium,sulfonates,3.5928426831311
CCCCCCCOC[N+](C)(C)CCO.O=S(=O)([N-]S(=O)(=O)C(F)(F)F)C(F)(F)F,2.005495548248291,2.1271047592163086,kLRrb,ammonium,bistriflamides,2.1271047983648077
CCCC[P+](CCCC)(CCCC)CCCC.O=C([O-])C1CCCO1,2.6057121753692627,2.6117234230041504,kRzYH,phosphonium,carboxylates,2.611723308007342
CC[n+]1ccn(C)c1.O=S(=O)([O-])O,1.893834114074707,3.211760997772217,kXGvj,imidazolium,sulfates,3.211761093707362
CCCCCCCC[P+](CCCC)(CCCC)CCCC.O=C(C=C([O-])c1ccccc1)c1ccccc1,2.331228733062744,2.444044828414917,kZklM,phosphonium,carboanions,2.444044795918076
COCCOCCOCC[n+]1ccccc1.O=S(=O)([N-]S(=O)(=O)C(F)(F)F)C(F)(F)F,1.7846672534942627,1.9561684131622312,kZuHY,pyridinium,bistriflamides,1.9561684304753633
CC[n+]1ccn(C)c1.c1nc[n-]n1,1.985079288482666,1.9414329528808592,kacjx,imidazolium,cyclic amides,1.9414329598608149
CCC[N+](C)(C)C(C)C.O=S(=O)([N-]S(=O)(=O)C(F)(F)F)C(F)(F)F,1.7700903415679932,2.0530784130096436,kdWMc,ammonium,bistriflamides,2.0530784434834195
CCCC[P+](CCCC)(CCCC)CCCN.CC(N)C(=O)[O-],2.5644328594207764,2.8305885791778564,kkvbI,phosphonium,carboxylates,2.830588668685144
CCCC[P+](CCCC)(CCCC)CCC(F)(F)C(F)(F)C(F)(F)C(F)(F)C(F)(F)C(F)(F)F.N#C[N-]C#N,3.0319321155548096,3.053462505340576,kycTx,phosphonium,amides,3.053462604925455
CCC[N+](C)(C)CCO.O=S(=O)([N-]S(=O)(=O)C(F)(F)F)C(F)(F)F,1.8958230018615725,2.0748164653778076,lBECh,ammonium,bistriflamides,2.074816440645175
CCCCCCC[P+](CC)(CC)CC.O=[N+]([O-])c1cn[n-]c1,2.103055477142334,2.348304748535156,lEHeC,phosphonium,cyclic amides,2.3483048630481607
CC[N+]1(C)CCCC1.CCOP(=O)([O-])OCC,2.3796231746673584,2.487138271331787,lGuAJ,pyrrolidinium,organic phosphates,2.4871383754771865
OCC[NH2+]c1ccccc1.CCCC(=O)[O-],1.4743320941925049,1.3802112340927124,lIusV,ammonium,carboxylates,1.380211241711606
CCCC[N+]1(C)CCOCC1.CCCCO[PH](=O)[O-],2.2232155799865723,2.338456392288208,lQzcC,morpholinium,organic phosphates,2.3384564936046046
CCCCCCCCCCCC[N+](C)(C)Cc1ccccc1.O=S(=O)([N-]S(=O)(=O)C(F)(F)F)C(F)(F)F,2.3408544063568115,3.1538147926330566,lTMdl,ammonium,bistriflamides,3.153814864344529
CCCC[N+](C)(C)CC.O=S(=O)([N-]S(=O)(=O)C(F)(F)F)C(F)(F)F,1.780980348587036,2.0021660327911377,lVPLD,ammonium,bistriflamides,2.002166061756508
CCCC[P+](CCCC)(CCCC)CCCC.NC(CO)C(=O)[O-],2.8954646587371826,3.058046340942383,ldmQV,phosphonium,carboxylates,3.0580462303952816
COCCCCn1cc[n+](C)c1.FC(F)(F)C(F)(F)[P-](F)(F)(F)(C(F)(F)C(F)(F)F)C(F)(F)C(F)(F)F,1.9544219970703125,2.089905023574829,lfXcB,imidazolium,phosphates,2.089905111439398
C[n+]1ccn(CCCC#N)c1.O=S(=O)([O-])C(F)(F)F,2.277437686920166,2.7641761302948,lgnWN,imidazolium,sulfonates,2.7641761323903307
C=C[n+]1ccn(CCCCCC)c1.O=S(=O)([N-]S(=O)(=O)C(F)(F)F)C(F)(F)F,1.9901463985443115,2.0569047927856445,lhzhy,imidazolium,bistriflamides,2.0569048513364727
CCCC[N+](C)(CCCC)CCCC.NCCS(=O)(=O)[O-],3.4579827785491943,3.8260748386383057,ljYlW,ammonium,sulfonates,3.8260748027008264
CCCC[S+]1CCCC1.O=S(=O)([N-]S(=O)(=O)C(F)(F)F)C(F)(F)F,1.7859487533569336,2.0203611850738525,lpVAo,cyclic sulfonium,bistriflamides,2.020361282647708
CC[N+](CC)=C(N(C)C)N(C)C.O=S(=O)([N-]S(=O)(=O)C(F)(F)F)C(F)(F)F,1.8076064586639404,1.8129132986068728,lxGDq,guanidinium,bistriflamides,1.8129133566428557
CCCCCCCCCOC[N+](C)(C)CCOC(C)=O.O=S(=O)([N-]S(=O)(=O)C(F)(F)F)C(F)(F)F,2.216980457305908,2.365488052368164,mEgET,ammonium,bistriflamides,2.3654879848909
CCCCn1cc[n+](C)c1C.CC(O)C(N)C(=O)[O-],2.552835464477539,2.785329818725586,mLvnc,imidazolium,carboxylates,2.785329835010767
CCCC[N+]1(C)CCOCC1.CC(=O)NC(C(=O)[O-])C(C)C,3.4063193798065186,4.0,mMsAR,morpholinium,carboxylates,4.0
CCCC[N+](C)(CCCC)CCCC.NCCCCC(N)C(=O)[O-],3.036668539047241,3.4138026237487793,mZmIo,ammonium,carboxylates,3.4138025167693513
CC[NH+](CC)CC.O=S(=O)([N-]S(=O)(=O)C(F)(F)F)C(F)(F)F,1.6298727989196775,1.6879725456237793,mhkAV,ammonium,bistriflamides,1.6879725641929568
CCCCCCCC[n+]1ccc2ccccc2c1.N#C[S-],3.04085922241211,3.3780343532562256,mifKp,quinlolinium,inorganics,3.3780343224573315
CCCCCC[NH2+]CCN.O=S(=O)([N-]S(=O)(=O)C(F)(F)F)C(F)(F)F,2.3025662899017334,2.532754421234131,mkqmj,ammonium,bistriflamides,2.5327543789924976
Cn1cc[n+](C)c1.COP(C)(=O)[O-],2.1036899089813232,2.563481092453003,mlJER,imidazolium,organic phosphates,2.5634810853944106
CC[N+]1(C)CCCC1.COP(=O)([O-])OC,2.073197603225708,2.22788667678833,mnDcq,pyrrolidinium,organic phosphates,2.2278867046136734
CCCCCCCCCCn1cc[n+](CCCCCCCCCC)c1.O=S(=O)([N-]S(=O)(=O)C(F)(F)F)C(F)(F)F,2.11665940284729,2.3255157470703125,mszvt,imidazolium,bistriflamides,2.325515663363148
COCC[N+]1(C)CCCC1.O=S1(=O)[N-]S(=O)(=O)C(F)(F)C(F)(F)C1(F)F,2.096390962600708,2.3579349517822266,mvrCn,pyrrolidinium,bistriflamides,2.357934847000454
N#CCCC[n+]1ccccc1.N#C[N-]C#N,1.8676862716674805,2.181843519210815,nARnR,pyridinium,amides,2.1818435879447726
CCCCCCCCn1c[n+](C)cn1.O=S(=O)([N-]S(=O)(=O)C(F)(F)F)C(F)(F)F,2.034855604171753,2.238046169281006,nBhNe,triazolium,bistriflamides,2.2380461031287955
CC[NH3+].O=C([O-])CO,2.5208563804626465,3.07918119430542,nYcqi,ammonium,carboxylates,3.0791812460476247
CCOC[N+](C)(C)CCO.O=S(=O)([N-]S(=O)(=O)C(F)(F)F)C(F)(F)F,1.8307768106460571,1.8633228540420532,ndYMo,ammonium,bistriflamides,1.863322860120456
CCCCCCCC[P+](CC)(CC)CC.O=S(=O)([N-]S(=O)(=O)C(F)(F)C(F)(F)F)C(F)(F)C(F)(F)F,2.179405212402344,2.3424227237701416,neQGF,phosphonium,bistriflamides,2.342422680822206
CCCCCCCC[N+](CC)(CC)CC.O=S(=O)(F)[N-]S(=O)(=O)F,2.3910882472991943,2.289588928222656,nmJlQ,ammonium,bistriflamides,2.2895889525425965
Cc1ccc[n+](C)c1.COS(=O)(=O)[O-],1.972427487373352,2.109241008758545,nnGvY,pyridinium,sulfates,2.109240968588203
CCCCCC[N+]1(C)CCCC1.CCCCCCO[PH](=O)[O-],1.9303022623062136,2.5352940559387207,npNrV,pyrrolidinium,organic phosphates,2.5352941200427703
CCCC[P+](CC)(CCCC)CCCC.CCOP(=O)([O-])OCC,2.497065544128418,2.5007851123809814,nqFqB,phosphonium,organic phosphates,2.500785172917456
CCCC[N+](CCO)(CCO)CCO.O=S(=O)([N-]S(=O)(=O)C(F)(F)F)C(F)(F)F,2.7465527057647705,3.0301947593688965,nuVCU,ammonium,bistriflamides,3.030194785356751
CCCCCC[n+]1cccc(C#N)c1.O=S(=O)([N-]S(=O)(=O)C(F)(F)F)C(F)(F)F,2.7791788578033447,3.047664165496826,nyefJ,pyridinium,bistriflamides,3.04766419460156
CCCC[P+](CCCC)(CCCC)CCCC.CCCCC(CC)COP(=O)([O-])OCC(CC)CCCC,2.8053221702575684,3.0996806621551514,oFinH,phosphonium,organic phosphates,3.09968064110925
C[n+]1ccn(CCCc2ccccc2)c1.O=S(=O)([N-]S(=O)(=O)C(F)(F)F)C(F)(F)F,1.9510414600372312,2.2922561168670654,oRMpw,imidazolium,bistriflamides,2.292256071356476
CCCCCCCCCCCC[n+]1ccccc1.O=S(=O)([N-]S(=O)(=O)C(F)(F)F)C(F)(F)F,2.0352869033813477,2.3018977642059326,oXZIn,pyridinium,bistriflamides,2.301897717195208
COCCCn1cc[n+](C)c1.O=S(=O)([N-]S(=O)(=O)C(F)(F)F)C(F)(F)F,1.7012245655059814,1.744292974472046,oaifh,imidazolium,bistriflamides,1.7442929831226763
CCCC[N+](C)(C)CC.CCOS(=O)(=O)[O-],2.2958765029907227,2.522444248199463,ogOwS,ammonium,sulfates,2.5224442335063197
CCCC[N+]1(C)CCCC1.CCCCO[PH](=O)[O-],1.9410301446914673,2.506505012512207,opnSD,pyrrolidinium,organic phosphates,2.506505032404872
CCCCCCCCCC[N+]1(C)CCCC1.O=S(=O)([N-]S(=O)(=O)C(F)(F)F)C(F)(F)F,1.8548905849456787,2.176091194152832,oqdVr,pyrrolidinium,bistriflamides,2.1760912590556813
CCCCCC[n+]1ccn(C)c1.c1c[n-]nn1,2.566886186599731,2.6222140789031982,ouDdO,imidazolium,cyclic amides,2.622214022966295
CCCC[N+](C)(CCCC)CCCC.O=S(=O)([N-]S(=O)(=O)C(F)(F)F)C(F)(F)F,2.269101858139038,2.731588840484619,ovaPh,ammonium,bistriflamides,2.7315887651867388
CCCCCCCCCCCCCC[P+](CCCC)(CCCC)CCCC.CCCCCCCCCCCCc1ccc(S(=O)(=O)[O-])cc1,3.2560713291168213,3.624488353729248,oxTXd,phosphonium,sulfonates,3.624488362513449
CCCCCCn1cc[n+](C)c1.COP(C)(=O)[O-],2.6622097492218018,2.963787794113159,pDlLC,imidazolium,organic phosphates,2.963787827345555
CCCCn1cc[n+](C)c1.O=S(=O)(F)[N-]S(=O)(=O)F,1.587563395500183,1.5171959400177002,pHRjA,imidazolium,bistriflamides,1.5171958979499742
C[n+]1ccn(CCCS(=O)(=O)O)c1.CC(=O)[O-],2.0318615436553955,2.5998830795288086,pIGYY,imidazolium,carboxylates,2.5998830720736876
CCCC[P+](CCCC)(CCCC)CCOCC.O=C([O-])C(F)(F)F,2.301321506500244,2.3159704208374023,pJLBJ,phosphonium,carboxylates,2.315970345456918
CCCC[n+]1ccc(C)cc1.N#C[C-](C#N)C#N,1.4776887893676758,1.5646660327911377,pPxnd,pyridinium,methanides,1.564666064252089
CCCCCCCC[N+](C)(CCCCCCCC)CCCCCCCC.[Cl-],2.958289861679077,3.378579616546631,pUaam,ammonium,inorganics,3.378579576115775
CC[NH+]1CCNCC1.CCC(=O)[O-],1.9653321504592896,2.3864989280700684,pUpzi,piperazinium,carboxylates,2.386498965550653
CCCCn1cc[n+](CCC#N)c1.CCCCCCCCOC(=O)CC(C(=O)OCCCCCCCC)S(=O)(=O)[O-],3.9954617023468018,4.07918119430542,pXgGD,imidazolium,sulfonates,4.079181246047625
CCc1cccc[n+]1C.COS(=O)(=O)[O-],2.7958872318267822,3.658869504928589,poNRE,pyridinium,sulfates,3.6588695922019623
CCCC[P+](CCCC)(CCCC)CCC(F)(F)C(F)(F)C(F)(F)C(F)(F)F.N#C[N-]C#N,2.8539345264434814,3.0228404998779297,puKmj,phosphonium,amides,3.022840610876528
CCCC[n+]1ccn(C)c1.[Br-],2.7466795444488525,3.1616673469543457,puYRp,imidazolium,inorganics,3.161667412437736
CCn1cc[n+](C)c1.O=C([O-])CO,1.98779296875,2.491361618041992,pxOih,imidazolium,carboxylates,2.4913616938342726
CCCCC[n+]1ccn(C)c1C.O=S(=O)([O-])O,2.282355546951294,2.665580987930298,pzktl,imidazolium,sulfates,2.6655809910179533
CCCCCCCC[N+](C)(C)C.O=S(=O)([N-]S(=O)(=O)C(F)(F)F)C(F)(F)F,2.0432698726654053,2.257678508758545,pztJM,ammonium,bistriflamides,2.257678574869185
CCCC[n+]1ccn(CC)c1.[Br-],1.877648949623108,1.480868935585022,qEPaP,imidazolium,inorganics,1.480868923687168
C[N+]1(CCCO)CCOCC1.N#C[C-](C#N)C#N,3.002253770828247,3.0507662296295166,qEqcC,morpholinium,methanides,3.0507663112330423
CCCCCCCC[P+](CC)(CC)CC.Brc1ccc2[n-]ncc2c1,2.6165924072265625,2.9990599155426025,qKccx,phosphonium,cyclic amides,2.9990598918201976
CCCCCCn1cc[n+](Cc2ccc(C)cc2)c1.O=S(=O)([N-]S(=O)(=O)C(F)(F)F)C(F)(F)F,2.0620691776275635,2.4116196632385254,qUvfc,imidazolium,bistriflamides,2.41161970596323
CCCCCCOC[N+](C)(C)CCO.O=S(=O)([N-]S(=O)(=O)C(F)(F)F)C(F)(F)F,1.9412901401519775,2.0569047927856445,qYOCn,ammonium,bistriflamides,2.0569048513364727
CCCC[N+](C)(CC)CC.O=S(=O)([N-]S(=O)(=O)C(F)(F)F)C(F)(F)F,1.857887387275696,2.07918119430542,qYcio,ammonium,bistriflamides,2.0791812460476247
CCC[n+]1cn(C)cn1.Cc1ccc(S(=O)(=O)[O-])cc1,3.0384035110473633,3.7278664112091064,qZXqE,triazolium,sulfonates,3.727866449467489
CCCC[n+]1ccn(C)c1C.N#C[S-],1.95606529712677,2.338456392288208,qbLDr,imidazolium,inorganics,2.3384564936046046
CCCC[P+](CC)(CCCC)CCCC.CCCCCCCCCCC(=O)[O-],2.137054204940796,2.4281346797943115,qgPOq,phosphonium,carboxylates,2.428134794028789
CCCCCC[N+](CCCCCC)=C(N(C)C)N(C)C.N#C[C-](C#N)C#N,2.1463468074798584,2.093421697616577,qmILK,guanidinium,methanides,2.093421685162235
CCCC[n+]1ccn(C)c1.NCCS(=O)(=O)[O-],2.545536518096924,3.0678887367248535,qoShb,imidazolium,sulfonates,3.067888806685399
CCC[N+](C)(C)C.O=S(=O)([N-]S(=O)(=O)C(F)(F)F)C(F)(F)F,1.73225736618042,1.9020029306411743,qrGdv,ammonium,bistriflamides,1.9020028913507296
CCCCCCCC[N+](CCCC)(CCCC)CCCC.O=S(=O)([N-]S(=O)(=O)C(F)(F)F)C(F)(F)F,2.7411391735076904,2.7589118480682373,rAvXO,ammonium,bistriflamides,2.7589118923979736
CCCOCCn1cc[n+](C)c1.O=S(=O)([N-]S(=O)(=O)C(F)(F)F)C(F)(F)F,1.678930163383484,1.700703740119934,rCpFm,imidazolium,bistriflamides,1.7007037171450194
COCCn1cc[n+](C)c1.CS(=O)(=O)[O-],2.11310076713562,2.6699674129486084,rMWmh,imidazolium,sulfonates,2.669967369908504
CCCCCCCC[P+](CCCC)(CCCC)CCCC.O=C1C=C([O-])c2ccccc21,2.5842607021331787,3.026329040527344,rSoJm,phosphonium,carboanions,3.026328938722349
CCCCCCCCCCCCCC[P+](CCCCCC)(CCCCCC)CCCCCC.CC(=O)[O-],2.185631513595581,2.2922561168670654,rUdFU,phosphonium,carboxylates,2.292256071356476
CCCCCCCC[P+](CCCC)(CCCC)CCCC.CC1(C)CC(=O)C=C([O-])C1,2.5980684757232666,2.863917350769043,rWOom,phosphonium,carboanions,2.8639173769578603
CCCCCCCCc1cccc[n+]1CC.O=S(=O)([N-]S(=O)(=O)C(F)(F)F)C(F)(F)F,1.9566571712493896,2.202215671539306,rXMVt,pyridinium,bistriflamides,2.2022157758011316
CCCCCC[n+]1ccn(CCC#N)c1.O=S(=O)([O-])C(F)(F)F,2.811126947402954,3.1673173904418945,rXtCR,imidazolium,sulfonates,3.167317334748176
CCCCCCCC[n+]1cc[nH]c1.O=S(=O)([N-]S(=O)(=O)C(F)(F)F)C(F)(F)F,1.9102122783660889,2.191730499267578,rdiFT,imidazolium,bistriflamides,2.191730393362856
CCCCCC[n+]1ccc(C)cc1.O=S(=O)([N-]S(=O)(=O)C(F)(F)F)C(F)(F)F,1.811842918395996,1.892094612121582,rfcMS,pyridinium,bistriflamides,1.8920946026904804
CCCCCC[n+]1ccn(C)c1.CC(O)C(=O)[O-],2.562388181686402,2.886490821838379,rgstD,imidazolium,carboxylates,2.886490725172482
CCCC[n+]1ccn(C)c1.CS(=O)(=O)[O-],2.065406560897827,2.045322895050049,rkEdc,imidazolium,sulfonates,2.0453229787866576
CCCC[N+](C)(CCCC)CCCC.NC(CO)C(=O)[O-],3.666583299636841,4.008600234985352,rnAQD,ammonium,carboxylates,4.008600171761918
C[N+](C)(C)CCO.CCC(=O)[O-],2.8785431385040283,3.4652340412139893,rnmHr,ammonium,carboxylates,3.4652340949880145
c1c[nH+]c[nH]1.CCCCCCCC(=O)[O-],1.8996977806091309,1.8530895709991455,rxSBW,imidazolium,carboxylates,1.8530895298518657
CC[N+](C)(C)CCOCCOC.O=S(=O)([N-]S(=O)(=O)C(F)(F)F)C(F)(F)F,1.692644476890564,1.767897605895996,rzFZf,ammonium,bistriflamides,1.7678976160180906
CC[N+](C)(C)CCO.CCCCS(=O)(=O)[O-],3.218777656555176,3.1316187381744385,sGZOs,ammonium,sulfonates,3.1316186643491255
CCCCCCCCCCCCCC[P+](CCCCCC)(CCCCCC)CCCCCC.CCCCCCCC(=O)[O-],2.302487850189209,2.602060079574585,sIHsv,phosphonium,carboxylates,2.6020599913279625
CCOCCn1cc[n+](C)c1.CC(O)C(=O)[O-],1.7805917263031006,1.8698182106018064,sILQD,imidazolium,carboxylates,1.869818207979328
CC[N+]1(C)CCOCC1.CCC(C)C(NC(C)=O)C(=O)[O-],3.132847785949707,3.624178886413574,sRKIB,morpholinium,carboxylates,3.6241789257480224
CCCCCCC[N+](C)(C)C.O=S(=O)([N-]S(=O)(=O)C(F)(F)F)C(F)(F)F,1.9739426374435425,2.1846914291381836,sanQj,ammonium,bistriflamides,2.184691430817599
CCCCCCCCCCn1cc[n+](Cc2ccc(C)cc2)c1.O=S(=O)([N-]S(=O)(=O)C(F)(F)F)C(F)(F)F,2.2336761951446533,2.5301997661590576,scXCx,imidazolium,bistriflamides,2.530199698203082
C[NH3+].O=C[O-],0.9387660026550292,1.2304489612579346,sdgdQ,ammonium,carboxylates,1.230448921378274
CCCCCC[n+]1cc(C)cc(C)c1CC.O=S(=O)([N-]S(=O)(=O)C(F)(F)F)C(F)(F)F,2.0927302837371826,2.3729119300842285,siaUJ,pyridinium,bistriflamides,2.3729120029701067
Cn1cc[n+](C)c1.CO[PH](=O)[O-],1.6971498727798462,1.941511392593384,spryA,imidazolium,organic phosphates,1.941511432634403
CCCCCCCC[P+](CC)(CC)CC.Clc1n[n-]c2ccccc12,2.618169069290161,2.9319586753845215,syMtL,phosphonium,cyclic amides,2.9319586884789306
CCCC[P+](CCCC)(CCCC)CCOCC.O=S(=O)([N-]S(=O)(=O)C(F)(F)F)C(F)(F)F,2.1367900371551514,2.1903316974639893,tJLLb,phosphonium,bistriflamides,2.1903316981702914
CCCCCCCC[P+](CCCC)(CCCC)CCCC.[Cl-],2.810441732406616,3.66931676864624,tKoeS,phosphonium,inorganics,3.669316880566112
CCCC[n+]1ccn(C)c1.O=C([O-])O,1.702772617340088,1.8674675226211548,tSLrZ,imidazolium,carboxylates,1.8674674878590516
C=CC[n+]1ccn(C)c1.N#C[N-]C#N,1.3472870588302612,1.2922561168670654,teFMC,imidazolium,amides,1.292256071356476
CCCCCCCCCC[n+]1ccn(CCC#N)c1.O=C([O-])c1cccc(S(=O)(=O)O)c1,3.6150500774383545,4.24551248550415,tnfbN,imidazolium,carboxylates,4.2455126678141495
CCCCCC[N+]1(C)CCCCC1.CCCCCCO[PH](=O)[O-],2.039342164993286,2.3283796310424805,towIe,piperidinium,organic phosphates,2.3283796034387376
CCCCCC[n+]1ccn(C)c1.c1nc[n-]n1,2.6676321029663086,2.5809249877929688,trHMv,imidazolium,cyclic amides,2.5809249756756194
CCCCCCCc1cccc[n+]1CC.O=S(=O)([N-]S(=O)(=O)C(F)(F)F)C(F)(F)F,1.9352378845214844,2.1274287700653076,trHRR,pyridinium,bistriflamides,2.127428777851599
CCCCCCCCCCCCCC[P+](CCCCCC)(CCCCCC)CCCCCC.O=S(=O)([O-])C(F)(F)C(F)(F)C(F)(F)C(F)(F)F,2.812687635421753,2.853698253631592,trdSY,phosphonium,sulfonates,2.8536982117761744
COCCn1cc[n+](C)c1.CC(=O)[O-],1.5351539850234983,1.6912583112716677,tsUSK,imidazolium,carboxylates,1.691258358133111
CCCCCC[n+]1cc(C)cc(C)c1CCCCC.O=S(=O)([N-]S(=O)(=O)C(F)(F)F)C(F)(F)F,2.199003219604492,2.444044828414917,ttTra,pyridinium,bistriflamides,2.444044795918076
CCCCCCCCCC[N+](C)(C)C(C)C.O=S(=O)([N-]S(=O)(=O)C(F)(F)F)C(F)(F)F,2.156895160675049,2.20951509475708,ttjhP,ammonium,bistriflamides,2.2095150145426308
C[N+](C)(C)CCO.CC=C(C)C(=O)[O-],3.269562005996704,3.92427921295166,uHkXy,ammonium,carboxylates,3.9242792860618816
CCCC[N+]1(C)CCOCC1.N#C[N-]C#N,2.6729557514190674,2.600972890853882,uenvP,morpholinium,amides,2.6009728956867484
COC[N+]1(C)CCCC1.O=S(=O)(F)[N-]S(=O)(=O)F,1.6003985404968262,1.4548448324203491,umJZt,pyrrolidinium,bistriflamides,1.4548448600085102
CCCC[n+]1ccn(CCCS(=O)(=O)O)c1.CC(=O)[O-],2.177119016647339,2.5301997661590576,utXng,imidazolium,carboxylates,2.530199698203082
C[NH2+]CCO.O=C[O-],1.447787165641785,1.3068537712097168,vKmUn,ammonium,carboxylates,1.3068537486930087
CCCC[P+](CCCC)(CCCC)CCCC.O=C([O-])c1cccs1,2.570885419845581,3.073718309402466,vSmIq,phosphonium,carboxylates,3.0737183503461227
CCCCCC[n+]1ccc(C)cc1.O=S(=O)([O-])C(F)(F)F,1.9489736557006836,2.1072099208831787,vemwj,pyridinium,sulfonates,2.1072099696478683
CCCCCCn1cc[n+](CCCCCC)c1.O=S(=O)([N-]S(=O)(=O)C(F)(F)F)C(F)(F)F,1.8762307167053225,2.048830032348633,vhgfg,imidazolium,bistriflamides,2.04883008652835
CCOC[n+]1ccccc1.O=S(=O)([N-]S(=O)(=O)C(F)(F)F)C(F)(F)F,1.65617573261261,1.6848453283309937,vrXXz,pyridinium,bistriflamides,1.6848453616444126
CCCCCCCCCCCC[P+](CCCC)(CCCC)CCCC.O=S(=O)([N-]S(=O)(=O)C(F)(F)F)C(F)(F)F,2.346189260482788,2.528916597366333,wBToQ,phosphonium,bistriflamides,2.5289167002776547
CC[N+]1(C)CCOCC1.CC(=O)NC(CC(C)C)C(=O)[O-],3.2529613971710205,3.7314276695251465,wCuEx,morpholinium,carboxylates,3.731427587050948
COCC[n+]1ccccc1.N#C[C-](C#N)C#N,1.3667173385620115,0.8234742283821106,wMhbZ,pyridinium,methanides,0.8234742291703011
CCCCCCCC[P+](CCCC)(CCCC)CCCC.N#C[N-]C#N,2.1677796840667725,2.1903316974639893,wTqWN,phosphonium,amides,2.1903316981702914
CCOCC[n+]1ccn(C)c1.CC(O)C(N)C(=O)[O-],2.496101140975952,3.054229974746704,wcgaB,imidazolium,carboxylates,3.054229909863398
CCCCCC[n+]1ccn(CCC#N)c1.O=S(=O)([O-])c1ccccc1,3.130431890487671,3.633468389511109,wcvJD,imidazolium,sulfonates,3.633468455579586
CCCCCC[n+]1ccn(C)c1.CCOS(=O)(=O)[O-],2.135174512863159,2.770115375518799,wgEvC,imidazolium,sulfates,2.7701152947871015
CCCCCCCCCCCOC[N+](C)(C)CCOC(C)=O.O=S(=O)([N-]S(=O)(=O)C(F)(F)F)C(F)(F)F,2.312694549560547,2.431363821029663,wrkVu,ammonium,bistriflamides,2.4313637641589874
CCCC[n+]1ccccc1C.O=S(=O)([N-]S(=O)(=O)C(F)(F)F)C(F)(F)F,1.785966396331787,1.9809119701385496,wsGMy,pyridinium,bistriflamides,1.9809119377768436
OCC[n+]1ccccc1.O=S(=O)([N-]S(=O)(=O)C(F)(F)F)C(F)(F)F,1.7226431369781494,2.0362296104431152,wvYaX,pyridinium,bistriflamides,2.0362295440862948
CC[N+]1(C)CCCC1.CCO[PH](=O)[O-],1.9759832620620728,2.3424227237701416,xIITO,pyrrolidinium,organic phosphates,2.342422680822206
CC[N+](C)(C)CCO.O=S(=O)([N-]S(=O)(=O)C(F)(F)F)C(F)(F)F,1.838918685913086,2.03901743888855,xKlSO,ammonium,bistriflamides,2.039017321997412
CCOCc1n(C)cc[n+]1CC.O=S(=O)([N-]S(=O)(=O)C(F)(F)F)C(F)(F)F,1.7716546058654783,1.819543957710266,xMtuh,imidazolium,bistriflamides,1.8195439355418688
CCCCCCCCCCCCCC[P+](CCCCCC)(CCCCCC)CCCCCC.N#Cc1nc[n-]c1C#N,2.450569868087769,2.72835373878479,xUzGW,phosphonium,cyclic amides,2.7283537820212285
CCCCCCSC(N(C)C)=[N+](C)C.O=S(=O)([N-]S(=O)(=O)C(F)(F)F)C(F)(F)F,1.959544658660889,1.929418921470642,xXKjw,amidium,bistriflamides,1.9294189257142929
CC[n+]1ccn(CCOC)c1.O=S(=O)([O-])C(F)(F)F,1.624801516532898,1.8603379726409912,xkCTw,imidazolium,sulfonates,1.8603380065709936
C=CC[N+](C)(C)CC.O=S(=O)([O-])C(F)(F)F,1.9646319150924685,2.1967287063598633,xnGYc,ammonium,sulfonates,2.196728722623287
CCc1cccc[n+]1CC.CCOS(=O)(=O)[O-],2.1768877506256104,2.51188325881958,xncNp,pyridinium,sulfates,2.5118833609788744
CC[n+]1ccsc1.O=S(=O)([N-]S(=O)(=O)C(F)(F)F)C(F)(F)F,1.50798237323761,1.815577745437622,xvZua,thiazolium,bistriflamides,1.8155777483242672
CC(C)CCC[n+]1ccn(C)c1.O=S(=O)([N-]S(=O)(=O)C(F)(F)F)C(F)(F)F,1.7948628664016724,1.929418921470642,yDyJU,imidazolium,bistriflamides,1.9294189257142929
OCCCCCCn1cc[nH+]c1.[Cl-],2.474698305130005,2.6232492923736572,yILOg,imidazolium,inorganics,2.6232492903979003
CCCCn1cc[n+](Cc2ccc(C)cc2)c1.O=S(=O)([N-]S(=O)(=O)C(F)(F)F)C(F)(F)F,1.993404984474182,2.326335906982422,yKliF,imidazolium,bistriflamides,2.326335860928751
CCn1cc[n+](C)c1.N#C[N-]S(=O)(=O)C(F)(F)F,1.4142193794250488,1.3053513765335083,yLpiE,imidazolium,bistriflamides,1.3053513694466237
CC[N+]1(C)CCOCC1.CC(=O)NC(C(=O)[O-])C(C)C,3.15145492553711,3.755798578262329,yPIww,morpholinium,carboxylates,3.7557986569738304
COCC[N+]1(C)CCOCC1.FC(F)(F)C(F)(F)[P-](F)(F)(F)(C(F)(F)C(F)(F)F)C(F)(F)C(F)(F)F,2.2588460445404053,2.858537197113037,yWsSs,morpholinium,phosphates,2.858537197569639
CCCC[N+]1(C)CCCC1.O=S1(=O)[N-]S(=O)(=O)C(F)(F)C(F)(F)C1(F)F,2.1844305992126465,2.5314788818359375,yYtOB,pyrrolidinium,bistriflamides,2.531478917042255
CCC[N+](C)(C)CC.O=S(=O)([N-]S(=O)(=O)C(F)(F)F)C(F)(F)F,1.6967031955718994,1.76937735080719,yZGkc,ammonium,bistriflamides,1.7693773260761383
CCC[n+]1ccn(C)c1.N#C[S-],1.6593910455703735,1.5369369983673096,ydvxy,imidazolium,inorganics,1.5369370227046737
CCCn1cc[n+](C)c1C.N#C[S-],2.0653579235076904,2.1815576553344727,yeyGa,imidazolium,inorganics,2.1815577738627865
CCOCC[P+](CC)(CC)CC.O=S(=O)([N-]S(=O)(=O)C(F)(F)F)C(F)(F)F,1.75386381149292,1.6954816579818726,ygggq,phosphonium,bistriflamides,1.6954816764901974
CCCCCCCCCCCCCC[P+](CCCCCC)(CCCCCC)CCCCCC.Clc1nc[n-]c1Cl,2.585198163986206,2.8970770835876465,yoMCd,phosphonium,cyclic amides,2.89707700320942
CCCCCCn1cc[n+](C)c1.O=C1[N-]S(=O)(=O)c2ccccc21,3.543989419937134,4.075546741485596,yppBj,imidazolium,bistriflamides,4.075546961392531
CCCCCC[n+]1ccccc1.O=[N+]([O-])[O-],2.6330437660217285,2.6998376846313477,yvMhP,pyridinium,inorganics,2.699837725867246
CC(C)C[N+]1(C)CCCC1.O=S(=O)([N-]S(=O)(=O)C(F)(F)F)C(F)(F)F,1.6931873559951782,1.8214479684829712,yvuks,pyrrolidinium,bistriflamides,1.8214480190175304
CN1CCCN2CCC[NH+]=C12.CC(=O)[O-],1.6340949535369873,1.372912049293518,zAXJM,guanidinium,carboxylates,1.3729120029701063
CCCC[N+]1(C)CCCC1.COS(=O)(=O)[O-],2.219348192214966,2.670245885848999,zEPzl,pyrrolidinium,sulfates,2.670245853074124
CCCCCCCCOC[N+](C)(C)CCO.O=S(=O)([N-]S(=O)(=O)C(F)(F)F)C(F)(F)F,2.0737826824188232,2.1731863021850586,zEmGS,ammonium,bistriflamides,2.173186268412274
CCCC[P+](CCCC)(CCCC)CCC(F)(F)C(F)(F)C(F)(F)C(F)(F)C(F)(F)C(F)(F)F.FC(F)(F)C(F)(F)[P-](F)(F)(F)(C(F)(F)C(F)(F)F)C(F)(F)C(F)(F)F,2.3661444187164307,2.6493349075317383,zHYOf,phosphonium,phosphates,2.649334858712142
CCCC[n+]1ccn(CCCCCCO)c1.[Cl-],3.0159127712249756,2.9912259578704834,zKvNC,imidazolium,inorganics,2.9912260756924947
CCCC[n+]1ccn(C)c1.O=C([N-]S(=O)(=O)C(F)(F)F)C(F)(F)C(F)(F)F,1.8334031105041504,1.7160032987594604,zPthm,imidazolium,bistriflamides,1.7160033436347992
CCC[n+]1ccn(C)c1.CC(=O)[O-],2.1580116748809814,2.6618127822875977,zTISb,imidazolium,carboxylates,2.661812685537261
CCCCC[NH3+].O=C[O-],1.9013898372650144,1.892094612121582,zXaAg,ammonium,carboxylates,1.8920946026904804
CCCC[P+](CCCC)(CCCC)CCCC.O=S(=O)([O-])CC(O)CN1CCOCC1,3.3155643939971924,3.864095687866211,zYhVp,phosphonium,sulfonates,3.864095573424247
CCCCn1cc[n+](CCCC)c1.CS(=O)(=O)[O-],1.8672404289245603,1.5037907361984253,zazNe,imidazolium,sulfonates,1.503790683057181
CCCC[n+]1cccc(C)c1.N#C[C-](C#N)C#N,1.5062702894210815,1.642464518547058,zjfcM,pyridinium,methanides,1.6424645202421213
