cation,anion
c1c[nH+]c[nH]1,O=S(=O)([O-])O
c1c[nH+]c[nH]1,CS(=O)(=O)[O-]
c1c[nH+]c[nH]1,O=S(=O)(O)C(F)(F)F
c1c[nH+]c[nH]1,O=S(=O)([N-]S(=O)(=O)C(F)(F)F)C(F)(F)F
c1c[nH+]c[nH]1,F[B-](F)(F)F
Cn1cc[nH+]c1,O=S(=O)([O-])O
CCn1cc[nH+]c1,CS(=O)(=O)[O-]
CCn1cc[nH+]c1,O=S(=O)([N-]S(=O)(=O)C(F)(F)F)C(F)(F)F
CCCn1cc[nH+]c1,O=S(=O)([N-]S(=O)(=O)C(F)(F)F)C(F)(F)F
C[NH3+],O=S(=O)([O-])O
C[NH3+],CS(=O)(=O)[O-]
C[NH3+],O=C([O-])C(F)(F)F
C[NH3+],F[B-](F)(F)F
C[NH3+],O=[N+]([O-])[O-]
C[NH3+],O=P([O-])(O)O
C[NH3+],[Br-]
CC[NH3+],CS(=O)(=O)[O-]
CC[NH3+],O=S(=O)([O-])C(F)(F)F
CC[NH3+],O=C([O-])C(F)(F)F
CC[NH3+],F[B-](F)(F)F
CC[NH3+],O=P([O-])(O)O
CC[NH3+],[Cl-]
CCC[NH3+],O=S(=O)([O-])O
CCC[NH3+],O=S(=O)([O-])C(F)(F)F
CCC[NH3+],O=P([O-])(O)O
CCC[NH3+],[Br-]
CCCC[NH3+],O=S(=O)([O-])O
CCCC[NH3+],CS(=O)(=O)[O-]
CCCC[NH3+],O=S(=O)([O-])C(F)(F)F
CCCC[NH3+],O=S(=O)([N-]S(=O)(=O)C(F)(F)F)C(F)(F)F
CCCC[NH3+],F[B-](F)(F)F
CCCC[NH3+],O=[N+]([O-])[O-]
CCCC[NH3+],O=P([O-])(O)O
CCCC[NH3+],[Br-]
C[NH2+]C,O=S(=O)([O-])O
C[NH2+]C,CS(=O)(=O)[O-]
C[NH2+]C,O=S(=O)([O-])C(F)(F)F
C[NH2+]C,O=C[O-]
C[NH2+]C,O=[N+]([O-])[O-]
C[NH2+]C,O=P([O-])(O)O
CC[NH2+]CC,O=S(=O)([O-])C(F)(F)F
CC[NH2+]CC,O=[N+]([O-])[O-]
CC[NH2+]CC,O=P([O-])(O)O
CC[NH2+]CC,[Br-]
CC[NH2+]CC,[Cl-]
CCCCCCCC[n+]1cc[nH]c1,O=S(=O)([N-]S(=O)(=O)C(F)(F)F)C(F)(F)F
CCCCCCCCC[n+]1cc[nH]c1,O=S(=O)([N-]S(=O)(=O)C(F)(F)F)C(F)(F)F
CCCCCCCCCC[n+]1cc[nH]c1,O=S(=O)([N-]S(=O)(=O)C(F)(F)F)C(F)(F)F
CCCn1cc[n+](C)c1,O=S(=O)([O-])C(F)(F)F
CCCCCCCn1cc[n+](C)c1,O=S(=O)([O-])C(F)(F)F
CCCCCCCCCn1cc[n+](C)c1,O=S(=O)([O-])C(F)(F)F
CCCCCCn1cc[n+](C)c1,CS(=O)(=O)[O-]
CCCCCCCn1cc[n+](C)c1,CS(=O)(=O)[O-]
C[N+](C)(C)C12CC3CC(CC(C3)C1)C2,[Br-]
CC[N+](C)(C)C12CC3CC(CC(C3)C1)C2,[Br-]
CCCC[N+](C)(C)C12CC3CC(CC(C3)C1)C2,[Br-]
CCCCCC[N+](C)(C)C12CC3CC(CC(C3)C1)C2,[Br-]
CCCCCCCC[N+](C)(C)C12CC3CC(CC(C3)C1)C2,[Br-]
CCCCCCCCCC[N+](C)(C)C12CC3CC(CC(C3)C1)C2,[Br-]
CCCCCCCCCCCC[N+](C)(C)C12CC3CC(CC(C3)C1)C2,[Br-]
C[N+](C)(C)C12CC3CC(CC(C3)C1)C2,F[B-](F)(F)F
CC[N+](C)(C)C12CC3CC(CC(C3)C1)C2,F[B-](F)(F)F
CCCC[N+](C)(C)C12CC3CC(CC(C3)C1)C2,F[B-](F)(F)F
CCCCCC[N+](C)(C)C12CC3CC(CC(C3)C1)C2,F[B-](F)(F)F
CCCCCCCC[N+](C)(C)C12CC3CC(CC(C3)C1)C2,F[B-](F)(F)F
CCCCCCCCCC[N+](C)(C)C12CC3CC(CC(C3)C1)C2,F[B-](F)(F)F
CCCCCCCCCCCC[N+](C)(C)C12CC3CC(CC(C3)C1)C2,F[B-](F)(F)F
C[N+](C)(C)C12CC3CC(CC(C3)C1)C2,F[P-](F)(F)(F)(F)F
CC[N+](C)(C)C12CC3CC(CC(C3)C1)C2,F[P-](F)(F)(F)(F)F
CCCC[N+](C)(C)C12CC3CC(CC(C3)C1)C2,F[P-](F)(F)(F)(F)F
CCCCCC[N+](C)(C)C12CC3CC(CC(C3)C1)C2,F[P-](F)(F)(F)(F)F
CCCCCCCC[N+](C)(C)C12CC3CC(CC(C3)C1)C2,F[P-](F)(F)(F)(F)F
CCCCCCCCCC[N+](C)(C)C12CC3CC(CC(C3)C1)C2,F[P-](F)(F)(F)(F)F
CCCCCCCCCCCC[N+](C)(C)C12CC3CC(CC(C3)C1)C2,F[P-](F)(F)(F)(F)F
C[N+](C)(C)C12CC3CC(CC(C3)C1)C2,O=S(=O)([O-])C(F)(F)F
CC[N+](C)(C)C12CC3CC(CC(C3)C1)C2,O=S(=O)([O-])C(F)(F)F
CCCC[N+](C)(C)C12CC3CC(CC(C3)C1)C2,O=S(=O)([O-])C(F)(F)F
CCCCCC[N+](C)(C)C12CC3CC(CC(C3)C1)C2,O=S(=O)([O-])C(F)(F)F
CCCCCCCC[N+](C)(C)C12CC3CC(CC(C3)C1)C2,O=S(=O)([O-])C(F)(F)F
CCCCCCCCCC[N+](C)(C)C12CC3CC(CC(C3)C1)C2,O=S(=O)([O-])C(F)(F)F
CCCCCCCCCCCC[N+](C)(C)C12CC3CC(CC(C3)C1)C2,O=S(=O)([O-])C(F)(F)F
C[N+](C)(C)C12CC3CC(CC(C3)C1)C2,O=S(=O)(F)[N-]S(=O)(=O)F
CC[N+](C)(C)C12CC3CC(CC(C3)C1)C2,O=S(=O)(F)[N-]S(=O)(=O)F
CCCC[N+](C)(C)C12CC3CC(CC(C3)C1)C2,O=S(=O)(F)[N-]S(=O)(=O)F
CCCCCC[N+](C)(C)C12CC3CC(CC(C3)C1)C2,O=S(=O)(F)[N-]S(=O)(=O)F
CCCCCCCC[N+](C)(C)C12CC3CC(CC(C3)C1)C2,O=S(=O)(F)[N-]S(=O)(=O)F
CCCCCCCCCC[N+](C)(C)C12CC3CC(CC(C3)C1)C2,O=S(=O)(F)[N-]S(=O)(=O)F
CCCCCCCCCCCC[N+](C)(C)C12CC3CC(CC(C3)C1)C2,O=S(=O)(F)[N-]S(=O)(=O)F
C[N+](C)(C)C12CC3CC(CC(C3)C1)C2,O=S(=O)([N-]S(=O)(=O)C(F)(F)F)C(F)(F)F
CC[N+](C)(C)C12CC3CC(CC(C3)C1)C2,O=S(=O)([N-]S(=O)(=O)C(F)(F)F)C(F)(F)F
CCCC[N+](C)(C)C12CC3CC(CC(C3)C1)C2,O=S(=O)([N-]S(=O)(=O)C(F)(F)F)C(F)(F)F
CCCCCC[N+](C)(C)C12CC3CC(CC(C3)C1)C2,O=S(=O)([N-]S(=O)(=O)C(F)(F)F)C(F)(F)F
CCCCCCCC[N+](C)(C)C12CC3CC(CC(C3)C1)C2,O=S(=O)([N-]S(=O)(=O)C(F)(F)F)C(F)(F)F
CCCCCCCCCC[N+](C)(C)C12CC3CC(CC(C3)C1)C2,O=S(=O)([N-]S(=O)(=O)C(F)(F)F)C(F)(F)F
CCCCCCCCCCCC[N+](C)(C)C12CC3CC(CC(C3)C1)C2,O=S(=O)([N-]S(=O)(=O)C(F)(F)F)C(F)(F)F
CCCC[N+](C)(C)C,F[B-](F)(F)F
CCCCCCCC[N+](C)(C)C,F[B-](F)(F)F
CCCCCCCCCC[N+](C)(C)C,F[B-](F)(F)F
CCCC[N+](C)(C)C,F[P-](F)(F)(F)(F)F
CCCCCC[N+](C)(C)C,F[P-](F)(F)(F)(F)F
CCCCCCCC[N+](C)(C)C,F[P-](F)(F)(F)(F)F
CCCCCCCCCC[N+](C)(C)C,F[P-](F)(F)(F)(F)F
CCCC[N+](C)(C)C,O=S(=O)([O-])C(F)(F)F
CCCCCC[N+](C)(C)C,O=S(=O)([O-])C(F)(F)F
CCCCCCCC[N+](C)(C)C,O=S(=O)([O-])C(F)(F)F
CCCCCCCCCC[N+](C)(C)C,O=S(=O)([O-])C(F)(F)F
CCCC[N+](C)(C)C,O=S(=O)(F)[N-]S(=O)(=O)F
CCCCCC[N+](C)(C)C,O=S(=O)(F)[N-]S(=O)(=O)F
CCCCCCCC[N+](C)(C)C,O=S(=O)(F)[N-]S(=O)(=O)F
CCCCCCCCCC[N+](C)(C)C,O=S(=O)(F)[N-]S(=O)(=O)F
CCCC[N+](C)(C)C,[Br-]
CCCCCC[N+](C)(C)C,[Br-]
CCCCCCCC[N+](C)(C)C,[Br-]
CCCCCCCCCC[N+](C)(C)C,[Br-]
CC[N+]1(C)CCC(O)CC1,[Br-]
CCCC[N+]1(C)CCC(O)CC1,[Br-]
CCCCCC[N+]1(C)CCC(O)CC1,[Br-]
CCCCCCCC[N+]1(C)CCC(O)CC1,[Br-]
CCCCCCCCCC[N+]1(C)CCC(O)CC1,[Br-]
CCCCCCCCCCCC[N+]1(C)CCC(O)CC1,[Br-]
CCCCCCCCCCCCCC[N+]1(C)CCC(O)CC1,[Br-]
CCCCCCCCCCCCCCCC[N+]1(C)CCC(O)CC1,[Br-]
CCC[NH2+]CCC,O=S(=O)([O-])C(F)(F)F
CCC[NH2+]CCC,O=C[O-]
CCC[NH2+]CCC,CC(=O)[O-]
CCC[NH2+]CCC,[Br-]
CCCC[NH2+]CCCC,O=S(=O)([O-])O
CCCC[NH2+]CCCC,O=S(=O)([O-])C(F)(F)F
CCCC[NH2+]CCCC,O=S(=O)([N-]S(=O)(=O)C(F)(F)F)C(F)(F)F
CCCC[NH2+]CCCC,F[B-](F)(F)F
CCCC[NH2+]CCCC,O=P([O-])(O)O
CCCC[NH2+]CCCC,[Br-]
C[NH+](C)C,O=S(=O)([O-])C(F)(F)F
C[NH+](C)C,O=[N+]([O-])[O-]
CC[NH+](CC)CC,O=S(=O)([O-])O
CC[NH+](CC)CC,O=S(=O)([O-])C(F)(F)F
CC[NH+](CC)CC,CC(=O)[O-]
CC[NH+](CC)CC,F[B-](F)(F)F
CC[NH+](CC)CC,O=[N+]([O-])[O-]
CC[NH+](CC)CC,[Br-]
CC[NH+](CC)CC,[Cl-]
CCC[NH+](CCC)CCC,O=S(=O)([O-])O
CCC[NH+](CCC)CCC,O=S(=O)([O-])C(F)(F)F
CCC[NH+](CCC)CCC,O=S(=O)([N-]S(=O)(=O)C(F)(F)F)C(F)(F)F
CCC[NH+](CCC)CCC,F[B-](F)(F)F
CCCC[NH+](CCCC)CCCC,O=S(=O)([O-])C(F)(F)F
CCCC[NH+](CCCC)CCCC,O=S(=O)([N-]S(=O)(=O)C(F)(F)F)C(F)(F)F
OCC[NH+](CCO)CCO,[F-]
OCC[NH+](CCO)CCO,O=C([O-])CC(=O)O
OCC[NH+](CCO)CCO,[Br-]
OCC[NH+](CCO)CCO,[I-]
Cn1cc[nH+]c1,[Cl-]
Cn1cc[nH+]c1,[Br-]
Cn1cc[nH+]c1,[O-][Cl+3]([O-])([O-])[O-]
Cn1cc[nH+]c1,F[B-](F)(F)F
Cn1cc[nH+]c1,O=S(=O)([N-]S(=O)(=O)C(F)(F)F)C(F)(F)F
Cn1cc[nH+]c1,O=S(=O)([N-]S(=O)(=O)C(F)(F)C(F)(F)F)C(F)(F)C(F)(F)F
Cn1cc[nH+]c1,O=[N+]([O-])[O-]
Cn1cc[nH+]c1,O=S(=O)([O-])C(F)(F)F
Cn1cc[nH+]c1,F[P-](F)(F)(F)(F)F
Cn1cc[nH+]c1,O=C([O-])C(F)(F)F
Cn1cc[nH+]c1,CC(=O)[O-]
CCn1cc[nH+]c1,[Cl-]
CCn1cc[nH+]c1,[Br-]
CCn1cc[nH+]c1,[O-][Cl+3]([O-])([O-])[O-]
CCn1cc[nH+]c1,O=[N+]([O-])[O-]
CCn1cc[nH+]c1,O=S(=O)([O-])C(F)(F)F
Cn1cc[n+](C)c1,[Cl-]
Cn1cc[n+](C)c1,F[B-](F)(F)F
Cn1cc[n+](C)c1,O=S(=O)([N-]S(=O)(=O)C(F)(F)F)C(F)(F)F
Cn1cc[n+](C)c1,O=C([O-])C(F)(F)F
Cn1cc[n+](C)c1,F[B-](F)(F)C(F)(F)F
Cn1cc[n+](C)c1,F[B-](F)(F)C(F)(F)C(F)(F)F
Cn1cc[n+](C)c1,F[B-](F)(F)C(F)(F)C(F)(F)C(F)(F)F
Cn1cc[n+](C)c1,F[B-](F)(F)C(F)(F)C(F)(F)C(F)(F)C(F)(F)F
Cc1[nH+]ccn1C,[Cl-]
Cc1[nH+]ccn1C,[Br-]
Cc1[nH+]ccn1C,[O-][Cl+3]([O-])([O-])[O-]
Cc1[nH+]ccn1C,O=S(=O)([N-]S(=O)(=O)C(F)(F)F)C(F)(F)F
Cc1[nH+]ccn1C,O=S(=O)([N-]S(=O)(=O)C(F)(F)C(F)(F)F)C(F)(F)C(F)(F)F
Cc1[nH+]ccn1C,O=[N+]([O-])[O-]
Cc1[nH+]ccn1C,O=S(=O)([O-])C(F)(F)F
Cc1[nH+]ccn1C,F[P-](F)(F)(F)(F)F
CC[n+]1ccn(C)c1,[Cl-]
CC[n+]1ccn(C)c1,[I-]
CC[n+]1ccn(C)c1,F[B-](F)(F)C(F)(F)F
CC[n+]1ccn(C)c1,F[B-](F)(F)C(F)(F)C(F)(F)F
CC[n+]1ccn(C)c1,F[B-](F)(F)C(F)(F)C(F)(F)C(F)(F)F
CC[n+]1ccn(C)c1,F[B-](F)(F)C(F)(F)C(F)(F)C(F)(F)C(F)(F)F
CC[n+]1ccn(C)c1,CCC[B-](F)(F)F
CC[n+]1ccn(C)c1,CCCC[B-](F)(F)F
CC[n+]1ccn(C)c1,CCCCC[B-](F)(F)F
CC[n+]1ccn(C)c1,O=S(=O)([N-]S(=O)(=O)C(F)(F)F)C(F)(F)F
CC[n+]1ccn(C)c1,O=S(=O)([N-]S(=O)(=O)C(F)(F)C(F)(F)F)C(F)(F)C(F)(F)F
CC[n+]1ccn(C)c1,N#C[N-]C#N
CC[n+]1ccn(C)c1,O=C([N-]S(=O)(=O)C(F)(F)F)C(F)(F)F
CC[n+]1ccn(C)c1,O=N[O-]
CC[n+]1ccn(C)c1,O=[N+]([O-])[O-]
CC[n+]1ccn(C)c1,O=S(=O)(F)[N-]S(=O)(=O)F
CC[n+]1ccn(C)c1,O=S(=O)([O-])C(F)(F)C(F)(F)C(F)(F)C(F)(F)F
CC[n+]1ccn(C)c1,O=S(=O)([O-])OCC(F)(F)C(F)(F)C(F)(F)C(F)F
CC[n+]1ccn(C)c1,COS(=O)(=O)[O-]
CC[n+]1ccn(C)c1,O=S(=O)([O-])OC(F)(F)C(F)(F)F
CC[n+]1ccn(C)c1,FC(F)(F)C(F)(F)[P-](F)(F)(F)(C(F)(F)C(F)(F)F)C(F)(F)C(F)(F)F
CC[n+]1ccn(C)c1,O=C([O-])C(F)(F)F
CC[n+]1ccn(C)c1,CC(=O)[O-]
CC[n+]1ccn(C)c1,O=C([O-])c1ccccc1C(=O)O
CC[n+]1ccn(C)c1,O=S(=O)([C-](S(=O)(=O)C(F)(F)F)S(=O)(=O)C(F)(F)F)C(F)(F)F
CC[n+]1ccn(C)c1,N#C[C-](C#N)C#N
CC[n+]1ccn(C)c1,Cl[Al-](Cl)(Cl)Cl
CC[n+]1ccn(C)c1,N#C[S-]
CCn1cc[nH+]c1C,[Cl-]
CCn1cc[nH+]c1C,[Br-]
CCn1cc[nH+]c1C,[O-][Cl+3]([O-])([O-])[O-]
CCn1cc[nH+]c1C,O=S(=O)([N-]S(=O)(=O)C(F)(F)C(F)(F)F)C(F)(F)C(F)(F)F
CCn1cc[nH+]c1C,O=[N+]([O-])[O-]
CCn1cc[nH+]c1C,O=S(=O)([O-])C(F)(F)F
Cn1cc[n+](CC(F)(F)F)c1,O=S(=O)([O-])C(F)(F)F
CCn1cc[n+](CC)c1,O=S(=O)([O-])C(F)(F)F
CCC[n+]1ccn(C)c1,[Cl-]
CCC[n+]1ccn(C)c1,F[B-](F)(F)F
CCC[n+]1ccn(C)c1,F[B-](F)(F)C(F)(F)F
CCC[n+]1ccn(C)c1,F[B-](F)(F)C(F)(F)C(F)(F)F
CCC[n+]1ccn(C)c1,F[B-](F)(F)C(F)(F)C(F)(F)C(F)(F)F
CCC[n+]1ccn(C)c1,F[B-](F)(F)C(F)(F)C(F)(F)C(F)(F)C(F)(F)F
CCC[n+]1ccn(C)c1,O=S(=O)([O-])C(F)(F)C(F)(F)C(F)(F)C(F)(F)F
CCC[n+]1ccn(C)c1,F[P-](F)(F)(F)(F)F
CC(C)[n+]1ccn(C)c1,[I-]
CC(C)[n+]1ccn(C)c1,O=S(=O)([N-]S(=O)(=O)C(F)(F)F)C(F)(F)F
CC(C)[n+]1ccn(C)c1,O=S(=O)([N-]S(=O)(=O)C(F)(F)C(F)(F)C(F)(F)C(F)(F)F)C(F)(F)C(F)(F)C(F)(F)C(F)(F)F
CC(C)[n+]1ccn(C)c1,F[P-](F)(F)(F)(F)F
COCC[n+]1ccn(C)c1,[Cl-]
COCC[n+]1ccn(C)c1,F[B-](F)(F)C(F)(F)F
COCC[n+]1ccn(C)c1,F[B-](F)(F)C(F)(F)C(F)(F)F
COCC[n+]1ccn(C)c1,O=S(=O)([O-])C(F)(F)F
COCC[n+]1ccn(C)c1,F[P-](F)(F)(F)(F)F
CCCC[n+]1ccn(C)c1,FC(F)(F)c1cc([B-](c2cc(C(F)(F)F)cc(C(F)(F)F)c2)(c2cc(C(F)(F)F)cc(C(F)(F)F)c2)c2cc(C(F)(F)F)cc(C(F)(F)F)c2)cc(C(F)(F)F)c1
CCCC[n+]1ccn(C)c1,C[Si](C)(CCC(F)(F)F)c1ccc([B-](c2ccc([Si](C)(C)CCC(F)(F)F)cc2)(c2ccc([Si](C)(C)CCC(F)(F)F)cc2)c2ccc([Si](C)(C)CCC(F)(F)F)cc2)cc1
CCCC[n+]1ccn(C)c1,FC(F)(F)C(F)(F)C(F)(F)C(F)(F)C(F)(F)C(F)(F)c1ccc([B-](c2ccc(C(F)(F)C(F)(F)C(F)(F)C(F)(F)C(F)(F)C(F)(F)F)cc2)(c2ccc(C(F)(F)C(F)(F)C(F)(F)C(F)(F)C(F)(F)C(F)(F)F)cc2)c2ccc(C(F)(F)C(F)(F)C(F)(F)C(F)(F)C(F)(F)C(F)(F)F)cc2)cc1
CCCC[n+]1ccn(C)c1,F[B-](F)(F)C(F)(F)C(F)(F)F
CCCC[n+]1ccn(C)c1,CC(CC#N)[B-](F)(F)F
CCCC[n+]1ccn(C)c1,O=S(=O)([N-]S(=O)(=O)C(F)(F)F)C(F)(F)F
CCCC[n+]1ccn(C)c1,N#C[N-]C#N
CCCC[n+]1ccn(C)c1,O=S(=O)([O-])C(F)(F)F
CCCC[n+]1ccn(C)c1,O=S(=O)([O-])C(F)(F)C(F)(F)C(F)(F)C(F)(F)F
CCCC[n+]1ccn(C)c1,CCCCCOS(=O)(=O)[O-]
CCCC[n+]1ccn(C)c1,O=S(=O)([O-])OCCCC(F)(F)C(F)(F)F
CCCC[n+]1ccn(C)c1,O=S(=O)([O-])OCC(F)(F)C(F)(F)C(F)(F)C(F)F
CCCC[n+]1ccn(C)c1,CC(=O)[O-]
CCCC[n+]1ccn(C)c1,Cl[Al-](Cl)(Cl)Cl
CCCCC[n+]1ccn(C)c1,FC(F)(F)c1cc([B-](c2cc(C(F)(F)F)cc(C(F)(F)F)c2)(c2cc(C(F)(F)F)cc(C(F)(F)F)c2)c2cc(C(F)(F)F)cc(C(F)(F)F)c2)cc(C(F)(F)F)c1
CCCCC[n+]1ccn(C)c1,O=S(=O)([N-]S(=O)(=O)C(F)(F)F)C(F)(F)F
CCCCC[n+]1ccn(C)c1,O=C1[N-]S(=O)(=O)c2ccccc21
CCCC[n+]1ccn(CC)c1,O=S(=O)([N-]S(=O)(=O)C(F)(F)F)C(F)(F)F
CCCC[n+]1ccn(CC)c1,O=S(=O)([O-])C(F)(F)F
CCCC[n+]1ccn(CC)c1,O=S(=O)([O-])C(F)(F)C(F)(F)C(F)(F)C(F)(F)F
CCCC[n+]1ccn(CC)c1,O=C([O-])C(F)(F)F
CCCCCC[n+]1ccn(C)c1,[Cl-]
CCCCCC[n+]1ccn(C)c1,FC(F)(F)c1cc([B-](c2cc(C(F)(F)F)cc(C(F)(F)F)c2)(c2cc(C(F)(F)F)cc(C(F)(F)F)c2)c2cc(C(F)(F)F)cc(C(F)(F)F)c2)cc(C(F)(F)F)c1
CCCCCC[n+]1ccn(C)c1,F[B-](F)(F)C(F)(F)C(F)(F)F
CCCCCC[n+]1ccn(C)c1,O=S(=O)([N-]S(=O)(=O)C(F)(F)F)C(F)(F)F
CCCCCC[n+]1ccn(C)c1,O=S(=O)([O-])C(F)(F)F
CCCCCC[n+]1ccn(C)c1,FC(F)(F)C(F)(F)[P-](F)(F)(F)(C(F)(F)C(F)(F)F)C(F)(F)C(F)(F)F
Cn1cc[n+](CC(=O)c2ccccc2)c1,[Br-]
CCCCCCC[n+]1ccn(C)c1,FC(F)(F)c1cc([B-](c2cc(C(F)(F)F)cc(C(F)(F)F)c2)(c2cc(C(F)(F)F)cc(C(F)(F)F)c2)c2cc(C(F)(F)F)cc(C(F)(F)F)c2)cc(C(F)(F)F)c1
CCCCCCC[n+]1ccn(C)c1,O=S(=O)([N-]S(=O)(=O)C(F)(F)F)C(F)(F)F
CCCCn1cc[n+](CCCC)c1,[Cl-]
Cn1cc[n+](Cc2ccccc2)c1,[Br-]
Cn1cc[n+](Cc2ccccc2)c1,O=S(=O)([O-])C(F)(F)F
Cn1cc[n+](Cc2ccccc2)c1,F[P-](F)(F)(F)(F)F
COc1ccc(-[n+]2ccn(C)c2)cc1,O=S(=O)([O-])C(F)(F)F
CCCCCCCC[n+]1ccn(C)c1,FC(F)(F)c1cc([B-](c2cc(C(F)(F)F)cc(C(F)(F)F)c2)(c2cc(C(F)(F)F)cc(C(F)(F)F)c2)c2cc(C(F)(F)F)cc(C(F)(F)F)c2)cc(C(F)(F)F)c1
CCCCCCCC[n+]1ccn(C)c1,F[P-](F)(F)(F)(F)F
Cn1cc[n+](CCc2ccccc2)c1,O=S(=O)([N-]S(=O)(=O)C(F)(F)F)C(F)(F)F
Cn1cc[n+](CCc2ccccc2)c1,F[P-](F)(F)(F)(F)F
CCCCCCCOC[n+]1ccn(C)c1,F[P-](F)(F)(F)(F)F
CCCCOC[n+]1ccn(COCCC)c1,F[P-](F)(F)(F)(F)F
CCCCCCCCC[n+]1ccn(C)c1,F[P-](F)(F)(F)(F)F
CCCCCCCC[n+]1ccn(CC)c1,Cc1ccc(S(=O)(=O)[O-])cc1
Cn1cc[n+](CCCc2ccccc2)c1,O=S(=O)([N-]S(=O)(=O)C(F)(F)F)C(F)(F)F
Cn1cc[n+](CCCc2ccccc2)c1,F[P-](F)(F)(F)(F)F
CCCCOCn1cc[n+](COCCCC)c1,F[P-](F)(F)(F)(F)F
CCCCCCCC[n+]1ccn(CCC)c1,F[P-](F)(F)(F)(F)F
CCCCCCCCCC[n+]1ccn(C)c1,[Cl-]
CCCCCCCCCC[n+]1ccn(C)c1,FC(F)(F)c1cc([B-](c2cc(C(F)(F)F)cc(C(F)(F)F)c2)(c2cc(C(F)(F)F)cc(C(F)(F)F)c2)c2cc(C(F)(F)F)cc(C(F)(F)F)c2)cc(C(F)(F)F)c1
CCCCCCCCCC[n+]1ccn(C)c1,O=S(=O)([N-]S(=O)(=O)C(F)(F)F)C(F)(F)F
CCCCCCCCCC[n+]1ccn(C)c1,Cc1ccc(S(=O)(=O)[O-])cc1
CCCCCCCCCC[n+]1ccn(C)c1,F[P-](F)(F)(F)(F)F
CCCCCCCCCCC[n+]1ccn(C)c1,F[B-](F)(F)F
CCCCCCCCCCCC[n+]1ccn(C)c1,[Cl-]
CCCCCCCCCCCC[n+]1ccn(C)c1,[Br-]
CCCCCCCCCCCC[n+]1ccn(C)c1,F[B-](F)(F)F
CCCCCCCCCCCC[n+]1ccn(C)c1,O=S(=O)([N-]S(=O)(=O)C(F)(F)F)C(F)(F)F
CCCCCCCCCCCC[n+]1ccn(C)c1,O=S(=O)([O-])C(F)(F)F
CCCCCCCCCCCC[n+]1ccn(C)c1,F[P-](F)(F)(F)(F)F
CCCCCCCCCCCC[n+]1ccn(C)c1,FC(F)(F)c1cc([B-](c2cc(C(F)(F)F)cc(C(F)(F)F)c2)(c2cc(C(F)(F)F)cc(C(F)(F)F)c2)c2cc(C(F)(F)F)cc(C(F)(F)F)c2)cc(C(F)(F)F)c1
CCCCCCCCCCCCCn1cc[n+](C)c1,F[B-](F)(F)F
CCCCCCCCCCCCCC[n+]1ccn(C)c1,[Cl-]
CCCCCCCCCCCCCC[n+]1ccn(C)c1,[Br-]
CCCCCCCCCCCCCC[n+]1ccn(C)c1,F[B-](F)(F)F
CCCCCCCCCCCCCC[n+]1ccn(C)c1,O=S(=O)([N-]S(=O)(=O)C(F)(F)F)C(F)(F)F
CCCCCCCCCCCCCC[n+]1ccn(C)c1,O=S(=O)([O-])C(F)(F)F
CCCCCCCCCCCCCC[n+]1ccn(C)c1,F[P-](F)(F)(F)(F)F
CCCCCCCCCCCCCCC[n+]1ccn(C)c1,F[B-](F)(F)F
CCCCCCCCCCCCCCCC[n+]1ccn(C)c1,[Cl-]
CCCCCCCCCCCCCCCC[n+]1ccn(C)c1,[Br-]
CCCCCCCCCCCCCCCC[n+]1ccn(C)c1,F[B-](F)(F)F
CCCCCCCCCCCCCCCC[n+]1ccn(C)c1,O=S(=O)([N-]S(=O)(=O)C(F)(F)F)C(F)(F)F
CCCCCCCCCCCCCCCC[n+]1ccn(C)c1,O=S(=O)([O-])C(F)(F)F
CCCCCCCCCCCCCCCC[n+]1ccn(C)c1,F[P-](F)(F)(F)(F)F
CCCCCCCCCCCCCCCCCC[n+]1ccn(C)c1,[Cl-]
CCCCCCCCCCCCCCCCCC[n+]1ccn(C)c1,F[B-](F)(F)F
CCCCCCCCCCCCCCCCCC[n+]1ccn(C)c1,O=S(=O)([N-]S(=O)(=O)C(F)(F)F)C(F)(F)F
CCCCCCCCCCCCCCCCCC[n+]1ccn(C)c1,O=S(=O)([O-])C(F)(F)F
CCCCCCCCCCCCCCCCCC[n+]1ccn(C)c1,F[P-](F)(F)(F)(F)F
CCCCCCCCCCCCCCCCCCCC[n+]1ccn(C)c1,[Br-]
COC[n+]1ccn(C)c1,[Cl-]
COC[n+]1ccn(C)c1,F[B-](F)(F)C(F)(F)F
COC[n+]1ccn(C)c1,F[B-](F)(F)C(F)(F)C(F)(F)F
C[n+]1ccn(C(F)(F)C(F)F)c1,[I-]
C[n+]1ccn(C(F)(F)C(F)F)c1,F[B-](F)(F)F
C[n+]1ccn(C(F)(F)C(F)F)c1,O=S(=O)([N-]S(=O)(=O)C(F)(F)F)C(F)(F)F
CC[n+]1ccn(C(F)(F)C(F)F)c1,[I-]
CC[n+]1ccn(C(F)(F)C(F)F)c1,F[B-](F)(F)F
CC[n+]1ccn(C(F)(F)C(F)F)c1,O=S(=O)([N-]S(=O)(=O)C(F)(F)F)C(F)(F)F
CCC[n+]1ccn(C(F)(F)C(F)F)c1,[I-]
CCCC[n+]1ccn(C(F)(F)C(F)F)c1,[I-]
CCOC(=O)[C@@H](C)[n+]1ccn(C)c1,O=S(=O)([N-]S(=O)(=O)C(F)(F)F)C(F)(F)F
CCOC(=O)[C@@H](C)[n+]1ccn(C)c1,O=S(=O)([O-])C(F)(F)F
CCCCCCCCOCn1cc[n+](COCCCCCCCC)c1,F[B-](F)(F)F
CCCCCCCCCOCn1cc[n+](COCCCCCCCCC)c1,F[B-](F)(F)F
CCCCCCCCCCOCn1cc[n+](COCCCCCCCCCC)c1,F[B-](F)(F)F
CCCCCCCCCCCOCn1cc[n+](COCCCCCCCCCCC)c1,F[B-](F)(F)F
CCCCCCCCCCCCOCn1cc[n+](COCCCCCCCCCCCC)c1,F[B-](F)(F)F
Cn1cc[n+](CCO)c1,[Cl-]
Cn1cc[n+](CCO)c1,F[P-](F)(F)(F)(F)F
COC(=O)C[n+]1ccn(C)c1,O=S(=O)([N-]S(=O)(=O)C(F)(F)F)C(F)(F)F
COC(=O)C[n+]1ccn(C)c1,F[P-](F)(F)(F)(F)F
CCC(C)[n+]1ccn(C)c1,O=S(=O)([O-])C(F)(F)C(F)(F)C(F)(F)C(F)(F)F
CC(C)CC[n+]1ccn(C)c1,O=S(=O)([N-]S(=O)(=O)C(F)(F)C(F)(F)C(F)(F)C(F)(F)F)C(F)(F)C(F)(F)C(F)(F)C(F)(F)F
C[n+]1ccn(CCO[Si](C)(C)C)c1,[I-]
C[Si](C)(C)OCCn1cc[n+](CCF)c1,[Br-]
C[Si](C)(C)OCCn1cc[n+](CCC(F)(F)F)c1,[I-]
CCC(=O)C[n+]1ccn(CCC(F)(F)F)c1,O=S(=O)([N-]S(=O)(=O)C(F)(F)F)C(F)(F)F
C[n+]1ccn(CC#N)c1,F[B-](F)(F)F
C[n+]1ccn(CC#N)c1,F[P-](F)(F)(F)(F)F
C[n+]1ccn(CCC#N)c1,[Cl-]
C[n+]1ccn(CCC#N)c1,F[B-](F)(F)F
C[n+]1ccn(CCC#N)c1,F[P-](F)(F)(F)(F)F
C[n+]1ccn(CCCC#N)c1,[Cl-]
C[n+]1ccn(CCCC#N)c1,F[B-](F)(F)F
C[n+]1ccn(CCCC#N)c1,CC(CC#N)[B-](F)(F)F
C[n+]1ccn(CCCC#N)c1,F[P-](F)(F)(F)(F)F
C[n+]1ccn(CCCCC#N)c1,[Cl-]
C[n+]1ccn(CCCCC#N)c1,F[B-](F)(F)F
C[n+]1ccn(CCCCC#N)c1,F[P-](F)(F)(F)(F)F
CCCC[NH+]1C=CN(CCP(=O)(OCC)OCC)C1,F[B-](F)(F)F
CCCC[NH+]1C=CN(CCP(=O)(OCC)OCC)C1,F[P-](F)(F)(F)(F)F
CCCC[NH+]1C=CN(CCCP(=O)(OCC)OCC)C1,F[B-](F)(F)F
CCCC[NH+]1C=CN(CCCP(=O)(OCC)OCC)C1,F[P-](F)(F)(F)(F)F
CCCCCC[NH+]1C=CN(CCP(=O)(OCC)OCC)C1,F[B-](F)(F)F
CCCCCC[NH+]1C=CN(CCP(=O)(OCC)OCC)C1,F[P-](F)(F)(F)(F)F
CCCCCC[NH+]1C=CN(CCCP(=O)(OCC)OCC)C1,F[B-](F)(F)F
CCCCCC[NH+]1C=CN(CCCP(=O)(OCC)OCC)C1,F[P-](F)(F)(F)(F)F
CCCCCCCC[NH+]1C=CN(CCP(=O)(OCC)OCC)C1,F[B-](F)(F)F
CCCCCCCC[NH+]1C=CN(CCP(=O)(OCC)OCC)C1,F[P-](F)(F)(F)(F)F
CCCCCCCC[NH+]1C=CN(CCCP(=O)(OCC)OCC)C1,F[B-](F)(F)F
CCCCCCCC[NH+]1C=CN(CCCP(=O)(OCC)OCC)C1,F[P-](F)(F)(F)(F)F
C[n+]1ccn(CCC(F)(F)C(F)(F)S(F)(F)(F)(F)F)c1,O=S(=O)([N-]S(=O)(=O)C(F)(F)F)C(F)(F)F
C[n+]1ccn(CCCCC(F)(F)C(F)(F)S(F)(F)(F)(F)F)c1,O=S(=O)([N-]S(=O)(=O)C(F)(F)F)C(F)(F)F
C[n+]1ccn(CCC(F)(F)C(F)(F)C(F)(F)C(F)(F)S(F)(F)(F)(F)F)c1,O=S(=O)([N-]S(=O)(=O)C(F)(F)F)C(F)(F)F
C[n+]1ccn(CCCSC(=S)N(c2ccccc2)c2ccccc2)c1,F[P-](F)(F)(F)(F)F
C[n+]1ccn(CCCSC(=S)N2CCOCC2)c1,F[P-](F)(F)(F)(F)F
C[n+]1ccn(CCCSC(=S)n2ccnc2)c1,F[P-](F)(F)(F)(F)F
Cn1cc[n+](CCCBr)c1,F[P-](F)(F)(F)(F)F
CCCCn1cc[n+](CC(C)O)c1,[Cl-]
CCCCNC(=O)Cn1cc[n+](C)c1,F[P-](F)(F)(F)(F)F
CCCCN(C)C(=O)Cn1cc[n+](C)c1,F[P-](F)(F)(F)(F)F
CCN(CC)C(=O)C[n+]1ccn(C)c1,[Br-]
CCN(CC)C(=O)C[n+]1ccn(C)c1,O=S(=O)([N-]S(=O)(=O)C(F)(F)F)C(F)(F)F
CCN(CC)C(=O)C[n+]1ccn(C)c1,F[P-](F)(F)(F)(F)F
C#CCn1cc[n+](C)c1,CC(CC#N)[B-](F)(F)F
C=CCn1cc[n+](C)c1,F[B-](F)(F)F
C=CCn1cc[n+](C)c1,CC(CC#N)[B-](F)(F)F
C[n+]1ccn(CCCC(=O)O)c1,CC(CC#N)[B-](F)(F)F
C#CCn1cc[n+](CC#C)c1,F[B-](F)(F)F
C#CCn1cc[n+](CC#C)c1,CC(CC#N)[B-](F)(F)F
C=CCn1cc[n+](CC=C)c1,CC(CC#N)[B-](F)(F)F
N#CCCCn1cc[n+](CCCC#N)c1,CC(CC#N)[B-](F)(F)F
O=C(O)CCCn1cc[n+](CCCC(=O)O)c1,CC(CC#N)[B-](F)(F)F
C[C@H](C[n+]1ccn(C)c1)OCc1ccccc1,[Br-]
C[C@H](C[n+]1ccn(C)c1)OCc1ccccc1,F[B-](F)(F)F
C[C@H](C[n+]1ccn(C)c1)OCc1ccccc1,F[P-](F)(F)(F)(F)F
Cn1cc[n+](CC(Br)CBr)c1,F[P-](F)(F)(F)(F)F
C#CCCCn1cc[n+](CCCC#C)c1,[Cl-]
C#CCCCn1cc[n+](CCCC#C)c1,F[B-](F)(F)F
c1ccc(Cn2cc[n+](Cc3ccccc3)c2)cc1,O=S(=O)([O-])C(F)(F)F
c1ccc(Cn2cc[n+](Cc3ccccc3)c2)cc1,Cc1ccc(S(=O)(=O)[O-])cc1
CC1=NC(C)=C(C)[NH2+]1,[Cl-]
Cc1n(C)cc[n+]1C,[Cl-]
CCn1cc[n+](C)c1C,[Cl-]
CCn1cc[n+](C)c1C,[Br-]
CCn1cc[n+](C)c1C,O=S(=O)([N-]S(=O)(=O)C(F)(F)C(F)(F)F)C(F)(F)C(F)(F)F
CCn1cc[n+](C)c1C,O=S(=O)([O-])C(F)(F)F
CCn1cc[n+](C)c1C,O=C([O-])C(F)(F)F
CC[n+]1cn(C)cc1C,O=S(=O)([N-]S(=O)(=O)C(F)(F)F)C(F)(F)F
CC[n+]1cn(C)cc1C,O=S(=O)([O-])C(F)(F)F
CCn1cc(C)[n+](CC)c1,O=C([O-])c1ccccc1
CCn1cc(C)[n+](CC)c1,O=S(=O)([N-]S(=O)(=O)C(F)(F)F)C(F)(F)F
CCn1cc(C)[n+](CC)c1,O=S(=O)([O-])C(F)(F)F
CCCn1cc[n+](CC)c1CC,[Cl-]
CCCn1cc[n+](C)c1C,O=S(=O)([N-]S(=O)(=O)C(F)(F)F)C(F)(F)F
CCCn1cc[n+](C)c1C,O=S(=O)([N-]S(=O)(=O)C(F)(F)C(F)(F)F)C(F)(F)C(F)(F)F
CCCn1cc[n+](C)c1C,F[P-](F)(F)(F)(F)F
CCc1n(C)cc[n+]1CC,O=S(=O)([N-]S(=O)(=O)C(F)(F)F)C(F)(F)F
CCc1n(C)cc[n+]1CC,O=S(=O)([O-])C(F)(F)F
CCCC[n+]1ccn(C)c1C,F[B-](F)(F)F
CCCC[n+]1ccn(C)c1C,O=C1[N-]S(=O)(=O)c2ccccc21
CCCC[n+]1ccn(C)c1C,O=S(=O)([O-])C(F)(F)C(F)(F)C(F)(F)C(F)(F)F
CCCC[n+]1ccn(C)c1C,O=S(=O)([O-])OCCCC(F)(F)C(F)(F)F
CCCC[n+]1ccn(C)c1C,O=S(=O)([O-])OCC(F)(F)C(F)(F)C(F)(F)C(F)F
CCCC[n+]1ccn(C)c1C,CCCCCCOCCOCCOCCOCCOCCOCCOCCOCCOCCOCCOS(=O)(=O)[O-]
CCCC[n+]1ccn(C)c1C,F[P-](F)(F)(F)(F)F
CCCCCCCC[n+]1ccn(C)c1C,O=S(=O)([O-])C(F)(F)F
Cc1[nH+]ccn1CCCC#N,[Cl-]
Cc1[nH+]ccn1CCCC#N,F[B-](F)(F)F
Cc1[nH+]ccn1CCCC#N,F[P-](F)(F)(F)(F)F
Cn1cc([N+](=O)[O-])[n+](C)c1,[O-][Cl+3]([O-])([O-])[O-]
Cn1cc([N+](=O)[O-])[n+](C)c1,O=[N+]([O-])[O-]
Cn1cc[n+]2c1CCC2,O=S(=O)([N-]S(=O)(=O)C(F)(F)F)C(F)(F)F
CCCCCC[n+]1ccn(C)c1C,O=S(=O)([N-]S(=O)(=O)C(F)(F)F)C(F)(F)F
CCn1cc[n+](C(C)CO)c1,[Br-]
CCn1cc[n+](C(CO)C(C)C)c1,[Br-]
CCn1cc[n+](C(CO)CC(C)C)c1,[Br-]
C[n+]1ccn2c1CCCC2,O=S(=O)([N-]S(=O)(=O)C(F)(F)F)C(F)(F)F
CCn1cc[n+](CC)c1C,O=S(=O)([N-]S(=O)(=O)C(F)(F)F)C(F)(F)F
Cc1n(C)cc([N+](=O)[O-])[n+]1C,[O-][Cl+3]([O-])([O-])[O-]
Cc1n(C)cc([N+](=O)[O-])[n+]1C,O=[N+]([O-])[O-]
CC[n+]1c([N+](=O)[O-])cn(C)c1C,[O-][Cl+3]([O-])([O-])[O-]
CC[n+]1c([N+](=O)[O-])cn(C)c1C,O=[N+]([O-])[O-]
Cc1c(C)[n+](C)c(C)n1C,[I-]
Cc1c(C)[n+](C)c(C)n1C,O=S(=O)([N-]S(=O)(=O)C(F)(F)F)C(F)(F)F
Cc1c(C)[n+](C)c(C)n1C,F[P-](F)(F)(F)(F)F
CCCC[n+]1nn(C)c2ccccc21,O=S(=O)([N-]S(=O)(=O)C(F)(F)F)C(F)(F)F
CCCC[n+]1nn(C)c2ccccc21,CS(=O)(=O)[O-]
CCCC[n+]1nn(C)c2ccccc21,Cc1ccc(S(=O)(=O)[O-])cc1
Cn1n[n+](Cc2ccccc2)c2ccccc21,[Br-]
Cn1n[n+](Cc2ccccc2)c2ccccc21,O=S(=O)([N-]S(=O)(=O)C(F)(F)F)C(F)(F)F
Cn1n[n+](Cc2ccccc2)c2ccccc21,CS(=O)(=O)[O-]
Cn1n[n+](Cc2ccccc2)c2ccccc21,Cc1ccc(S(=O)(=O)[O-])cc1
Cn1cn[n+](CCN=[N+]=[N-])c1,[I-]
C[n+]1cn(CCN=[N+]=[N-])cn1,[O-][Cl+3]([O-])([O-])[O-]
O=[N+]([O-])[O-],[N-]=[N+]=NCC[NH+]1C=NC=N1
[N-]=[N+]=NCC[n+]1cn(N)cn1,[Br-]
O=[N+]([O-])[O-],[N-]=[N+]=NCC[n+]1cn(N)cn1
CCCC[n+]1cn(CCC(F)(F)F)cn1,O=S(=O)([O-])C(F)(F)F
CCCC[n+]1cn(CCC(F)(F)F)cn1,O=S(=O)([N-]S(=O)(=O)C(F)(F)F)C(F)(F)F
CCCCCCCn1c[n+](CCC(F)(F)C(F)(F)C(F)(F)C(F)(F)F)cn1,O=S(=O)([N-]S(=O)(=O)C(F)(F)F)C(F)(F)F
CCCCCCCCCCn1c[n+](CCC(F)(F)C(F)(F)C(F)(F)C(F)(F)F)cn1,O=S(=O)([N-]S(=O)(=O)C(F)(F)F)C(F)(F)F
Cn1c[n+](CCC(F)(F)C(F)(F)C(F)(F)C(F)(F)C(F)(F)C(F)(F)F)cn1,O=S(=O)([N-]S(=O)(=O)C(F)(F)F)C(F)(F)F
CCCCn1c[n+](CCC(F)(F)C(F)(F)C(F)(F)C(F)(F)C(F)(F)C(F)(F)F)cn1,O=S(=O)([N-]S(=O)(=O)C(F)(F)F)C(F)(F)F
CCCCCCCn1c[n+](CCC(F)(F)C(F)(F)C(F)(F)C(F)(F)C(F)(F)C(F)(F)F)cn1,O=S(=O)([N-]S(=O)(=O)C(F)(F)F)C(F)(F)F
CCCCCCC[n+]1cn(C(C)F)cn1,F[B-](F)(F)F
CCCCCCCCCC[n+]1cn(C(C)F)cn1,O=S(=O)([O-])C(F)(F)F
CCCCCCCn1c[n+](CC(O)C(F)(F)F)cn1,[Br-]
Cn1c[n+](C)cn1,O=[N+]([O-])[O-]
C[n+]1cn(N)cn1,[O-][Cl+3]([O-])([O-])[O-]
C[n+]1cn(N)cn1,O=[N+]([O-])[O-]
C[n+]1cn(N)cn1,[N-]=[N+]=[N-]
C[NH+]1C=NC(N=[N+]=[N-])=N1,[O-][Cl+3]([O-])([O-])[O-]
C[NH+]1C=NC(N=[N+]=[N-])=N1,O=[N+]([O-])[O-]
C[NH+]1C=NC(N=[N+]=[N-])=N1,O=C(O[N+](=O)[O-])c1nn[n-]n1
C[NH+]1C=NC(N=[N+]=[N-])=N1,O=C([O-])c1nc([N+](=O)[O-])c([N+](=O)[O-])[nH]1
CC1=NC(N=[N+]=[N-])=N[NH2+]1,O=[N+]([O-])[O-]
O=[N+]([O-])[O-],[N-]=[N+]=NC1=N[NH2+]C=N1
O=C([O-])c1nc([N+](=O)[O-])c([N+](=O)[O-])[nH]1,[N-]=[N+]=NC1=N[NH2+]C=N1
O=[N+]([O-])[O-],[N-]=[N+]=NC1=N[NH2+]C(N=[N+]=[N-])=N1
Cn1c[n+](C)nc1N=[N+]=[N-],[O-][Cl+3]([O-])([O-])[O-]
Cn1c[n+](C)nc1N=[N+]=[N-],O=[N+]([O-])[O-]
CCCn1c[n+](CCCCC(F)(F)C(F)(F)S(F)(F)(F)(F)F)cn1,O=S(=O)([N-]S(=O)(=O)C(F)(F)F)C(F)(F)F
N[NH+]1C=NC=N1,[O-][Cl+3]([O-])([O-])[O-]
N[NH+]1C=NC=N1,O=[N+]([O-])[O-]
O=C(O[N+](=O)[O-])c1nn[n-]n1,[NH3+]n1cnnc1
O=C([O-])c1nc([N+](=O)[O-])c([N+](=O)[O-])[nH]1,[NH3+]n1cnnc1
O=[N+]([O-])c1ncn[n-]1,[NH3+]n1cnnc1
[NH3+]n1cnnc1,[O-][Cl+3]([O-])([O-])[O-]
O=[N+]([O-])[O-],[NH3+]n1cnnc1
Cn1cn[n+](N)c1,[O-][Cl+3]([O-])([O-])[O-]
NC1=NC=N[NH+]1N,[O-][Cl+3]([O-])([O-])[O-]
NC1=NC=N[NH+]1N,O=[N+]([O-])[O-]
NC1=NC=N[NH+]1N,O=C([O-])c1nc([N+](=O)[O-])c([N+](=O)[O-])[nH]1
C1=NC=N[NH2+]1,O=C([O-])c1nc([N+](=O)[O-])c([N+](=O)[O-])[nH]1
C[NH+]1C=NC=N1,O=C([O-])c1nc([N+](=O)[O-])c([N+](=O)[O-])[nH]1
CCCC[n+]1nn(CC)c2ccccc21,F[P-](F)(F)(F)(F)F
CCCCn1n[n+](CCCC)c2ccccc21,[Br-]
CCCCn1n[n+](CCCC)c2ccccc21,F[B-](F)(F)F
CCCCn1n[n+](CCCC)c2ccccc21,F[P-](F)(F)(F)(F)F
Cc1n(C)c(C(F)(F)F)n[n+]1CCCF,[I-]
Cc1n(C)c(C(F)(F)F)n[n+]1CCCF,O=S(=O)([N-]S(=O)(=O)C(F)(F)F)C(F)(F)F
Cc1n(C)nc(C(F)(F)C(F)(F)C(F)(F)C(F)(F)C(F)(F)C(F)(F)C(F)(F)C(F)(F)F)[n+]1C,[O-][Cl+3]([O-])([O-])[O-]
Cc1n(C)nc(C(F)(F)C(F)(F)C(F)(F)C(F)(F)C(F)(F)C(F)(F)C(F)(F)C(F)(F)F)[n+]1C,F[B-](F)(F)F
Cc1n(C)nc(C(F)(F)C(F)(F)C(F)(F)C(F)(F)C(F)(F)C(F)(F)C(F)(F)C(F)(F)F)[n+]1C,O=S(=O)([N-]S(=O)(=O)C(F)(F)F)C(F)(F)F
Cc1n(C)c(C(F)(F)F)n[n+]1C,[O-][Cl+3]([O-])([O-])[O-]
Cc1n(C)c(C(F)(F)F)n[n+]1C,F[B-](F)(F)F
Cc1n(C)c(C(F)(F)F)n[n+]1C,O=S(=O)([N-]S(=O)(=O)C(F)(F)F)C(F)(F)F
Cc1n(C)c(C(F)(F)F)n[n+]1C,O=S(=O)([O-])C(F)(F)F
Cn1cc[n+](N)n1,O=[N+]([O-])[O-]
Cn1cc[n+](N)n1,[N-]=[N+]=[N-]
CCn1cc[n+](N)n1,O=[N+]([O-])[O-]
CCCn1cc[n+](N)n1,O=[N+]([O-])[O-]
C=CCn1cc[n+](N)n1,O=[N+]([O-])[O-]
CCCCn1cc[n+](N)n1,O=[N+]([O-])[O-]
Nn1cn[n+](CCBr)c1,[Br-]
C[N+]1(C)CCCC1,O=S(=O)([N-]S(=O)(=O)C(F)(F)F)C(F)(F)F
C[N+]1(C)CCCC1,N#C[N-]C#N
C[N+]1(C)CCCC1,O=C([N-]S(=O)(=O)C(F)(F)F)C(F)(F)F
C[N+]1(C)CCCC1,CS(=O)(=O)[N-]S(C)(=O)=O
C[N+]1(C)CCCC1,CS(=O)(=O)[O-]
C[N+]1(C)CCCC1,O=S(=O)([O-])C(F)(F)C(F)(F)C(F)(F)C(F)(F)F
C[N+]1(C)CCCC1,Cc1ccc(S(=O)(=O)[O-])cc1
C[N+]1(C)CCCC1,O=C([O-])C=CC(=O)O
C[N+]1(C)CCCC1,O=C([O-])c1ccccc1C(=O)O
CC[N+]1(C)CCCC1,N#C[N-]C#N
CC[N+]1(C)CCCC1,CS(=O)(=O)[O-]
CC[N+]1(C)CCCC1,O=S(=O)([O-])C(F)(F)C(F)(F)C(F)(F)C(F)(F)F
CC[N+]1(C)CCCC1,Cc1ccc(S(=O)(=O)[O-])cc1
CCC[N+]1(C)CCCC1,N#C[N-]C#N
CCC[N+]1(C)CCCC1,O=S(=O)(F)[N-]S(=O)(=O)F
CCC[N+]1(C)CCCC1,CS(=O)(=O)[O-]
CCC[N+]1(C)CCCC1,Cc1ccc(S(=O)(=O)[O-])cc1
CCCC[N+]1(C)CCCC1,F[B-](F)(F)F
CCCC[N+]1(C)CCCC1,F[B-](F)(F)C(F)(F)F
CCCC[N+]1(C)CCCC1,F[B-](F)(F)C(F)(F)C(F)(F)F
CCCC[N+]1(C)CCCC1,F[B-](F)(F)C(F)(F)C(F)(F)C(F)(F)F
CCCC[N+]1(C)CCCC1,F[B-](F)(F)C(F)(F)C(F)(F)C(F)(F)C(F)(F)F
CCCC[N+]1(C)CCCC1,N#C[N-]C#N
CCCC[N+]1(C)CCCC1,CS(=O)(=O)[N-]S(C)(=O)=O
CCCC[N+]1(C)CCCC1,CS(=O)(=O)[O-]
CCCC[N+]1(C)CCCC1,O=S(=O)([O-])C(F)(F)C(F)(F)C(F)(F)C(F)(F)F
CCCC[N+]1(C)CCCC1,Cc1ccc(S(=O)(=O)[O-])cc1
CCCC[N+]1(C)CCCC1,O=P([O-])(O)O
CCCC[N+]1(C)CCCC1,CC(=O)[O-]
CCCCCC[N+]1(C)CCCC1,N#C[N-]C#N
CCCCCC[N+]1(C)CCCC1,CS(=O)(=O)[N-]S(C)(=O)=O
CCCCCC[N+]1(C)CCCC1,CS(=O)(=O)[O-]
CCCCCC[N+]1(C)CCCC1,O=S(=O)([O-])C(F)(F)C(F)(F)C(F)(F)C(F)(F)F
CCCCCC[N+]1(C)CCCC1,Cc1ccc(S(=O)(=O)[O-])cc1
COC(=O)C[N+]1(C)CCCC1,O=S(=O)([N-]S(=O)(=O)C(F)(F)F)C(F)(F)F
CCCCC[N+]1(C)CCCC1,O=S(=O)([O-])C(F)(F)C(F)(F)C(F)(F)C(F)(F)F
C[NH+]1CCCC1,O=C([O-])C(F)(F)F
C[NH+]1CCCC1,O=C[O-]
COC[N+]1(C)CCCC1,F[B-](F)(F)F
COC[N+]1(C)CCCC1,O=S(=O)([N-]S(=O)(=O)C(F)(F)F)C(F)(F)F
COC[N+]1(C)CCCC1,F[B-](F)(F)C(F)(F)F
COC[N+]1(C)CCCC1,F[B-](F)(F)C(F)(F)C(F)(F)F
COCC[N+]1(C)CCCC1,F[B-](F)(F)F
COCC[N+]1(C)CCCC1,F[B-](F)(F)C(F)(F)F
COCC[N+]1(C)CCCC1,F[B-](F)(F)C(F)(F)C(F)(F)F
CCC[N+]1(C)CCCCC1,O=S(=O)([N-]S(=O)(=O)C(F)(F)C(F)(F)F)C(F)(F)F
CC[N+]1(CC(=O)OC)CCCCC1,O=S(=O)([N-]S(=O)(=O)C(F)(F)F)C(F)(F)F
CC1(C)CC(N)CC(C)(C)[NH2+]1,O=C([CH-]C(=O)C(F)(F)F)C(F)(F)F
CC1(C)CC(N)CC(C)(C)[NH2+]1,O=C([CH-]C(=O)C(F)(F)F)c1ccco1
COCC[N+]1(C)CCCCC1,F[B-](F)(F)C(F)(F)F
COCC[N+]1(C)CCCCC1,F[B-](F)(F)C(F)(F)C(F)(F)F
COCC[N+]1(C)CCCCC1,F[B-](F)(F)C(F)(F)C(F)(F)C(F)(F)F
COCC[N+]1(C)CCCCC1,F[B-](F)(F)C(F)(F)C(F)(F)C(F)(F)C(F)(F)F
CCCC[N+]1(C)CCCCC1,F[B-](F)(F)F
CCCC[N+]1(C)CCCCC1,F[B-](F)(F)C(F)(F)F
CCCC[N+]1(C)CCCCC1,F[B-](F)(F)C(F)(F)C(F)(F)F
CCCC[N+]1(C)CCCCC1,F[B-](F)(F)C(F)(F)C(F)(F)C(F)(F)F
CCCC[N+]1(C)CCCCC1,F[B-](F)(F)C(F)(F)C(F)(F)C(F)(F)C(F)(F)F
CCCCCCCC[N+]1(C)CCCCC1,F[B-](F)(F)F
CCCCCCCC[N+]1(C)CCCCC1,O=S(=O)([O-])C(F)(F)F
CC[NH+]1CCC=C1C,O=S(=O)([N-]S(=O)(=O)C(F)(F)F)C(F)(F)F
CCC[NH+]1CCC=C1C,[I-]
CCC[NH+]1CCC=C1C,O=S(=O)([N-]S(=O)(=O)C(F)(F)F)C(F)(F)F
CCCC[NH+]1CCC=C1C,[I-]
CCCC[NH+]1CCC=C1C,O=S(=O)([N-]S(=O)(=O)C(F)(F)F)C(F)(F)F
CCCC[n+]1ccccc1,F[B-](F)(F)F
CCCC[n+]1ccccc1,O=S(=O)([N-]S(=O)(=O)C(F)(F)F)C(F)(F)F
CCCC[n+]1ccccc1,O=S(=O)([O-])OCC(F)(F)C(F)(F)C(F)(F)C(F)F
CCCC[n+]1ccccc1,O=C([O-])c1ccccc1
CCCCCCCCCCCC[n+]1ccccc1,F[P-](F)(F)(F)(F)F
CCCCCCCCCCCC[n+]1ccccc1,FC(F)(F)c1cc([B-](c2cc(C(F)(F)F)cc(C(F)(F)F)c2)(c2cc(C(F)(F)F)cc(C(F)(F)F)c2)c2cc(C(F)(F)F)cc(C(F)(F)F)c2)cc(C(F)(F)F)c1
CCCCCCCCCCCCCC[n+]1ccccc1,F[P-](F)(F)(F)(F)F
CCCCCCCCCCCCCCCC[n+]1ccccc1,F[P-](F)(F)(F)(F)F
CCCCCCCCCCCCCCCCCC[n+]1ccccc1,F[P-](F)(F)(F)(F)F
CCCC[n+]1ccc(C)cc1,O=C([O-])c1ccccc1
CCCCCCCCCCCC[n+]1cccc(C)c1,F[P-](F)(F)(F)(F)F
CCCCCCCCCCCC[n+]1ccc(C)cc1,F[P-](F)(F)(F)(F)F
CCCCCCCCCCCCCC[n+]1cccc(C)c1,F[P-](F)(F)(F)(F)F
CCCCCCCCCCCCCC[n+]1ccc(C)cc1,F[P-](F)(F)(F)(F)F
CCCCCCCCCCCCCCCC[n+]1cccc(C)c1,F[P-](F)(F)(F)(F)F
CCCCCCCCCCCCCCCC[n+]1ccc(C)cc1,F[P-](F)(F)(F)(F)F
CCCCCCCCCCCCCCCCCC[n+]1cccc(C)c1,F[P-](F)(F)(F)(F)F
CCCCCCCCCCCCCCCCCC[n+]1ccc(C)cc1,F[P-](F)(F)(F)(F)F
N#CCCC[n+]1ccccc1,[Cl-]
N#CCCC[n+]1ccccc1,F[B-](F)(F)F
N#CCCC[n+]1ccccc1,O=S(=O)([N-]S(=O)(=O)C(F)(F)F)C(F)(F)F
N#CCCC[n+]1ccccc1,F[P-](F)(F)(F)(F)F
CC[n+]1ccccc1,O=S(=O)([O-])OCC(F)(F)C(F)(F)C(F)(F)C(F)F
FC(F)(CC[n+]1ccccc1)C(F)(F)S(F)(F)(F)(F)F,O=S(=O)([N-]S(=O)(=O)C(F)(F)F)C(F)(F)F
FC(F)(CCCC[n+]1ccccc1)C(F)(F)S(F)(F)(F)(F)F,O=S(=O)([N-]S(=O)(=O)C(F)(F)F)C(F)(F)F
FC(F)(CC[n+]1ccccc1)C(F)(F)C(F)(F)C(F)(F)S(F)(F)(F)(F)F,O=S(=O)([N-]S(=O)(=O)C(F)(F)F)C(F)(F)F
FCCC[n+]1ccc(-c2ccncc2)cc1,O=S(=O)([N-]S(=O)(=O)C(F)(F)F)C(F)(F)F
FCCC[n+]1ccc(-c2ccncc2)cc1,O=S(=O)([O-])C(F)(F)F
FC(F)(F)CC[n+]1ccc(-c2ccncc2)cc1,O=S(=O)([N-]S(=O)(=O)C(F)(F)F)C(F)(F)F
FC(F)(F)CC[n+]1ccc(-c2ccncc2)cc1,O=S(=O)([O-])C(F)(F)F
FC(F)(F)C(F)(F)C(F)(F)C(F)(F)C(F)(F)C(F)(F)CC[n+]1ccc(-c2ccncc2)cc1,O=S(=O)([N-]S(=O)(=O)C(F)(F)F)C(F)(F)F
FC(F)(F)C(F)(F)C(F)(F)C(F)(F)C(F)(F)C(F)(F)CC[n+]1ccc(-c2ccncc2)cc1,O=S(=O)([O-])C(F)(F)F
FC(F)(F)C(F)(F)C(F)(F)C(F)(F)C(F)(F)C(F)(F)C(F)(F)C(F)(F)CC[n+]1ccc(-c2ccncc2)cc1,O=S(=O)([N-]S(=O)(=O)C(F)(F)F)C(F)(F)F
FC(F)(F)C(F)(F)C(F)(F)C(F)(F)C(F)(F)C(F)(F)C(F)(F)C(F)(F)CC[n+]1ccc(-c2ccncc2)cc1,O=S(=O)([O-])C(F)(F)F
CCCC[n+]1cc(C)cc(C)c1,[Br-]
CCCC[n+]1ccc(N(C)C)cc1,[Br-]
CCCCOC(=O)c1ccc[n+](CCCC)c1,O=S(=O)([N-]S(=O)(=O)C(F)(F)F)C(F)(F)F
CCCCCC[n+]1cc(C)cc(C)c1,O=S(=O)([N-]S(=O)(=O)C(F)(F)F)C(F)(F)F
CCCCCC[n+]1ccc(N(C)C)cc1,[Br-]
CCCCCC[n+]1ccc(N(C)C)c(C)c1,[Br-]
CCCCCC[n+]1ccc(N(C)C)c(C)c1,O=S(=O)([N-]S(=O)(=O)C(F)(F)F)C(F)(F)F
CCCCCC[n+]1ccc(N2CCC(C)CC2)cc1,O=S(=O)([N-]S(=O)(=O)C(F)(F)F)C(F)(F)F
O=S(=O)(O)CCC[n+]1ccccc1,O=P([O-])(O)O
CCCCCCCCCCCC[n+]1ccc2ccccc2c1,FC(F)(F)c1cc([B-](c2cc(C(F)(F)F)cc(C(F)(F)F)c2)(c2cc(C(F)(F)F)cc(C(F)(F)F)c2)c2cc(C(F)(F)F)cc(C(F)(F)F)c2)cc(C(F)(F)F)c1
CCCCCCCCCCCCCCCCCC[n+]1ccc2ccccc2c1,FC(F)(F)c1cc([B-](c2cc(C(F)(F)F)cc(C(F)(F)F)c2)(c2cc(C(F)(F)F)cc(C(F)(F)F)c2)c2cc(C(F)(F)F)cc(C(F)(F)F)c2)cc(C(F)(F)F)c1
CCCC[N+]1=C(C(C)C)SC[C@H]1CC,[I-]
CCCC[N+]1=C(C(C)C)SC[C@H]1CC,F[B-](F)(F)F
CCCC[N+]1=C(C(C)C)SC[C@H]1CC,F[P-](F)(F)(F)(F)F
CCCCCCCCCCCC[N+]1=C(C(C)C)SC[C@H]1CC,F[P-](F)(F)(F)(F)F
C[S+](C)C,F[B-](F)(F)F
C[S+](C)C,O=S(=O)([N-]S(=O)(=O)C(F)(F)F)C(F)(F)F
C[S+](C)C,N#C[N-]C#N
C[S+](C)C,O=C([N-]S(=O)(=O)C(F)(F)F)C(F)(F)F
CC[S+](CC)CC,O=C([N-]S(=O)(=O)C(F)(F)F)C(F)(F)F
CCCC[S+](CCCC)CCCC,O=S(=O)([N-]S(=O)(=O)C(F)(F)F)C(F)(F)F
CC[S+](C)C,N#C[N-]C#N
C[N+](C)(C)C,O=S(=O)([N-]S(=O)(=O)C(F)(F)F)C(F)(F)F
CC[N+](C)(C)C,O=S(=O)([N-]S(=O)(=O)C(F)(F)F)C(F)(F)F
CC[N+](C)(C)C,O=C([N-]S(=O)(=O)C(F)(F)F)C(F)(F)F
COC[N+](C)(C)C,F[B-](F)(F)F
COC[N+](C)(C)C,O=S(=O)([N-]S(=O)(=O)C(F)(F)F)C(F)(F)F
CCC[N+](C)(C)C,O=S(=O)([N-]S(=O)(=O)C(F)(F)F)C(F)(F)F
CCC[N+](C)(C)C,O=C([N-]S(=O)(=O)C(F)(F)F)C(F)(F)F
CCC[N+](C)(C)C,O=S(=O)([N-]S(=O)(=O)C(F)(F)C(F)(F)F)C(F)(F)F
CC(C)[N+](C)(C)C,O=S(=O)([N-]S(=O)(=O)C(F)(F)F)C(F)(F)F
CC(C)[N+](C)(C)C,O=C([N-]S(=O)(=O)C(F)(F)F)C(F)(F)F
CC[N+](C)(C)CC,O=S(=O)([N-]S(=O)(=O)C(F)(F)F)C(F)(F)F
C=CC[N+](C)(C)C,O=S(=O)([N-]S(=O)(=O)C(F)(F)F)C(F)(F)F
C=CC[N+](C)(C)C,O=C([N-]S(=O)(=O)C(F)(F)F)C(F)(F)F
C#CC[N+](C)(C)C,O=S(=O)([N-]S(=O)(=O)C(F)(F)F)C(F)(F)F
COC=C(C)[NH+](C)C,F[B-](F)(F)F
COC=C(C)[NH+](C)C,O=C1O[B-]2(OC1=O)OC(=O)C(=O)O2
CCC[N+](C)(C)CC,O=S(=O)([N-]S(=O)(=O)C(F)(F)F)C(F)(F)F
CC[N+](C)(CC)CC,O=S(=O)([N-]S(=O)(=O)C(F)(F)F)C(F)(F)F
CC[N+](C)(CC)CC,O=C([N-]S(=O)(=O)C(F)(F)F)C(F)(F)F
CC[N+](C)(CC)CC,O=C1[N-]S(=O)(=O)c2ccccc21
CCOC=C(C)[NH+](C)C,O=C1O[B-]2(OC1=O)OC(=O)C(=O)O2
CC[N+](C)(C)CCOC,O=C1O[B-]2(OC1=O)OC(=O)C(=O)O2
CC[N+](CC)(CC)CC,O=S(=O)([N-]S(=O)(=O)C(F)(F)F)C(F)(F)F
CC[N+](CC)(CC)CC,O=S(=O)([N-]S(=O)(=O)C(F)(F)C(F)(F)F)C(F)(F)C(F)(F)F
CC[N+](CC)(CC)CC,O=C([N-]S(=O)(=O)C(F)(F)F)C(F)(F)F
CC[N+](CC)(CC)CC,O=S(=O)([N-]S(=O)(=O)C(F)(F)C(F)(F)F)C(F)(F)F
CC[N+](CC)(CC)CC,O=S(=O)([O-])OCC(F)(F)F
CC[N+](CC)(CC)CC,O=S(=O)([O-])OCC(F)(F)C(F)F
CC[N+](CC)(CC)CC,O=S(=O)([O-])OCC(F)(F)C(F)(F)C(F)(F)C(F)F
CC[N+](CC)(CC)CC,O=S(=O)([C-](S(=O)(=O)C(F)(F)F)S(=O)(=O)C(F)(F)F)C(F)(F)F
CCCC[N+](C)(C)CC,F[B-](F)(F)F
CCCC[N+](C)(C)CC,O=S(=O)([N-]S(=O)(=O)C(F)(F)F)C(F)(F)F
CCCC[N+](C)(C)CCC,O=S(=O)([N-]S(=O)(=O)C(F)(F)F)C(F)(F)F
CCCC[N+](C)(C)CCC,N#C[C-](C#N)C#N
CCCCCC[N+](C)(C)C,F[B-](F)(F)F
CCCCCC[N+](C)(C)C,O=S(=O)([N-]S(=O)(=O)C(F)(F)F)C(F)(F)F
CC[N+](C)(C(C)C)C(C)C,O=S(=O)([N-]S(=O)(=O)C(F)(F)F)C(F)(F)F
CC[N+](CC)(C(C)C)C(C)C,O=S(=O)([N-]S(=O)(=O)C(F)(F)F)C(F)(F)F
CCCCCCCC[N+](C)(C)C,O=S(=O)([N-]S(=O)(=O)C(F)(F)F)C(F)(F)F
CCC(C)C[N+](CC)(CC)CC,[Br-]
CCC[N+](CCC)(CCC)CCC,O=S(=O)([N-]S(=O)(=O)C(F)(F)F)C(F)(F)F
CCC[N+](CCC)(CCC)CCC,O=C1[N-]S(=O)(=O)c2ccccc21
CCCCCC[N+](CC)(CC)CC,O=S(=O)([N-]S(=O)(=O)C(F)(F)F)C(F)(F)F
CCCCCC[N+](CC)(CC)CC,CS(=O)(=O)[N-]S(C)(=O)=O
CCCCCC[N+](CC)(CC)CC,CS(=O)(=O)[O-]
CCCCCC[N+](CC)(CC)CC,Cc1ccc(S(=O)(=O)[O-])cc1
CCCC[N+](CCCC)(CCCC)CCCC,O=S(=O)([N-]S(=O)(=O)C(F)(F)F)C(F)(F)F
CCCC[N+](CCCC)(CCCC)CCCC,O=S(=O)([O-])OCC(F)(F)F
CCCC[N+](CCCC)(CCCC)CCCC,O=S(=O)([O-])OCC(F)(F)C(F)F
CCCC[N+](CCCC)(CCCC)CCCC,O=S(=O)([O-])OCC(F)(F)C(F)(F)C(F)(F)C(F)F
CCCC[N+](CCCC)(CCCC)CCCC,O=S(=O)([C-](S(=O)(=O)C(F)(F)F)S(=O)(=O)C(F)(F)F)C(F)(F)F
CCCCCC[N+](CCCC)(CCCC)CCCC,N#C[N-]C#N
CCCCCC[N+](CCCC)(CCCC)CCCC,Cc1ccc(S(=O)(=O)[O-])cc1
CCCCC[N+](CCCCC)(CCCCC)CCCCC,O=S(=O)([N-]S(=O)(=O)C(F)(F)F)C(F)(F)F
CCCCC[N+](CCCCC)(CCCCC)CCCCC,O=C([N-]S(=O)(=O)C(F)(F)F)C(F)(F)F
CCCCC[N+](CCCCC)(CCCCC)CCCCC,O=S(=O)([N-]S(=O)(=O)C(F)(F)C(F)(F)F)C(F)(F)F
CCCCCC[N+](CCCCCC)(CCCCCC)CCCCCC,O=S(=O)([N-]S(=O)(=O)C(F)(F)F)C(F)(F)F
CCCCCC[N+](CCCCCC)(CCCCCC)CCCCCC,O=C([O-])c1ccccc1
CCCCCCCC[N+](CCC)(CCCCCCCC)CCCCCCCC,[Br-]
CCCCCCC[N+](CCCCCCC)(CCCCCCC)CCCCCCC,[Cl-]
CCCCCCC[N+](CCCCCCC)(CCCCCCC)CCCCCCC,O=S(=O)([N-]S(=O)(=O)C(F)(F)F)C(F)(F)F
CCCCCCCCCCCCCC[N+](CCCCC)(CCCCC)CCCCC,[Br-]
CCCCCCCC[N+](CCCCCCCC)(CCCCCCCC)CCCCCCCC,O=S(=O)([N-]S(=O)(=O)C(F)(F)F)C(F)(F)F
CCCCCCCCCCCC[N+](C)(CCCCCCCCCCCC)CCCCCCCCCCCC,[Br-]
CCCCCCCCCCCCCC[NH3+],O=S(=O)([N-]S(=O)(=O)C(F)(F)F)C(F)(F)F
CC[N+](C)(C)CO[C@H]1C[C@@H](C)CC[C@@H]1C(C)C,F[B-](F)(F)F
CC(C)[C@@H]1CC[C@@H](C)C[C@H]1OC[N+](C)(C)C(C)C,F[B-](F)(F)F
CC(C)[C@@H]1CC[C@@H](C)C[C@H]1OC[N+](C)(C)C(C)C,O=S(=O)([N-]S(=O)(=O)C(F)(F)F)C(F)(F)F
CCCC[N+](C)(C)CO[C@H]1C[C@@H](C)CC[C@@H]1C(C)C,[I-]
CCCC[N+](C)(C)CO[C@H]1C[C@@H](C)CC[C@@H]1C(C)C,[O-][Cl+3]([O-])([O-])[O-]
CCCC[N+](C)(C)CO[C@H]1C[C@@H](C)CC[C@@H]1C(C)C,F[B-](F)(F)F
CCCC[N+](C)(C)CO[C@H]1C[C@@H](C)CC[C@@H]1C(C)C,F[P-](F)(F)(F)(F)F
CCCC[N+](C)(C)CO[C@H]1C[C@@H](C)CC[C@@H]1C(C)C,O=C([O-])C(F)(F)F
CCCCCC[N+](C)(C)CO[C@H]1C[C@@H](C)CC[C@@H]1C(C)C,F[B-](F)(F)F
CCCCCCC[N+](C)(C)CO[C@H]1C[C@@H](C)CC[C@@H]1C(C)C,F[B-](F)(F)F
CCCCCCCC[N+](C)(C)CO[C@@H]1C[C@H](C)CC[C@H]1C(C)C,F[B-](F)(F)F
CCCCCCCCC[N+](C)(C)CO[C@@H]1C[C@H](C)CC[C@H]1C(C)C,F[B-](F)(F)F
CCCCCCCCCC[N+](C)(C)CO[C@H]1C[C@@H](C)CC[C@@H]1C(C)C,F[B-](F)(F)F
CCCCCCCCCCC[N+](C)(C)CO[C@H]1C[C@@H](C)CC[C@@H]1C(C)C,F[B-](F)(F)F
CCCCCCCCCCCC[N+](C)(C)CO[C@H]1C[C@@H](C)CC[C@@H]1C(C)C,F[B-](F)(F)F
CC(C)[C@H]1CC[C@H](C)C[C@@H]1OC[N+](C)(C)Cc1ccccc1,F[B-](F)(F)F
CC(C)[C@H]1CC[C@H](C)C[C@@H]1OC[N+](C)(C)Cc1ccccc1,O=S(=O)([N-]S(=O)(=O)C(F)(F)F)C(F)(F)F
CC[N+](C)(CC)CO[C@H]1C[C@@H](C)CC[C@@H]1C(C)C,F[B-](F)(F)F
CC[N+](CC)(CC)CO[C@H]1C[C@@H](C)CC[C@@H]1C(C)C,F[B-](F)(F)F
CCC[N+](C)(CC)CC,F[B-](F)(F)F
CCC[N+](C)(CC)CC,O=S(=O)([N-]S(=O)(=O)C(F)(F)F)C(F)(F)F
CCC[N+](C)(CC)CC,F[B-](F)(F)C(F)(F)F
CCC[N+](C)(CC)CC,F[B-](F)(F)C(F)(F)C(F)(F)F
CCC[N+](C)(CC)CC,F[B-](F)(F)C(F)(F)C(F)(F)C(F)(F)F
CCC[N+](C)(CC)CC,F[B-](F)(F)C(F)(F)C(F)(F)C(F)(F)C(F)(F)F
CCCC[N+](C)(CC)CC,F[B-](F)(F)F
CCCC[N+](C)(CC)CC,O=S(=O)([N-]S(=O)(=O)C(F)(F)F)C(F)(F)F
CCCC[N+](C)(CC)CC,F[B-](F)(F)C(F)(F)F
CCCC[N+](C)(CC)CC,F[B-](F)(F)C(F)(F)C(F)(F)F
CCCC[N+](C)(CC)CC,F[B-](F)(F)C(F)(F)C(F)(F)C(F)(F)F
CCCC[N+](C)(CC)CC,F[B-](F)(F)C(F)(F)C(F)(F)C(F)(F)C(F)(F)F
COCC[N+](C)(C)C,F[B-](F)(F)F
COCC[N+](C)(C)C,O=S(=O)([N-]S(=O)(=O)C(F)(F)F)C(F)(F)F
COCC[N+](C)(C)C,F[B-](F)(F)C(F)(F)F
COCC[N+](C)(C)C,F[B-](F)(F)C(F)(F)C(F)(F)F
COCC[N+](C)(C)C,F[B-](F)(F)C(F)(F)C(F)(F)C(F)(F)F
COCC[N+](C)(C)C,F[B-](F)(F)C(F)(F)C(F)(F)C(F)(F)C(F)(F)F
CC[N+](C)(C)CCOC,F[B-](F)(F)F
CC[N+](C)(C)CCOC,F[B-](F)(F)C(F)(F)F
CC[N+](C)(C)CCOC,F[B-](F)(F)C(F)(F)C(F)(F)F
CC[N+](C)(C)CCOC,F[B-](F)(F)C(F)(F)C(F)(F)C(F)(F)C(F)(F)F
CC[N+](C)(CC)CCOC,F[B-](F)(F)C(F)(F)F
CC[N+](CC)(CC)CCOC,F[B-](F)(F)F
CC[N+](CC)(CC)CCOC,F[B-](F)(F)C(F)(F)F
CC[N+](CC)(CC)CCOC,F[B-](F)(F)C(F)(F)C(F)(F)F
CC[N+](CC)(CC)CCOC,F[B-](F)(F)C(F)(F)C(F)(F)C(F)(F)F
CC[N+](CC)(CC)CCOC,F[B-](F)(F)C(F)(F)C(F)(F)C(F)(F)C(F)(F)F
CCCCCCCC[N+](C)(CCCCCCCC)CCCCCCCC,F[B-](F)(F)F
CCCCCCCC[N+](C)(CCCCCCCC)CCCCCCCC,FC(F)(F)c1cc([B-](c2cc(C(F)(F)F)cc(C(F)(F)F)c2)(c2cc(C(F)(F)F)cc(C(F)(F)F)c2)c2cc(C(F)(F)F)cc(C(F)(F)F)c2)cc(C(F)(F)F)c1
CCCCCCCC[N+](C)(CCCCCCCC)CCCCCCCC,[BH4-]
CCCCCCCC[N+](C)(CCCCCCCC)CCCCCCCC,O=S(=O)([N-]S(=O)(=O)C(F)(F)F)C(F)(F)F
CCCCCCCC[N+](C)(CCCCCCCC)CCCCCCCC,O=[N+]([O-])[O-]
CCCCCCCC[N+](C)(CCCCCCCC)CCCCCCCC,Cc1ccc(S(=O)(=O)[O-])cc1
CCCCCCCC[N+](C)(CCCCCCCC)CCCCCCCC,O=S(=O)([O-])OCC(F)(F)F
CCCCCCCC[N+](C)(CCCCCCCC)CCCCCCCC,O=S(=O)([O-])OCC(F)(F)C(F)F
CCCCCCCC[N+](C)(CCCCCCCC)CCCCCCCC,O=S(=O)([O-])OCC(F)(F)C(F)(F)C(F)(F)C(F)F
CCCCCCCC[N+](C)(CCCCCCCC)CCCCCCCC,O=S(=O)([O-])O
CCCCCCCC[N+](C)(CCCCCCCC)CCCCCCCC,F[P-](F)(F)(F)(F)F
CCCCCCCC[N+](C)(CCCCCCCC)CCCCCCCC,O=P([O-])(O)O
CCCCCCCC[N+](C)(CCCCCCCC)CCCCCCCC,CC(=O)[O-]
CCCCCCCC[N+](C)(CCCCCCCC)CCCCCCCC,O=C[O-]
CCCCCCCC[N+](C)(CCCCCCCC)CCCCCCCC,O=C([O-])O
CCCCCCCC[N+](C)(CCCCCCCC)CCCCCCCC,CC=CC(=O)[O-]
CCCCCCCC[N+]12CCN(CC1)CC2,O=S(=O)([N-]S(=O)(=O)C(F)(F)F)C(F)(F)F
CCC[NH+](CCC)CCC,O=C([CH-]C(=O)C(F)(F)F)C(F)(F)F
CCC[NH+](CCC)CCC,CC(C)(C)C(=O)[CH-]C(=O)C(F)(F)C(F)(F)C(F)(F)F
CCC[NH+](CCC)CCC,O=C([CH-]C(=O)C(F)(F)F)c1ccco1
CCC[NH+](CCC)CCC,O=C([CH-]C(=O)C(F)(F)F)c1cccs1
CCCC[NH+](CCCC)CCCC,O=[N+]([O-])[O-]
CCCC[NH+](CCCC)CCCC,O=C([CH-]C(=O)C(F)(F)F)C(F)(F)F
CCCC[NH+](CCCC)CCCC,CC(C)(C)C(=O)[CH-]C(=O)C(F)(F)C(F)(F)C(F)(F)F
CCCC[NH+](CCCC)CCCC,O=C([CH-]C(=O)C(F)(F)F)c1ccco1
CCCC[NH+](CCCC)CCCC,O=C([CH-]C(=O)C(F)(F)F)c1cccs1
CC(C)CCCCC[NH+](CCCCCC(C)C)CCCCCC(C)C,O=C([CH-]C(=O)C(F)(F)F)C(F)(F)F
CC(C)CCCCC[NH+](CCCCCC(C)C)CCCCCC(C)C,CC(C)(C)C(=O)[CH-]C(=O)C(F)(F)C(F)(F)C(F)(F)F
CC(C)CCCCC[NH+](CCCCCC(C)C)CCCCCC(C)C,O=C([CH-]C(=O)C(F)(F)F)c1ccco1
CC(C)CCCCC[NH+](CCCCCC(C)C)CCCCCC(C)C,O=C([CH-]C(=O)C(F)(F)F)c1cccs1
CCC[NH2+]CCC,O=C([CH-]C(=O)C(F)(F)F)C(F)(F)F
CCC[NH2+]CCC,O=C([CH-]C(=O)C(F)(F)F)c1cccs1
CCC[NH2+]CCC,N#C[S-]
CC(C)[NH2+]C(C)C,CC(C)(C)C(=O)[CH-]C(=O)C(F)(F)C(F)(F)C(F)(F)F
CC(C)[NH2+]C(C)C,O=C([CH-]C(=O)C(F)(F)F)c1cccs1
CCCC[NH2+]CCCC,O=C([CH-]C(=O)C(F)(F)F)C(F)(F)F
CCCC[NH2+]CCCC,O=C([CH-]C(=O)C(F)(F)F)c1cccs1
CC(C)C[NH2+]CC(C)C,CC(C)(C)C(=O)[CH-]C(=O)C(F)(F)C(F)(F)C(F)(F)F
CC(C)C[NH2+]CC(C)C,O=C([CH-]C(=O)C(F)(F)F)c1cccs1
CC[N+]12CCN(CC1)CC2,O=S(=O)([N-]S(=O)(=O)C(F)(F)F)C(F)(F)F
CC[NH+](CC)CC,O=S(=O)([N-]S(=O)(=O)C(F)(F)F)C(F)(F)F
CC[NH3+],O=S(=O)([N-]S(=O)(=O)C(F)(F)F)C(F)(F)F
CC[NH3+],O=[N+]([O-])[O-]
CC[NH3+],O=S(=O)([O-])O
CC[NH3+],CC(=O)[O-]
CC[NH3+],O=C[O-]
C[N+](C)(C)CC#N,O=S(=O)([N-]S(=O)(=O)C(F)(F)F)C(F)(F)F
O=[N+]([O-])[O-],[NH3+]CCO
[NH3+]CCO,COS(=O)(=O)[O-]
CCCCC[N+](C)(C)CCCCC,[Br-]
CCCCC[N+](C)(C)CCCCC,[I-]
CCCCCC[N+](C)(C)CCCCCC,[Br-]
CCCCCC[N+](C)(C)CCCCCC,[I-]
CCCCC[N+](CC)(CC)CCCCC,[Br-]
CCCCC[N+](CC)(CC)CCCCC,[I-]
CCCCCC[N+](CC)(CC)CCCCCC,[Br-]
CCCCCC[N+](CC)(CC)CCCCCC,[I-]
O=C1CCCCC[NH2+]1,O=[N+]([O-])[O-]
O=C1CCCCC[NH2+]1,O=C([O-])c1ccccc1
O=C1CCCCC[NH2+]1,O=C([O-])CCl
CCCC(=O)OCC[N+](C)(C)C,O=C1[N-]S(=O)(=O)c2ccccc21
CCCC(=O)OCC[N+](C)(C)C,CC1=CC(=O)[N-]S(=O)(=O)O1
C[N+](C)(C)CCO,O=P([O-])(O)O
O=C1CCC[NH2+]1,O=[N+]([O-])[O-]
O=C1CCC[NH2+]1,O=C([O-])c1ccccc1
O=C1CCC[NH2+]1,O=C([O-])CCl
CCCCCCCCCC[N+](C)(C)CCCCCCCCCC,F[B-](F)(F)F
CCCCCCCCCC[N+](C)(C)CCCCCCCCCC,O=N[O-]
CCCCCCCCCCCCC[N+](C)(C)Cc1ccccc1,F[B-](F)(F)F
CCCCCCCCCCCCC[N+](C)(C)Cc1ccccc1,O=[N+]([O-])[O-]
CC(C)(C)CC(C)(C)c1ccc(OCCOCC[N+](C)(C)Cc2ccccc2)cc1,O=[N+]([O-])[O-]
C[N+](C)(C)CCCCS(=O)(=O)O,O=S(=O)([O-])O
C[NH3+],O=C[O-]
CCC[NH3+],O=[N+]([O-])[O-]
CCC[NH3+],O=C([O-])C(F)(F)F
CCC[NH3+],O=C[O-]
CCCC[NH3+],O=C[O-]
CCCC[NH3+],N#C[S-]
CCCCC[NH3+],O=C[O-]
CC(C)C[NH3+],O=C[O-]
CCC(C)C[NH3+],O=C[O-]
CC(C)CC[NH3+],O=C[O-]
C[N+](C)(C)CCCS(=O)(=O)O,O=S(=O)([O-])O
CC[N+](CC)(CC)CCCS(=O)(=O)O,O=S(=O)([O-])O
CCCC[N+](CCCC)(CCCC)CCCS(=O)(=O)O,O=S(=O)([O-])O
CC[N+](CC)(CC)Cc1ccccc1,N#C[N-]C#N
CC[N+](CC)(CC)Cc1ccccc1,O=S(=O)([O-])C(F)(F)F
CC[N+](CC)(CC)Cc1ccccc1,O=C1[N-]S(=O)(=O)c2ccccc21
CC[N+](CC)(CC)Cc1ccccc1,N#C[S-]
C[N+](C)(C)c1ccccc1,N#C[N-]C#N
C[N+](C)(C)c1ccccc1,O=S(=O)([O-])C(F)(F)F
C[N+](C)(C)c1ccccc1,Cc1ccc(S(=O)(=O)[O-])cc1
C[N+](C)(C)c1ccccc1,O=C1[N-]S(=O)(=O)c2ccccc21
C[N+](C)(C)c1ccccc1,N#C[S-]
CCCCCCCCCCCC[N+](CC)(CC)CC,O=S(=O)([N-]S(=O)(=O)C(F)(F)F)C(F)(F)F
CC[N+](CC)(CC)COC,O=S(=O)([N-]S(=O)(=O)C(F)(F)F)C(F)(F)F
C[N+](C)(Cc1ccccc1)Cc1ccccc1,[Br-]
C[N+](C)(Cc1ccccc1)Cc1ccccc1,F[B-](F)(F)F
C[N+](C)(Cc1ccccc1)Cc1ccccc1,F[P-](F)(F)(F)(F)F
Cc1ccccc1C[N+](C)(C)Cc1ccccc1C,F[B-](F)(F)F
Cc1ccccc1C[N+](C)(C)Cc1ccccc1C,F[P-](F)(F)(F)(F)F
Cc1cccc(C[N+](C)(C)Cc2cccc(C)c2)c1,[Cl-]
Cc1cccc(C[N+](C)(C)Cc2cccc(C)c2)c1,F[B-](F)(F)F
Cc1cccc(C[N+](C)(C)Cc2cccc(C)c2)c1,F[P-](F)(F)(F)(F)F
Cc1ccc(C[N+](C)(C)Cc2ccc(C)cc2)cc1,[Br-]
Cc1ccc(C[N+](C)(C)Cc2ccc(C)cc2)cc1,F[B-](F)(F)F
Cc1ccc(C[N+](C)(C)Cc2ccc(C)cc2)cc1,F[P-](F)(F)(F)(F)F
CCCC[N+](C)(C)CCCC,F[P-](F)(F)(F)(F)F
CCCC[N+](C)=C(N(C)C)N(C)C,O=[N+]([O-])[O-]
CCCC[N+](C)=C(N(C)C)N(C)C,O=[N+]([O-])[N-][N+](=O)[O-]
Cn1cnn(C)c1=[N+](C)C,O=[N+]([O-])[O-]
C[NH+]=C1N(C)CCN1C,O=[N+]([O-])[O-]
CCC[NH+]=C1N(C)CCN1C,[O-][Cl+3]([O-])([O-])[O-]
CCC[N+](C)=C1N(C)CCN1C,[O-][Cl+3]([O-])([O-])[O-]
CCC[N+](C)=C1N(C)CCN1C,O=[N+]([O-])[O-]
CCCC[N+](C)=C1N(C)CCN1C,[O-][Cl+3]([O-])([O-])[O-]
CCCC[N+](C)=C1N(C)CCN1C,O=[N+]([O-])[O-]
CCCC[N+](C)=C1N(C)CCN1C,F[P-](F)(F)(F)(F)F
CCC[N+](C)=C1N(C)CCCN1C,[O-][Cl+3]([O-])([O-])[O-]
CCC[N+](C)=C1N(C)CCCN1C,O=[N+]([O-])[O-]
CCCC[N+](C)=C1N(C)CCCN1C,[O-][Cl+3]([O-])([O-])[O-]
CCCC[N+](C)=C1N(C)CCCN1C,O=[N+]([O-])[O-]
CCC[N+](C)=C1N(C)COCN1C,[O-][Cl+3]([O-])([O-])[O-]
CCC[N+](C)=C1N(C)COCN1C,O=[N+]([O-])[O-]
CCCCCCOc1cc2c3cc(OCCCCCC)c(OCCCCCC)cc3c3cc(OCCCCC[NH+]=C(N(C)C)N(C)C)c(OCCCCCC)cc3c2cc1OCCCCCC,[Cl-]
C[P+](C)(C)C,O=S(=O)([N-]S(=O)(=O)C(F)(F)F)C(F)(F)F
CC[P+](CC)(CC)CC,O=S(=O)([N-]S(=O)(=O)C(F)(F)F)C(F)(F)F
CC[P+](CC)(CC)CC,O=C([N-]S(=O)(=O)C(F)(F)F)C(F)(F)F
CCCCCCCCCCCCC[PH2+]C,[Cl-]
CCCCCCCCCCCCC[PH2+]C,[Br-]
CCCCCCCCCCCCC[PH2+]C,O=[N+]([O-])[O-]
CCCCCCCCCCCCCC[P+](CCCCCC)(CCCCCC)CCCCCC,F[B-](F)(F)F
CCCCCCCCCCCCCC[P+](CCCCCC)(CCCCCC)CCCCCC,F[P-](F)(F)(F)(F)F
CCCCCC[P+](CC)(CCCCCC)CCCCCC,[Br-]
CCCCCC[P+](CCCCCC)(CCCCCC)CCCCCC,[Br-]
CCCC[P+](c1ccccc1)(c1ccccc1)c1ccccc1,O=C([O-])c1ccccc1
CCCCCC[P+](C)(C)C,O=S(=O)([N-]S(=O)(=O)C(F)(F)F)C(F)(F)F
CCCCCC[P+](C)(C)C,O=C([N-]S(=O)(=O)C(F)(F)F)C(F)(F)F
CCCCCC[P+](C)(C)C,O=S(=O)([N-]S(=O)(=O)C(F)(F)C(F)(F)F)C(F)(F)F
O=S(=O)(Cl)CCCC[P+](c1ccccc1)(c1ccccc1)c1ccccc1,O=S(=O)([O-])C(F)(F)F
CC[P+](C)(CC)CC,O=S(=O)([N-]S(=O)(=O)C(F)(F)F)C(F)(F)F
CCCC[P+](CC)(CC)CC,O=S(=O)([N-]S(=O)(=O)C(F)(F)F)C(F)(F)F
CCCCC[P+](CC)(CC)CC,O=S(=O)([N-]S(=O)(=O)C(F)(F)F)C(F)(F)F
CCCCCCCCCCCC[P+](CC)(CC)CC,O=S(=O)([N-]S(=O)(=O)C(F)(F)F)C(F)(F)F
CC[P+](CC)(CC)COC,O=S(=O)([N-]S(=O)(=O)C(F)(F)F)C(F)(F)F
CC[P+](CC)(CC)CCOC,O=S(=O)([N-]S(=O)(=O)C(F)(F)F)C(F)(F)F
CCCCCCCCCCCCCCCC[P+](CCCC)(CCCC)CCCC,[Br-]
CCOC(N(C)C)=[N+](C)C,FC(F)(F)C(F)(F)[P-](F)(F)(F)(C(F)(F)C(F)(F)F)C(F)(F)C(F)(F)F
CCSC(N(C)C)=[N+](C)C,FC(F)(F)C(F)(F)[P-](F)(F)(F)(C(F)(F)C(F)(F)F)C(F)(F)C(F)(F)F
C[N+]1(CCO)CCOCC1,[Br-]
C[N+]1(CCO)CCOCC1,O=S(=O)([N-]S(=O)(=O)C(F)(F)F)C(F)(F)F
CCC[N+]1(C)CCOCC1,[O-][Cl+3]([O-])([O-])[O-]
CCC[N+]1(C)CCOCC1,O=[N+]([O-])[O-]
CCC[N+]1(C)CCOCC1,F[P-](F)(F)(F)(F)F
C[N+]1(CCCF)CCOCC1,O=[N+]([O-])[O-]
C[N+]1(CCCF)CCOCC1,O=S(=O)([O-])C(F)(F)F
C[N+]1(CCCF)CCOCC1,F[P-](F)(F)(F)(F)F
C[N+]1(CCOCC(F)(F)F)CCOCC1,F[P-](F)(F)(F)(F)F
C[N+]1(C(OCCC(F)(F)C(F)(F)C(F)F)C(F)F)CCOCC1,F[P-](F)(F)(F)(F)F
C1COCC[NH2+]1,O=C([CH-]C(=O)C(F)(F)F)C(F)(F)F
C1COCC[NH2+]1,CC(C)(C)C(=O)[CH-]C(=O)C(F)(F)C(F)(F)C(F)(F)F
C1COCC[NH2+]1,O=C([CH-]C(=O)C(F)(F)F)c1ccco1
C1COCC[NH2+]1,O=C([CH-]C(=O)C(F)(F)F)c1cccs1
CC[N+]1(C)CCOCC1,O=S(=O)([N-]S(=O)(=O)C(F)(F)F)C(F)(F)F
CCCC[N+]1(C)CCOCC1,F[B-](F)(F)F
CCCC[N+]1(C)CCOCC1,O=S(=O)([N-]S(=O)(=O)C(F)(F)F)C(F)(F)F
CCCC[N+]1(C)CCOCC1,F[B-](F)(F)C(F)(F)C(F)(F)C(F)(F)F
CCCC[N+]1(C)CCOCC1,F[B-](F)(F)C(F)(F)C(F)(F)C(F)(F)C(F)(F)F
COCC[N+]1(C)CCOCC1,F[B-](F)(F)F
COCC[N+]1(C)CCOCC1,F[B-](F)(F)C(F)(F)F
COCC[N+]1(C)CCOCC1,F[B-](F)(F)C(F)(F)C(F)(F)C(F)(F)C(F)(F)F
Cn1nn[n+](N)c1N,O=[N+]([O-])[N-][N+](=O)[O-]
CC1=[NH+]N(C)NN1C,[O-][Cl+3]([O-])([O-])[O-]
Cc1n(C)nn[n+]1N,[I-]
Cc1n(C)nn[n+]1N,[O-][Cl+3]([O-])([O-])[O-]
CC1=[NH+]N(N)NN1C,[I-]
CC1=[NH+]N(N)NN1C,[O-][Cl+3]([O-])([O-])[O-]
CC1=[NH+]N(N)NN1C,O=[N+]([O-])[O-]
CCC[N+]1(C)CCOC1,O=S(=O)([N-]S(=O)(=O)C(F)(F)F)C(F)(F)F
CCC[N+]1(C)CCOC1,F[P-](F)(F)(F)(F)F
CCCC[N+]1(C)CCOC1,F[B-](F)(F)F
CCCC[N+]1(C)CCOC1,O=S(=O)([N-]S(=O)(=O)C(F)(F)F)C(F)(F)F
CCCC[N+]1(C)CCOC1,F[B-](F)(F)C(F)(F)C(F)(F)F
CCCC[N+]1(C)CCOC1,F[B-](F)(F)C(F)(F)C(F)(F)C(F)(F)F
CCCC[N+]1(C)CCOC1,F[B-](F)(F)C(F)(F)C(F)(F)C(F)(F)C(F)(F)F
COCC[N+]1(C)CCOC1,F[B-](F)(F)C(F)(F)C(F)(F)F
COCC[N+]1(C)CCOC1,F[B-](F)(F)C(F)(F)C(F)(F)C(F)(F)F
COCC[N+]1(C)CCOC1,F[B-](F)(F)C(F)(F)C(F)(F)C(F)(F)C(F)(F)F
CC[N+]1(CC)CCNCC1,O=S(=O)([O-])OCC(F)(F)C(F)(F)C(F)(F)C(F)F
FC(F)(CC[n+]1ccccn1)C(F)(F)S(F)(F)(F)(F)F,O=S(=O)([N-]S(=O)(=O)C(F)(F)F)C(F)(F)F
[NH3+]CC(=O)O,[Cl-]
[NH3+]CC(=O)O,F[B-](F)(F)F
O=[N+]([O-])[O-],[NH3+]CC(=O)O
[NH3+]CC(=O)O,F[P-](F)(F)(F)(F)F
C[C@H]([NH3+])C(=O)O,F[B-](F)(F)F
C[C@H]([NH3+])C(=O)O,O=[N+]([O-])[O-]
C[C@H]([NH3+])C(=O)O,O=C([O-])C(F)(F)F
O=C(O)[C@@H]1CCC[NH2+]1,F[B-](F)(F)F
O=C(O)[C@@H]1CCC[NH2+]1,O=C([O-])C(F)(F)F
CC(C)[C@H]([NH3+])C(=O)O,O=[N+]([O-])[O-]
CC[C@H](C)[C@H]([NH3+])C(=O)O,O=[N+]([O-])[O-]
COC(=O)C[NH3+],O=[N+]([O-])[O-]
CCOC(=O)C[NH3+],O=[N+]([O-])[O-]
COC(=O)C(C)[NH3+],F[B-](F)(F)F
COC(=O)C(C)[NH3+],O=S(=O)([N-]S(=O)(=O)C(F)(F)F)C(F)(F)F
COC(=O)C(C)[NH3+],O=[N+]([O-])[O-]
COC(=O)C(C)[NH3+],C[C@H](O)C(=O)[O-]
COC(=O)C(C)[NH3+],N#C[S-]
COC(=O)C([NH3+])CO,O=[N+]([O-])[O-]
CC[NH2+]C(C)C(=O)OCC,O=[N+]([O-])[O-]
CC[NH2+]C(C)C(=O)OCC,C[C@H](O)C(=O)[O-]
COC(=O)C1CCC[NH2+]1,O=[N+]([O-])[O-]
COC(=O)C([NH3+])C(C)C,O=[N+]([O-])[O-]
CCOC(=O)C1CCC[NH2+]1,O=[N+]([O-])[O-]
CCC(C)C([NH3+])C(=O)OC,O=[N+]([O-])[O-]
CC(C)C[C@H]([NH3+])C(=O)O,O=[N+]([O-])[O-]
COC(=O)C([NH3+])Cc1ccccc1,O=[N+]([O-])[O-]
CCCn1cc(C[C@@H](NC(=O)c2ccccc2)C(=O)OC)[n+](CCC)c1,[Br-]
COC(=O)[C@@H](Cc1cn(C(C)C)c[n+]1C(C)C)NC(=O)c1ccccc1,[I-]
CC(=O)[C@@H](Cc1cn(C(C)C)c[n+]1C(C)C)NC(=O)OC(C)(C)C,[I-]
Cc1cc(C)c(-n2cc[n+](C)c2)c(C)c1,O=S(=O)([N-]S(=O)(=O)C(F)(F)F)C(F)(F)F
CCCC[n+]1ccn(-c2c(C)cc(C)cc2C)c1,O=S(=O)([N-]S(=O)(=O)C(F)(F)F)C(F)(F)F
CCCCCC[n+]1ccn(-c2c(C)cc(C)cc2C)c1,O=S(=O)([N-]S(=O)(=O)C(F)(F)F)C(F)(F)F
CCCCCCCCCCC[n+]1ccn(-c2c(C)cc(C)cc2C)c1,O=S(=O)([N-]S(=O)(=O)C(F)(F)F)C(F)(F)F
CCCC[N+]1(C)CCCC(C)C1,O=S(=O)([O-])C(F)(F)F
CCCCCC[N+]1(C)CCCC(C)C1,O=S(=O)([O-])C(F)(F)F
CCCC[N+]1(C)CCCC(C)C1,O=C([O-])C(F)(F)F
CCCCCC[N+]1(C)CCCC(C)C1,O=C([O-])C(F)(F)F
CCCC[N+]1(C)CCCC(C)C1,[I-]
CCCCCC[N+]1(C)CCCC(C)C1,[I-]
CCC[n+]1ccccc1,O=S(=O)([N-]S(=O)(=O)C(F)(F)F)C(F)(F)F
CCCCCC[n+]1ccccc1,O=S(=O)([N-]S(=O)(=O)C(F)(F)F)C(F)(F)F
CCCCc1c[n+](-c2ccccc2)nn1C,Cc1ccc(S(=O)(=O)[O-])cc1
CCCCc1c[n+](-c2ccccc2)nn1C,O=S(=O)([O-])C(F)(F)F
CCCCc1c[n+](C)nn1C,Cc1ccc(S(=O)(=O)[O-])cc1
Cn1cc[n+](C)n1,Cc1ccc(S(=O)(=O)[O-])cc1
Cn1cc[n+](C)c1,Cc1ccc(S(=O)(=O)[O-])cc1
Cn1cc[n+](C)c1,O=S(=O)([O-])C(F)(F)F
CCCCCC[P+](CCCC)(CCCC)CCCC,F[P-](F)(F)(F)(F)F
CCCCCC[N+](CCCC)(CCCC)CCCC,F[P-](F)(F)(F)(F)F
CCCCCC[N+](CCCC)(CCCC)CCCC,O=S(=O)([N-]S(=O)(=O)C(F)(F)F)C(F)(F)F
C[N+]1(C)CCCC1,COS(=O)(=O)[O-]
C[N+]1(C)CCCCC1,COS(=O)(=O)[O-]
CC[N+]1(C)CCCCC1,CCOS(=O)(=O)[O-]
C[N+]1(C)CCOCC1,COS(=O)(=O)[O-]
CC[N+]1(C)CCOCC1,COS(=O)(=O)[O-]
CC[N+]1(C)CCOCC1,CCOS(=O)(=O)[O-]
CC[N+](CC)(CCOC)CCOC,O=S(=O)(F)[N-]S(=O)(=O)F
COCC[N+](CCOC)(CCOC)CCOC,O=S(=O)(F)[N-]S(=O)(=O)F
CC[N+](CC)(CCOC)CCOC,O=S(=O)([N-]S(=O)(=O)C(F)(F)F)C(F)(F)F
COCC[N+](CCOC)(CCOC)CCOC,O=S(=O)([N-]S(=O)(=O)C(F)(F)F)C(F)(F)F
CCC[N+](CCC)(CCC)CC(=O)OCC,O=S(=O)([N-]S(=O)(=O)C(F)(F)F)C(F)(F)F
CCCC[N+](CCCC)(CCCC)CC(=O)OCC,F[B-](F)(F)F
CCOCC[N+](CCOC)=C(N(C)C)N(C)C,O=S(=O)([N-]S(=O)(=O)C(F)(F)F)C(F)(F)F
CCCC[P+](CC)(CC)CC,O=S(=O)(F)[N-]S(=O)(=O)F
CCCCC[P+](CC)(CC)CC,O=S(=O)(F)[N-]S(=O)(=O)F
CC[P+](CC)(CC)COC,O=S(=O)(F)[N-]S(=O)(=O)F
CCOC[P+](CC)(CC)CC,O=S(=O)(F)[N-]S(=O)(=O)F
C=CC[N+](C)(C)CC(=O)OCC,O=S(=O)([N-]S(=O)(=O)C(F)(F)F)C(F)(F)F
CCCCC[N+](C)(C)CC(=O)OCC,O=S(=O)([N-]S(=O)(=O)C(F)(F)F)C(F)(F)F
C=CC[N+](CC)(CC)CC(=O)OCC,O=S(=O)([N-]S(=O)(=O)C(F)(F)F)C(F)(F)F
CCOC(=O)C[N+](C)(C)C,COS(=O)(=O)[O-]
CCOC(=O)C[N+](C)(C)CC,CCOS(=O)(=O)[O-]
CCOC(=O)C[N+](C)(CC)CC,COS(=O)(=O)[O-]
CCOC(=O)C[N+](CC)(CC)CC,CCOS(=O)(=O)[O-]
CCCC[N+](CC)(CC)CC(=O)OCC,CCCCOS(=O)(=O)[O-]
CCC[P+](C)(C)C,O=S(=O)(F)[N-]S(=O)(=O)F
CCC[P+](C)(C)C,O=S(=O)([N-]S(=O)(=O)C(F)(F)F)C(F)(F)F
COC[P+](C)(C)C,O=S(=O)(F)[N-]S(=O)(=O)F
COC[P+](C)(C)C,O=S(=O)([N-]S(=O)(=O)C(F)(F)F)C(F)(F)F
C=CC[P+](C)(C)C,O=S(=O)(F)[N-]S(=O)(=O)F
CCCCCC[n+]1ccn(C)c1,F[B-](F)(F)F
CCCCCCCC[n+]1ccn(C)c1,F[B-](F)(F)F
CCCC[n+]1ccn(C)c1,F[P-](F)(F)(F)(F)F
CCCCCC[n+]1ccn(C)c1,F[P-](F)(F)(F)(F)F
CCCC[n+]1ccn(C)c1,[Cl-]
Cn1cc[n+](C)c1,COS(=O)(=O)[O-]
C=C(C)c1n(C)cc[n+]1CC(=O)c1ccccc1,[Br-]
C=C(c1n(C)cc[n+]1CC(=O)c1ccccc1)C(C)(C)C,[Br-]
C=C(c1ccccc1)c1n(C)cc[n+]1CC(=O)c1ccccc1,[Br-]
CCCn1cc[n+](CCC)c1CC(C)C,[Br-]
C=CCn1cc[n+](CCCCCCCCCC)c1C,[Br-]
C=CC[n+]1ccn(C)c1CCCCCCCCC,[Br-]
CCCCCCCc1n(C)cc[n+]1Cc1ccccc1,[Br-]
CCn1c[n+](CC)c(-c2ccccc2)c1-c1ccccc1,[Br-]
CCCCCCCCCc1n(C)cc[n+]1Cc1ccccc1,[Br-]
CCCCCCCCCCCc1n(Cc2ccccc2)cc[n+]1C,[Br-]
CCCCCCCCCCCc1n(Cc2ccccc2)cc[n+]1CCCCC,[Br-]
c1ccc(Cn2c[n+](Cc3ccccc3)c(-c3ccccc3)c2-c2ccccc2)cc1,[Br-]
Cn1cc[n+](C)c1SC#N,[Br-]
Cn1c(Br)c(Br)[n+](C)c1Br,[Br-]
C[n+]1c(N)cn(-c2ccccc2)c1-c1ccccc1,[Br-]
Cc1n(C)cc[n+]1CC(=O)c1ccc(Cl)cc1,[Br-]
Cc1ccc(C(=O)C[n+]2ccn(-c3ccccc3)c2C)cc1,[Br-]
Nc1cn(-c2ccccc2)c(-c2ccccc2)[n+]1-c1ccccc1,[Br-]
CC(=O)Nc1cn(-c2ccccc2)c(-c2ccccc2)[n+]1C,[Br-]
Cc1c(CCO)[n+](Cc2ccccc2)cn1Cc1ccccc1,[Br-]
Cc1ccc(-[n+]2c(N)cn(-c3ccccc3)c2-c2ccccc2)cc1,[Br-]
Cc1n(Cc2ccccc2)cc[n+]1CC(=O)c1ccc(Cl)cc1,[Br-]
COc1ccc(C(=O)C[n+]2ccn(Cc3ccccc3)c2C)cc1,[Br-]
COc1ccc(Cn2cc[n+](CC(=O)c3ccc(C)cc3)c2C)cc1,[Br-]
C=Cn1cc[n+](CC)c1,[Br-]
C=Cn1cc[n+](CCC)c1,[Br-]
C=C[n+]1ccn(CCCC)c1,[Br-]
Cn1cc[n+](C)c1-c1ccccc1,[Br-]
C[n+]1ccn(C(=O)c2ccccc2)c1,[Br-]
O=C(C[n+]1ccn(O)c1)c1ccc(Cl)cc1,[Br-]
On1cc[n+](Cc2ccc(Cl)cc2Cl)c1,[Br-]
COn1cc[n+](CC(=O)c2ccc(Cl)cc2)c1,[Br-]
CCOn1cc[n+](CC(=O)c2ccc(Cl)cc2)c1,[Br-]
CCOn1cc[n+](Cc2ccc(Cl)cc2Cl)c1,[Br-]
Cc1n(O)cc[n+]1CC(=O)c1ccc(Cl)cc1,[Br-]
CCOn1cc[n+](Cc2ccc([N+](=O)[O-])cc2)c1,[Br-]
CCc1n(O)cc[n+]1CC(=O)c1ccc(Cl)cc1,[Br-]
C=CCOn1cc[n+](Cc2ccc(Cl)cc2Cl)c1,[Br-]
COc1cc(C[n+]2ccn(O)c2)cc(OC)c1OC,[Br-]
COc1cc(C[n+]2ccn(OC)c2)cc(OC)c1OC,[Br-]
C=CCOn1cc[n+](Cc2ccc3c(c2)OCO3)c1,[Br-]
CN(C)c1ccc(C(=O)C[n+]2ccn(Oc3ccccc3)c2)cc1,[Br-]
CC(C)(C)C(=O)On1cc[n+](CC(=O)c2ccc(Cl)cc2)c1,[Br-]
Clc1ccc(C[n+]2ccn(OCCc3ccccc3)c2)c(Cl)c1,[Br-]
CCc1n(Oc2ccccc2)cc[n+]1CC(=O)c1ccc(Cl)cc1,[Br-]
Cc1n(OC(=O)C(C)(C)C)cc[n+]1CC(=O)c1ccc(Cl)cc1,[Br-]
CCc1n(OC(=O)C(C)(C)C)cc[n+]1CC(=O)c1ccc(Cl)cc1,[Br-]
Cc1n(OCc2ccc(Br)cc2)cc[n+]1OCc1ccc(Br)cc1,[Br-]
CCc1n(OCc2ccccc2)cc[n+]1Cc1ccc(Cl)cc1Cl,[Br-]
CCc1n(OCc2ccc(Br)cc2)cc[n+]1OCc1ccc(Br)cc1,[Br-]
CCc1n(OCc2ccccc2)cc[n+]1Cc1cc(OC)c(OC)c(OC)c1,[Br-]
Cc1n(OCc2ccc(Cl)cc2Cl)cc[n+]1CC(=O)c1ccc(Cl)cc1,[Br-]
CCc1n(OCc2ccc(Cl)cc2Cl)cc[n+]1OCc1ccc(Cl)cc1Cl,[Br-]
Cc1n(OCc2ccc(Cl)cc2Cl)cc[n+]1OCc1ccc(Cl)cc1Cl,[Br-]
Cc1n(OCc2ccc([N+](=O)[O-])cc2)cc[n+]1OCc1ccc([N+](=O)[O-])cc1,[Br-]
CCc1n(OCc2ccc(Cl)cc2Cl)cc[n+]1Cc1ccc([N+](=O)[O-])cc1,[Br-]
CCc1n(OCc2c(Cl)cccc2Cl)cc[n+]1OCc1c(Cl)cccc1Cl,[Br-]
CCc1n(OCc2ccc([N+](=O)[O-])cc2)cc[n+]1OCc1ccc([N+](=O)[O-])cc1,[Br-]
Cn1c[n+](CC(=O)c2ccccc2)c(C(N)=O)c1N,[Br-]
Cn1c[n+](C)cc1Cl,[Br-]
CCOC(=O)C(Cn1cc[n+](C)c1)=NO,[Br-]
Cc1n(C)cc[n+]1Cc1ccccc1C(=O)Oc1ccc([N+](=O)[O-])cc1,[Br-]
CC[C@@H]1C(=O)OC[C@@H]1Cc1c[n+](CCO)cn1C,[Br-]
CC[C@@H]1C(=O)OC[C@@H]1Cc1c[n+](Cc2cccc(C)c2)cn1C,[Br-]
CC[C@@H]1C(=O)OC[C@@H]1Cc1c[n+](Cc2ccccc2C)cn1C,[Br-]
CC[C@@H]1C(=O)OC[C@@H]1Cc1c[n+](CC(=O)c2ccccc2)cn1C,[Br-]
CC[C@@H]1C(=O)OC[C@@H]1Cc1c[n+](CCOc2ccccc2)cn1C,[Br-]
CC[C@@H]1C(=O)OC[C@@H]1Cc1c[n+](CCCOc2ccccc2)cn1C,[Br-]
CC[C@@H]1C(=O)OC[C@@H]1Cc1c[n+](Cc2cccc(Cl)c2)cn1C,[Br-]
CC[C@@H]1C(=O)OC[C@@H]1Cc1c[n+](Cc2ccc([N+](=O)[O-])cc2)cn1C,[Br-]
CC[C@@H]1C(=O)OC[C@@H]1Cc1c[n+](Cc2cccc([N+](=O)[O-])c2)cn1C,[Br-]
CC[C@@H]1C(=O)OC[C@@H]1Cc1c[n+](CC(=O)c2ccc(F)cc2)cn1C,[Br-]
COC(=O)C=Cc1ccc(C[n+]2ccn(C(C)=O)c2)cc1,[Br-]
CCOC(=O)n1cc[n+](Cc2ccc(C=CC(=O)OC)cc2)c1,[Br-]
COC(=O)C=Cc1ccc(C[n+]2ccn(C(=O)c3ccccc3)c2)cc1,[Br-]
CC(=O)n1cc[n+](Cc2ccccc2)c1,[Br-]
ON=CC[n+]1cc[nH]c1C1OCCO1,[Br-]
Cn1cc[n+](CC=NO)c1C1OCCO1,[Br-]
Cc1n(CC2CC(c3ccccc3)(c3ccccc3)C(=O)O2)cc[n+]1Cc1ccccc1,[Br-]
CC(=O)N1CCC(c2cn(C(c3ccccc3)(c3ccccc3)c3ccccc3)c[n+]2CC(=O)c2ccccc2)CC1,[Br-]
Cn1cc[n+](CC(O)c2ccccc2)c1,[Br-]
CCCCCCCn1cc[n+](CC(=O)c2ccc(NS(C)(=O)=O)cc2)c1,[Br-]
C=CCn1cc(Cl)[n+](C)c1,[Br-]
Cn1cc[n+](C2(C(C)(C)C)C=C(C(C)(C)C)C(=O)C(C(C)(C)C)=C2)c1,[Br-]
Cc1cccc(C(=O)C[n+]2ccn(C)c2)c1,[Br-]
Cc1ccccc1C(=O)C[n+]1ccn(C)c1,[Br-]
Cn1cc[n+](CC(=O)c2ccco2)c1,[Br-]
Cc1ccc(C(=O)C[n+]2ccn(C)c2)cc1C,[Br-]
Cc1ccc(C(=O)C[n+]2ccn(C)c2)c(C)c1,[Br-]
Cn1cc[n+](CC(=O)c2ccc(Cl)cc2)c1,[Br-]
Cn1cc[n+](CC(=O)c2ccccc2F)c1,[Br-]
COc1ccc(C(=O)C[n+]2ccn(C)c2)cc1,[Br-]
Cn1cc[n+](CC(=O)c2cccc(Cl)c2)c1,[Br-]
CCOc1ccc(C(=O)C[n+]2ccn(C)c2)cc1,[Br-]
Cn1cc[n+](CC(=O)c2ccc(C#N)cc2)c1,[Br-]
Cc1cc(C)c(C(=O)C[n+]2ccn(C)c2)c(C)c1,[Br-]
Cn1cc[n+](CC(=O)c2cccc3ccccc23)c1,[Br-]
Cn1cc[n+](CC(=O)c2ccc3ccccc3c2)c1,[Br-]
COc1cccc(C(=O)C[n+]2ccn(C)c2)c1,[Br-]
CCOc1cccc(C(=O)C[n+]2ccn(C)c2)c1,[Br-]
COc1ccccc1C(=O)C[n+]1ccn(C)c1,[Br-]
CCCOc1cccc(C(=O)C[n+]2ccn(C)c2)c1,[Br-]
COc1cccc(C(=O)C[n+]2ccn(C(C)C)c2)c1,[Br-]
Cn1cc[n+](CC(=O)c2ccc(Cl)c(Cl)c2)c1,[Br-]
CC(=O)Nc1cccc(C(=O)C[n+]2ccn(C)c2)c1,[Br-]
COc1cc(OC)cc(C(=O)C[n+]2ccn(C)c2)c1,[Br-]
COc1ccc(C(=O)C[n+]2ccn(C)c2)cc1OC,[Br-]
COc1cccc(C(=O)C[n+]2ccn(-c3ccccc3)c2)c1,[Br-]
COc1cccc(C(=O)C[n+]2ccn(C)c2)c1OC,[Br-]
COc1ccc(OC)c(C(=O)C[n+]2ccn(C)c2)c1,[Br-]
COc1cccc(C(=O)C[n+]2ccn(C)c2SC(C)C)c1,[Br-]
Cc1ccc(C(=O)C[n+]2cn(C)c(-c3ccccc3)c2-c2ccccc2)cc1,[Br-]
Cc1n(CC(=O)c2ccc(Sc3ccccc3)cc2)cc[n+]1CC(=O)c1ccc(Sc2ccccc2)cc1,[Br-]
C=CCn1cc[n+](CCC#N)c1,[Br-]
Cc1cc(C)c(C)c(C(=O)Cn2cc[n+](CC(=O)c3c(C)c(C)cc(C)c3C)c2)c1C,[Br-]
Cn1cc[n+](CCCCCC(=O)O)c1,[Br-]
C=CC[n+]1cn(CCC#N)cc1-c1ccccc1,[Br-]
N#CCCC[n+]1cn(CCC#N)cc1-c1ccccc1,[Br-]
N#CCCn1cc(-c2ccccc2)[n+](Cc2ccccc2)c1,[Br-]
COC(=O)c1ccc(NC(=O)C[n+]2cn(CCC#N)cc2-c2ccccc2)cc1,[Br-]
Cc1n(O)cc(Br)[n+]1O,[Br-]
On1cc[n+](O)c1Br,[Br-]
Cc1c(C)[n+](O)c(Br)n1O,[Br-]
N#Cc1n(O)cc(Br)[n+]1O,[Br-]
On1cc(Br)[n+](O)c1-c1ccccc1,[Br-]
Cc1c(C)[n+](Cc2ccc(F)cc2)cn1Cc1ccc(F)cc1,[Br-]
Cn1cc[n+](Cc2ccc(C(=O)c3ccccc3)cc2)c1,[Br-]
Cc1ccccc1C[n+]1ccn(CCC(C(N)=O)(c2ccccc2)c2ccccc2)c1C,[Br-]
Cc1n(CCCC(C(N)=O)(c2ccccc2)c2ccccc2)cc[n+]1Cc1ccccc1,[Br-]
Cc1n(CCC(C(N)=O)(c2ccccc2)c2ccccc2)cc[n+]1Cc1ccccc1Cl,[Br-]
Cc1cccc(C[n+]2ccn(CCC(C(N)=O)(c3ccccc3)c3ccccc3)c2C)c1,[Br-]
Cc1n(CCC(C(N)=O)(c2ccccc2)c2ccccc2)cc[n+]1Cc1cccc(Cl)c1,[Br-]
Cc1n(CCC(C(N)=O)(c2ccccc2)c2ccccc2)cc[n+]1Cc1ccc(Cl)cc1,[Br-]
Cc1n(CCCCC(C(N)=O)(c2ccccc2)c2ccccc2)cc[n+]1Cc1ccccc1,[Br-]
Cc1n(CCC(C(N)=O)(c2ccccc2)c2ccccc2)cc[n+]1Cc1ccc([N+](=O)[O-])cc1,[Br-]
CC(C)(C)[n+]1ccn(Cc2ccccn2)c1,[Br-]
CCN(CC)C(=O)C[n+]1ccn(C(C)(C)C)c1,[Br-]
Cn1cc[n+](Cc2ccccc2)c1Sc1ccccc1,[Br-]
CCN(CC)C(=O)C[n+]1ccn(-c2c(C)cc(C)cc2C)c1,[Br-]
CC(C)(C)c1cc(Cn2cc[n+](C(C)(C)C)c2)c(N)c(C(C)(C)C)c1,[Br-]
CC(C)(C)c1cc(Cn2cc[n+](C(C)(C)C)c2)c([N+](=O)[O-])c(C(C)(C)C)c1,[Br-]
CC[n+]1ccn(CCc2ccccc2)c1,[Br-]
c1ccc(Cn2cc[n+](Cc3ccccc3)c2Sc2ccccc2)cc1,[Br-]
CC(C[n+]1ccn(C)c1)=NO,[Br-]
CC[n+]1ccn([C@H](CO)C(C)C)c1,[Br-]
CC[n+]1ccn([C@H](CO)CC(C)C)c1,[Br-]
Cc1cc(C)c(-n2cc[n+](-c3c(C)cc(C)cc3C)c2)c(C)c1,[Br-]
CCCCCCCCCCCCCCCCn1cc[n+](CC(C)=NO)c1,[Br-]
CCCCCCCCCCCCCCCCCCOCC(COC[n+]1ccn(C)c1)OCCCCCCCCCCCCCCCCCC,[Br-]
Cc1cscc1OCCC[n+]1ccn(C)c1C,[Br-]
COC(=O)Cn1cc(C(=O)OC)[n+](CC(=O)OC)c1,[Br-]
COC(=O)Cn1cc(C(=O)Nc2ccccc2)[n+](CC(=O)OC)c1,[Br-]
CCCCCCCCCCCC(=O)NCCCC[C@H](NC(=O)CCCCCCCCCC[n+]1ccn(C)c1)C(=O)OCC,[Br-]
C[n+]1ccn(Cc2cc3ccc2CCc2ccc(c(C4=NC(C)(C)CO4)c2)CC3)c1,[Br-]
CCCCCCCCCCCC(=O)NCCCC[C@H](NC(=O)CCCCC)C(=O)OCCCCCCCCCCC[n+]1ccn(C)c1,[Br-]
C#CC[n+]1ccn(C=C)c1,[Br-]
C#CC[n+]1ccn(CC=C)c1,[Br-]
CC(C)Cn1cc[n+](CC(C)C)c1,[Br-]
CCCCCCNC(=O)Cn1cc[n+](CC(=O)NCCCCCC)c1,[Br-]
Cc1cc(C)c(-[n+]2ccn(Cc3cc4ccc3CCc3ccc(c(P(c5ccccc5)c5ccccc5)c3)CC4)c2)c(C)c1,[Br-]
C=CCn1cc[n+](CCC)c1,[Br-]
C#CCn1cc[n+](CC#C)c1,[Br-]
C=CCn1cc[n+](CCCCC)c1,[Br-]
CCCCCCCCCCCCn1cc[n+](CC[C@H](C)CCC=C(C)C)c1,[Br-]
CCCCCCCCCCCCCCCCCCn1cc[n+](CC[C@H](C)CCC=C(C)C)c1,[Br-]
CC(=O)c1sc(Nc2ccccc2)c(-n2cc[n+](CC(=O)c3ccccc3)c2)c1-c1ccccc1,[Br-]
CCOC(=O)CCCn1c(C)[n+](Cc2ccccc2)c2ccccc21,[Br-]
CCCCCCCCCCCC[n+]1cn(CC)c2ccccc21,[Br-]
C[n+]1c(-c2ccccc2C(=O)O)[nH]c2ccccc21,[Br-]
CCCCCCCCCn1c[n+](CCCCCCCCC)c2ccccc21,[Br-]
CCCCCCCCCCCCCCCC[n+]1cn(CC)c2ccccc21,[Br-]
Cn1c(-c2ccc([N+](=O)[O-])cc2)[n+](C)c2cc([N+](=O)[O-])ccc21,[Br-]
Cn1c(C(F)(F)F)[n+](C)c2ccccc21,[Br-]
CCc1n(C)c2ccc([N+](=O)[O-])cc2[n+]1C,[Br-]
CCn1c(C)[n+](CCC=O)c2cc(Cl)c(Cl)cc21,[Br-]
Cn1c(C(F)(F)F)[n+](C)c2cc(Cl)ccc21,[Br-]
Cn1c(C(F)(F)F)[n+](C)c2c(Br)c(Br)c(Br)c(Br)c21,[Br-]
CCn1c(Cc2ccccc2)[n+](CCC(C)=O)c2cc(Cl)c(Cl)cc21,[Br-]
CCOC(=O)C[n+]1c(-c2ccc(-c3ccc(Cl)cc3)o2)n(C)c2ccc(C#N)cc21,[Br-]
CCOC(=O)C[n+]1c(-c2ccc(-c3ccc(Cl)cc3)o2)n(C)c2ccc(C(=O)OC)cc21,[Br-]
CCOC(=O)C[n+]1c(-c2ccc(-c3ccc(Cl)cc3)o2)n(C)c2ccc(S(C)(=O)=O)cc21,[Br-]
CCN1C(=CC=Cc2n(CCOC(C)=O)c3ccc(C#N)cc3[n+]2CCO)N(CC)c2cc(C#N)ccc21,[Br-]
CCN1C(=CC=Cc2n(CC)c3c(Br)c(Br)c(Br)c(Br)c3[n+]2CC)N(CC)c2c(Br)c(Br)c(Br)c(Br)c21,[Br-]
CCN1C(=CC=Cc2n(CC)c3c(Br)c(Cl)c(Cl)c(Br)c3[n+]2CC)N(CC)c2c(Br)c(Cl)c(Cl)c(Br)c21,[Br-]
CCN1C(=CC=Cc2n(CCOC(C)=O)c3ccc(C#N)cc3[n+]2CCOC(C)=O)N(CC)c2cc(Cl)c(Cl)cc21,[Br-]
CCNS(=O)(=O)c1ccc2c(c1)[n+](CCCCS(=O)(=O)NC(C)=O)c(C=CC=C1Oc3cc(C)c(C)cc3N1CC)n2CC,[Br-]
CCN1C(=CC=Cc2n(CC)c3cc(Cl)c(Cl)cc3[n+]2CCOCCC(=O)O)N(CCOCCC(=O)O)c2cc(Cl)c(Cl)cc21,[Br-]
Cc1n(C)c2ccccc2[n+]1CC#N,[Br-]
CCn1c(C)[n+](CC#N)c2ccccc21,[Br-]
Cc1ccc(C(=O)C[n+]2c(N)n(C)c3ccccc32)cc1,[Br-]
Cn1c(N)[n+](CC(=O)c2ccco2)c2ccccc21,[Br-]
CC[n+]1c(-c2cc(C)nc3ccccc23)[nH]c2ccccc21,[Br-]
COc1ccc2c(c1)[n+](CC(=O)c1ccccc1)cn2C,[Br-]
Cn1c[n+](CC(=O)c2ccccc2)c2cc([N+](=O)[O-])ccc21,[Br-]
Cc1n(C)c2ccc([N+](=O)[O-])cc2[n+]1CC(=O)c1ccccc1,[Br-]
CCCCn1c(N)[n+](CC(=O)c2ccccc2)c2ccccc21,[Br-]
CCn1c[n+](CC(=O)c2ccc([N+](=O)[O-])cc2)c2cc(C)c(C)cc21,[Br-]
COc1ccc2c(c1)[n+](CC(=O)c1ccc([N+](=O)[O-])cc1)cn2C,[Br-]
Cc1n(-c2ccccc2)c2ccccc2[n+]1CC(=O)c1ccc([N+](=O)[O-])cc1,[Br-]
Cn1c[n+](CC(=O)c2ccc([N+](=O)[O-])cc2)c2cc([N+](=O)[O-])ccc21,[Br-]
CCN(CC)CCn1c(C)[n+](CC(=O)c2ccc([N+](=O)[O-])cc2)c2ccccc21,[Br-]
COc1ccc(OC)c2c1n(Cc1ccccc1)c[n+]2CC(=O)c1ccc([N+](=O)[O-])cc1,[Br-]
CC(C)(C)C(=O)C[n+]1c(N)n(N)c2ccccc21,[Br-]
Nc1n(N)c2ccccc2[n+]1CC(=O)c1ccccc1,[Br-]
COc1ccc(C(=O)C[n+]2c(N)n(N)c3ccccc32)cc1,[Br-]
CC(C)n1c(N)[n+](CC(=O)c2ccccc2)c2ccccc21,[Br-]
COC(=O)C[n+]1c(N)n(C)c2ccccc21,[Br-]
CCOC(=O)C[n+]1c(N)n(C)c2ccccc21,[Br-]
CCCCn1c(N)[n+](CC(=O)OC)c2ccccc21,[Br-]
Nc1n(Cc2ccc([N+](=O)[O-])cc2)c2ccccc2[n+]1Cc1ccc([N+](=O)[O-])cc1,[Br-]
Cn1c(SCC(=O)c2ccccc2)[n+](N)c2ccccc21,[Br-]
N#CCCCn1c[n+](CCC#N)c2ccccc21,[Br-]
COC(=O)Cn1c(C)[n+](CC(C)=O)c2ccccc21,[Br-]
CCOC(=O)Cn1c(CC)[n+](CC(=O)c2ccccc2)c2ccccc21,[Br-]
COC(=O)Cn1c(C)[n+](CC(=O)c2ccc(OC)cc2)c2ccccc21,[Br-]
O=C(O)Cn1c(Cc2ccccc2)[n+](CC(=O)c2ccccc2)c2ccccc21,[Br-]
CCCCNC(=O)Cn1c(C)[n+](CC(=O)c2ccccc2)c2ccccc21,[Br-]
COC(=O)Cn1c(C)[n+](CC(=O)c2ccc([N+](=O)[O-])cc2)c2ccccc21,[Br-]
CCOC(=O)Cn1c(Cc2ccccc2)[n+](CC(=O)c2ccccc2)c2ccccc21,[Br-]
CCN1C(=CC=Cc2n(CC)c3cc(Cl)c(Cl)cc3[n+]2CCCC(=O)O)N(CCCC(=O)O)c2cc(Cl)c(Cl)cc21,[Br-]
CCCCCCCCN1C(=CC=Cc2n(CCCCCCCC)c3cc(Cl)c(Cl)cc3[n+]2CCCC(=O)O)N(CCCC(=O)O)c2cc(Cl)c(Cl)cc21,[Br-]
CCCCCCCCCCCCN1C(=CC=Cc2n(CCCCCCCCCCCC)c3cc(Cl)c(Cl)cc3[n+]2CCCC(=O)O)N(CCCC(=O)O)c2cc(Cl)c(Cl)cc21,[Br-]
C=CC[n+]1cn(C(C)CC#N)c2cccc(C)c21,[Br-]
Cc1cccc2c1[n+](CCCC#N)cn2C(C)CC#N,[Br-]
Cc1cccc2c1[n+](Cc1ccccc1)cn2C(C)CC#N,[Br-]
COC(=O)c1ccc(NC(=O)C[n+]2cn(C(C)CC#N)c3cccc(C)c32)cc1,[Br-]
COC(=O)C[n+]1c(N)n(NCc2ccccc2)c2ccccc21,[Br-]
C#CC[n+]1c(CO)n(CCC#N)c2ccccc21,[Br-]
C=CC[n+]1c(CO)n(CCC#N)c2ccccc21,[Br-]
CCc1n(CCC#N)c2ccccc2[n+]1CC(=O)c1ccccc1,[Br-]
Cc1n(CCC#N)c2ccccc2[n+]1CC(=O)c1ccccc1,[Br-]
CCCc1n(CCC#N)c2ccccc2[n+]1CC(=O)c1ccccc1,[Br-]
N#CCCn1c(CO)[n+](CC(=O)c2ccccc2)c2ccccc21,[Br-]
Cc1n(CCC(N)=O)c2ccccc2[n+]1CC(=O)c1ccccc1,[Br-]
CCCCc1n(CCC#N)c2ccccc2[n+]1CC(=O)c1ccccc1,[Br-]
CC(O)c1n(CCC#N)c2ccccc2[n+]1CC(=O)c1ccccc1,[Br-]
Cc1n(N)c2ccccc2[n+]1CC(=O)c1ccccc1,[Br-]
Cc1n(N)c2ccccc2[n+]1CC(=O)c1cccs1,[Br-]
Cc1n(N=Cc2ccccc2)c2ccccc2[n+]1CC(=O)c1ccccc1,[Br-]
Cc1n(NCc2ccccc2)c2ccccc2[n+]1CC(=O)c1ccccc1,[Br-]
Cc1n(N=Cc2ccc([N+](=O)[O-])cc2)c2ccccc2[n+]1CC(=O)c1ccccc1,[Br-]
Cc1n(NCc2ccccc2)c2ccccc2[n+]1CC(=O)c1ccc([N+](=O)[O-])cc1,[Br-]
CCn1c[n+](CC(=O)c2ccccc2)c2ccccc21,[Br-]
C=CCn1c[n+](CC(=O)c2ccccc2)c2ccccc21,[Br-]
O=C(C[n+]1cn(CO)c2ccccc21)c1ccccc1,[Br-]
C=CCn1c[n+](CC(=O)c2ccc(Br)cc2)c2ccccc21,[Br-]
CCn1c[n+](CC(=O)c2ccc(Br)cc2)c2ccccc21,[Br-]
C=C(Br)Cn1c[n+](CC(=O)c2ccccc2)c2ccccc21,[Br-]
O=C(C[n+]1cn(CO)c2ccccc21)c1ccc(Br)cc1,[Br-]
C=C(Br)Cn1c[n+](CC(=O)c2ccc(Br)cc2)c2ccccc21,[Br-]
O=C(C[n+]1cn(Cc2ccccc2)c2ccccc21)c1ccc(Br)cc1,[Br-]
Cn1c[n+](CCCn2c(=O)nc3n(-c4ccccc4)c4ccccc4nc-3c2=O)c2ccccc21,[Br-]
CC(=O)C[n+]1cn(Cc2ccccc2)c2ccccc21,[Br-]
CCOC(=O)C[n+]1c(C)n(Cc2ccccc2)c2ccccc21,[Br-]
CCOC(=O)Cn1c(C)[n+](CC(=O)OCC)c2ccccc21,[Br-]
CC(=O)C[n+]1cn(C)c2ccccc21,[Br-]
Cn1c(Sc2ccccc2)[n+](Cc2ccccc2)c2ccccc21,[Br-]
C=CCn1c[n+](CC=C)c2ccccc21,[Br-]
CC=CC[n+]1cn(CCOCC)c2ccccc21,[Br-]
C#CC[n+]1cn(CC=C)c2ccccc21,[Br-]
C=CCn1c[n+](Cc2ccccc2)c2ccccc21,[Br-]
CC=CC[n+]1cn(CCOCC)c2ccc(C)cc21,[Br-]
C=CC[n+]1cn(CCOCC)c2ccc(C)cc21,[Br-]
CC[n+]1cn(CCC[Si](C)(C)C)c2ccccc21,[Br-]
C=CC[n+]1cn(CCC[Si](C)(C)C)c2ccccc21,[Br-]
C=CCn1c[n+](Cc2ccc(Br)cc2)c2ccccc21,[Br-]
CCOCCn1c[n+](CCc2ccccc2)c2ccccc21,[Br-]
C=CCn1c[n+](CC#C[Si](C)(C)C)c2ccccc21,[Br-]
C#CC[n+]1cn(CCC[Si](C)(C)C)c2ccccc21,[Br-]
COCCn1c[n+](CCc2ccccc2)c2cc(C)ccc21,[Br-]
C[Si](C)(C)CCCn1c[n+](Cc2ccccc2)c2ccccc21,[Br-]
Cc1ccc2c(c1)[n+](CCc1ccccc1)cn2CCc1ccccc1,[Br-]
COc1ccccc1C[n+]1cn(CCC[Si](C)(C)C)c2ccccc21,[Br-]
O=[N+]([O-])c1ccc2c(c1)[n+](CCc1ccccc1)cn2CCc1ccccc1,[Br-]
c1ccc2c(c1)n(C13CC4CC(CC(C4)C1)C3)c[n+]2C12CC3CC(CC(C3)C1)C2,[Br-]
O=C(C[n+]1cn(Cc2ccccc2)c2ccccc21)c1cccs1,[Br-]
CCCCCCCC[n+]1c(C)n(CC(=O)O)c2cc(Cl)c(Cl)cc21,[Br-]
CCCCCC[n+]1c(C)n(CCCC(=O)O)c2cc(Cl)c(Cl)cc21,[Br-]
CCCCCCC[n+]1c(C)n(CCCC(=O)O)c2cc(Cl)c(Cl)cc21,[Br-]
CCCCCCCC[n+]1c(C)n(CCC(=O)O)c2cc(Cl)c(Cl)cc21,[Br-]
CCCCCCCC[n+]1c(C)n(CCCCC(=O)O)c2cc(Cl)c(Cl)cc21,[Br-]
CCCCCCCC[n+]1c(C)n(CCCCCC(=O)O)c2cc(Cl)c(Cl)cc21,[Br-]
CCCCCCCCCCC[n+]1c(C)n(CCCC(=O)O)c2cc(Cl)c(Cl)cc21,[Br-]
CCCCCCN1C(=CC=Cc2n(CCCC(=O)O)c3cc(Cl)c(Cl)cc3[n+]2CCCCCC)N(CCCC(=O)O)c2cc(Cl)c(Cl)cc21,[Br-]
CCCCCCCCN1C(=CC=Cc2n(CCC(=O)O)c3cc(Cl)c(Cl)cc3[n+]2CCCCCCCC)N(CCC(=O)O)c2cc(Cl)c(Cl)cc21,[Br-]
CCCCCCCN1C(=CC=Cc2n(CCCC(=O)O)c3cc(Cl)c(Cl)cc3[n+]2CCCCCCC)N(CCCC(=O)O)c2cc(Cl)c(Cl)cc21,[Br-]
CCCCCCCCCCN1C(=CC=Cc2n(CCCC(=O)O)c3cc(Cl)c(Cl)cc3[n+]2CCCCCCCCCC)N(CCCC(=O)O)c2cc(Cl)c(Cl)cc21,[Br-]
CC(C)Cn1c[n+](C)c2ccccc21,[Br-]
CC(C)n1c[n+](C(C)C)c2ccccc21,[Br-]
CC(C)Cn1c[n+](CC(C)C)c2ccccc21,[Br-]
CCC[n+]1c(N)n(Cc2ccccc2)c2ccccc21,[Br-]
Nc1n(Cc2ccccc2)c2ccccc2[n+]1CC(=O)O,[Br-]
CNC(=O)C[n+]1c(N)n(Cc2ccccc2)c2ccccc21,[Br-]
Nc1n(Cc2ccccc2)c2ccccc2[n+]1CC(=O)Nc1ccccc1,[Br-]
Nc1n(Cc2ccccc2)c2ccccc2[n+]1CCCCCCO,[Br-]
Nc1n(Cc2ccccc2)c2ccccc2[n+]1CCCCCCCCBr,[Br-]
CCCCCCCCCCCC[n+]1c(N)n(Cc2ccccc2)c2ccccc21,[Br-]
CCCCCCCCCCCC[n+]1c(N)n(Cc2ccc(C)cc2)c2ccccc21,[Br-]
CCCCCCCCCCCC[n+]1c(N)n(Cc2ccc(OC)cc2)c2ccccc21,[Br-]
CCCCCCCCCCCC[n+]1c(N)n(CCCc2ccccc2)c2ccccc21,[Br-]
CCCCCCCCCCCC[n+]1c(N)n(Cc2ccc(Cl)cc2)c2ccccc21,[Br-]
Nc1n(Cc2ccccc2)c2ccccc2[n+]1CCCCCCCCCCCCBr,[Br-]
CCCCCCCCCCCC[n+]1c(N)n(Cc2ccc(Cl)c(Cl)c2)c2ccccc21,[Br-]
CC(C)(C)OC(=O)NCCCCCCCCCCC[n+]1c(N)n(Cc2ccccc2)c2ccccc21,[Br-]
Nc1n(Cc2ccccc2)c2ccccc2[n+]1CCCCCCCCCCCCN1C(=O)c2ccccc2C1=O,[Br-]
O=C(Cn1cc[n+](CC(=O)c2ccccc2)c1)c1ccccc1,[Br-]
Cn1c[n+](C)c2cc(Cl)ccc21,[Br-]
CC(C(=O)c1ccc(-c2ccccc2)cc1)n1cc[n+](C(C)C(=O)c2ccc(-c3ccccc3)cc2)c1,[Br-]
Cn1cc[n+](CC(=O)c2ccc(C(N)=O)cc2)c1,[Br-]
Cc1n(CCC(C(N)=O)(c2ccccc2)c2ccccc2)cc[n+]1Cc1ccccc1,[Br-]
Cc1n(CCC(C(N)=O)(c2ccccc2)c2ccccc2)cc[n+]1Cc1ccc(-c2ccccc2)cc1,[Br-]
CC(=O)Cn1c(C)[n+](C)c2ccccc21,[Br-]
CCOC(=O)C[n+]1c(C)n(CC)c2ccccc21,[Br-]
Cn1c[n+](CC(=O)c2ccccc2)c2cc(Cl)ccc21,[Br-]
CCCCCCCCCCCCCCCCn1c(C)[n+](CCCCCCCCCCCCCCCC)c2ccccc21,[Br-]
Cc1cn(C(c2ccccc2)(c2ccccc2)c2ccccc2)c[n+]1CC(=O)c1ccccc1,[Br-]
CC[C@@H]1C(=O)OC[C@@H]1Cc1c[n+](CC(=O)c2ccc(Br)cc2)cn1C,[Br-]
CCn1c[n+](CC)c2ccccc21,[Br-]
Cn1c[n+](CC(=O)c2ccccc2)c2ccccc21,[Br-]
COC(=O)Cn1c(C)[n+](CC(=O)c2ccc(C)cc2)c2ccccc21,[Br-]
COC(=O)Cn1c(C)[n+](CC(=O)c2ccc(Br)cc2)c2ccccc21,[Br-]
CCCCCCCCn1c(C)[n+](CCCC(=O)O)c2cc(Cl)c(Cl)cc21,[Br-]
Cc1n(CCc2ccccc2)cc[n+]1CC(=O)c1ccc(Br)cc1,[Br-]
CC[C@@H]1C(=O)OC[C@@H]1Cc1c[n+](CCc2ccccc2)cn1C,[Br-]
CC[C@@H]1C(=O)OC[C@@H]1Cc1c[n+](CC(=O)c2ccc(-c3ccccc3)cc2)cn1C,[Br-]
CCc1ccc(C(=O)C[n+]2ccn(C)c2)cc1,[Br-]
C[n+]1ccn(C(c2ccccc2)c2ccccc2)c1,[Br-]
O=C(Cn1c[n+](CC(=O)c2ccccc2)c2ccccc21)c1ccccc1,[Br-]
CCOC(=O)C[n+]1cn(Cc2ccccc2)c2ccccc21,[Br-]
CC[C@@H]1C(=O)OC[C@@H]1Cc1c[n+](Cc2ccc(Br)cc2)cn1C,[Br-]
Cc1ccc(C(=O)C[n+]2ccn(C)c2)cc1,[Br-]
CCCn1cc[n+](CC(=O)c2ccccc2)c1,[Br-]
CC[n+]1ccn(C(c2ccccc2)c2ccccc2)c1,[Br-]
CCOC(=O)C[n+]1cn(C)c2ccccc21,[Br-]
C[Si](C)(C)CCCn1c[n+](Cc2ccc(Br)cc2)c2ccccc21,[Br-]
CCCCCCCCCCCCCC[n+]1ccn(Cc2ccccc2)c1C,[Br-]
CCCC[n+]1cc(C[C@H]2COC(=O)[C@H]2CC)n(C)c1,[Br-]
COC(=O)Cn1cc[n+](CC(=O)c2ccccc2)c1,[Br-]
CCCCCCCCn1c[n+](CCCCCCCC)c2ccccc21,[Br-]
CCCn1c[n+](CCC#N)c2ccccc21,[Br-]
CCCCCCCCCCn1cc[n+](C)c1C,[Br-]
CC[n+]1ccn(C)c1,[Br-]
Cn1cc[n+](CCO)c1,[Br-]
c1ccc(Cn2cc[n+](Cc3ccccc3)c2)cc1,[Br-]
CCC[n+]1ccn(C)c1,[Br-]
O=C(Cn1cc[n+](CC(=O)c2ccc(Br)cc2)c1)c1ccc(Br)cc1,[Br-]
CCCCCCCC[n+]1c(N)n(Cc2ccccc2)c2ccccc21,[Br-]
Cc1n(Cc2ccccc2)cc[n+]1CC(=O)c1ccccc1,[Br-]
CC(C)(C(=O)c1ccc(-c2ccccc2)cc1)n1cc[n+](C(C)(C)C(=O)c2ccc(-c3ccccc3)cc2)c1,[Br-]
Cn1cc[n+](CC(=O)c2ccc(-c3ccccc3)cc2)c1,[Br-]
Cc1ccc(C[n+]2ccn(CCC(C(N)=O)(c3ccccc3)c3ccccc3)c2C)cc1,[Br-]
Cc1n(CCCC(=O)O)c2ccccc2[n+]1Cc1ccccc1,[Br-]
CC(=O)C(C)[n+]1c(C)n(C)c2ccccc21,[Br-]
Cc1ccc2c(c1)[n+](CC(=O)c1ccccc1)cn2C,[Br-]
Cc1n(Cc2ccccc2)c2ccccc2[n+]1CC(=O)c1ccc([N+](=O)[O-])cc1,[Br-]
CCCCCCCCCn1c(C)[n+](CCCCCCCCC)c2ccccc21,[Br-]
O=C(Cn1cc[n+](CC(=O)c2ccc([N+](=O)[O-])cc2)c1)c1ccc([N+](=O)[O-])cc1,[Br-]
Cc1n(CCC(C(N)=O)(c2ccccc2)c2ccccc2)cc[n+]1Cc1ccc(Br)cc1,[Br-]
CCOC(=O)C[n+]1c(C)n(C)c2ccccc21,[Br-]
COC(=O)Cn1c(C)[n+](CC(=O)c2ccccc2)c2ccccc21,[Br-]
CCOC(=O)Cn1c(C)[n+](CC(=O)c2ccccc2)c2ccccc21,[Br-]
CCCCn1c(C)[n+](CCCC(=O)O)c2cc(Cl)c(Cl)cc21,[Br-]
CCCCN1C(=CC=Cc2n(CCCC)c3cc(Cl)c(Cl)cc3[n+]2CCCC(=O)O)N(CCCC(=O)O)c2cc(Cl)c(Cl)cc21,[Br-]
Cn1cc[n+](CCc2ccc([N+](=O)[O-])cc2)c1,[Br-]
CC[C@@H]1C(=O)OC[C@@H]1Cc1c[n+](Cc2ccc(C)cc2)cn1C,[Br-]
CC(C(=O)c1ccccc1)[n+]1ccn(C)c1,[Br-]
N#CCC[n+]1ccn(CC(=O)c2ccccc2)c1,[Br-]
C=CC[n+]1cn(C)c2ccccc21,[Br-]
O=C(C[n+]1cn(Cc2ccccc2)c2ccccc21)c1ccccc1,[Br-]
C=CCn1c[n+](CC)c2ccccc21,[Br-]
CC[C@@H]1C(=O)OC[C@@H]1Cc1c[n+](CC(=O)c2ccc([N+](=O)[O-])cc2)cn1C,[Br-]
Cn1cc[n+](C(C)(C)C(=O)c2ccccc2)c1,[Br-]
CCCn1cc[n+](CCC)c1,[Br-]
CC(C)n1cc[n+](C(C)C)c1,[Br-]
CCCCCCCCCCCCn1c(C)[n+](CCCC(=O)O)c2cc(Cl)c(Cl)cc21,[Br-]
CCCCCCCCCC[n+]1c(C)n(CCCC(=O)O)c2cc(Cl)c(Cl)cc21,[Br-]
Cn1cc[n+](C)c1,[Br-]
CC[C@@H]1C(=O)OC[C@@H]1Cc1c[n+](Cc2ccccc2)cn1C,[Br-]
CCCCCCCCCCCCCCCCN1C(=CC=Cc2n(CCCCCCCCCCCCCCCC)c3ccccc3[n+]2CCCCCCCCCCCCCCCC)N(CCCCCCCCCCCCCCCC)c2ccccc21,[Br-]
C=CCn1c[n+](CCC#N)c2ccccc21,[Br-]
CCCCCCCCCC[n+]1ccn(Cc2ccccc2)c1C,[Br-]
CCCC[n+]1ccn(C)c1,[Br-]
C=CCn1cc[n+](C)c1,[Br-]
CC[n+]1ccn([C@@H](C)CO)c1,[Br-]
CCOC(=O)C[N+](C)(C)C,[Br-]
CCCCCCCCCCCCCCCC[N+](C)(C)CCCC,[Br-]
CCCCCCC(=O)C[N+](CC)(CC)CC,[Br-]
CCCCCCCCCCCCCCCC[N+](C)(CCO)CCO,[Br-]
CCCCCCCCCCCCCCCC[N+](C)(C)c1ccccc1,[Br-]
CCCCCCCC[N+](C)(C)CCO,[Br-]
CCCCCCCCC[N+](C)(C)CCO,[Br-]
CCCCCCCCCCCC[N+](C)(C)CCO,[Br-]
CCCCCCCCCCCCCCC[N+](C)(C)CCO,[Br-]
CCCCCCCCCCCCCCCCCC[N+](C)(C)CCO,[Br-]
CCCCCCCCCCCCCCC(O)C[N+](C)(C)CCO,[Br-]
CCCCCCCCCCCCCCCC[N+](C)(C)CC(O)CO,[Br-]
CCCCCCCCCCCCCCCCCCCC[N+](C)(C)CCCCCCCCCCCCCCCCCCCC,[Br-]
CC(C)CCC[N+](C)(C)C,[Br-]
CC(C)[N+](C)(C)CCO,[Br-]
CCCC[N+](CC)(CC)CC,[Br-]
CCCC[N+](C)(C)CCCC,[Br-]
CCC(C)(O)C[N+](C)(C)C,[Br-]
CCC(C[N+](C)(C)C)OC,[Br-]
CCOC(CC)C[N+](C)(C)C,[Br-]
CCCC(C[N+](C)(C)C)OC,[Br-]
CCCCCCCCC[N+](C)(C)C,[Br-]
C[N+](C)(C)CCOCCO,[Br-]
CCCOC(CC)C[N+](C)(C)C,[Br-]
CCCCC(C[N+](C)(C)C)OC,[Br-]
CCCC(C[N+](C)(C)C)OCC,[Br-]
CCCCCCC[N+](CC)(CC)CC,[Br-]
CC[N+](C)(CCC(C)C)CCC(C)C,[Br-]
CCCC[N+](C)(CCCC)CCCC,[Br-]
CCOCC[N+](CC)(CC)CC,[Br-]
C#CC[N+](CC)(CC)CC,[Br-]
CCCCC(C[N+](C)(C)C)OCC,[Br-]
CCCCOC(CC)C[N+](C)(C)C,[Br-]
CCCCOC(CCC)C[N+](C)(C)C,[Br-]
C=CC[N+](C)(CC=C)CC=C,[Br-]
CCCCCCCCC(CC)C[N+](C)(C)C,[Br-]
CCCCCOC(CCC)C[N+](C)(C)C,[Br-]
CC[N+](C)(CC)CC(C)(O)CC(C)(C)C,[Br-]
C=C(OCC)[N+](C)(C)C,[Br-]
CC(CC1CCCCCC1)[N+](C)(C)C,[Br-]
C=COCC[N+](CC)(CC)CC,[Br-]
CC(CC1CCCCCCC1)[N+](C)(C)C,[Br-]
CC(CC(C)(C)C)C[N+](C)(C)CC(C)CC(C)(C)C,[Br-]
CCCCCCCCCCCC[N+](C)(C)CCCC,[Br-]
C#CC[N+](CC=C)(CC=C)CC=C,[Br-]
C=CC(O)C[N+](C)(C)CCCC,[Br-]
C=CC[N+](C)(C)Cc1ccccc1,[Br-]
C#CC[N+](CC#C)(CC=C)CCCC,[Br-]
Cc1ccccc1C[N+](C)(C)C,[Br-]
C=CC[N+](C)(C)c1ccccc1,[Br-]
CCCC(=O)OCC[N+](C)(C)C,[Br-]
C[N+](C)(C)CCCCc1ccccc1,[Br-]
C[N+](C)(C)CCCCCc1ccccc1,[Br-]
CCC[N+](C)(C)Cc1ccccc1,[Br-]
COc1ccc(C[N+](C)(C)C)cc1,[Br-]
CCCCCCCCCCCCCCCCCC[N+](CC)(CC)CC,[Br-]
CCCCCCCCCCCCCCCC[N+](C)(CCCC)CCCC,[Br-]
C[N+](C)(CCO)Cc1ccccc1,[Br-]
CC[N+](C)(CC)CC(O)c1ccccc1,[Br-]
CCCCCCCCCC[N+](C)(C)CC(=O)O,[Br-]
C#CC[N+](CC=C)(CC=C)c1ccccc1,[Br-]
CCC[N+](CCC)(CCC)Cc1ccccc1,[Br-]
CC[N+](C)(CC)C(CO)c1ccccc1,[Br-]
CCCCCCCCCCCCCCCC[N+](C)(C)C1CCCCC1,[Br-]
Cc1ccccc1C[N+](C)(C)c1ccccc1,[Br-]
CC[N+](CC)(Cc1ccccc1)Cc1ccccc1,[Br-]
CCc1ccc([N+](C)(C)Cc2ccccc2)cc1,[Br-]
CCCCCCCCCCCC[N+](C)(C)CCOC(C)=O,[Br-]
CCC=Cc1ccc([N+](C)(C)Cc2ccccc2)cc1,[Br-]
CCCCCC[N+](C)(C)c1ccccc1OC,[Br-]
C[N+](C)(CC(=O)c1ccccc1)CC1CCCCC1,[Br-]
C=CC[N+](C)(Cc1ccccc1)c1ccc(OC)cc1,[Br-]
C[N+](C)(C)C(OC(=O)c1ccccc1)c1ccccc1,[Br-]
CCCCCCCCCC[N+](C)(C)CCCCCCCCCCC(=O)O,[Br-]
C[N+](C)(CCCc1ccccc1)CC(=O)c1ccccc1,[Br-]
CCCCCCCCCCCCCCCC[N+](C)(C)CC(=O)OCC,[Br-]
CCCCCCCCCCCCCCCC[N+](C)(C)CCOC(C)=O,[Br-]
CCCCCCCc1ccc([N+](C)(C)Cc2ccccc2)cc1,[Br-]
CCCCCCCCc1ccc([N+](C)(C)Cc2ccccc2)cc1,[Br-]
CCCCCCCCCCCCCC[N+](C)(C)Cc1ccccc1,[Br-]
COc1cccc(C[N+](C)(C)CC(=O)c2ccccc2)c1,[Br-]
CCCCCCCCCCCCCCCC[N+](CC)(CC)CCOC(C)=O,[Br-]
CCCCCCCCCCCCCCCC[N+](C)(C)CCCCCC(=O)OC,[Br-]
CCCCCCCCCCCCCCC[N+](C)(C)Cc1ccccc1,[Br-]
CC[N+](CC)(CCCOc1ccccc1)CCCOc1ccccc1,[Br-]
CCCCCCCCCCCCCCCC[N+](C)(C)CCCCCCCC(=O)OC,[Br-]
CCCCCCCCCCCc1ccc([N+](C)(C)Cc2ccccc2)cc1,[Br-]
CCCCCCCCCCCCCCCC[N+](CCCC)(CCCC)CCOC(C)=O,[Br-]
CCCCCCCCCCCCOc1ccccc1[N+](C)(C)CCCCCCCCCC,[Br-]
CCCCCCCCCCCCOc1ccccc1[N+](C)(C)CCCCCCCCCCCC,[Br-]
CCCCCCCCCCCCCC[N+](C)(C)c1ccccc1OCCCCCCCCCCCC,[Br-]
C[N+](C)(C)CCc1ccccc1,[Br-]
C[N+](C)(C)O,[Br-]
CCCC(C)[N+](C)(C)C,[Br-]
C[N+](C)(C)C1CCCC1,[Br-]
C=CC[N+](C)(C)C(C)(C)C,[Br-]
C[N+](C)(C)C1CCOC1,[Br-]
C[N+](C)(C)C1CCCCCC1,[Br-]
Cc1cc(C)c(C[N+](C)(C)C)cc1C,[Br-]
CCCCCCCCCCCC[N+](CC)(CCO)CCO,[Br-]
Cc1ccc(C[N+](C)(C)C)c2ccccc12,[Br-]
CCCCCCCCCCCCCC[N+](C)(C)CCCCCCCCCCCCCC,[Br-]
CCCCCCCCCCCCCCCCCC[N+](C)(C)CCCCCCCCCC,[Br-]
CCCCC(C(=O)OC)[N+](C)(C)Cc1ccccc1,[Br-]
C[N+](C)(CCCCOc1ccccc1)Cc1ccccc1,[Br-]
CCCC(C(=O)OCC[N+](C)(CC)CC)c1ccccc1,[Br-]
CCCCC(C(=O)OCC)[N+](C)(C)Cc1ccccc1,[Br-]
C[N+](C)(Cc1cccc(Oc2ccccc2)c1)c1ccccc1,[Br-]
CCCCCC[N+](CCCCCC)(CCCCCC)Cc1ccccc1,[Br-]
C[N+](C)(CCCCCOc1ccccc1)Cc1ccccc1,[Br-]
Cc1ccc(C(C)C)cc1C[N+](C)(C)Cc1cc(C(C)C)ccc1C,[Br-]
CCCCC(C(=O)OCC[N+](C)(CC)CC)c1ccccc1,[Br-]
Cc1ccc(C(C)C)cc1C[N+](C)(Cc1ccccc1)Cc1ccccc1,[Br-]
C[N+](C)(CCCCOc1cccc2ccccc12)Cc1ccccc1,[Br-]
C[N+](C)(CCCCOc1ccc2ccccc2c1)Cc1ccccc1,[Br-]
CCCCCCC[N+](C)(C)C,[Br-]
C=CC[N+](C)(C)C=C(C)C,[Br-]
CC[N+](C)(C)C1CCCCO1,[Br-]
CC#CC[N+](CC)(CC)CC,[Br-]
Cc1cc(C)cc(C[N+](C)(C)C)c1,[Br-]
C#CC[N+](C)(C)CC#Cc1ccccc1,[Br-]
CC(C)=C[N+](C)(C)Cc1ccccc1,[Br-]
COc1ccc(CC[N+](C)(C)C)cc1,[Br-]
CCCCCCCCCCCCCCCCCC[N+](C)(C)CCCCCCCC,[Br-]
C[N+](C)(CCc1ccccc1)c1ccccc1,[Br-]
CC(c1ccccc1)[N+](C)(C)c1ccccc1,[Br-]
Cc1cccc(C[N+](C)(C)CCO)c1C,[Br-]
Cc1ccccc1C[N+](C)(C)CCCO,[Br-]
CC(=O)OCC[N+](C)(C)Cc1ccccc1,[Br-]
Cc1cccc(C[N+](C)(C)CCCO)c1C,[Br-]
CCCCCCCCCCCCCCCCCC[N+](C)(C)CCCCCCCCCCCC,[Br-]
CCOC(=O)C(C)[N+](C)(C)Cc1ccccc1,[Br-]
CC[N+](CC)(CC)Cc1cccc(Oc2ccccc2)c1,[Br-]
CCCCCCCCCCCC[N+](C)(C)Cc1cc(C(C)C)ccc1C,[Br-]
CCCCCCCCCCCC[N+](C)(C)CCc1cc(C(C)C)ccc1C,[Br-]
CCC(CC(C)C)(C(=O)OCC[N+](C)(CC)CC)c1ccccc1,[Br-]
CCCCCCCCCCCC[N+](CC)(CC)CCC,[Br-]
CCCCCCCCCCCC[N+](C)(CC)COCC,[Br-]
C[N+](C)(CCC(=O)O)CC(=O)O,[Br-]
CCCCCCCCCCCC[N+](C)(CC)CC(=O)O,[Br-]
CCCCCCCCCCCC[N+](C)(CC)Cc1ccccc1,[Br-]
CCCCCCCCCCCC[N+](C)(CCCC)Cc1ccccc1,[Br-]
C[N+](C)(C)Cc1ccc(O)cc1,[Br-]
CCCCCCCCCCCCCCCC[N+](C)(C)Cc1ccc(O)cc1,[Br-]
CC(=O)C[N+](C)(C)Cc1ccccc1C,[Br-]
COC(=O)C[N+](C)(C)Cc1ccc(C)cc1,[Br-]
COC(=O)C[N+](C)(C)Cc1ccccc1C,[Br-]
CC(C)CC(=O)C[N+](C)(C)C,[Br-]
CCOC(C[N+](C)(C)C)OCC,[Br-]
C[N+](C)(C)CC(O)CO,[Br-]
CC[N+](CC)(CC)CC#Cc1ccccc1,[Br-]
C=CC[N+](C)(C)c1cc(C)ccc1O,[Br-]
COc1cc(C[N+](C)(C)C)cc(OC)c1,[Br-]
C=CC[N+](C)(C)c1cc(C)cc(C)c1O,[Br-]
C=C(C)C[N+](C)(C)c1cc(C)ccc1O,[Br-]
COc1ccc([N+](C)(C)Cc2ccccc2)cc1,[Br-]
C#CC[N+](C)(C)C(C(=O)c1ccccc1)c1ccccc1,[Br-]
Cc1ccc(O)c([N+](C)(C)CC=Cc2ccccc2)c1,[Br-]
COC(=O)C[N+](C)(C)Cc1cccc2ccccc12,[Br-]
CCCCCCCCCCCC[N+](C)(C)Cc1ccc(C(=O)c2ccccc2)cc1,[Br-]
C[N+](C)(C)c1ccc(C=O)cc1,[Br-]
C=CC=C(C)C[N+](C)(C)CC=Cc1ccccc1,[Br-]
C[N+](C)(CC#Cc1ccccc1)CC=Cc1ccccc1,[Br-]
C[C@@H](c1ccccc1)[N+](C)(C)CC(=O)c1ccccc1,[Br-]
C[N+](C)(C)CCCCCCCCCCOc1ccc(C=O)cc1,[Br-]
C#CC[N+](C)(C)CC#Cc1cccc2ccccc12,[Br-]
C#CC[N+](CC)(CC)CC#Cc1cccc2ccccc12,[Br-]
CC[N+](CC)(CC)CCCO,[Br-]
CCCCCCCCCC[N+](CC)(CC)CC,[Br-]
C[N+](C)(C)c1cccc(O)c1,[Br-]
CC(C[N+](C)(C)C)c1ccccc1,[Br-]
CCCCCCCCCCCCCCCC[N+](C)(C)C(C)O,[Br-]
CC(C)C(C[N+](C)(C)C)c1ccccc1,[Br-]
C=C(C)C[N+](C)(C)c1cccc(O)c1,[Br-]
C[N+](C)(C)CCC(=O)c1ccc(O)cc1,[Br-]
COc1cccc(C(=O)CC[N+](C)(C)C)c1,[Br-]
Cc1ccc(C(C[N+](C)(C)C)c2ccc(C)cc2)cc1,[Br-]
Cc1ccc([N+](C)(C)C(C)c2ccccc2)cc1,[Br-]
COc1ccc([N+](C)(C)C(C)c2ccccc2)cc1,[Br-]
C=C(C)C[N+](C)(C)c1cc(C(C)(C)C)c(O)c(C(C)(C)C)c1,[Br-]
CC(C)=CC[N+](C)(C)c1cc(C(C)(C)C)c(O)c(C(C)(C)C)c1,[Br-]
COc1ccc(C(C[N+](C)(C)C)c2ccc(OC)cc2)cc1,[Br-]
C=C(C)C#CC[N+](C)(C)c1cc(C(C)(C)C)c(O)c(C(C)(C)C)c1,[Br-]
CC(C)(C)c1cc([N+](C)(C)Cc2ccccc2)cc(C(C)(C)C)c1O,[Br-]
CCCCCCCCCCCCCCCC[N+](C)(C)Cc1ccccc1O,[Br-]
CC(C)(C)c1cc([N+](C)(C)CC=Cc2ccccc2)cc(C(C)(C)C)c1O,[Br-]
C=CC[N+](C)(CCOC(=O)CCCCCCCCCCC)CCOC(=O)CCCCCCCCCCC,[Br-]
C=CC[N+](C)(CCOC(=O)CCCCCCCCCCCCCCC)CCOC(=O)CCCCCCCCCCCCCCC,[Br-]
CC[N+](C)(CC)C(C)c1ccccc1,[Br-]
CC[N+](CC)(CC)C(C)c1ccccc1,[Br-]
CCC[N+](CCC)(CCC)C(C)c1ccccc1,[Br-]
CC(c1ccccc1)[N+](C)(C)Cc1ccccc1,[Br-]
CC[N+](CC)(Cc1ccccc1)C(C)c1ccccc1,[Br-]
C=CCC=CC[N+](C)(C)Cc1ccccc1,[Br-]
C=CCC(C)(C=C)[N+](C)(C)Cc1ccccc1,[Br-]
COCC[N+](C)(C)Cc1ccccc1,[Br-]
C[N+](C)(CCCO)Cc1ccccc1,[Br-]
CC=CC(C)[N+](C)(C)C,[Br-]
CC(=O)OC(C)C[N+](C)(C)C,[Br-]
CC[N+](C)(Cc1ccccc1)c1ccccc1,[Br-]
C[N+](C)(C)CC(O)c1ccc(O)c(O)c1,[Br-]
C[N+](C)(C)CCCCCC(=O)O,[Br-]
CCC[N+](C)(CC)Cc1ccccc1,[Br-]
CC(=O)C[N+](C)(C)CC(=O)c1ccccc1,[Br-]
COc1ccc(C(=O)C[N+](C)(C)CC(C)=O)cc1,[Br-]
Cc1cc(C[N+](C)(C)c2ccccc2)cc(C)c1O,[Br-]
CCCCOC[N+](C)(C)C,[Br-]
CCCCCCCCCC[n+]1cccc(CCCCC)c1,[Br-]
CCC(=O)OCCCCCCCCCCC[n+]1ccccc1,[Br-]
CCOC(=O)c1c[n+](Cc2ccccc2)ccc1C(c1ccccc1)c1ccccc1,[Br-]
CCCCCCCC[n+]1ccc(CCC)cc1,[Br-]
CCCCCCCCCCCCCC[n+]1ccc(CCCCCC)cc1,[Br-]
CCCCCCCCCCCCCC[n+]1cccc(CCCCC)c1,[Br-]
CCCCCCCCCC[n+]1ccc(C(=O)OCC)cc1,[Br-]
CCCCCCCCCCCC[n+]1ccc(CCC)cc1,[Br-]
CCCCCCCCCCC[n+]1ccccc1,[Br-]
CCCCCCCC[n+]1ccc(CC)cc1,[Br-]
CCCCCCCCCCCC[n+]1ccc(CC)cc1,[Br-]
CCCCCCCCCC[n+]1ccccc1,[Br-]
CCCCCCCCCCCC[n+]1ccccc1,[Br-]
CCCCCC[C@@H](C)Cc1cccc[n+]1CCCCCC,[Br-]
CCCCc1ccc(C)[n+](CC(=O)OCC)c1,[Br-]
COc1ccc(OC)c(CC[n+]2ccccc2)c1,[Br-]
CCCCCCCCCCCCC[n+]1ccccc1,[Br-]
Fc1ccc(C[n+]2ccccc2)cc1,[Br-]
CCCCCCCCCCCCCC[n+]1ccccc1,[Br-]
CCCC[n+]1ccc(C(=O)OCC)cc1,[Br-]
CC(C)C[n+]1ccccc1,[Br-]
C[n+]1cccc(CCCO)c1,[Br-]
Cc1ccc[n+](Cc2ccccc2)c1,[Br-]
CCCC[n+]1ccccc1SCc1ccccc1,[Br-]
O=C(C[n+]1ccccc1)C1CCCCC1,[Br-]
CCCc1cccc[n+]1C,[Br-]
CCOC(=O)CC[n+]1ccccc1,[Br-]
CCOC(=O)[C@H](CC)[n+]1ccccc1,[Br-]
CCC[n+]1ccccc1,[Br-]
CCN(CC)C(=O)c1ccc[n+](CC)c1,[Br-]
c1ccc(OCC[n+]2ccccc2)cc1,[Br-]
Cc1cc(C)[n+](C)c(C)c1C,[Br-]
C[n+]1ccc(CCCO)cc1,[Br-]
CC[n+]1c(C)cccc1C,[Br-]
C[n+]1cccc(-c2ccccn2)c1,[Br-]
CC(C)OC(=O)C[n+]1ccccc1,[Br-]
Cc1cc[n+](CN2CCOCC2)cc1,[Br-]
C[n+]1ccc(Cc2ccccc2)cc1,[Br-]
CCOC(=O)c1ccc[n+](CCF)c1,[Br-]
Cc1cc[n+](CCc2ccccc2)cc1,[Br-]
CCCC[n+]1cccc(C(=O)O)c1,[Br-]
C=CC[n+]1cccc(C(=O)N(CC)CC)c1,[Br-]
CCOC(=O)C(C(=O)OCC)[n+]1ccccc1,[Br-]
CC(=O)OCCCC[n+]1cccc(O)c1,[Br-]
c1ccc(CO[n+]2ccccc2)cc1,[Br-]
C=CC[n+]1ccccc1,[Br-]
CCOC(=O)c1ccc[n+](C)c1,[Br-]
Cc1ccc[n+](CCO)c1,[Br-]
CC[n+]1ccccc1C,[Br-]
CC(C)[n+]1ccccc1,[Br-]
CCCC[n+]1ccccc1,[Br-]
CC[n+]1ccc(-c2ccncc2)cc1,[Br-]
C=CC[n+]1cccc(O)c1,[Br-]
c1ccc(C[n+]2ccccc2)cc1,[Br-]
CCOC(=O)CCc1cc[n+](C)cc1,[Br-]
CC[n+]1cccc(C(C)=O)c1,[Br-]
C=CC[n+]1cccc(C=O)c1,[Br-]
CC(=O)C[n+]1c(C)cccc1C,[Br-]
CC[n+]1cccc(O)c1,[Br-]
CCO[n+]1ccc(OC)cc1,[Br-]
CCCOC(=O)C[n+]1ccccc1,[Br-]
C=CC[n+]1ccccc1CO,[Br-]
OCC[n+]1ccccc1,[Br-]
C=CC[n+]1ccc(CO)cc1,[Br-]
C#CCCCC[n+]1ccccc1,[Br-]
Cc1ccc[n+](CCC#N)c1,[Br-]
c1cc[n+](-c2ccccn2)cc1,[Br-]
CC(C)[n+]1ccc(CO)cc1,[Br-]
ClCCC[n+]1ccccc1,[Br-]
CC[n+]1ccccc1,[Br-]
C=CC[n+]1ccc(C#N)cc1,[Br-]
CC[n+]1ccc(C)cc1,[Br-]
CC(C)[n+]1ccccc1CO,[Br-]
OCC[n+]1cccc(O)c1,[Br-]
Cc1cc[n+](CCO)cc1C,[Br-]
CC(C)=CC[n+]1ccc(C)cc1,[Br-]
CC(=O)[C@@H](C)[n+]1ccccc1C,[Br-]
Cc1cc[n+](CCC#N)cc1C,[Br-]
CCOC(=O)C[n+]1ccccc1,[Br-]
Cc1cc[n+](CCCBr)cc1,[Br-]
CC=C(C)[C@@H](C)[n+]1ccccc1,[Br-]
COC(=O)c1ccc[n+](C)c1,[Br-]
N#CCC[n+]1cccc(N)c1,[Br-]
CC(=O)[C@@H](C)[n+]1ccccc1,[Br-]
Cc1cc(C)c[n+](CC#N)c1,[Br-]
Cc1cc[n+](C)cc1O,[Br-]
Cc1cc[n+](CCC#N)cc1,[Br-]
N#CCC[n+]1ccccc1,[Br-]
C[n+]1ccccc1,[Br-]
C[n+]1cccc(O)c1,[Br-]
C=C[n+]1ccccc1,[Br-]
c1ccc(-[n+]2ccccc2)cc1,[Br-]
OCC=C[n+]1ccccc1,[Br-]
C=C(C[n+]1ccccc1)C(=O)O,[Br-]
C1=C[C@H]([n+]2ccccc2)CCC1,[Br-]
Cc1cc(C)c[n+](CCC#N)c1,[Br-]
O=C(O)CCC[n+]1ccccc1,[Br-]
COC(=O)c1cc[n+](C)cc1,[Br-]
CC[n+]1ccc(C#N)cc1,[Br-]
N#CC[n+]1ccccc1,[Br-]
C[n+]1ccccc1CO,[Br-]
C=C[n+]1ccc(C)cc1,[Br-]
COc1cc[n+](C(C)C)cc1,[Br-]
Cc1cc[n+](C)cc1,[Br-]
COC(=O)C[n+]1ccccc1,[Br-]
CCC[n+]1cccc(C(N)=O)c1,[Br-]
CC[n+]1ccc(N(C)C)cc1,[Br-]
C#CC[n+]1ccc(C)cc1,[Br-]
Cc1cc[n+](CC#N)cc1,[Br-]
FCC[n+]1ccccc1,[Br-]
CC(=O)c1cc[n+](C)cc1,[Br-]
C=CC[n+]1ccc(C=NO)cc1,[Br-]
NNC(=O)C[n+]1ccccc1,[Br-]
CC(=O)C[n+]1ccccc1,[Br-]
CC[n+]1ccc(C(N)=O)cc1,[Br-]
O=C(O)C=C[n+]1ccccc1,[Br-]
C[C@H](C(N)=O)[n+]1ccccc1,[Br-]
Cc1ccc[n+](C=CC(=O)O)c1,[Br-]
C=CC[n+]1ccccc1C=NO,[Br-]
CC(=O)C[n+]1ccccc1C,[Br-]
OCC[n+]1ccccc1C=NO,[Br-]
Cc1cc[n+](CC#N)c(C)c1,[Br-]
O=C(O)C[n+]1ccccc1,[Br-]
NC(=O)CC[n+]1ccccc1,[Br-]
NC(=O)C[n+]1ccccc1,[Br-]
CCCC[N+]1(C)CCCC1,O=S(=O)([N-]S(=O)(=O)C(F)(F)F)C(F)(F)F
C[N+]1(CCCC(F)(F)F)CCCC1,O=S(=O)([N-]S(=O)(=O)C(F)(F)F)C(F)(F)F
C[N+]1(CCCC(F)(F)F)CCCCC1,O=S(=O)([N-]S(=O)(=O)C(F)(F)F)C(F)(F)F
CC[n+]1ccn(C)c1,CCOP(=O)([O-])OCC
OCC[NH2+]CCO,CCCCOP(=O)([O-])OCCCC
OCC[NH2+]CCO,CS(=O)(=O)[O-]
OCC[NH+](CCO)CCO,CCCCOP(=O)([O-])OCCCC
OCC[NH+](CCO)CCO,CC(=O)[O-]
OCC[NH+](CCO)CCO,O=C[O-]
OCC[NH+](CCO)CCO,CS(=O)(=O)[O-]
CCCC[NH2+]CCCC,CCCCOP(=O)([O-])OCCCC
CCCC[NH2+]CCCC,CC(=O)[O-]
CCCC[NH2+]CCCC,O=C[O-]
CCCC[NH2+]CCCC,CS(=O)(=O)[O-]
CCCC[NH2+]CCCC,NS(=O)(=O)[O-]
CCCC[NH2+]CCCC,O=C1[N-]S(=O)(=O)c2ccccc21
CCCC[NH+](CCCC)CCCC,CS(=O)(=O)[O-]
NCC[NH3+],CCCCOP(=O)([O-])OCCCC
NCC[NH3+],CS(=O)(=O)[O-]
CC[NH+](CC)CC,CS(=O)(=O)[O-]
CC[NH+](CC)CC,O=C1[N-]S(=O)(=O)c2ccccc21
CC[NH2+]CC,CCCCOP(=O)([O-])OCCCC
CC[NH2+]CC,CC(=O)[O-]
CC[NH2+]CC,O=C[O-]
CC[NH2+]CC,CS(=O)(=O)[O-]
CC[NH2+]CC,O=C1[N-]S(=O)(=O)c2ccccc21
C1CC[NH2+]C1,CCCCOP(=O)([O-])OCCCC
C1CC[NH2+]C1,CC(=O)[O-]
C1CC[NH2+]C1,O=C[O-]
C1CC[NH2+]C1,CS(=O)(=O)[O-]
C1CC[NH2+]C1,O=C1[N-]S(=O)(=O)c2ccccc21
CSC(N)=[NH2+],COS(=O)(=O)[O-]
CCSC(N)=[NH2+],[Br-]
CCSC(N)=[NH2+],O=S(=O)([N-]S(=O)(=O)C(F)(F)F)C(F)(F)F
CCSC(NC)=[NH+]C,[Br-]
CCSC(NC)=[NH+]C,CCOS(=O)(=O)[O-]
CCSC(NC)=[NH+]C,O=S(=O)([N-]S(=O)(=O)C(F)(F)F)C(F)(F)F
CCSC(N(C)C)=[N+](C)C,[Br-]
CCNC(=[NH+]CC)SCC,[Br-]
CCCCSC(N)=[NH2+],[Br-]
CCCCSC(N)=[NH2+],O=S(=O)([N-]S(=O)(=O)C(F)(F)F)C(F)(F)F
CCCCSC(NC)=[NH+]C,[Br-]
CCCCSC(N(C)C)=[N+](C)C,[Br-]
CCCCCCSC(N)=[NH2+],[Br-]
CCCCCCSC(NC)=[NH+]C,[Br-]
CCCCCCSC(N(C)C)=[N+](C)C,[Br-]
CCCCCCSC(NCC)=[NH+]CC,[Br-]
CCCCCCCCSC(N)=[NH2+],[Br-]
CCCCCCCCSC(NC)=[NH+]C,[Br-]
CCCCCCCC[P+](C)(CCCCCCCC)CCCCCCCC,[Cl-]
CCCCCCCC[P+](CC)(CCCCCCCC)CCCCCCCC,[Cl-]
CCCCCCCC[P+](CCC)(CCCCCCCC)CCCCCCCC,[Cl-]
CCCCCCCCCCCC[P+](CCCCCCCC)(CCCCCCCC)CCCCCCCC,[Cl-]
CCCCCCCCCCCCCC[P+](CCCCCCCC)(CCCCCCCC)CCCCCCCC,[Cl-]
Cc1n(CC[Si](C)(C)C)cc[n+]1C,O=S(=O)([N-]S(=O)(=O)C(F)(F)F)C(F)(F)F
CCCC[P+](C)(CCCC)CCCC,[Cl-]
CCCC[P+](CC)(CCCC)CCCC,[Cl-]
CCCC[P+](CCC)(CCCC)CCCC,[Cl-]
CCCC[P+](CCCC)(CCCC)CCCC,[Cl-]
CCCCC[P+](CCCC)(CCCC)CCCC,[Cl-]
CCCCCC[P+](CCCC)(CCCC)CCCC,[Cl-]
CCCCCCC[P+](CCCC)(CCCC)CCCC,[Cl-]
CCCCCCCC[P+](CCCC)(CCCC)CCCC,[Cl-]
CCCCCCCCCCCC[P+](CCCC)(CCCC)CCCC,[Cl-]
CCCCCCCCCCCCCC[P+](CCCC)(CCCC)CCCC,[Cl-]
CC[n+]1ccn(C)c1,F[B-](F)(F)F
CC[n+]1ccn(C)c1,O=P([O-])(F)F
CC[n+]1ccn(C)c1,O=S(=O)([O-])C(F)(F)F
Cc1cc2cccc[n+]2cc1C,[Br-]
Cc1cc2cccc[n+]2cc1C,O=S(=O)([N-]S(=O)(=O)C(F)(F)F)C(F)(F)F
Cc1cc2cccc[n+]2cc1C,F[B-](F)(F)F
Cc1cc2cccc[n+]2cc1C,N#C[N-]C#N
CCc1cc2cccc[n+]2cc1CC,[Br-]
CCc1cc2cccc[n+]2cc1CC,O=S(=O)([N-]S(=O)(=O)C(F)(F)F)C(F)(F)F
CCc1cc2cccc[n+]2cc1CC,F[B-](F)(F)F
CCc1cc2cccc[n+]2cc1CC,N#C[N-]C#N
CC[N+](C)(CC)CCOC,F[B-](F)(F)F
COCC[N+](C)(C)CCOC,F[B-](F)(F)F
CCOCC[N+](C)(C)CCOC,F[B-](F)(F)F
CC[N+](C)(CC)CCOC,CC(=O)[O-]
COCC[N+](C)(C)CCOC,CC(=O)[O-]
CCOCC[N+](C)(C)CCOC,CC(=O)[O-]
CCOCC[N+](C)(C)CCOCC,CC(=O)[O-]
CCCCCCCC[N+](C)(C)C1CCCCC1,[Br-]
C[NH+](C)CCCCCCC1CCCCC1,O=C[O-]
CCCCCCCC[N+](C)(C)C1CCCCC1,O=C[O-]
CCCC[N+](C)(C)C1CCCCC1,CC(=O)[O-]
CCCCC(CC)C[N+](C)(C)CC(CC)CCCC,[Cl-]
CCCCC(CC)C[N+](C)(C)CC(CC)CCCC,[Br-]
CCCCC(CC)C[N+](C)(C)CC(CC)CCCC,[I-]
CCCCC(CC)C[N+](C)(C)CC(CC)CCCC,O=[N+]([O-])[O-]
CCCCC(CC)C[N+](C)(C)CC(CC)CCCC,Cc1ccc(S(=O)(=O)[O-])cc1
CCCCC(CC)C[N+](C)(C)CC(CC)CCCC,O=C([O-])c1ccncc1
CCCCC(CC)C[N+](C)(C)CC(CC)CCCC,O=C([O-])c1cccnc1
C[N+](C)(C)CC(=O)O,O=S(=O)([N-]S(=O)(=O)C(F)(F)F)C(F)(F)F
C[n+]1ccn(CCC(F)(F)C(F)(F)C(F)(F)C(F)(F)C(F)(F)C(F)(F)F)c1,F[P-](F)(F)(F)(F)F
CCCC[n+]1ccn(CCC(F)(F)C(F)(F)C(F)(F)C(F)(F)C(F)(F)C(F)(F)F)c1,F[P-](F)(F)(F)(F)F
CCCC[N+](CCCC)(CCCC)CCCC,O=S(=O)([O-])C(F)(F)C(F)(F)C(F)(F)C(F)(F)C(F)(F)C(F)(F)C(F)(F)C(F)(F)F
CCCC[N+](CCCC)(CCCC)CCCC,O=S(=O)([O-])C(F)(F)C(F)(F)C(F)(F)C(F)(F)F
CC[n+]1cccc(C)c1,O=S(=O)([O-])C(F)(F)C(F)(F)C(F)(F)C(F)(F)C(F)(F)C(F)(F)C(F)(F)C(F)(F)F
CCCCCC[n+]1ccn(C)c1,O=S(=O)([O-])C(F)(F)C(F)(F)C(F)(F)C(F)(F)C(F)(F)C(F)(F)C(F)(F)C(F)(F)F
CCCCCCCC[n+]1ccn(C)c1,O=S(=O)([O-])C(F)(F)C(F)(F)C(F)(F)C(F)(F)C(F)(F)C(F)(F)C(F)(F)C(F)(F)F
C[N+]1(CCO)CCCC1,[Cl-]
C[N+]1(CCCO)CCCC1,[Cl-]
C[N+]1(CCO)CCCCC1,[Cl-]
COCC[N+]1(C)CCCCC1,[Cl-]
CC[N+]1(CCO)CCCCC1,[Cl-]
C[N+]1(CCO)CCCC1,O=S(=O)([N-]S(=O)(=O)C(F)(F)F)C(F)(F)F
C[N+]1(CCCO)CCCC1,O=S(=O)([N-]S(=O)(=O)C(F)(F)F)C(F)(F)F
C[N+]1(CCO)CCCCC1,O=S(=O)([N-]S(=O)(=O)C(F)(F)F)C(F)(F)F
CC[N+]1(CCO)CCCCC1,O=S(=O)([N-]S(=O)(=O)C(F)(F)F)C(F)(F)F
CCCCCCCCCCCCCCCCCC[P+](CCCC)(CCCC)CCCC,[c-]1c[nH]nn1
CCCC[P+](CCCC)(CCCC)COC,[c-]1c[nH]nn1
CCCC[P+](CC)(CC)CC,Cc1ncc([N+](=O)[O-])[n-]1
CCCC[P+](CC)(CC)CC,O=[N+]([O-])c1cn[n-]c1
CCCCCCC[P+](CC)(CC)CC,O=[N+]([O-])c1cn[n-]c1
CCCCCCCC[P+](CC)(CC)CC,O=[N+]([O-])c1cn[n-]c1
CCCCCCCCC[P+](CC)(CC)CC,O=[N+]([O-])c1cn[n-]c1
CCCCCCCCCC[P+](CC)(CC)CC,O=[N+]([O-])c1cn[n-]c1
CCCCCCCC[P+](CC)(CC)CC,O=[N+]([O-])c1c[n-]cn1
CCCCCC[N+](CC)(CC)CC,[c-]1c[nH]nn1
CC[P+](CC)(CC)COCCOC,[c-]1c[nH]nn1
CC[P+](CC)(CC)COCCOC,O=[N+]([O-])c1cn[n-]c1
CC[P+](CC)(CC)C1CCCC1,O=[N+]([O-])c1cn[n-]c1
C=CCC[P+](CC)(CC)CC,O=[N+]([O-])c1cn[n-]c1
C=CCC[P+](CC)(CC)CC,O=S(=O)([N-]S(=O)(=O)C(F)(F)F)C(F)(F)F
CCCC[S+]1CCCCC1,O=S(=O)([N-]S(=O)(=O)C(F)(F)F)C(F)(F)F
CCCCCC[n+]1ccn(C)c1,O=[N+]([O-])c1cn[n-]c1
CCCCCC[n+]1ccn(C)c1,[c-]1nc[nH]n1
Cc1n(C)cc[n+]1C1CCCC1,O=[N+]([O-])c1cn[n-]c1
COCCOC[n+]1ccn(C)c1C,[c-]1c[nH]nn1
CC[N+]1=C2CCCCCN2CCC1,[Br-]
CCCC[N+]1=C2CCCCCN2CCC1,[Br-]
CCCCCC[N+]1=C2CCCCCN2CCC1,[Cl-]
CCCCCCCC[N+]1=C2CCCCCN2CCC1,[Cl-]
CC[N+]1=C2CCCCCN2CCC1,N#C[S-]
CCCC[N+]1=C2CCCCCN2CCC1,N#C[S-]
CCCCCCCCCCCCCC[N+]1=C2CCCCCN2CCC1,N#C[S-]
CC[N+](CC)(CC)CC,F[B-](F)(F)F
CC[N+](CC)(CC)CC,F[P-](F)(F)(F)(F)F
CCCC[N+](CC)(CC)CC,F[B-](F)(F)F
CCCC[N+](CC)(CC)CC,F[P-](F)(F)(F)(F)F
CCCCCC[N+](CC)(CC)CC,F[B-](F)(F)F
CCCCCC[N+](CC)(CC)CC,F[P-](F)(F)(F)(F)F
CCCCCCCC[N+](CC)(CC)CC,F[B-](F)(F)F
CCCCCCCC[N+](CC)(CC)CC,F[P-](F)(F)(F)(F)F
C[n+]1ccc(-c2ccncc2)cc1,[I-]
C[n+]1ccc(-c2ccncc2)cc1,O=S(=O)([N-]S(=O)(=O)C(F)(F)F)C(F)(F)F
CCCCCC[n+]1ccc(-c2ccncc2)cc1,[I-]
CCCCCCCCCC[n+]1ccc(-c2ccncc2)cc1,[I-]
CCC(=O)C[n+]1ccccc1,[Br-]
CC(C)C(=O)C[n+]1ccccc1,[Br-]
CC(C)COC(=O)C[n+]1ccccc1,[Br-]
CCCCCCCCCCCC(=O)OCC[n+]1ccccc1,[Br-]
CCCCCCCCCCCCCCCC(=O)OCC[n+]1ccccc1,[Br-]
CCCCCCCCCCCCCCCCCCCC(=O)OCC[n+]1ccccc1,[Br-]
CC(O)c1c(O)c(O)cc[n+]1C,[Br-]
O=C1OCCN1C(=O)c1ccc[n+](Cc2ccccc2)c1,[Br-]
CN(C)C(=O)c1ccc[n+](Cc2ccccc2)c1,[Br-]
N#CCCC[n+]1ccccc1,[Br-]
Cc1ccc[n+](CC#N)c1,[Br-]
Cc1cccc[n+]1CC#N,[Br-]
Cc1ccc(C)[n+](CC#N)c1,[Br-]
Cc1cc[n+](CCCC#N)cc1,[Br-]
Cc1cccc[n+]1CCCC#N,[Br-]
Cc1ccc(C)[n+](CCCC#N)c1,[Br-]
CCc1cc[n+](CC#N)cc1,[Br-]
CCc1cccc[n+]1CC#N,[Br-]
CCc1cc[n+](CCCC#N)cc1,[Br-]
COC(=O)c1ccc[n+](CCCC#N)c1,[Br-]
C[N+]1(CC#N)CCCCC1,[Br-]
C[N+]1(CCCC#N)CCCCC1,[Br-]
N#CC[N+]1(CC#N)CCCC1,[Br-]
N#CC[N+]1(CC#N)CCCCC1,[Br-]
N#CC[n+]1ccccc1,O=S(=O)([N-]S(=O)(=O)C(F)(F)F)C(F)(F)F
Cc1cccc[n+]1CC#N,O=S(=O)([N-]S(=O)(=O)C(F)(F)F)C(F)(F)F
CCc1cc[n+](CC#N)cc1,O=S(=O)([N-]S(=O)(=O)C(F)(F)F)C(F)(F)F
N#CC[N+]1(CC#N)CCCC1,O=S(=O)([N-]S(=O)(=O)C(F)(F)F)C(F)(F)F
N#CC[N+]1(CC#N)CCCCC1,O=S(=O)([N-]S(=O)(=O)C(F)(F)F)C(F)(F)F
Cn1cc[n+](C)c1,CS(=O)(=O)[O-]
CC[n+]1ccn(C)c1,CS(=O)(=O)[O-]
CCC[n+]1ccn(C)c1,CS(=O)(=O)[O-]
CCCC[n+]1ccn(C)c1,CS(=O)(=O)[O-]
CCCCC[n+]1ccn(C)c1,CS(=O)(=O)[O-]
CCCCCCCC[n+]1ccn(C)c1,CS(=O)(=O)[O-]
CCCCCCCCCC[n+]1ccn(C)c1,CS(=O)(=O)[O-]
CCC[n+]1ccn(C)c1,CCS(=O)(=O)[O-]
CCCC[n+]1ccn(C)c1,CCS(=O)(=O)[O-]
CCCCC[n+]1ccn(C)c1,CCS(=O)(=O)[O-]
CCCCCC[n+]1ccn(C)c1,CCS(=O)(=O)[O-]
CCC[n+]1ccn(C)c1,CCCS(=O)(=O)[O-]
CCCC[n+]1ccn(C)c1,CCCS(=O)(=O)[O-]
CCC[n+]1ccn(C)c1,CCCCS(=O)(=O)[O-]
CC[n+]1ccn(C)c1,CCCCCCS(=O)(=O)[O-]
c1ccn2cc[nH+]c2c1,O=C([O-])C(=O)O
c1ccn2cc[nH+]c2c1,O=C([O-])c1ccccc1C(=O)O
c1ccn2cc[nH+]c2c1,O=S(=O)([O-])O
ClCC[NH+]1CCOCC1,O=S(=O)([N-]S(=O)(=O)C(F)(F)F)C(F)(F)F
ClCC[NH+]1CCCCC1,O=S(=O)([N-]S(=O)(=O)C(F)(F)F)C(F)(F)F
ClCC[NH+]1CCCC1,O=S(=O)([N-]S(=O)(=O)C(F)(F)F)C(F)(F)F
CC[NH+](CC)CCCl,O=S(=O)([N-]S(=O)(=O)C(F)(F)F)C(F)(F)F
C[NH+](C)CCCl,O=S(=O)([N-]S(=O)(=O)C(F)(F)F)C(F)(F)F
C[NH+](C)CCCCl,O=S(=O)([N-]S(=O)(=O)C(F)(F)F)C(F)(F)F
CCC[N+]1(C)CCCC1,O=S(=O)([O-])C(F)(F)F
CCCC[n+]1ccc(C#N)cc1,N#C[C-](C#N)C#N
Cn1cc[n+](CC(CBr)N=[N+]=[N-])c1,[Br-]
Cn1cc[n+](CC(Br)CN=[N+]=[N-])c1,[Br-]
Cn1cc[n+](CC(CBr)N=[N+]=[N-])c1,N#C[N-]C#N
Cn1cc[n+](CC(Br)CN=[N+]=[N-])c1,N#C[N-]C#N
CCCC[n+]1csc2ccccc21,F[P-](F)(F)(F)(F)F
CCCCC[n+]1csc2ccccc21,F[P-](F)(F)(F)(F)F
CCCCCC[n+]1csc2ccccc21,F[P-](F)(F)(F)(F)F
CCCCCCC[n+]1csc2ccccc21,F[P-](F)(F)(F)(F)F
CCCCCCCC[n+]1csc2ccccc21,F[P-](F)(F)(F)(F)F
C[N+]1(CCCO)CCOCC1,O=S(=O)([N-]S(=O)(=O)C(F)(F)F)C(F)(F)F
c1ccc([P+](c2ccccc2)(c2ccccc2)c2ccccc2)cc1,[Cl-]
O=[N+]([O-])[N-][N+](=O)[O-],[NH4+]
CC(C)CCC[n+]1ccn(C)c1,O=S(=O)([N-]S(=O)(=O)C(F)(F)F)C(F)(F)F
CC(C)CC[n+]1ccn(C)c1,O=S(=O)([N-]S(=O)(=O)C(F)(F)F)C(F)(F)F
CC(C)CCCC[n+]1ccn(C)c1,O=S(=O)([N-]S(=O)(=O)C(F)(F)F)C(F)(F)F
CC[n+]1cnn(C)c1,O=S(=O)([N-]S(=O)(=O)C(F)(F)F)C(F)(F)F
CCC[n+]1cnn(C)c1,O=S(=O)([N-]S(=O)(=O)C(F)(F)F)C(F)(F)F
CCCCCCCC[n+]1cnn(C)c1,O=S(=O)([N-]S(=O)(=O)C(F)(F)F)C(F)(F)F
CCCC[n+]1cnn(C)c1,F[P-](F)(F)(F)(F)F
CC[S+](C)CC,O=S(=O)([N-]S(=O)(=O)C(F)(F)F)C(F)(F)F
CC[S+](CC)CC,O=S(=O)([N-]S(=O)(=O)C(F)(F)F)C(F)(F)F
CCC[S+](CC)CC,O=S(=O)([N-]S(=O)(=O)C(F)(F)F)C(F)(F)F
CCCC[P+](CC)(CC)CC,FC(F)(F)c1cc[n-]n1
CCCC[P+](CC)(CC)CC,Cc1cc(C(F)(F)F)[n-]n1
CCCCCCCC[P+](CC)(CC)CC,c1ccc2[n-]ncc2c1
CCCCC[N+](C)(C)CC,O=S(=O)([N-]S(=O)(=O)C(F)(F)F)C(F)(F)F
CC[N+](C)(CC)CCCC(F)(F)F,O=S(=O)([N-]S(=O)(=O)C(F)(F)F)C(F)(F)F
CCCC[P+](CCCC)(CCCC)CCCC,c1ccc2[n-]cnc2c1
CCCC[P+](CCCC)(CCCC)CCCC,Brc1ccc2[n-]cnc2c1
CC[P+](CC)(CC)CC,c1ccc2[n-]cnc2c1
C[n+]1cccc2ccc3cccnc3c21,O=S(=O)([N-]S(=O)(=O)C(F)(F)F)C(F)(F)F
C1CC[NH2+]C1,F[B-](F)(F)F
C1CC[NH2+]C1,O=S(=O)([O-])C(F)(F)F
C1CC[NH2+]C1,O=S(=O)([O-])C(F)(F)C(F)(F)C(F)(F)C(F)(F)F
C1CC[NH2+]C1,O=S(=O)([O-])C(F)(F)C(F)(F)C(F)(F)C(F)(F)C(F)(F)C(F)(F)F
C1CC[NH2+]C1,O=S(=O)([O-])C(F)(F)C(F)(F)C(F)(F)C(F)(F)C(F)(F)C(F)(F)C(F)(F)C(F)(F)F
Cc1n(Cn2cccn2)cc[n+]1CCC(F)(F)F,O=S(=O)([N-]S(=O)(=O)C(F)(F)F)C(F)(F)F
Cc1n(Cn2cccn2)cc[n+]1CCCC(F)(F)F,O=S(=O)([N-]S(=O)(=O)C(F)(F)F)C(F)(F)F
Cc1n(Cn2cccn2)cc[n+]1CCC(F)(F)C(F)(F)C(F)(F)C(F)(F)F,O=S(=O)([N-]S(=O)(=O)C(F)(F)F)C(F)(F)F
Cc1n(Cn2cccn2)cc[n+]1CCCC(F)(F)F,F[P-](F)(F)(F)(F)F
Cc1cc(C)n(Cn2cc[n+](C)c2C)n1,O=S(=O)([N-]S(=O)(=O)C(F)(F)F)C(F)(F)F
Cc1cc(C)n(Cn2cc[n+](C)c2C)n1,F[P-](F)(F)(F)(F)F
CCC[N+]1(C)CCCC1,O=S(=O)([N-]S(=O)(=O)C(F)(F)F)C(F)(F)F
CCC[N+]1(C)CCCCC1,O=S(=O)([N-]S(=O)(=O)C(F)(F)F)C(F)(F)F
CCCCn1cc(C[n+]2ccn(C)c2C)nn1,F[P-](F)(F)(F)(F)F
Cc1n(C)cc[n+]1Cc1cn(Cc2ccccc2)nn1,F[P-](F)(F)(F)(F)F
Cn1cc[n+](Cc2cn(Cc3ccccc3)nn2)c1,F[P-](F)(F)(F)(F)F
CCCCn1cc[n+](Cc2cn(Cc3ccccc3)nn2)c1,F[P-](F)(F)(F)(F)F
CCCCn1cc[n+](Cc2cn(-c3ccccc3)nn2)c1,F[P-](F)(F)(F)(F)F
Cc1cc(C)c(-n2cc[n+](Cc3cn(Cc4ccccc4)nn3)c2)c(C)c1,F[P-](F)(F)(F)(F)F
C[n+]1ccn(CCC(F)(F)C(F)(F)C(F)(F)C(F)(F)C(F)(F)C(F)(F)F)c1,O=S(=O)([N-]S(=O)(=O)C(F)(F)C(F)(F)F)C(F)(F)C(F)(F)F
CC[NH+](CC)CC,O=[PH]([O-])O
CC[NH+](CC)CC,Cc1ccc(S(=O)(=O)[O-])cc1
CC[NH+](CC)CC,O=C([O-])C(F)(F)F
c1ccc([P+](c2ccccc2)(c2ccccc2)c2ccccc2)cc1,O=S(=O)([N-]S(=O)(=O)C(F)(F)F)C(F)(F)F
C[N+](C)(C)CCN=[N+]=[N-],N#C[N-][N+](=O)[O-]
C[N+](C)(C)CCN=[N+]=[N-],N#C[N-]C#N
C[N+](C)(C)CCN=[N+]=[N-],[N-]=[N+]=[N-]
N#C[N-][N+](=O)[O-],[N-]=[N+]=NCC[NH2+]CCN=[N+]=[N-]
CC[NH+](CC)CC,[N-]=[N+]=[N-]
CC(C)[NH+](C)C,[N-]=[N+]=[N-]
C#CCn1cc[n+](C)c1,N#C[N-]C#N
CC#CC[n+]1ccn(C)c1,N#C[N-]C#N
CCC#CC[n+]1ccn(C)c1,N#C[N-]C#N
CC[n+]1ccn(C)c1,FC(F)(F)c1cc([B-](c2cc(C(F)(F)F)cc(C(F)(F)F)c2)(c2cc(C(F)(F)F)cc(C(F)(F)F)c2)c2cc(C(F)(F)F)cc(C(F)(F)F)c2)cc(C(F)(F)F)c1
CC[n+]1ccn(C)c1,FC(F)(F)C(O[Al-](OC(C(F)(F)F)(C(F)(F)F)C(F)(F)F)(OC(C(F)(F)F)(C(F)(F)F)C(F)(F)F)OC(C(F)(F)F)(C(F)(F)F)C(F)(F)F)(C(F)(F)F)C(F)(F)F
CCCCCC[n+]1ccn(C)c1,FC(F)(F)C(O[Al-](OC(C(F)(F)F)(C(F)(F)F)C(F)(F)F)(OC(C(F)(F)F)(C(F)(F)F)C(F)(F)F)OC(C(F)(F)F)(C(F)(F)F)C(F)(F)F)(C(F)(F)F)C(F)(F)F
CC[n+]1cn(C)c2ccccc21,FC(F)(F)c1cc([B-](c2cc(C(F)(F)F)cc(C(F)(F)F)c2)(c2cc(C(F)(F)F)cc(C(F)(F)F)c2)c2cc(C(F)(F)F)cc(C(F)(F)F)c2)cc(C(F)(F)F)c1
CC[n+]1cn(C)c2ccccc21,FC(F)(F)C(O[Al-](OC(C(F)(F)F)(C(F)(F)F)C(F)(F)F)(OC(C(F)(F)F)(C(F)(F)F)C(F)(F)F)OC(C(F)(F)F)(C(F)(F)F)C(F)(F)F)(C(F)(F)F)C(F)(F)F
CC[N+]1=C(C)N(C)CC1,FC(F)(F)c1cc([B-](c2cc(C(F)(F)F)cc(C(F)(F)F)c2)(c2cc(C(F)(F)F)cc(C(F)(F)F)c2)c2cc(C(F)(F)F)cc(C(F)(F)F)c2)cc(C(F)(F)F)c1
CC[N+]1=C(C)N(C)CC1,FC(F)(F)C(O[Al-](OC(C(F)(F)F)(C(F)(F)F)C(F)(F)F)(OC(C(F)(F)F)(C(F)(F)F)C(F)(F)F)OC(C(F)(F)F)(C(F)(F)F)C(F)(F)F)(C(F)(F)F)C(F)(F)F
CC[N+]1=C2CCCN2CCC1,O=S(=O)([N-]S(=O)(=O)C(F)(F)F)C(F)(F)F
CCC[N+]1=C2CCCN2CCC1,O=S(=O)([N-]S(=O)(=O)C(F)(F)F)C(F)(F)F
CCCC[N+]1=C2CCCN2CCC1,O=S(=O)([N-]S(=O)(=O)C(F)(F)F)C(F)(F)F
CC[N+]1=C2CCCCCN2CCC1,O=S(=O)([N-]S(=O)(=O)C(F)(F)F)C(F)(F)F
COCCOCC[N+](C)(C)CCOCCOC,[Cl-]
CC[N+](CCOCCOC)(CCOCCOC)CCOCCOC,[Br-]
c1ccc([S+](c2ccccc2)c2ccccc2)cc1,O=S(=O)([N-]S(=O)(=O)C(F)(F)F)C(F)(F)F
c1ccc([S+](c2ccccc2)c2ccccc2)cc1,O=S(=O)([N-]S(=O)(=O)C(F)(F)C(F)(F)F)C(F)(F)C(F)(F)F
c1ccc(Oc2ccccc2[S+](c2ccccc2)c2ccccc2)cc1,O=S(=O)([N-]S(=O)(=O)C(F)(F)F)C(F)(F)F
O=S(=O)(c1ccccc1)c1ccccc1[S+](c1ccccc1)c1ccccc1,O=S(=O)([N-]S(=O)(=O)C(F)(F)F)C(F)(F)F
O=S(=O)(c1ccccc1)c1ccccc1[S+](c1ccccc1)c1ccccc1,O=S(=O)([N-]S(=O)(=O)C(F)(F)C(F)(F)F)C(F)(F)C(F)(F)F
CC[N+](CC)(CC)CC,Fc1c(F)c(F)c([B-](F)(F)F)c(F)c1F
CC[n+]1ccn(C)c1,Fc1c(F)c(F)c([B-](F)(F)F)c(F)c1F
CCCC[n+]1ccn(C)c1,Fc1c(F)c(F)c([B-](F)(F)F)c(F)c1F
CCCCCCCC[n+]1ccn(C)c1,Fc1c(F)c(F)c([B-](F)(F)F)c(F)c1F
CCCC[n+]1ccn(C)c1C,Fc1c(F)c(F)c([B-](F)(F)F)c(F)c1F
CCCC[n+]1ccn(C)c1,COc1c(F)c(F)c([B-](F)(F)F)c(F)c1F
CCCC[n+]1ccn(C)c1,CCCOc1c(F)c(F)c([B-](F)(F)F)c(F)c1F
CCCC[n+]1ccn(C)c1,CC(C)(C)Oc1c(F)c(F)c([B-](F)(F)F)c(F)c1F
CCCC[n+]1ccn(C)c1,Fc1c(F)c([B-](F)(F)F)c(F)c(F)c1OCc1ccccc1
CCCC[n+]1ccn(C)c1,Fc1c(F)c([B-](F)(F)F)c(F)c(F)c1Oc1ccccc1
CCCC[n+]1ccn(C)c1,CC1(C)C2CCC1(C)C(Oc1c(F)c(F)c([B-](F)(F)F)c(F)c1F)C2
C1CCC2=NCCC[NH+]2CC1,CC1=CC(=O)[N-]S(=O)(=O)O1
CN(C)C(=[NH2+])N(C)C,CCN(CC)C(=O)[O-]
CN(C)C(=[NH2+])N(C)C,CC(C)N(C(=O)[O-])C(C)C
CN(C)C(=[NH2+])N(C)C,CC1=CC(=O)[N-]S(=O)(=O)O1
CN(C)C(=[NH2+])N(C)C,CCCCN(C)C(=O)[O-]
CCCCCCCCCCCCCCCC[N+](C)(C)C,Cc1cc(Cl)ccc1OCC(=O)[O-]
CCCCCCCCCCCCCCCC[N+](C)(C)C,O=C([O-])COc1ccc(Cl)cc1Cl
CCCCCCCCCCCCCCCC[N+](C)(C)C,COc1c(Cl)ccc(Cl)c1C(=O)[O-]
CCCCCCCCCCCCCCCCCC[N+](C)(C)C,Cc1cc(Cl)ccc1OCC(=O)[O-]
CCCCCCCCCCCCCCCCCC[N+](C)(C)C,O=C([O-])COc1ccc(Cl)cc1Cl
CCCCCCCCCCCCCCCCCC[N+](C)(C)C,COc1c(Cl)ccc(Cl)c1C(=O)[O-]
CCCCCCCCCCCCCCCCCCCCCC[N+](C)(C)C,Cc1cc(Cl)ccc1OCC(=O)[O-]
CCCCCCCCCCCCCCCCCCCCCC[N+](C)(C)C,O=C([O-])COc1ccc(Cl)cc1Cl
CCCCCCCCCCCCCCCCCCCCCC[N+](C)(C)C,COc1c(Cl)ccc(Cl)c1C(=O)[O-]
C=Cn1cc[n+](CC)c1,O=S(=O)(F)[N-]S(=O)(=O)F
C=CCn1cc[n+](C)c1,O=S(=O)(F)[N-]S(=O)(=O)F
C=Cn1cc[n+](CC)c1,O=S(=O)([N-]S(=O)(=O)C(F)(F)F)C(F)(F)F
NC(N)=[NH2+],O=S(=O)([O-])C(F)(F)C(F)(F)C(F)(F)C(F)(F)F
CCCCCCCCC[n+]1cccnc1,F[B-](F)(F)F
C[n+]1cccnc1,O=S(=O)([N-]S(=O)(=O)C(F)(F)F)C(F)(F)F
CC[n+]1cccnc1,O=S(=O)([N-]S(=O)(=O)C(F)(F)F)C(F)(F)F
CCCCCCCCC[n+]1cccnc1,O=S(=O)([N-]S(=O)(=O)C(F)(F)F)C(F)(F)F
CCCC[P+](CCCC)(CCCC)CCCC,COc1cc(C=CC(=O)[O-])ccc1O
CCCC[N+](CCCC)(CCCC)CCCC,COc1cc(C=CC(=O)[O-])ccc1O
CCCC[P+](CCCC)(CCCC)CCCC,O=C([O-])C=Cc1ccc(O)cc1
CCCC[N+](CCCC)(CCCC)CCCC,O=C([O-])C=Cc1ccc(O)cc1
CCC[N+](C)(C)CC,Br[Al-](Br)(Br)Br
CCCC[N+](C)(C)CCC,Br[Al-](Br)(Br)Br
CCCC[N+](C)(CC)CC,Br[Al-](Br)(Br)Br
CCCCC[N+](CC)(CC)CC,Br[Al-](Br)(Br)Br
CCCCC[P+](CC)(CC)CC,Br[Al-](Br)(Br)Br
CCCC[N+]1(C)CCCC1,O=S(=O)([N-]S(=O)(=O)C(F)(F)C(F)(F)F)C(F)(F)C(F)(F)F
CCC[N+]1(C)CCCC1,O=S(=O)([N-]S(=O)(=O)C(F)(F)C(F)(F)F)C(F)(F)C(F)(F)F
C[N+]1(C)CCCC1,O=S(=O)([N-]S(=O)(=O)C(F)(F)C(F)(F)F)C(F)(F)C(F)(F)F
CCCCCCCCCCCCCC[P+](CCCCCC)(CCCCCC)CCCCCC,O=S(=O)([N-]S(=O)(=O)C(F)(F)F)C(F)(F)F
CCCC[n+]1ccccc1C,F[B-](F)(F)F
CC[n+]1ccn(C)c1,CCCCCCCCOS(=O)(=O)[O-]
CCCC[n+]1cccc(C)c1,O=S(=O)([O-])C(F)(F)F
CC[n+]1cccc(C)c1,O=S(=O)([N-]S(=O)(=O)C(F)(F)F)C(F)(F)F
O=[N+]([O-])[O-],c1ccc2c(c1)CCC[NH2+]2
CCCCCCC[N+](CCCCCC)(CCCCCC)CCCCCCC,[I-]
CCCCCC[N+](CCCCCC)(CCCCCC)CCCCCC,[O-][Cl+3]([O-])([O-])[O-]
CCCCCCC[N+](CCCCCCC)(CCCCCCC)CCCCCCC,[I-]
CCCCC[N+](CCCCC)(CCCCC)CCCCC,N#C[S-]
CCCCCCC[N+](CCCCCC)(CCCCCC)CCCCCC,O=[N+]([O-])[O-]
CCCC[N+](CCCC)(CCCC)CCCC,[Br-]
CCCC[N+](CCCC)(CCCC)CCCC,O=[N+]([O-])[O-]
CCCCC[N+](CCCCC)(CCCCC)CCCCC,[Br-]
CCCC[N+](CCCC)(CCCC)CCCC,[Cl-]
CCCCCC[N+](CCCCCC)(CCCCCC)CCCCCC,F[B-](F)(F)F
CCCCCC[N+](CCCCCC)(CCCCCC)CCCCCC,O=[N+]([O-])[O-]
CCCCCCC[N+](CCCCCC)(CCCCCC)CCCCCCC,[O-][Cl+3]([O-])([O-])[O-]
CCCCCCC[N+](CCCCCCC)(CCCCCCC)CCCCCCC,[O-][Cl+3]([O-])([O-])[O-]
CCCCCC[N+](CCCCCC)(CCCCCC)CCCCCC,[Br-]
CCCCCCC[N+](CCCCCC)(CCCCCC)CCCCCC,[I-]
CCCCCCC[N+](CCCCCC)(CCCCCC)CCCCCC,[Br-]
CCCCCCC[N+](CCCCCCC)(CCCCCCC)CCCCCCC,[Br-]
CCCC[N+](CCC(C)C)(CCC(C)C)CCC(C)C,[Br-]
CCCCC[N+](CCCCC)(CCCCC)CCCCC,O=[N+]([O-])[O-]
CCCCCCC[N+](CCCCCC)(CCCCCC)CCCCCC,[O-][Cl+3]([O-])([O-])[O-]
C[NH+](C)C,O=S(=O)([N-]S(=O)(=O)C(F)(F)F)C(F)(F)F
CCC[N+](C)(C)CCO,[Br-]
CCCC[N+](C)(C)CCO,[Br-]
CCCCCC[N+](C)(C)CCO,[Br-]
CCCC[P+](CCCC)(CCCC)CCCC,CS(=O)(=O)[O-]
CCCCCC[n+]1cccc(C)c1,Cc1ccc(S(=O)(=O)[O-])cc1
CC[n+]1ccn(C)c1,CCOS(=O)(=O)[O-]
CC[n+]1ccn(C)c1,F[P-](F)(F)(F)(F)F
CC[n+]1ccn(C)c1,Cc1ccc(S(=O)(=O)[O-])cc1
CCCCCCCC[n+]1ccn(C)c1,[Cl-]
CCCCCCCCCC(=O)OCC[N+](C)(C)COCCCCC,O=C([O-])C(F)(F)F
CCCCCCCCCCCOC[N+](C)(C)CCO,N#C[N-]C#N
CCCCCCCCCC[N+](C)(C)CCCCCCCCCC,O=[N+]([O-])[O-]
CCn1cc[n+](CC)c1,O=S(=O)([N-]S(=O)(=O)C(F)(F)F)C(F)(F)F
CCCC[n+]1ccc(C)cc1,Cc1ccc(S(=O)(=O)[O-])cc1
CCCC[n+]1ccc(C)cc1,O=S(=O)([N-]S(=O)(=O)C(F)(F)F)C(F)(F)F
Cc1cc(C)[nH+]c(C)c1,Cc1ccc(S(=O)(=O)[O-])cc1
CCCC[n+]1cccc(C)c1,Cc1ccc(S(=O)(=O)[O-])cc1
Cc1cc[n+](C)cc1,Cc1ccc(S(=O)(=O)[O-])cc1
CCCCCC[n+]1cccc2ccccc21,O=S(=O)([N-]S(=O)(=O)C(F)(F)F)C(F)(F)F
CC[N+]1(C)CCCCC1,O=S(=O)([N-]S(=O)(=O)C(F)(F)F)C(F)(F)F
CCCC[N+]1(C)CCCCC1,N#C[S-]
CCCCCC[n+]1cccc(C)c1,O=S(=O)([O-])C(F)(F)F
CCCC[N+]1(C)CCCC1,N#C[S-]
Nc1[nH]nn[n+]1N,[O-][Cl+3]([O-])([O-])[O-]
C[NH+]1C=CN(CCCc2ccccc2)C1,F[P-](F)(F)(F)(F)F
C[NH+]1C=CN(CCc2ccccc2)C1,O=S(=O)([N-]S(=O)(=O)C(F)(F)F)C(F)(F)F
C[NH+]1C=CN(CCCc2ccccc2)C1,O=S(=O)([N-]S(=O)(=O)C(F)(F)F)C(F)(F)F
C[NH+]1C=CN(CCc2ccccc2)C1,F[P-](F)(F)(F)(F)F
CCCC[n+]1ccn(C)c1,COS(=O)(=O)[O-]
Cn1nn[n+](N)c1N,O=[N+]([O-])[O-]
CCCC[N+]1(C)CCCC1,FC(F)(F)C(F)(F)[P-](F)(F)(F)(C(F)(F)C(F)(F)F)C(F)(F)C(F)(F)F
CCn1cc[n+](C)c1C,O=S(=O)([N-]S(=O)(=O)C(F)(F)F)C(F)(F)F
CN(C)C(=[NH2+])N(C)C,O=C([O-])C(F)(F)F
CN(C)C(=[NH2+])N(C)C,O=S(=O)([O-])C(F)(F)F
CN(C)C(=[NH2+])N(C)C,CC(O)C(=O)[O-]
CCCC[P+](CCCC)(CCCC)CCCC,CC(C)[C@H](N)C(=O)[O-]
CC[N+](C)(CC)CC,COS(=O)(=O)[O-]
CCCC[N+]1(CC)CCCC1,CCOS(=O)(=O)[O-]
CC[N+]1(C)CCCC1,CCOS(=O)(=O)[O-]
CC[NH2+]CC,O=S(=O)([O-])O
C[NH+](C)C,O=S(=O)([O-])O
C[NH+](C)C,O=P([O-])(O)O
[NH3+]CCO,O=C([O-])CO
CCCC[n+]1ccn(C)c1,O=S(=O)([O-])O
CCCCCCCC[n+]1ccn(C)c1,O=S(=O)([N-]S(=O)(=O)C(F)(F)F)C(F)(F)F
C[NH2+]C,F[B-](F)(F)F
CCCC[n+]1ccn(C)c1C,[Cl-]
CCC[N+](C)(CCC)CCC,O=S(=O)([N-]S(=O)(=O)C(F)(F)F)C(F)(F)F
CCC[NH+]1C(C)=CC(C)N1C,O=S(=O)([N-]S(=O)(=O)C(F)(F)F)C(F)(F)F
CC[NH+]1C=CN(C)C1,Cl[Al-](Cl)(Cl)Cl
C[NH+](C)N,[N-]=[N+]=[N-]
CCCC[N+]1(C)CCCC1,N#C[B-](C#N)(C#N)C#N
CC[NH+]1C=CN(C)C1,N#C[C-](C#N)C#N
CCCC[N+]1(C)CCCC1,N#C[C-](C#N)C#N
CCCCCCCC[N+](CC)(CC)CC,F[Sb-](F)(F)(F)(F)F
CC[n+]1ccccc1,O=S(=O)([N-]S(=O)(=O)C(F)(F)F)C(F)(F)F
CCCCC[n+]1ccccc1,O=S(=O)([N-]S(=O)(=O)C(F)(F)F)C(F)(F)F
CC[n+]1ccccc1,N#C[N-]C#N
CCC[n+]1ccccc1,N#C[N-]C#N
CCCCC[N+]1(C)CCCC1,O=S(=O)([N-]S(=O)(=O)C(F)(F)F)C(F)(F)F
CCCCCC[N+]1(C)CCCC1,O=S(=O)([N-]S(=O)(=O)C(F)(F)F)C(F)(F)F
CCCCCCCC[N+](CC)(CC)CC,O=S(=O)([N-]S(=O)(=O)C(F)(F)F)C(F)(F)F
COCC[N+]1(C)CCCC1,FC(F)(F)C(F)(F)[P-](F)(F)(F)(C(F)(F)C(F)(F)F)C(F)(F)C(F)(F)F
CCCCCC[N+]12CCN(CC1)CC2,O=S(=O)([N-]S(=O)(=O)C(F)(F)F)C(F)(F)F
CC[N+](C)(C)CCO,O=S(=O)([N-]S(=O)(=O)C(F)(F)F)C(F)(F)F
C[N+](C)(C)CCO,CC(C)(C)C(=O)[O-]
CCCCCC=CCC=CCCCCCCCCN1C=C[NH+](C)C1,O=S(=O)([N-]S(=O)(=O)C(F)(F)F)C(F)(F)F
CCCCCCCC/C=C/CCCCCCCCN1C=C[NH+](C)C1,O=S(=O)([N-]S(=O)(=O)C(F)(F)F)C(F)(F)F
CCCCCCCCC=CCCCCCCCCn1cc[n+](C)c1,O=S(=O)([N-]S(=O)(=O)C(F)(F)F)C(F)(F)F
CCCc1ccc[n+](C)c1,F[P-](F)(F)(F)(F)F
CCC[N+]1(C)CCCC1,F[P-](F)(F)(F)(F)F
CC[n+]1ccn(C)c1,F[As-](F)(F)(F)(F)F
CC[NH+]1C=CN(C)C1,O=S(=O)([C-](S(=O)(=O)C(F)(F)F)S(=O)(=O)C(F)(F)F)C(F)(F)F
CCCn1cc[n+](C)c1C,[Cl-]
CCCCCC[n+]1ccc2ccccc2c1,O=S(=O)([N-]S(=O)(=O)C(F)(F)F)C(F)(F)F
C[n+]1ccn(CC#N)c1,N#Cc1nc(C(F)(F)F)[n-]c1C#N
CCn1c(C)cc(C)[n+]1-c1ccccc1,CS(=O)(=O)[O-]
CCCCn1c(C)cc(C)[n+]1-c1ccccc1,F[B-](F)(F)F
CCCn1c(C)cc(C)[n+]1-c1ccccc1,CS(=O)(=O)[O-]
Cc1cc(C)[n+](-c2ccccc2)n1C,F[B-](F)(F)F
CCCn1c(C)cc(C)[n+]1-c1ccccc1,F[B-](F)(F)F
CCn1c(C)cc(C)[n+]1-c1ccccc1,F[B-](F)(F)F
CCCCCCCCCC[N+](CC)(CC)CCCCCCCCCC,[Br-]
CCCCCCCCCCCC[N+](C)(C)C,[Br-]
CCCCCCCCCCCCCCCC[N+](C)(C)C,[Br-]
CCCC[n+]1ccc(C)cc1,O=S(=O)([O-])C(F)(F)C(F)(F)C(F)(F)C(F)(F)F
CCCC[n+]1ccc(C)cc1,O=S(=O)([O-])C(F)(F)F
CCCCCCCC[n+]1ccn(C)c1,O=S(=O)([O-])C(F)(F)C(F)(F)C(F)(F)C(F)(F)F
CCCCCCCC[n+]1ccn(C)c1,O=S(=O)([O-])C(F)(F)F
CCCCCCCC[n+]1ccn(C)c1,N#C[N-]C#N
CCCCCCCC[n+]1cc(CC)ccc1C,[I-]
CCCC[n+]1cc(C)cc(C)c1,O=S(=O)([O-])C(F)(F)F
CCCCCCCC[n+]1cc(C)cc(C)c1,[I-]
CCCC[n+]1cccc(C)c1C,O=S(=O)([O-])C(F)(F)F
CCCC[n+]1cc(C)cc(C)c1C,O=S(=O)([O-])C(F)(F)F
CCCCCCCC[n+]1cc(C)cc(C)c1,O=S(=O)([O-])C(F)(F)F
CCCC[n+]1cc(C)cc(C)c1,N#C[N-]C#N
CCCCCCCC[n+]1cc(CC)ccc1C,N#C[N-]C#N
CCCC[n+]1cc(C)cc(C)c1,N#C[S-]
CCCCCCCC[n+]1cc(C)cc(C)c1,N#C[S-]
CCCCCCCC[n+]1cc(C)cc(C)c1C,N#C[S-]
CCCCCCCC[n+]1cc(C)cc(C)c1,F[B-](F)(F)F
CCCCCCCCCCCC[n+]1cccc(C)c1,[Cl-]
CCCCCCCC[n+]1cccc(C)c1,[Cl-]
CCCC[n+]1cccc(C)c1,[Cl-]
CCCCCCCCCC[n+]1cccc(C)c1,[Cl-]
CCCCCCCCCCCCCCCCCC[n+]1cccc(C)c1,[Cl-]
CCCCCCCCCCCCCCCC[n+]1cccc(C)c1,[Cl-]
CCCCCCCCCCCCCC[n+]1cccc(C)c1,[Cl-]
CCCCCCOC[n+]1ccccc1,O=S(=O)([O-])NC1CCCCC1
CCCCCCCCCCCCOC[n+]1ccccc1,O=S(=O)([O-])NC1CCCCC1
CCCCCCCCCCCOC[n+]1ccccc1,O=S(=O)([O-])NC1CCCCC1
CCCCCCCOC[n+]1ccccc1,O=S(=O)([O-])NC1CCCCC1
CCCCCCCCCOC[n+]1ccccc1,O=S(=O)([O-])NC1CCCCC1
CCCCCCCCCCCC[n+]1ccccc1,O=S(=O)([O-])NC1CCCCC1
CCCCCCCCCCCCCCCC[n+]1ccccc1,O=S(=O)([O-])NC1CCCCC1
CCCCCCCCCC[N+](C)(C)CCCCCCCCCC,O=S(=O)([O-])NC1CCCCC1
CCCC[NH+]1C=CN(C)C1,O=S(=O)([O-])NC1CCCCC1
CCCC[N+](C)(CCCC)CCCC,COS(=O)(=O)[O-]
CCCC[P+](C)(CCCC)CCCC,COS(=O)(=O)[O-]
CCC[N+]1(C)CCCCC1,[Br-]
CCCC[N+](CCCC)(CCCC)CCCC,O=S(=O)([O-])O
CCCCCCC[n+]1cccc(C)c1,[Cl-]
CCCCCCCCC[n+]1cccc(C)c1,[Cl-]
CCCCC[n+]1cccc(C)c1,[Cl-]
CCC[n+]1cccc(C)c1,[Cl-]
CCCCCC[n+]1cccc(C)c1,[Cl-]
C=CC[n+]1cccc(C)c1,[Cl-]
CC[N+]1(C)CCCC1,O=S(=O)([N-]S(=O)(=O)C(F)(F)F)C(F)(F)F
CC[N+]1(C)CCCC1,F[B-](F)(F)F
CCCC[N+]1(C)CCCC1,[Br-]
CCCCCCCCCCCCc1cc[nH+]cc1,[I-]
CCCCCCCCCCCCc1cc[nH+]cc1,[Cl-]
CCCCCCCCCCCCCCCCC(CCCCCCCCCCCCCCCC)c1cc[n+](C)cc1,[I-]
CCCCCCCCCCCCCCCCC(CCCCCCCCCCCCCCCC)c1cc[n+](C)cc1,[Cl-]
CCCCCCCCCCCCc1cc[n+](C)cc1,[Cl-]
CCCCCCCCCc1cc[nH+]cc1,[Cl-]
CCCCCCCCCCCCc1cc[n+](C)cc1,[I-]
CCCCCCCCCCCCc1cc[n+](C)cc1,[O-][Cl+3]([O-])([O-])[O-]
C[n+]1ccn(Cc2ccc3ccccc3c2)c1,O=S(=O)([N-]S(=O)(=O)C(F)(F)F)C(F)(F)F
c1ccc(Cn2cc[n+](Cc3ccccc3)c2)cc1,O=S(=O)([N-]S(=O)(=O)C(F)(F)F)C(F)(F)F
CCCC[N+](C)(C)C,O=S(=O)([N-]S(=O)(=O)C(F)(F)F)C(F)(F)F
CCCCCCCCCC[n+]1ccn(C)c1,O=S(=O)([O-])C(F)(F)F
CC[n+]1cccc(C)c1,O=C([O-])C(F)(F)C(F)(F)C(F)(F)C(F)(F)F
CCCC[N+]1(C)CCCC1,O=S(=O)([N-]S(=O)(=O)C(F)(F)C(F)(F)C(F)(F)C(F)(F)F)C(F)(F)C(F)(F)C(F)(F)C(F)(F)F
CC[N+]1(C)CCCC1,O=S(=O)([N-]S(=O)(=O)C(F)(F)C(F)(F)C(F)(F)C(F)(F)F)C(F)(F)C(F)(F)C(F)(F)C(F)(F)F
C[N+](C)(C)CCO,O=S(=O)([N-]S(=O)(=O)C(F)(F)C(F)(F)C(F)(F)C(F)(F)F)C(F)(F)C(F)(F)C(F)(F)C(F)(F)F
C[N+](C)(C)CCO,O=S(=O)([O-])C(F)(F)C(F)(F)C(F)(F)C(F)(F)F
CCCCCCCCCC[n+]1ccn(C)c1,F[B-](F)(F)F
C[N+](C)(C)CCO,O=S(=O)([N-]S(=O)(=O)C(F)(F)F)C(F)(F)F
CC[n+]1ccccc1,CS(=O)(=O)[O-]
CC[n+]1ccccc1,O=S(=O)([O-])C(F)(F)F
CCCCCCCC[N+](C)(CCCCCCCC)CCCCCCCC,O=C([O-])C(F)(F)F
CCCC[N+]1(C)CCCC1,O=S(=O)([O-])C(F)(F)F
CCC[n+]1ccn(C)c1,[I-]
c1ccc2sc[nH+]c2c1,F[B-](F)(F)F
c1ccc2sc[nH+]c2c1,Cc1ccc(S(=O)(=O)[O-])cc1
c1ccc2sc[nH+]c2c1,CS(=O)(=O)[O-]
c1ccc2sc[nH+]c2c1,O=S(=O)([O-])C(F)(F)F
CCCC[n+]1ccn(C)c1,CCCCCCCCOS(=O)(=O)[O-]
C[n+]1cn(CCN=[N+]=[N-])cn1,O=[N+]([O-])[O-]
Cn1c[n+](C)nc1N=[N+]=[N-],[I-]
C[n+]1cn(N)cn1,[I-]
Cn1c[n+](C)cn1,I[I-]I
[N-]=[N+]=NC1=NC=C[NH2+]1,[O-][Cl+3]([O-])([O-])[O-]
O=[N+]([O-])[O-],[N-]=[N+]=NC1=NC=C[NH2+]1
CC1=[NH+]N(C)NN1C,O=[N+]([O-])[O-]
[N-]=[N+]=NC1=N[NH2+]C=N1,[O-][Cl+3]([O-])([O-])[O-]
CC(C)C[n+]1ccn(C)c1,O=S(=O)([N-]S(=O)(=O)C(F)(F)F)C(F)(F)F
C[NH+]1C=CN(CCCCN2C=C[NH+](C)C2)C1,F[P-](F)(F)(F)(F)F
CC[n+]1ccccc1,F[P-](F)(F)(F)(F)F
C=CC[NH+](CC)CC,O=S(=O)([O-])C(F)(F)F
CCC[NH+](C)C,O=S(=O)([O-])C(F)(F)F
CC[NH+](C)CC,O=S(=O)([O-])C(F)(F)F
CCC[NH+](CC)CC,O=S(=O)([O-])C(F)(F)F
C=CC[NH+](C)C,O=S(=O)([O-])C(F)(F)F
CCC[NH+](C)CCC,O=S(=O)([O-])C(F)(F)F
C=CC[NH+](C)CC=C,O=S(=O)([O-])C(F)(F)F
CCCCCCCC[n+]1cccc2ccccc21,O=S(=O)([N-]S(=O)(=O)C(F)(F)F)C(F)(F)F
[NH3+]O,[O-][Cl+3]([O-])([O-])[O-]
C[N+](C)(C)CCO,O=C([O-])C(F)(F)F
C[N+](C)(C)CCO,O=C([O-])C(F)(F)C(F)(F)F
C[N+](C)(C)CCO,O=C([O-])C(F)(F)C(F)(F)C(F)(F)F
C[N+](C)(C)CCO,O=C([O-])C(F)(F)C(F)(F)C(F)(F)C(F)(F)F
C[N+](C)(C)CCO,O=C([O-])C(F)(F)C(F)(F)C(F)(F)C(F)(F)C(F)(F)F
C[N+](C)(C)CCO,O=C([O-])C(F)(F)C(F)(F)C(F)(F)C(F)(F)C(F)(F)C(F)(F)F
C[N+](C)(C)CCO,O=C([O-])C(F)(F)C(F)(F)C(F)(F)C(F)(F)C(F)(F)C(F)(F)C(F)(F)F
[NH4+],[F-]
CCCCCCCC[P+](CCCCCCCC)(CCCCCCCC)CCCCCCCC,Cc1cc(Cl)ccc1OC(C)C(=O)[O-]
CCCC[n+]1ccn(C)c1,Cc1cc(Cl)ccc1OC(C)C(=O)[O-]
CCCCCCCCCCCC[n+]1ccccc1,O=C([O-])COc1ccc(Cl)cc1Cl
CCCCCCCCCCCC[n+]1ccccc1,Cc1cc(Cl)ccc1OCC(=O)[O-]
CCCCCCCCCCCCCCCC[n+]1ccccc1,Cc1cc(Cl)ccc1OCC(=O)[O-]
CCCCCCCCCC[N+](C)(C)CCO,[Br-]
CCCCCCCCCC[N+]1(C)CCOCC1,[Br-]
CCCCCCCCCCCC[N+](C)(C)CCOCCO,[Br-]
CC(C)[NH3+],O=C([O-])COc1ccc(Cl)cc1Cl
C[NH2+]C,O=C([O-])COc1ccc(Cl)cc1Cl
OCC[NH2+]CCO,O=C([O-])COc1ccc(Cl)cc1Cl
OCC[NH+](CCO)CCO,O=C([O-])COc1ccc(Cl)cc1Cl
CCCC[P+](CCCC)(CCCC)CC(=O)O,CCCCC(CC)COC(=O)CC(C(=O)OCC(CC)CCCC)S(=O)(=O)[O-]
CCCC[P+](CC)(CCCC)CCCC,CCCCCCCCCCCCCCCCCC(=O)[O-]
CCCCCCCCCCCCCCCC[N+](C)(C)C,CC(C)C1=CC2=CCC3C(C)(C(=O)[O-])CCCC3(C)C2CC1
CCCCCCCCCCCCCCCCCC[N+](C)(C)C,CC(C)C1=CC2=CCC3C(C)(C(=O)[O-])CCCC3(C)C2CC1
CCCCCCCCCC[N+](C)(C)CCCCCCCCCC,CC(C)C1=CC2=CCC3C(C)(C(=O)[O-])CCCC3(C)C2CC1
CCCC[n+]1ccn(C)c1,[NH-]S(=O)(=O)C(F)(F)F
CCCC[N+]1(C)CCCC1,[NH-]S(=O)(=O)C(F)(F)F
CCCC[N+](C)(C)C,[NH-]S(=O)(=O)C(F)(F)F
CCCCCCCC[N+](C)(CCCCCCCC)CCCCCCCC,[NH-]S(=O)(=O)C(F)(F)F
C[n+]1cc2n(n1)CCCC2,[I-]
CC[n+]1cc2n(n1)CCCC2,[I-]
CCC[n+]1cc2n(n1)CCCC2,[I-]
CCCC[n+]1cc2n(n1)CCCC2,[I-]
COC(=O)/C=C/c1ccc(OCCC[n+]2ccn(C)c2)cc1,O=S(=O)([N-]S(=O)(=O)C(F)(F)F)C(F)(F)F
CCCC(CC[n+]1ccn(C)c1)Oc1ccc(/C=C/C(=O)OC)cc1,O=S(=O)([N-]S(=O)(=O)C(F)(F)F)C(F)(F)F
C[NH+](C)CCOC(c1ccccc1)c1ccccc1,CC(C)Cc1ccc(C(C)C(=O)[O-])cc1
CCCCCCCCCCCC[N+](C)(C)CC(=O)O,O=C([O-])COc1ccc(Cl)cc1Cl
CCCCCCCCCCCC[N+](C)(C)CC(=O)O,Cc1cc(Cl)ccc1OCC(=O)[O-]
CCCCCCCCCCCC[N+](C)(C)CC(=O)O,COc1c(Cl)ccc(Cl)c1C(=O)[O-]
CCCCCCCn1c(C)cc(C)[n+]1-c1ccccc1,F[B-](F)(F)F
Cc1cc(C)[n+](-c2ccccc2)n1C,F[P-](F)(F)(F)(F)F
CCn1c(C)cc(C)[n+]1-c1ccccc1,F[P-](F)(F)(F)(F)F
CCCn1c(C)cc(C)[n+]1-c1ccccc1,F[P-](F)(F)(F)(F)F
CCCCn1c(C)cc(C)[n+]1-c1ccccc1,F[P-](F)(F)(F)(F)F
CCCCCn1c(C)cc(C)[n+]1-c1ccccc1,F[P-](F)(F)(F)(F)F
CCCCCCn1c(C)cc(C)[n+]1-c1ccccc1,F[P-](F)(F)(F)(F)F
CCCCCCCn1c(C)cc(C)[n+]1-c1ccccc1,F[P-](F)(F)(F)(F)F
CCCCCCCC[NH+](CCCCCCCC)CCCCCCCC,O=S(=O)([N-]S(=O)(=O)C(F)(F)F)C(F)(F)F
CCCCCC[P+](c1ccccc1)(c1ccccc1)c1ccccc1,[Br-]
CCCCCC[P+](c1ccccc1)(c1ccccc1)c1ccccc1,O=S(=O)([N-]S(=O)(=O)C(F)(F)F)C(F)(F)F
CCCC[n+]1cn(C)c(I)c1I,[I-]
CCCC[n+]1cn(C)c(I)c1I,N#C[N-]C#N
CCCC[n+]1cn(C)c(I)c1I,O=S(=O)([O-])c1ccccc1I
CC[N+]1(C)CCCCC1,Cc1cc(Cl)ccc1OCCCC(=O)[O-]
CCC[N+]1(C)CCCCC1,Cc1cc(Cl)ccc1OCCCC(=O)[O-]
CCCC[N+]1(C)CCCCC1,Cc1cc(Cl)ccc1OCCCC(=O)[O-]
CCCCC[N+]1(C)CCCCC1,Cc1cc(Cl)ccc1OCCCC(=O)[O-]
CCCCCCC[N+]1(C)CCCCC1,Cc1cc(Cl)ccc1OCCCC(=O)[O-]
CCCCCCCCCC[N+]1(C)CCCCC1,Cc1cc(Cl)ccc1OCCCC(=O)[O-]
CCCCCCCCCCC[N+]1(C)CCCCC1,Cc1cc(Cl)ccc1OCCCC(=O)[O-]
CCCCCCCCCCCC[N+]1(C)CCCCC1,Cc1cc(Cl)ccc1OCCCC(=O)[O-]
CCCCCCCCCCCCCC[N+]1(C)CCCCC1,Cc1cc(Cl)ccc1OCCCC(=O)[O-]
CCCCCCCCCCCCCCCC[N+]1(C)CCCCC1,Cc1cc(Cl)ccc1OCCCC(=O)[O-]
CCCCCCCCCCCCCCCCCC[N+]1(C)CCCCC1,Cc1cc(Cl)ccc1OCCCC(=O)[O-]
CCC1([n+]2ccccc2)C=CC=CC1c1ccc(F)cc1F,F[P-](F)(F)(F)(F)F
CCCCCCCCCCCCCCCC[P+](CCCC)(CCCC)CCCC,C[Si](C)(C)CCS(=O)(=O)[O-]
CC[n+]1ccccc1-c1ccccc1,[I-]
C1CCC2=NCCC[NH+]2CC1,O=[N+](O)c1c[n-]cn1
CCCCCCCCCCCC[P+](CCCC)(CCCC)CCCC,C[Si](C)(C)CCS(=O)(=O)[O-]
C1CCC2=NCCC[NH+]2CC1,O=[N+](O)c1ncc[n-]1
CC1([n+]2ccccc2)C=CC=CC1c1ccc(F)cc1F,F[P-](F)(F)(F)(F)F
CCN(CC)CC[n+]1ccn(C)c1,O=S(=O)([N-]S(=O)(=O)C(F)(F)F)C(F)(F)F
C[n+]1ccccc1-c1ccccc1,[I-]
CCCCCCCCCCCCCCCC[P+](CCCC)(CCCC)CCCC,C[Si](C)(C)CCCS(=O)(=O)[O-]
CCCCCCCCCCCC[P+](CCCC)(CCCC)CCCC,C[Si](C)(C)CCCS(=O)(=O)[O-]
CCC1([n+]2ccccc2)C=CC=CC1c1ccc(F)cc1F,[I-]
C[n+]1ccccc1-c1ccccc1,F[P-](F)(F)(F)(F)F
CC[n+]1ccccc1-c1ccccc1,F[P-](F)(F)(F)(F)F
C[n+]1ccccc1-c1ccc(F)cc1F,[I-]
CC[P+](CC)(CC)COC,N#C[N-]C#N
CCOCC[N+]1(C)CCCC1,F[B-](F)(F)C(F)(F)C(F)(F)F
CCCCCCCCCCCCCC[P+](CCCCCC)(CCCCCC)CCCCCC,O=[N+]([O-])[O-]
CC[N+](CC)(CC)CC,O=S(=O)(F)[N-]S(=O)(=O)C(F)(F)C(F)(F)F
CCCCc1ccc([N+]#N)cc1,O=S(=O)([N-]S(=O)(=O)C(F)(F)F)C(F)(F)F
CC[N+](CC)(CC)CC,O=S(=O)(F)[N-]S(=O)(=O)C(F)(F)F
CC[N+]1=C(OC)CCC1,O=S(=O)(F)[N-]S(=O)(=O)F
CC[N+](C)(C)COC,F[B-](F)(F)C(F)(F)C(F)(F)F
CCCC[n+]1ccn(C)c1,F[PH](F)(F)(F)(F)F
CCCCCC[n+]1ccsc1,O=S(=O)([N-]S(=O)(=O)C(F)(F)F)C(F)(F)F
CCCC[N+](CCCC)(CCCC)CCCC,CCC(=O)[O-]
CCCCCCCCCCCC[n+]1cc[nH]c1,O=S(=O)([N-]S(=O)(=O)C(F)(F)F)C(F)(F)F
CCCCCCCCCCCn1cc[n+](C)c1,F[B-](F)(F)F
CC[n+]1ccc(C#N)cc1,CCOS(=O)(=O)[O-]
CCCC[n+]1cccc(C#N)c1,O=S(=O)([N-]S(=O)(=O)C(F)(F)F)C(F)(F)F
CCCC[P+](CCCC)(CCCC)CCCC,N=C(N)NCCC[C@H](N)C(=O)[O-]
CCCCCCCCCCCCCC[N+](C)(C)CC,c1cn[n-]c1
CC(C)N(CC[n+]1ccn(C)c1)C(C)C,O=S(=O)([N-]S(=O)(=O)C(F)(F)F)C(F)(F)F
CC[n+]1cc[nH]c1C,O=S(=O)([O-])OC(C(F)(F)F)C(F)(F)F
CCCCCCCC[n+]1ccc2ccccc2c1,O=S(=O)(F)[N-]S(=O)(=O)F
C[N+](C)(C)CCO,CC(C)C(=O)[O-]
CCCCCCCCCCCC[n+]1ccn(CCCC)c1C,[Br-]
C[N+](C)(C)C,O=S(=O)([O-])CCCN1CCOCC1
CCCCCCCCCCCCCCCC[N+](C)(C)C,c1nnc[n-]1
CCCC[N+](CCCC)(CCCC)CCCC,O=C([O-])c1ccccn1
CCCCCCCCCCCCCCn1cc[n+](C)c1,F[B-](F)(F)F
CC[NH+]1C=NC([N+](=O)[O-])=C1,O=[N+]([O-])[O-]
CC[N+](CC)=C(C)OC,O=S(=O)([O-])C(F)(F)F
CCC[N+](C)(C)C,O=S(=O)(F)[N-]S(=O)(=O)F
CCC[n+]1ccn(-c2ccc(C)cc2)c1,O=S(=O)([N-]S(=O)(=O)C(F)(F)F)C(F)(F)F
CCCC[n+]1ccc(C)cc1,F[P-](F)(F)(F)(F)F
CCCCCCCCCCn1c[n+](CCF)cn1,O=S(=O)([O-])C(F)(F)F
C[N+]1(CCCCCC#N)CCCC1,[Br-]
C[N+](C)(C)CCO,O=C([O-])c1ccccc1
CCC[N+](CCC)(CCC)CCOCC,F[B-](F)(F)F
CC[N+](C)(C)CCCC(F)(F)F,O=S(=O)([N-]S(=O)(=O)C(F)(F)F)C(F)(F)F
C=CCn1cc[n+](C)c1,[Cl-]
CC[NH+](CC)CCOC(=O)c1ccc(N)cc1,CC(=O)[O-]
CCCCCCCCCCCCCCCC[n+]1ccn(-c2ccccc2C)c1,[I-]
CCCCCCCC[n+]1ccn(Cc2cc(Cn3ccnc3)cc(Cn3cc[n+](CCCCCCCC)c3)c2)c1,[Br-]
CCCCCCCCCCCCCC[N+](C)(C)CC,c1c[n-]cn1
CCCC[N+]1(C)CCCCCC1,O=S(=O)([O-])C(F)(F)F
CCCCCC[n+]1ccc(-c2ccncc2)cc1,O=S(=O)([N-]S(=O)(=O)C(F)(F)F)C(F)(F)F
C[N+]1(C)CCCC1,O=[N+]([O-])c1c[n-]nn1
CCCCCCCC[N+](CCCCCCCC)(CCCCCCCC)CCCCCCCC,Cc1ccc(S(=O)(=O)[O-])cc1
CCn1c[n+](C)c(C)c1C,O=S(=O)([N-]S(=O)(=O)C(F)(F)F)C(F)(F)F
CC(C)[n+]1cc(P(=O)(c2ccccc2)c2ccccc2)n(C)c1,F[B-](F)(F)F
CCCC[N+]1(CCCC#N)CCCC1,[I-]
c1ccc(C[n+]2ccccc2)cc1,O=S(=O)([O-])C(F)(F)F
CCCCCCCCCCCCCCOC(=O)C[N+](C)(C)C,N#C[N-]C#N
CCCCCCCCCCCCCCCC[n+]1ccccc1,CC(=O)Oc1ccccc1C(=O)[O-]
CCCCCCCCCCCCn1cc[n+](Cc2ccccc2)c1C,[Cl-]
CCCC[P+](CCCC)(CCCC)CCCC,N#C[N-]C#N
CCC[n+]1ccn(-c2ccc(C)cc2C)c1,[Br-]
CC[N+](CCO)(CCO)CCO,[Br-]
CCCCC[N+]1=C(CC)OC[C@@H]1C(C)C,F[PH](F)(F)(F)(F)F
C#CC[n+]1ccn(C)c1,O=[N+]([O-])[O-]
CCCCCCCCCCCCCCCCOC(=O)C[N+](C)(C)C,N#C[N-]C#N
CCCCCCCCCCCCCC[n+]1ccn(C)c1,F[PH](F)(F)(F)(F)F
CCCCCCCCCCCCCCCCCCn1cc[n+](C)c1,O=S(=O)(F)[N-]S(=O)(=O)F
CCCCCCCCCCCCCCCCCCCCCCn1cc[n+](C)c1,O=S(=O)([N-]S(=O)(=O)C(F)(F)F)C(F)(F)F
CCCC[N+](CCCC)(CCCC)CCCC,CCCCc1ccc([B-](F)(F)F)cc1
C[n+]1ccn(CC#N)c1,N#C[N-]C#N
OC(COC1CCCCC1)C[n+]1ccccc1,[Cl-]
CCCCCCCCCCCC[n+]1ccn(C)c1,COc1ccccc1/C=C/C(=O)[O-]
CC(C)(C)OC(=O)NCCn1cc[n+](C(c2ccccc2)(c2ccccc2)c2ccccc2)c1,[Cl-]
CCCCn1c[n+](CCC(F)(F)C(F)(F)C(F)(F)C(F)(F)F)cn1,O=S(=O)([N-]S(=O)(=O)C(F)(F)F)C(F)(F)F
CCCCCCCCCCCCCCCCCC[N+]1(C)CCCC1,O=S(=O)([N-]S(=O)(=O)C(F)(F)F)C(F)(F)F
CCCC[n+]1ccn(C)c1,O=P([O-])(O)O
CCCCCCCCCCCCCCCCCC[n+]1ccccc1,[Br-]
CCCCCC[N+]1(C)CCCC1,[Br-]
CCCC[n+]1ccn(-c2ccc(CC)cc2)c1,[I-]
CCCC[N+](CCCC)(CCCC)CCCC,COc1cccc([B-](F)(F)F)c1
Cc1cc(C)[n+](-c2ccc(Br)cc2)n1C,CS(=O)(=O)[O-]
CCC[N+](C)(C)C,F[B-](F)(F)c1ccccc1
CCCCCCCCCCCCCCOc1cc[n+](CCCCCCCCCCCCCC)cc1,[Br-]
CCCCCCCCCCCCCC[n+]1ccc(C)cc1,[Br-]
Cn1cc[n+](CCO[N+](=O)[O-])c1,O=[N+]([O-])c1cc([N+](=O)[O-])c([O-])c([N+](=O)[O-])c1
CCCC[N+](CCCC)(CCCC)CC(=O)OCC,[Br-]
CO[N+]1(C)CCOCC1,[O-][I+3]([O-])([O-])[O-]
CC[N+](C)(CC)CCOC,[Br-]
C=Cn1c[n+](CC)cn1,[Br-]
CCn1c[n+](CC)cn1,[I-]
CCCCCCCCCCCCCCCCn1cc[n+](CCCS(=O)(=O)O)c1,CS(=O)(=O)[O-]
CCCCCCCCCC[n+]1cccc2ccccc21,[Br-]
CCCCCCCC[N+](CC)(CC)CC,F[PH](F)(F)(F)(F)F
C[N+](C)(C)CCN=[N+]=[N-],[I-]
C[N+]1(C)CCOCC1,[Cl-]
CCCCCCn1cc[n+](CCC(F)(F)C(F)(F)C(F)(F)C(F)(F)C(F)(F)C(F)(F)C(F)(F)C(F)(F)F)c1,[I-]
CCCCCCCCCCCC[n+]1csc2ccccc21,[I-]
CCCC[N+](CCCC)(CCCC)CCCC,FC(F)(F)c1cc([B-](c2cc(C(F)(F)F)cc(C(F)(F)F)c2)(c2cc(C(F)(F)F)cc(C(F)(F)F)c2)c2cc(C(F)(F)F)cc(C(F)(F)F)c2)cc(C(F)(F)F)c1
CCn1cc([N+](=O)[O-])[n+](C)c1,O=S(=O)([O-])C(F)(F)F
CCCCCC[n+]1c(C)cc(C)n1C,CS(=O)(=O)[O-]
CC[N+](C)(CC)CC,N#C[B-](F)(C#N)C#N
CCCC[P+](CCCC)(CCCC)CCCC,O=C([O-])C(=O)[O-]
[NH3+]C(=O)c1cccnc1,CC(C)Cc1ccc(C(C)C(=O)[O-])cc1
Cn1cc[n+](CCC(F)(F)C(F)(F)C(F)(F)C(F)(F)C(F)(F)C(F)(F)F)c1,[I-]
CCC[n+]1ccn(-c2ccccc2)c1,[Br-]
CCCCCCCCCCCCCCCCCCCCCC[n+]1ccc(-c2ccccc2)cc1,Cc1ccc(S(=O)(=O)[O-])cc1
CCCCCCn1ccc[n+]1CCCCCC,[Br-]
N#CCCC[n+]1ccccc1,F[PH](F)(F)(F)(F)F
CCCCCCCCCCCCCCOC(=O)C[N+](C)(C)C,F[B-](F)(F)F
CCCCCCCCCCCC[n+]1ccn(-c2ccc([N+](=O)[O-])cc2)c1,[Br-]
C[N+]1(CC#N)CCCC1,[Br-]
N#CCCCn1cc[n+](CCCC#N)c1,[Cl-]
CCCC[N+](C)(CCCC)CCCC,N#C[S-]
C=C(C)C(=O)OCC[N+](C)(C)CC,[Br-]
CCCCCCCn1cc[n+](-c2ccccc2OC)c1,[Br-]
CSC(=O)c1cccc2c1sn[n+]2C,COS(=O)(=O)[O-]
C=CC[n+]1c(C)c(C)n(CC)c1C(C)C,[Br-]
CCCC[N+]1(C)CCOC1,[Br-]
CC[n+]1ccc(C(=O)OC)cc1,[I-]
CC[n+]1ccn(-c2ccccc2)c1,[Br-]
CCCCCC[n+]1ccn(-c2c(C)cc(C)cc2C)c1,[Br-]
CCCCC[n+]1ccn(-c2ccccc2)c1,[Br-]
CCCCn1cc[n+](-c2ccc(Br)cc2)c1,[I-]
CCCCCCCCCCC[n+]1ccn(-c2ccccc2C)c1,[Br-]
CCCCCC[n+]1cn(-c2ccccc2)cn1,[Br-]
CCCCCC[n+]1ccn(Cc2ccc(/C=C/c3ccccc3)cc2)c1,[I-]
c1ccc(C[n+]2ccccc2)cc1,[Cl-]
C[N+]1(CCC#N)CCCC1,[I-]
CCCCCC[n+]1csc2ccccc21,[I-]
CCCC[n+]1ccn(-c2c(C)cc(C)cc2C)c1,F[PH](F)(F)(F)(F)F
CC(C#N)[n+]1ccn(C)c1,[Br-]
CC(C)C[N+]1(C)CCCC1,[BH4-]
N#CCn1c[n+](CC#N)cn1,O=[N+]([O-])[O-]
CCCCCCCCCCCC[n+]1ccn(-c2c3ccccc3cc3ccccc23)c1,[I-]
CCn1c(C)c(C)[n+](C)c1C,[I-]
CCCC[P+](C)(CCCC)CCCC,F[B-](F)(F)F
C[n+]1cccnc1,[I-]
O=S(=O)(c1ccccc1)c1ccc([P+](c2ccccc2)(c2ccccc2)c2ccccc2)cc1,O=S(=O)([N-]S(=O)(=O)C(F)(F)F)C(F)(F)F
CCCCCCCCCCCC[n+]1ccc(C#N)cc1,F[PH](F)(F)(F)(F)F
C=CC[N+](C)(C)c1ccc(Br)cc1,[Br-]
CC(=O)OCC[N+](C)(C)C,[Cl-]
Cc1cccc[n+]1C,[I-]
CCC[n+]1ccn(-c2ccc(Br)cc2)c1,[Br-]
C[N+](C)(C)CCO,O=C([O-])CSc1c[nH]c2ccccc12
CCCCCCCC[n+]1ccn(-c2ccc3c(c2)Cc2ccccc2-3)c1,[I-]
CC(C)(C)c1cc[n+](Cc2ccccc2)cc1,[Br-]
Cc1cc(C)[n+](-c2ccc([N+](=O)[O-])cc2)n1C,F[B-](F)(F)F
Cc1nc(-n2nc(-c3ccccc3)n[n+]2-c2ccccc2)sc1C,[Br-]
Cc1cc(C)c(-[n+]2ccn(C3CCCCCCC3)c2)c(C)c1,F[B-](F)(F)F
CC[N+](CC)(CC)CC,[I-]
CCCCCCCCCCCC[N+]1(C)CCCC1,[Br-]
CC[n+]1cn(-c2ccccc2)cn1,[Br-]
CCCCCCCCCCCCCCCCCC[n+]1ccc(/C=C/c2ccccc2)cc1,[I-]
CC[N+]1(CCCC#N)CCCC1,[I-]
CC[n+]1ccn(-c2c(C)cc(C)cc2C)c1,[Br-]
CC[N+](CC)(CC)Cc1ccccc1,[Br-]
O=C(O)C[n+]1cccc2ccccc21,[Cl-]
C=CC[N+](C)(C)c1ccc(C)cc1,[I-]
Cn1cc[n+](C)c1P(c1ccccc1)c1ccccc1,[Cl-]
BrCCC[P+](c1ccccc1)(c1ccccc1)c1ccccc1,[Br-]
c1ccc(C[P+](c2ccccc2)(c2ccccc2)c2ccccc2)cc1,[Cl-]
Cc1ccc(C[P+](c2ccccc2)(c2ccccc2)c2ccccc2)cc1,[Br-]
CCCC[N+]1(C)CCCCC1,[Br-]
NC(N)=[NH2+],O=S(=O)([O-])O
CC(C)[C@@H]1CC[C@@H](C)C[C@H]1OC(=O)C[n+]1cn(C)c2ccccc21,F[PH](F)(F)(F)(F)F
CCCCCCCCCCCCCCCCCCCC[N+]12CCN(CC1)CC2,[Br-]
CCCCCCCOC(=O)C[N+](C)(C)C,[Br-]
CCCCCCCCCCOC(=O)C[N+](C)(C)C,[Br-]
CCCCCCCCCCn1cc[n+](-c2c(C)cc(C)cc2C)c1,[Br-]
Cc1ccc([N+]#N)cc1,F[B-](F)(F)F
CCCCCCCCCCOC(=O)[C@H](Cc1ccccc1)NC(=O)C[n+]1ccccc1,[Br-]
Cn1cc[n+](CCOc2ccccc2C=O)c1,[Br-]
Cc1cc[n+](CO[C@@H]2C[C@H](C)CC[C@H]2C(C)C)cc1,[Cl-]
C1=C[NH+](Cc2ccccc2)C=N1,Cc1ccc(S(=O)(=O)[O-])cc1
CC[S+](CC)CC,F[B-](F)(F)F
CC[N+](CC)(CC)CCCCBr,[Br-]
CCCC[N+]1(CCCC)CCCCC1,Cc1ccc(S(=O)(=O)[O-])cc1
CCCC[N+](C)(C)C(C)CC(F)(F)F,[I-]
N#[N+]c1ccccc1Oc1ccccc1,F[B-](F)(F)F
CC(C)(C)C(O)(CCc1ccc(Cl)cc1)C[NH+]1C=NC=N1,O=P([O-])(O)O
CCCCCCCCCCNC(=O)CCCCC[n+]1ccccc1,[Br-]
CCCCC[N+]1(CCCCC)CCCCC1,Cc1ccc(S(=O)(=O)[O-])cc1
c1ccc([P+](c2ccccc2)(c2ccccc2)c2ccccc2)cc1,FC(F)(F)C(F)(F)[PH-](F)(F)(C(F)(F)C(F)(F)F)C(F)(F)C(F)(F)F
Cc1ccc(-[n+]2ccccc2)cc1,[Cl-]
CCCCCCCCCCCC[n+]1ccn(CCCCC(=O)O[C@H]2CN[C@H](C(=O)O)C2)c1,F[B-](F)(F)F
CCOC(=O)CCC[N+]1(C)CCCC1,[Br-]
CCCCCCCCCCCCNC(=O)CCCCC[n+]1ccccc1,[Br-]
COCCN(CCOC)C(=O)C[n+]1ccn(C)c1C,[Br-]
C[N+](C)(C)C,FC(F)(F)[N-]C(F)(F)F
Cn1cc[n+](Cc2cc(=O)cc(-c3ccccc3)o2)c1,F[B-](F)(F)F
CCCCCCC[n+]1ccc(-c2ccncc2)cc1,[Br-]
CC[N+](CC)(CC)Cc1ccccc1,Cc1ccc(S(=O)(=O)[O-])cc1
C[N+](C)(N)N,O=[N+]([O-])[O-]
Ic1ccc(C[n+]2ccccc2)cc1,F[B-](F)(F)F
Cc1csc[n+]1C,[I-]
O=C(C[n+]1cccc(C=Nc2ccc(F)cc2)c1)c1ccc([N+](=O)[O-])cc1,F[B-](F)(F)F
CCOC(=O)C[n+]1ccn(C)c1C,[Br-]
C[NH2+]C,[Br-]
CN1[NH2+]N(Cc2ccccc2)C=C1c1ccccc1,[I-]
c1ccc(Cn2cc[n+](Cn3nnc4ccccc43)c2)nc1,F[P-](F)(F)(F)(F)F
CC[n+]1ccn2c1CCC2,[Br-]
CCCC[n+]1cccc(C#N)c1,[I-]
Cc1n[n+](C)c(C)n1N,F[PH](F)(F)(F)(F)F
C[N+](C)(C)CCCCCBr,[Br-]
CSc1scc[n+]1C,[I-]
CC[n+]1csc2ccccc21,[I-]
Cc1cc(C)c(N2CC[N+](c3c(C)cc(C)cc3C)=C2C(F)=C(F)F)c(C)c1,F[B-](F)(F)F
COc1ccc(C(C)[P+](c2ccccc2)(c2ccccc2)c2ccccc2)c(OC)c1,F[B-](F)(F)F
Cn1ccc[n+]1C,[I-]
Fc1c(F)c(F)c(C[n+]2ccccc2)c(F)c1F,[Br-]
C[N+](C)(C)CCl,[Cl-]
N#Cc1cc(Cn2c[n+](CCC(=O)O)c3ccccc32)c([N+](=O)[O-])cc1C#N,[Br-]
CC[P+](c1ccccc1)(c1ccccc1)c1ccccc1,[I-]
COc1cc(C=NCCn2cc[n+](C)c2)ccc1O,F[P-](F)(F)(F)(F)F
CCCCCCCCCCCCCCCC[N+](C)(C)CC,[Br-]
CCCC[n+]1ccn(C)c1C,CCCCCCCC/C=C\CCCCCCCCOCCOCCOS(=O)(=O)[O-]
C[N+]1(C)CCC(OC(=O)C(O)(c2ccccc2)C2CCCC2)C1,[Br-]
C=CCSc1oc(-c2ccccc2)nc1[P+](c1ccccc1)(c1ccccc1)c1ccccc1,[I-]
COC[P+](c1ccccc1)(c1ccccc1)c1ccccc1,[Cl-]
Cc1cc(C)c(Cn2cc[n+]3c4ccc(Cl)cc4c(-c4ccccc4)c(-c4ccccc4)c23)c(C)c1,[Cl-]
CCSc1oc(-c2ccc(Cl)cc2)nc1[P+](c1ccccc1)(c1ccccc1)c1ccccc1,[I-]
CCCCCCCCCCCCCCCCCC[N+](C)(C)C,[Br-]
CCCCn1c[n+](Cc2cc(=O)cc(-c3ccccc3)o2)c2ccccc21,[I-]
CC[P+](c1ccccc1)(c1ccccc1)c1ccccc1,[Cl-]
CCCCCCCCCCCCCC[N+](C)(C)C,[Br-]
CCCCCCCCCCCCCC[P+](CCCCCC)(CCCCCC)CCCCCC,O=S(=O)([O-])[O-]
CC[n+]1cccc(C(F)(F)F)c1,O=S(=O)([N-]S(=O)(=O)C(F)(F)F)C(F)(F)F
CCCC[n+]1c(C)c(C)n(C)c1C,O=S(=O)([N-]S(=O)(=O)C(F)(F)F)C(F)(F)F
CCC[N+]1(C)CCCC1,COP(=O)([O-])SC
CCCCCCCCCCCCCCOC[N+](C)(C)CCO,CC1=CC(=O)[N-]S(=O)(=O)O1
FC(F)(F)C(F)(F)C(F)(F)C(F)(F)CC[n+]1ccccc1,O=S(=O)([N-]S(=O)(=O)C(F)(F)F)C(F)(F)F
CCCCOCn1cc[n+](COCCC)c1CC,F[PH](F)(F)(F)(F)F
CCCCCCCOCn1cc[n+](COCCCCCCC)c1,F[B-](F)(F)F
CCC[N+]1(C)CCCCC1,Cc1cc(Cl)ccc1OCC(=O)[O-]
CCC[N+]1(C)CCCC1,COP(=O)([O-])[Se]C
CCCCCCCCCC[P+](C)(CCCCCCCCCC)CCCCCCCCCC,[O-][Cl+3]([O-])([O-])[O-]
CC[NH+](CC)CC,O=S(=O)([N-]S(=O)(=O)C(F)(F)C(F)(F)C(F)(F)C(F)(F)F)C(F)(F)C(F)(F)C(F)(F)C(F)(F)F
COC(=O)CCSC(SC)=[N+]1CCCCC1,O=S(=O)([O-])C(F)(F)F
CCCCCC[n+]1cccc(C(=O)O)c1,O=S(=O)([O-])O
CCCCCCCCCCCCSC[n+]1ccn(C)c1,F[B-](F)(F)F
CCOC(=O)[C@@H](OC(=O)C[n+]1ccn(C)c1)c1ccccc1,O=S(=O)([N-]S(=O)(=O)C(F)(F)F)C(F)(F)F
C=Cn1cc[n+](CCO)c1,[Br-]
CCCC[NH+]1C[Si](C)(C)O[Si](C)(C)C1,CS(=O)(=O)[O-]
c1ccc(COn2cc[n+](OCc3ccccc3)c2)cc1,O=S(=O)([N-]S(=O)(=O)C(F)(F)F)C(F)(F)F
C[NH+](C)Cc1ccccc1,O=S(=O)([N-]S(=O)(=O)C(F)(F)F)C(F)(F)F
C=CC[N+](C)(C)N,[Cl-]
CCCCCCCCCCCC[N+]12CCN(CC1)CC2,O=S(=O)([N-]S(=O)(=O)C(F)(F)F)C(F)(F)F
CCCCCCCCCCCCCCCC[N+](C)(C)Cc1ccccc1,[Cl-]
Cc1n(C)cc[n+]1CCCO,[Br-]
CCn1cc[n+](CC)c1,F[PH](F)(F)(F)(F)F
CCCC[N+](CCCC)(CCCC)CCCC,O=[N+]([O-])c1c[n-]nn1
Cc1cc[n+](CC(F)(F)F)cc1,O=S(=O)([N-]S(=O)(=O)C(F)(F)F)C(F)(F)F
CN(C)c1cc[n+](CCO)cc1,F[B-](F)(F)F
CCCCCCCCCCCCCC[N+]12CCN(CC1)CC2,O=S(=O)([N-]S(=O)(=O)C(F)(F)F)C(F)(F)F
CCCCCCCCCCCCCCCC[n+]1ccn(CCCNC(=O)CP(=O)(c2ccccc2)c2ccccc2)c1,[Br-]
CCCCCCCC[P+](c1ccccc1)(c1ccccc1)c1ccccc1,Cc1ccc(S(=O)(=O)[O-])cc1
CCCC[N+](CCCC)(CCCC)CCCC,O=C1O[B-]2(OC1=O)OC(=O)C(=O)O2
COC(=O)C(OC(=O)C[n+]1ccn(C)c1)c1ccccc1,O=S(=O)([N-]S(=O)(=O)C(F)(F)F)C(F)(F)F
Cn1ccc(C(F)(F)F)[n+]1C,O=C([O-])C(F)(F)F
COCCCNC(=O)C[n+]1ccn(C)c1,[Br-]
CCCC[N+](CCCC)(CCCC)CCCC,O=S(=O)([O-])c1ccccc1
CC(c1ccccc1)[n+]1ccccc1,F[B-](F)(F)F
Cn1cc[n+](CCCCCCCCCCC(=O)O)c1,F[PH](F)(F)(F)(F)F
CCCC[N+]1(C)CCOCC1,Cc1cc(Cl)ccc1OCC(=O)[O-]
C=CCOn1cc[n+](CC)c1C,[I-]
c1c[nH+]ccn1,O=S(=O)([O-])C(F)(F)F
CCCCn1cc[nH+]c1,O=[N+]([O-])c1cc([N+](=O)[O-])c([O-])c([N+](=O)[O-])c1
CCCCCCCCCCCCCCCC[N+](C)(C)CCN(C)C,[Br-]
[NH3+]CCO,[Cl-]
c1cc[nH+]cc1,O=C([O-])C(F)(F)F
CCCCCCCCCCCCCCCC[n+]1ccc(C)cc1,[I-]
C[n+]1ccn(OCc2ccccc2)c1,F[P-](F)(F)(F)(F)F
Cn1cc[n+](CCOC(=O)c2ccc(C(N)=NOC(=O)c3ccco3)cc2)c1,F[PH](F)(F)(F)(F)F
CCC[n+]1ccn2c1CCC2,[Br-]
CCCCCCCC[N+]12CCN(CC1)CC2,[Br-]
CCOn1cc[n+](OCC)c1Br,F[P-](F)(F)(F)(F)F
Cn1cc[n+](CC(=O)N2C(=O)OC[C@@H]2Cc2ccccc2)c1,F[PH](F)(F)(F)(F)F
C#CC[n+]1ccn(OC)c1,[Br-]
CCCCn1c[n+](CCCC)c2cc(C)c(C)cc21,F[PH](F)(F)(F)(F)F
CCCCCCCCCCCCCCCC[N+](CCC)(CCC)CCC,[Br-]
CCCCCCCC[n+]1ccn(C)c1C,[I-]
CCCCCc1c[n+]([C@@H]2CN[C@H](C(O)(c3ccccc3)c3ccccc3)C2)nn1C,F[PH](F)(F)(F)(F)F
CCCC[n+]1ccn(CC(OCc2ccc(Cl)cc2Cl)c2ccc(Cl)cc2Cl)c1,F[PH](F)(F)(F)(F)F
CCCC[N+]1(CCCC)CCCC1,Cc1cc(C)c(S(=O)(=O)[O-])c(C)c1
C=Cc1ccc(C[n+]2ccn(CCCC)c2)cc1,F[PH](F)(F)(F)(F)F
O=C(C[n+]1ccccc1)N1C(=O)OC[C@@H]1Cc1ccccc1,F[PH](F)(F)(F)(F)F
CCCn1cc[n+](C)c1,O=S(=O)([O-])c1cccc(P(c2ccccc2)c2ccccc2)c1
C[N+]1(Cc2ccccc2)CCOCC1,F[B-](F)(F)F
CCCC[n+]1cnn(C[C@@H](O)CC)c1,[Br-]
CCCC[NH3+],O=C([O-])/C=C/c1ccccc1
CC(=O)OCC[N+](C)(C)C,Cc1cc(Cl)ccc1OCC(=O)[O-]
CCCC[N+](CCCC)(CCCC)CCCC,O=[N+]([O-])c1ccc(S(=O)(=O)[O-])cc1
C=C(C)C(=O)OCC[N+](C)(C)CC,[I-]
Cn1cc[n+](CCc2ccccc2)c1,[Cl-]
Cc1cc(=O)cc(-c2ccc(C[n+]3ccn(C)c3)cc2)o1,F[B-](F)(F)F
CCOC(=O)C[N+](C)(C)C,COC(=O)c1ccc(I)cc1S(=O)(=O)[N-]C(=O)Nc1nc(C)nc(OC)n1
CCCCCCCCCCCCCCCCCC[n+]1cccc2ccccc21,[Br-]
CCCCCCCCCOC(=O)C[N+](C)(C)C,[Br-]
CCC[N+]12CCN(CC1)CC2,F[B-](F)(F)F
CC[n+]1ccn(C(F)(F)C(F)Cl)c1,[I-]
CCCCCCCCCCCCOC(=O)[C@H](Cc1ccccc1)NC(=O)C[n+]1ccn(C)c1,[Br-]
C[N+](C)(C)CCCl,Cc1cc(Cl)ccc1OCC(=O)[O-]
Cn1cc[n+](CC(=O)N2C(=O)OC[C@@H]2c2ccccc2)c1,F[PH](F)(F)(F)(F)F
CCCC[N+](CCCC)(CCCC)Cc1cc(Cl)c(O)c(C=O)c1,F[P-](F)(F)(F)(F)F
C[n+]1ccn(CCOC(=O)c2ccccc2O)c1,F[B-](F)(F)F
CC[n+]1ccn(C(C)=O)c1,[I-]
CCCCCCCCOC(=O)[C@H](Cc1ccccc1)NC(=O)C[n+]1ccccc1,[Br-]
CCCCCCCCCCCCOC(=O)C[N+](C)(C)C,[Br-]
CCCCCCCCCCCCCC[N+](C)(C)Cc1ccccc1,COc1cc(C(=O)[O-])ccc1O
C[N+](C)(C)C,CC(C)[C@H](N)C(=O)[O-]
CCCC[N+](CCCC)(CCCC)CCCC,CC(C)[C@H](N)C(=O)[O-]
CCCC[N+](CCCC)(CCCC)CCCC,O=S(=O)([N-]S(=O)(=O)OCC(F)(F)F)OCC(F)(F)F
CCC[N+]1(C)CCCC1,O=S(=O)([N-]S(=O)(=O)OCC(F)(F)F)OCC(F)(F)F
CCC[N+]1(C)CCCCC1,O=S(=O)([N-]S(=O)(=O)OCC(F)(F)F)OCC(F)(F)F
Cn1cc[nH+]c1,O=C([O-])C(F)(F)C(F)(F)C(F)(F)C(F)(F)C(F)(F)C(F)(F)C(F)(F)F
CC[NH3+],O=C([O-])C(F)(F)C(F)(F)C(F)(F)C(F)(F)C(F)(F)C(F)(F)C(F)(F)F
CCCC[NH3+],O=C([O-])C(F)(F)C(F)(F)C(F)(F)C(F)(F)C(F)(F)C(F)(F)C(F)(F)F
CCCCCCCCn1cc[n+](C)c1,O=C([O-])C(F)(F)C(F)(F)C(F)(F)C(F)(F)F
Cn1cc[nH+]c1,O=C([O-])C(F)(F)C(F)(F)C(F)(F)F
O=C1CCC[NH2+]1,O=C([O-])C(F)(F)C(F)(F)C(F)(F)F
CC[NH3+],O=C([O-])C(F)(F)C(F)(F)C(F)(F)F
CCCC[NH3+],O=C([O-])C(F)(F)C(F)(F)C(F)(F)F
CC[NH2+]CC,O=C([O-])C(F)(F)C(F)(F)C(F)(F)F
CC[NH+](CC)CC,O=C([O-])C(F)(F)C(F)(F)C(F)(F)F
[NH3+]CCO,O=C([O-])C(F)(F)C(F)(F)C(F)(F)F
C1CC[NH2+]C1,O=C([O-])C(F)(F)C(F)(F)C(F)(F)F
CCCCCCCCn1cc[n+](C)c1,O=C([O-])C(F)(F)F
[NH3+]CCO,O=C([O-])C(F)(F)F
C1CC[NH2+]C1,O=C([O-])C(F)(F)F
CCCC[N+]1(C)CCCCCC1,O=C([O-])C(F)(F)F
CCCCCC[N+]1(C)CCCCCC1,O=C([O-])C(F)(F)F
COCC[N+]1(C)CCCCCC1,O=C([O-])C(F)(F)F
CCCCn1cc[n+](C)c1,CCCCCCOC(=O)C[C@@H](C(=O)OCCCCCC)[C@@H](C(=O)OCCCCCC)S(=O)(=O)[O-]
CCn1cc[n+](C)c1,N#C[B-](C#N)(C#N)C#N
CCCCn1cc[n+](C)c1C,N#C[B-](C#N)(C#N)C#N
c1cc[nH+]cc1,N#C[B-](C#N)(C#N)C#N
C[NH2+]C,N#C[B-](C#N)(C#N)C#N
CCCC[N+]1(C)CCCCC1,N#C[B-](C#N)(C#N)C#N
CCn1cc[n+](C)c1,N#CCC(=C(C#N)C#N)[C-](C#N)C#N
CCn1cc[n+](C)c1,CC(=C(C#N)C#N)[C-](C#N)C#N
CCn1cc[n+](C)c1,N#CC(C#N)=C[C-](C#N)C#N
CCCCn1cc[n+](C)c1,N#CC(C#N)=C[C-](C#N)C#N
CCCCn1cc[n+](C)c1,CCCCOS(=O)(=O)[O-]
CCCCn1cc[n+](C)c1C,CCCCOS(=O)(=O)[O-]
CC[N+]1(C)CCCCC1,CCCCOS(=O)(=O)[O-]
CCCC[N+]1(C)CCCCC1,CCCCOS(=O)(=O)[O-]
CC[N+]1(C)CCOCC1,CCCCOS(=O)(=O)[O-]
CCCCn1cc[n+](C)c1,CCOS(=O)(=O)[O-]
CC[n+]1ccccc1C#N,CCOS(=O)(=O)[O-]
CCCC[N+](C)(C)CC,CCOS(=O)(=O)[O-]
CC(C)Cn1cc[n+](CC(C)C)c1,Cc1ccc(S(=O)(=O)[O-])cc1
CCCCCCn1cc[n+](CCCCCC)c1,Cc1ccc(S(=O)(=O)[O-])cc1
CCCCCCCCn1cc[n+](C)c1,Cc1ccc(S(=O)(=O)[O-])cc1
CCCC[C@@H](CC)C[n+]1ccn(C[C@@H](CC)CCCC)c1,Cc1ccc(S(=O)(=O)[O-])cc1
CCCCCCCCCCn1cc[n+](CCCCCCCCCC)c1,Cc1ccc(S(=O)(=O)[O-])cc1
CCn1cc[n+](C)c1,O=S(=O)([O-])C(F)(F)C(F)(F)C(F)(F)C(F)(F)C(F)(F)C(F)(F)C(F)(F)C(F)(F)F
CCCC[N+](C)(C)C,CCCCCCCCS(=O)(=O)[O-]
C[N+](C)(C)CCO,CCCCCCCCS(=O)(=O)[O-]
CC[N+](C)(C)CCO,CCCCCCCCS(=O)(=O)[O-]
CCCCCC[n+]1ccn(C)c1,O=S(=O)([O-])C(F)(F)C(F)(F)C(F)(F)C(F)(F)F
CCCCCCCCCCn1cc[n+](C)c1,O=S(=O)([O-])C(F)(F)C(F)(F)C(F)(F)C(F)(F)F
CCCCCCCC[n+]1ccccc1,O=S(=O)([O-])C(F)(F)C(F)(F)C(F)(F)C(F)(F)F
CCCCCCCC[n+]1ccccc1C,O=S(=O)([O-])C(F)(F)C(F)(F)C(F)(F)C(F)(F)F
CCCCCCCC[n+]1ccc(C)cc1,O=S(=O)([O-])C(F)(F)C(F)(F)C(F)(F)C(F)(F)F
CCn1cc[n+](C)c1,CCCCS(=O)(=O)[O-]
CCCC[N+](C)(C)C,CCCCS(=O)(=O)[O-]
C[N+](C)(C)CCO,CCCCS(=O)(=O)[O-]
CC[N+](C)(C)CCO,CCCCS(=O)(=O)[O-]
CCn1cc[n+](C)c1,O=S(=O)([O-])C(F)(F)C(F)(F)F
CCn1cc[n+](C)c1,CCS(=O)(=O)[O-]
CCCCn1cc[nH+]c1,CS(=O)(=O)[O-]
CCCCCCn1cc[nH+]c1,CS(=O)(=O)[O-]
CC[NH+](C)C,CS(=O)(=O)[O-]
CC[NH+](C)CC,CS(=O)(=O)[O-]
CCCC[N+](C)(C)C,CS(=O)(=O)[O-]
C[N+](C)(C)CCO,CS(=O)(=O)[O-]
CC[N+](C)(C)CCO,CS(=O)(=O)[O-]
COCC[NH3+],CS(=O)(=O)[O-]
CCCCCCOC(=O)C[N+](C)(C)C,CS(=O)(=O)[O-]
CCCCCCCCCCCCOC(=O)C[N+](C)(C)C,CS(=O)(=O)[O-]
CCCCCCCCCCCCCCOC(=O)C[N+](C)(C)C,CS(=O)(=O)[O-]
CCCCCCCCCCCCCCCCOC(=O)C[N+](C)(C)C,CS(=O)(=O)[O-]
CC[C@@H](C)[NH3+],N#C[S-]
CC[P+](CC)(CC)CC,N#Cc1ccc[n-]1
CCCC[P+](CC)(CC)CC,N#Cc1ccc[n-]1
CCCCCCCCCCCC[P+](CC)(CC)CC,N#Cc1ccc[n-]1
CCCCCCCCCCCCCCCCCC[P+](CCCC)(CCCC)CCCC,N#Cc1ccc[n-]1
CCCC[P+](C)(CCCC)CCCC,COP(=O)([O-])OC
Cn1cc[n+](C)c1,F[P-](F)(F)(F)(F)F
Cc1n(C)cc[n+]1CCCC#N,F[P-](F)(F)(F)(F)F
CC[n+]1ccccc1C#N,F[P-](F)(F)(F)(F)F
CC[n+]1cccc(C#N)c1,F[P-](F)(F)(F)(F)F
CC[n+]1ccc(C#N)cc1,F[P-](F)(F)(F)(F)F
CCCC[n+]1ccc(C#N)cc1,F[P-](F)(F)(F)(F)F
CCCC[n+]1cccc(C#N)c1,F[P-](F)(F)(F)(F)F
CCCCCC[n+]1ccc(C#N)cc1,F[P-](F)(F)(F)(F)F
CCCCCCCC[n+]1ccc(C#N)cc1,F[P-](F)(F)(F)(F)F
C[N+](C)(C)CCCC#N,F[P-](F)(F)(F)(F)F
CCCCCCCC[P+](CCCC)(CCCC)CCCC,F[P-](F)(F)(F)(F)F
CCCC[S+](C)C,F[P-](F)(F)(F)(F)F
CCCCCC[S+](C)C,F[P-](F)(F)(F)(F)F
CCCCn1cc[nH+]c1,O=S(=O)([O-])C(F)(F)F
CCCCCCn1cc[nH+]c1,O=S(=O)([O-])C(F)(F)F
CCn1cc[n+](CC)c1C,O=S(=O)([O-])C(F)(F)F
CCCCCCCC[n+]1ccccc1,O=S(=O)([O-])C(F)(F)F
CCCCCCCC[n+]1ccccc1C,O=S(=O)([O-])C(F)(F)F
CCOC1=[N+](C)CCC1,O=S(=O)([O-])C(F)(F)F
CC[N+]1=C(OC)CCC1,O=S(=O)([O-])C(F)(F)F
CCOC1=[N+](CC)CCC1,O=S(=O)([O-])C(F)(F)F
CCOC1=[N+](C)CCCCC1,O=S(=O)([O-])C(F)(F)F
[NH3+]CCO,O=S(=O)([O-])C(F)(F)F
CC(C)(C)[NH3+],O=S(=O)([O-])C(F)(F)F
COC=[N+](C)C,O=S(=O)([O-])C(F)(F)F
CCOC=[N+](C)C,O=S(=O)([O-])C(F)(F)F
CCOC(C)=[N+](C)C,O=S(=O)([O-])C(F)(F)F
CCOC(C)=[N+](CC)CC,O=S(=O)([O-])C(F)(F)F
CCCCCC[N+]1(C)CCCCCC1,O=S(=O)([O-])C(F)(F)F
COCC[N+]1(C)CCCCCC1,O=S(=O)([O-])C(F)(F)F
COCCOCC[N+]1(C)CCCCCC1,O=S(=O)([O-])C(F)(F)F
CCCn1cc[n+](CCC)c1,O=S(=O)([N-]S(=O)(=O)C(F)(F)F)C(F)(F)F
CCCCn1cc[n+](C)c1C,O=S(=O)([N-]S(=O)(=O)C(F)(F)F)C(F)(F)F
COCC[n+]1ccn(C)c1C,O=S(=O)([N-]S(=O)(=O)C(F)(F)F)C(F)(F)F
CCc1n(CC)cc[n+]1CCOC,O=S(=O)([N-]S(=O)(=O)C(F)(F)F)C(F)(F)F
CCCn1cc[n+](CCOC)c1C,O=S(=O)([N-]S(=O)(=O)C(F)(F)F)C(F)(F)F
CCCn1cc[n+](CCOC)c1CC,O=S(=O)([N-]S(=O)(=O)C(F)(F)F)C(F)(F)F
CCCCn1cc[n+](CCOC)c1CC,O=S(=O)([N-]S(=O)(=O)C(F)(F)F)C(F)(F)F
CCCCCn1cc[n+](CCOC)c1C,O=S(=O)([N-]S(=O)(=O)C(F)(F)F)C(F)(F)F
CCCCCn1cc[n+](CCOC)c1CC,O=S(=O)([N-]S(=O)(=O)C(F)(F)F)C(F)(F)F
COCCn1cc[n+](CCOC)c1C,O=S(=O)([N-]S(=O)(=O)C(F)(F)F)C(F)(F)F
CCc1n(CCOC)cc[n+]1CCOC,O=S(=O)([N-]S(=O)(=O)C(F)(F)F)C(F)(F)F
CCOCC[n+]1ccn(CCOC)c1C,O=S(=O)([N-]S(=O)(=O)C(F)(F)F)C(F)(F)F
CCOCc1n(C)cc[n+]1C,O=S(=O)([N-]S(=O)(=O)C(F)(F)F)C(F)(F)F
CCCOCc1n(C)cc[n+]1C,O=S(=O)([N-]S(=O)(=O)C(F)(F)F)C(F)(F)F
COC[n+]1ccn(C)c1C,O=S(=O)([N-]S(=O)(=O)C(F)(F)F)C(F)(F)F
CCc1n(C)cc[n+]1COC,O=S(=O)([N-]S(=O)(=O)C(F)(F)F)C(F)(F)F
CCc1n(CC)cc[n+]1COC,O=S(=O)([N-]S(=O)(=O)C(F)(F)F)C(F)(F)F
CCCn1cc[n+](COC)c1C,O=S(=O)([N-]S(=O)(=O)C(F)(F)F)C(F)(F)F
CCn1cc[n+](C)c1SC,O=S(=O)([N-]S(=O)(=O)C(F)(F)F)C(F)(F)F
CCn1cc[n+](C)c1SC(C)C,O=S(=O)([N-]S(=O)(=O)C(F)(F)F)C(F)(F)F
Cc1n(C)cc[n+]1C[Si](C)(C)C,O=S(=O)([N-]S(=O)(=O)C(F)(F)F)C(F)(F)F
CCC[n+]1c(C)cc(C)n1C,O=S(=O)([N-]S(=O)(=O)C(F)(F)F)C(F)(F)F
CCCCCCCCn1cc[n+](C)n1,O=S(=O)([N-]S(=O)(=O)C(F)(F)F)C(F)(F)F
CCCCCCCCCCn1cc[n+](C)n1,O=S(=O)([N-]S(=O)(=O)C(F)(F)F)C(F)(F)F
CCCCCCCCCCCCn1cc[n+](C)n1,O=S(=O)([N-]S(=O)(=O)C(F)(F)F)C(F)(F)F
C[n+]1nn(Cc2ccccc2)cc1-c1ccccc1,O=S(=O)([N-]S(=O)(=O)C(F)(F)F)C(F)(F)F
CCCCCCc1cn(-c2ccccc2)n[n+]1C,O=S(=O)([N-]S(=O)(=O)C(F)(F)F)C(F)(F)F
CCCCCCCCCCn1c[n+](C)cn1,O=S(=O)([N-]S(=O)(=O)C(F)(F)F)C(F)(F)F
CCCCCCCCCCCCn1c[n+](C)cn1,O=S(=O)([N-]S(=O)(=O)C(F)(F)F)C(F)(F)F
CCCCCCC[n+]1ccccc1,O=S(=O)([N-]S(=O)(=O)C(F)(F)F)C(F)(F)F
CCCCCCCC[n+]1ccccc1,O=S(=O)([N-]S(=O)(=O)C(F)(F)F)C(F)(F)F
CCCCCCCCCC[n+]1ccccc1,O=S(=O)([N-]S(=O)(=O)C(F)(F)F)C(F)(F)F
c1ccc(C[n+]2ccccc2)cc1,O=S(=O)([N-]S(=O)(=O)C(F)(F)F)C(F)(F)F
c1cc[n+](CC2CCCCC2)cc1,O=S(=O)([N-]S(=O)(=O)C(F)(F)F)C(F)(F)F
CCC[n+]1cccc(C)c1,O=S(=O)([N-]S(=O)(=O)C(F)(F)F)C(F)(F)F
CCCCCCCC[n+]1ccc(C)cc1,O=S(=O)([N-]S(=O)(=O)C(F)(F)F)C(F)(F)F
CC[n+]1ccccc1C#N,O=S(=O)([N-]S(=O)(=O)C(F)(F)F)C(F)(F)F
CC[n+]1cccc(C#N)c1,O=S(=O)([N-]S(=O)(=O)C(F)(F)F)C(F)(F)F
CC[n+]1ccc(C#N)cc1,O=S(=O)([N-]S(=O)(=O)C(F)(F)F)C(F)(F)F
CCCCCC[n+]1ccc(C#N)cc1,O=S(=O)([N-]S(=O)(=O)C(F)(F)F)C(F)(F)F
CCCCCCCC[n+]1cccc(C#N)c1,O=S(=O)([N-]S(=O)(=O)C(F)(F)F)C(F)(F)F
CCCCCCCC[n+]1ccc(C#N)cc1,O=S(=O)([N-]S(=O)(=O)C(F)(F)F)C(F)(F)F
CC[n+]1ccc(C(F)(F)F)cc1,O=S(=O)([N-]S(=O)(=O)C(F)(F)F)C(F)(F)F
CCCC[n+]1ccc2ccccc2c1,O=S(=O)([N-]S(=O)(=O)C(F)(F)F)C(F)(F)F
CCOC1=[N+](C)CCC1,O=S(=O)([N-]S(=O)(=O)C(F)(F)F)C(F)(F)F
CC[N+]1=C(OC)CCC1,O=S(=O)([N-]S(=O)(=O)C(F)(F)F)C(F)(F)F
CCOC1=[N+](CC)CCC1,O=S(=O)([N-]S(=O)(=O)C(F)(F)F)C(F)(F)F
CCOC1=[N+](C)CCCCC1,O=S(=O)([N-]S(=O)(=O)C(F)(F)F)C(F)(F)F
CCC[N+](C)(CC)CCC,O=S(=O)([N-]S(=O)(=O)C(F)(F)F)C(F)(F)F
CCCC[N+](C)(C)C(C)C,O=S(=O)([N-]S(=O)(=O)C(F)(F)F)C(F)(F)F
CCCC[N+](C)(CCCC)CCCC,O=S(=O)([N-]S(=O)(=O)C(F)(F)F)C(F)(F)F
CCCCCCCCCC[N+](CC)(CC)CC,O=S(=O)([N-]S(=O)(=O)C(F)(F)F)C(F)(F)F
CCCCCCCCCC[N+](C)(C)C(C)C,O=S(=O)([N-]S(=O)(=O)C(F)(F)F)C(F)(F)F
CCCCCCCCCCCCCC[N+](CC)(CC)CC,O=S(=O)([N-]S(=O)(=O)C(F)(F)F)C(F)(F)F
CC[N+](CC)(CC)Cc1ccccc1,O=S(=O)([N-]S(=O)(=O)C(F)(F)F)C(F)(F)F
CC[N+](CC)(CC)CCOC,O=S(=O)([N-]S(=O)(=O)C(F)(F)F)C(F)(F)F
CCOCC[N+](CC)(CC)CC,O=S(=O)([N-]S(=O)(=O)C(F)(F)F)C(F)(F)F
CCCC[N+](CCCC)(CCCC)CCOCC,O=S(=O)([N-]S(=O)(=O)C(F)(F)F)C(F)(F)F
CCCCCCCCCC(=O)OCC[N+](C)(C)COC1CCCCCCCCCCC1,O=S(=O)([N-]S(=O)(=O)C(F)(F)F)C(F)(F)F
C[N+](C)(C)CCCC#N,O=S(=O)([N-]S(=O)(=O)C(F)(F)F)C(F)(F)F
COC=[N+](C)C,O=S(=O)([N-]S(=O)(=O)C(F)(F)F)C(F)(F)F
CCOC=[N+](C)C,O=S(=O)([N-]S(=O)(=O)C(F)(F)F)C(F)(F)F
CCOC(C)=[N+](C)C,O=S(=O)([N-]S(=O)(=O)C(F)(F)F)C(F)(F)F
CCOC(C)=[N+](CC)CC,O=S(=O)([N-]S(=O)(=O)C(F)(F)F)C(F)(F)F
C1CC[NH2+]C1,O=S(=O)([N-]S(=O)(=O)C(F)(F)F)C(F)(F)F
C[NH+]1CCCC1,O=S(=O)([N-]S(=O)(=O)C(F)(F)F)C(F)(F)F
CC(C)C[N+]1(C)CCCC1,O=S(=O)([N-]S(=O)(=O)C(F)(F)F)C(F)(F)F
CCCC[N+]1(CC)CCCC1,O=S(=O)([N-]S(=O)(=O)C(F)(F)F)C(F)(F)F
CCCCCCC[N+]1(C)CCCC1,O=S(=O)([N-]S(=O)(=O)C(F)(F)F)C(F)(F)F
CCCCCCCC[N+]1(C)CCCC1,O=S(=O)([N-]S(=O)(=O)C(F)(F)F)C(F)(F)F
CCCCCCCCCC[N+]1(C)CCCC1,O=S(=O)([N-]S(=O)(=O)C(F)(F)F)C(F)(F)F
C=CC[N+]1(C)CCCC1,O=S(=O)([N-]S(=O)(=O)C(F)(F)F)C(F)(F)F
C[N+]1(CC2CCCCC2)CCCC1,O=S(=O)([N-]S(=O)(=O)C(F)(F)F)C(F)(F)F
CCCC[N+]1(C)CCCCC1,O=S(=O)([N-]S(=O)(=O)C(F)(F)F)C(F)(F)F
CC(C)C[N+]1(C)CCCCC1,O=S(=O)([N-]S(=O)(=O)C(F)(F)F)C(F)(F)F
CCCC[N+]1(CC)CCCCC1,O=S(=O)([N-]S(=O)(=O)C(F)(F)F)C(F)(F)F
C=CC[N+]1(C)CCCCC1,O=S(=O)([N-]S(=O)(=O)C(F)(F)F)C(F)(F)F
CCCCCC[N+]1(C)CCCCCC1,O=S(=O)([N-]S(=O)(=O)C(F)(F)F)C(F)(F)F
C=CC[N+]1(C)CCOCC1,O=S(=O)([N-]S(=O)(=O)C(F)(F)F)C(F)(F)F
C=CC[N+]1(CC)CCOCC1,O=S(=O)([N-]S(=O)(=O)C(F)(F)F)C(F)(F)F
CN(C)C(N(C)C)=[N+](C)C,O=S(=O)([N-]S(=O)(=O)C(F)(F)F)C(F)(F)F
CCN(C)C(N(C)C)=[N+](C)C,O=S(=O)([N-]S(=O)(=O)C(F)(F)F)C(F)(F)F
CCN(CC)C(N(C)C)=[N+](C)C,O=S(=O)([N-]S(=O)(=O)C(F)(F)F)C(F)(F)F
CCCN(C)C(N(C)C)=[N+](C)C,O=S(=O)([N-]S(=O)(=O)C(F)(F)F)C(F)(F)F
CCCN(CC)C(N(C)C)=[N+](C)C,O=S(=O)([N-]S(=O)(=O)C(F)(F)F)C(F)(F)F
CCCN(CCC)C(N(C)C)=[N+](C)C,O=S(=O)([N-]S(=O)(=O)C(F)(F)F)C(F)(F)F
CCOCCN(C)C(N(C)CCOC)=[N+](C)C,O=S(=O)([N-]S(=O)(=O)C(F)(F)F)C(F)(F)F
CC[N+](C)=C1N(C)CCN1C,O=S(=O)([N-]S(=O)(=O)C(F)(F)F)C(F)(F)F
CC[N+](CC)=C1N(C)CCN1C,O=S(=O)([N-]S(=O)(=O)C(F)(F)F)C(F)(F)F
CCCC[P+](C)(CCCC)CCCC,O=S(=O)([N-]S(=O)(=O)C(F)(F)F)C(F)(F)F
C=CC[P+](CCCC)(CCCC)CCCC,O=S(=O)([N-]S(=O)(=O)C(F)(F)F)C(F)(F)F
C=CCCC[P+](CC)(CC)CC,O=S(=O)([N-]S(=O)(=O)C(F)(F)F)C(F)(F)F
CCCCCCCC[P+](CCCCCCCC)(CCCCCCCC)CCCCCCCC,O=S(=O)([N-]S(=O)(=O)C(F)(F)F)C(F)(F)F
CCCCCCCCCCCC[P+](CCCC)(CCCC)CCCC,O=S(=O)([N-]S(=O)(=O)C(F)(F)F)C(F)(F)F
CCCC[P+]1(C)CCCCC1,O=S(=O)([N-]S(=O)(=O)C(F)(F)F)C(F)(F)F
CCCC[P+]1(C)CCCC1,O=S(=O)([N-]S(=O)(=O)C(F)(F)F)C(F)(F)F
CC[S+](C)C,O=S(=O)([N-]S(=O)(=O)C(F)(F)F)C(F)(F)F
CCCC[S+](C)C,O=S(=O)([N-]S(=O)(=O)C(F)(F)F)C(F)(F)F
CCCC[S+](CC)CC,O=S(=O)([N-]S(=O)(=O)C(F)(F)F)C(F)(F)F
CCCCCC[S+](C)C,O=S(=O)([N-]S(=O)(=O)C(F)(F)F)C(F)(F)F
C[S+]1CCCC1,O=S(=O)([N-]S(=O)(=O)C(F)(F)F)C(F)(F)F
CC[S+]1CCCC1,O=S(=O)([N-]S(=O)(=O)C(F)(F)F)C(F)(F)F
CCC[S+]1CCCC1,O=S(=O)([N-]S(=O)(=O)C(F)(F)F)C(F)(F)F
CCC[S+]1CCCCC1,O=S(=O)([N-]S(=O)(=O)C(F)(F)F)C(F)(F)F
CCN(C)c1c(N(C)C)[c+]1N(C)C,O=S(=O)([N-]S(=O)(=O)C(F)(F)F)C(F)(F)F
CCN(C)c1c(N(C)CC)[c+]1N(C)CC,O=S(=O)([N-]S(=O)(=O)C(F)(F)F)C(F)(F)F
CCN(CC)c1c(N(C)C)[c+]1N(C)C,O=S(=O)([N-]S(=O)(=O)C(F)(F)F)C(F)(F)F
CCN(CC)c1c(N(CC)CC)[c+]1N(C)C,O=S(=O)([N-]S(=O)(=O)C(F)(F)F)C(F)(F)F
CCN(CC)c1c(N(CC)CC)[c+]1N(CC)CC,O=S(=O)([N-]S(=O)(=O)C(F)(F)F)C(F)(F)F
CCCN(C)c1c(N(C)C)[c+]1N(C)C,O=S(=O)([N-]S(=O)(=O)C(F)(F)F)C(F)(F)F
CCCN(CCC)c1c(N(C)C)[c+]1N(C)C,O=S(=O)([N-]S(=O)(=O)C(F)(F)F)C(F)(F)F
CCCN(CCC)c1c(N(CCC)CCC)[c+]1N(CCC)CCC,O=S(=O)([N-]S(=O)(=O)C(F)(F)F)C(F)(F)F
CCCCN(C)c1c(N(C)C)[c+]1N(C)C,O=S(=O)([N-]S(=O)(=O)C(F)(F)F)C(F)(F)F
CCCCN(CCCC)c1c(N(CC)CC)[c+]1N(CC)CC,O=S(=O)([N-]S(=O)(=O)C(F)(F)F)C(F)(F)F
CCCCN(CCCC)c1c(N(CCCC)CCCC)[c+]1N(CCCC)CCCC,O=S(=O)([N-]S(=O)(=O)C(F)(F)F)C(F)(F)F
CCCCCN(CCCCC)c1c(N(CCCCC)CCCCC)[c+]1N(CCCCC)CCCCC,O=S(=O)([N-]S(=O)(=O)C(F)(F)F)C(F)(F)F
CCCCCCN(C)c1c(N(C)C)[c+]1N(C)C,O=S(=O)([N-]S(=O)(=O)C(F)(F)F)C(F)(F)F
CCCCCCN(CCCCCC)c1c(N(C)C)[c+]1N(C)C,O=S(=O)([N-]S(=O)(=O)C(F)(F)F)C(F)(F)F
CCCCCCN(CCCCCC)c1c(N(CCCCCC)CCCCCC)[c+]1N(CCCCCC)CCCCCC,O=S(=O)([N-]S(=O)(=O)C(F)(F)F)C(F)(F)F
CCCCCCCCCCN(CCCCCCCCCC)c1c(N(CCCCCCCCCC)CCCCCCCCCC)[c+]1N(CCCCCCCCCC)CCCCCCCCCC,O=S(=O)([N-]S(=O)(=O)C(F)(F)F)C(F)(F)F
Cn1cc[n+](C)c1,O=S(=O)([N-]S(=O)(=O)C(F)(F)C(F)(F)F)C(F)(F)C(F)(F)F
CCCCn1cc[n+](C)c1,O=S(=O)([N-]S(=O)(=O)C(F)(F)C(F)(F)F)C(F)(F)C(F)(F)F
CCCCCCCCCCn1cc[n+](C)c1,O=S(=O)([N-]S(=O)(=O)C(F)(F)C(F)(F)F)C(F)(F)C(F)(F)F
CCCCCCCCCCCCCCCCCCn1cc[n+](C)c1,O=S(=O)([N-]S(=O)(=O)C(F)(F)C(F)(F)F)C(F)(F)C(F)(F)F
CCCC[n+]1ccccc1,O=S(=O)([N-]S(=O)(=O)C(F)(F)C(F)(F)F)C(F)(F)C(F)(F)F
CCCC[n+]1cc(C)cc(C)c1,O=S(=O)([N-]S(=O)(=O)C(F)(F)C(F)(F)F)C(F)(F)C(F)(F)F
CCCCCCCC[n+]1ccc(C)cc1,O=S(=O)([N-]S(=O)(=O)C(F)(F)C(F)(F)F)C(F)(F)C(F)(F)F
CCCC[N+](CCCC)(CCCC)CCCC,O=S(=O)([N-]S(=O)(=O)C(F)(F)C(F)(F)F)C(F)(F)C(F)(F)F
COCC[N+]1(C)CCCC1,O=S(=O)([N-]S(=O)(=O)C(F)(F)C(F)(F)F)C(F)(F)C(F)(F)F
CCCC[P+](CCCC)(CCCC)CCCC,O=S(=O)([N-]S(=O)(=O)C(F)(F)C(F)(F)F)C(F)(F)C(F)(F)F
CCCCCCCCCCCCCC[P+](CCCCCC)(CCCCCC)CCCCCC,O=S(=O)([N-]S(=O)(=O)C(F)(F)C(F)(F)F)C(F)(F)C(F)(F)F
Cn1cc[n+](C)c1,O=[N+]([O-])[O-]
CCCCn1cc[n+](C)c1,O=[N+]([O-])[O-]
O=[N+]([O-])[O-],OCC[NH2+]CCO
COCC[NH3+],O=[N+]([O-])[O-]
CCOC(=O)[C@@H](C)[NH3+],O=[N+]([O-])[O-]
COC(=O)[C@H]([NH3+])CC(C)C,O=[N+]([O-])[O-]
COC(=O)[C@H]([NH3+])[C@@H](C)O,O=[N+]([O-])[O-]
C1CC[NH2+]C1,O=[N+]([O-])[O-]
C=CC[N+]1(C)CCCC1,O=[N+]([O-])[O-]
CCCN(C)C(N(C)C)=[N+](C)C,O=[N+]([O-])[O-]
C[S+]1CCCC1,O=[N+]([O-])[O-]
CC[S+]1CCCC1,O=[N+]([O-])[O-]
CCCC[S+]1CCCC1,O=[N+]([O-])[O-]
CC[N+](C)(C)N,N#C[N-][N+](=O)[O-]
CCCC[N+](C)(C)N,N#C[N-][N+](=O)[O-]
[NH3+]CCO,C[C@H](O)C(=O)[O-]
OCC[NH+](CCO)CCO,C[C@H](O)C(=O)[O-]
[NH3+]CCOCCO,C[C@H](O)C(=O)[O-]
CCCCCCCCCCCCOC(=O)C[N+](C)(C)C,C[C@H](O)C(=O)[O-]
CCCCCCCCCCCCCCOC(=O)C[N+](C)(C)C,C[C@H](O)C(=O)[O-]
CCCCCCCCCCCCCCCCOC(=O)C[N+](C)(C)C,C[C@H](O)C(=O)[O-]
CCOC(=O)[C@@H](C)[NH3+],C[C@H](O)C(=O)[O-]
Cn1c[n+](CCC(F)(F)F)cn1,[I-]
CCCCn1c[n+](CCC(F)(F)F)cn1,[I-]
CCCCCCCn1c[n+](CCC(F)(F)F)cn1,[I-]
CCCCCCCCCCn1c[n+](CCC(F)(F)F)cn1,[I-]
C=CC[N+]1(C)CCCC1,[I-]
CCCC[N+]1(C)CCCCCC1,[I-]
CCCCCC[N+]1(C)CCCCCC1,[I-]
COCC[N+]1(C)CCCCCC1,[I-]
COCCOCC[N+]1(C)CCCCCC1,[I-]
Cc1cc[nH+]cc1,O=S(=O)([O-])O
CC[NH+](C)C,O=S(=O)([O-])O
CCCC[NH+](CCCC)CCCC,O=S(=O)([O-])O
CC(C)(C)[NH3+],O=S(=O)([O-])O
C1CC[NH2+]C1,O=S(=O)([O-])O
C[NH+]1CCCC1,O=S(=O)([O-])O
CCCCCCCCCC[N+](C)(C)CCCCCCCCCC,C[C@@H](Oc1ccc(Cl)cc1Cl)C(=O)[O-]
CCCCCCCCCCCCCCCCCC[N+](C)(C)C,C[C@@H](Oc1ccc(Cl)cc1Cl)C(=O)[O-]
C[N+](C)(C)CCO,C[C@@H](Oc1ccc(Cl)cc1Cl)C(=O)[O-]
COCC[NH3+],O=P([O-])(O)O
CCCC[N+](CCCC)(CCCC)CCCC,NCC(=O)[O-]
CCCC[N+]1(CC)CCCC1,O=S(=O)(F)[N-]S(=O)(=O)F
COCC[N+]1(C)CCCC1,O=S(=O)(F)[N-]S(=O)(=O)F
CCCCCC[N+]1(C)CCOCC1,O=S(=O)(F)[N-]S(=O)(=O)F
CC(C)C[P+](C)(C)C,O=S(=O)(F)[N-]S(=O)(=O)F
[NH3+]CCOCCO,O=C[O-]
COCC[NH3+],O=C[O-]
COCC[NH2+]CCOC,O=C[O-]
C1COCC[NH2+]1,O=C[O-]
CC[NH+]1CCOCC1,O=C[O-]
Cn1cc[n+](C)c1,N#C[N-]C#N
CCCCn1cc[n+](C)c1C,N#C[N-]C#N
C[n+]1ccn(CCO)c1,N#C[N-]C#N
C[n+]1ccn(CCO[N+](=O)[O-])c1,N#C[N-]C#N
CC[n+]1cccn1C,N#C[N-]C#N
COCC[n+]1cccn1C,N#C[N-]C#N
CC[n+]1ccsc1,N#C[N-]C#N
O=[N+]([O-])OCC[n+]1ccccc1,N#C[N-]C#N
CCCC[n+]1cccc(C)c1,N#C[N-]C#N
CCCC[n+]1ccc(C)cc1,N#C[N-]C#N
OCC[n+]1ccccc1,N#C[N-]C#N
CC[N+](C)(C)C,N#C[N-]C#N
CCCC[N+](C)(CCCC)CCCC,N#C[N-]C#N
CCCCC[N+](CC)(CC)CC,N#C[N-]C#N
CCCCCC[N+](CC)(CC)CC,N#C[N-]C#N
C[N+](C)(C)CCO,N#C[N-]C#N
CCCCCCCCCCCCOC(=O)C[N+](C)(C)C,N#C[N-]C#N
C[N+](C)(C)CCCC#N,N#C[N-]C#N
CC[N+](C)(C)N,N#C[N-]C#N
CCCC[N+](C)(C)N,N#C[N-]C#N
C[N+](C)(C)CCO[N+](=O)[O-],N#C[N-]C#N
C[N+]1(CCO)CCCC1,N#C[N-]C#N
C[N+]1(CCO[N+](=O)[O-])CCCC1,N#C[N-]C#N
CCCCN(C)C(N(C)C)=[N+](C)C,N#C[N-]C#N
CCCC[P+](CC)(CC)CC,N#C[N-]C#N
CCCC[P+](C)(CCCC)CCCC,N#C[N-]C#N
CCCCC[P+](CC)(CC)CC,N#C[N-]C#N
C[S+]1CCCC1,N#C[N-]C#N
Cn1cc[n+](C)c1,[O-][Cl+3]([O-])([O-])[O-]
CCn1cc[n+](C)c1,[O-][Cl+3]([O-])([O-])[O-]
CCCCn1cc[n+](C)c1,[O-][Cl+3]([O-])([O-])[O-]
CC[NH3+],[O-][Cl+3]([O-])([O-])[O-]
CCCCCCCCCCCCOC(=O)C[N+](C)(C)C,[O-][Cl+3]([O-])([O-])[O-]
CCCCCCCCCCCCCCOC(=O)C[N+](C)(C)C,[O-][Cl+3]([O-])([O-])[O-]
CCCCCCCCCCCCCCCCOC(=O)C[N+](C)(C)C,[O-][Cl+3]([O-])([O-])[O-]
CCCN(C)C(N(C)C)=[N+](C)C,[O-][Cl+3]([O-])([O-])[O-]
CCCCN(C)C(N(C)C)=[N+](C)C,[O-][Cl+3]([O-])([O-])[O-]
CCCCSc1[nH+]ccn1C,[Cl-]
C=CCn1cc[n+](CC=C)c1,[Cl-]
C[N+](C)(C)CCCC#N,[Cl-]
CCCCCCCn1c[n+](CCF)cn1,[Br-]
CCCCCCCCCCn1c[n+](CCF)cn1,[Br-]
CCCC[n+]1ccc(C)cc1,[Br-]
CCCC[n+]1ccc(C#N)cc1,[Br-]
CCCC[n+]1cccc(C#N)c1,[Br-]
CCCCCC[n+]1ccc(C#N)cc1,[Br-]
CCCCCCCC[n+]1ccc(C#N)cc1,[Br-]
CCC[N+]1(C)CCCC1,[Br-]
C=CC[N+]1(C)CCCC1,[Br-]
CCCCC[N+]1(C)CCCCC1,[Br-]
C=CC[N+]1(C)CCCCC1,[Br-]
CCC[N+]1(C)CCOCC1,[Br-]
CCCC[N+]1(C)CCOCC1,[Br-]
CCCCC[N+]1(C)CCOCC1,[Br-]
C=CC[N+]1(C)CCOCC1,[Br-]
C=CC[N+]1(CC)CCOCC1,[Br-]
CC[N+](C)(C)COC,O=C1O[B-]2(OC1=O)OC(=O)C(=O)O2
CCOC[N+](C)(C)CC,O=C1O[B-]2(OC1=O)OC(=O)C(=O)O2
CCn1cc[n+](C)c1,N#C[B-](F)(C#N)C#N
CCn1cc[n+](C)c1,N#C[B-](F)(C#N)C(F)(F)C(F)(F)F
CCn1cc[n+](C)c1,N#C[B-](F)(C#N)C(F)(F)F
CCC[n+]1ccn(C)c1C,F[B-](F)(F)F
C/C=C/C[n+]1ccn(C)c1C,F[B-](F)(F)F
[NH3+]CCO,F[B-](F)(F)F
CCCCCCOC(=O)C[N+](C)(C)C,F[B-](F)(F)F
CCCCCCCCCCCCOC(=O)C[N+](C)(C)C,F[B-](F)(F)F
CCCCCCCCCCCCCCCCOC(=O)C[N+](C)(C)C,F[B-](F)(F)F
C[N+](C)(C)CCCC#N,F[B-](F)(F)F
CC(C)(C)[NH3+],F[B-](F)(F)F
C[NH+]1CCCC1,F[B-](F)(F)F
C[NH+]1CCCCC1,F[B-](F)(F)F
C[NH+]1CCOCC1,F[B-](F)(F)F
CC[NH+]1CCOCC1,F[B-](F)(F)F
CCCCCCCCCCCC[P+](CCCC)(CCCC)CCCC,F[B-](F)(F)F
CCC[N+]1(C)CCCC1,F[B-](F)(F)C(F)(F)C(F)(F)C(F)(F)C(F)(F)F
COCC[N+]1(C)CCCC1,F[B-](F)(F)C(F)(F)C(F)(F)C(F)(F)C(F)(F)F
CCC[N+]1(C)CCCC1,F[B-](F)(F)C(F)(F)C(F)(F)C(F)(F)F
COCC[N+]1(C)CCCC1,F[B-](F)(F)C(F)(F)C(F)(F)C(F)(F)F
CCn1cc[n+](C)c1,F[B-](F)(F)C(F)(F)C(F)(F)OC(F)(F)F
CCCC[N+](C)(CC)CC,F[B-](F)(F)C(F)(F)C(F)(F)OC(F)(F)F
CCC[N+]1(C)CCCC1,F[B-](F)(F)C(F)(F)C(F)(F)OC(F)(F)F
CCn1cc[n+](C)c1,O=C1O[B-](F)(F)OC1=O
CC[N+](CC)(CC)CC,O=C1O[B-](F)(F)OC1=O
CCn1cc[n+](C)c1,N#C[B-](F)(F)C#N
CCn1cc[n+](C)c1,N#C[B-](F)(F)C(F)(F)C(F)(F)C(F)(F)C(F)(F)F
CCn1cc[n+](C)c1,N#C[B-](F)(F)C(F)(F)C(F)(F)C(F)(F)F
CCn1cc[n+](C)c1,N#C[B-](F)(F)C(F)(F)C(F)(F)F
CCn1cc[n+](C)c1,N#C[B-](F)(F)C(F)(F)F
CCCCn1cc[n+](C)c1,CCCC[C@H](CC)COC(=O)C[C@@H](C(=O)OC[C@@H](CC)CCCC)S(=O)(=O)[O-]
CCn1cc[n+](C)c1,N#C[B-](C#N)(C#N)C(F)(F)F
CCCCCCCC[n+]1ccc(C)cc1,F[As-](F)(F)(F)(F)F
C[N+](C)(C)C,C[C@H](N)C(=O)[O-]
CCn1cc[n+](C)c1,FC(F)(F)C(O[Al-](OC(C(F)(F)F)C(F)(F)F)(OC(C(F)(F)F)C(F)(F)F)OC(C(F)(F)F)C(F)(F)F)C(F)(F)F
CCn1cc[n+](C)c1C,FC(F)(F)C(O[Al-](OC(C(F)(F)F)C(F)(F)F)(OC(C(F)(F)F)C(F)(F)F)OC(C(F)(F)F)C(F)(F)F)C(F)(F)F
CCCCn1cc[n+](C)c1,FC(F)(F)C(O[Al-](OC(C(F)(F)F)C(F)(F)F)(OC(C(F)(F)F)C(F)(F)F)OC(C(F)(F)F)C(F)(F)F)C(F)(F)F
CCCCn1cc[n+](C)c1C,FC(F)(F)C(O[Al-](OC(C(F)(F)F)C(F)(F)F)(OC(C(F)(F)F)C(F)(F)F)OC(C(F)(F)F)C(F)(F)F)C(F)(F)F
CCCCCC[n+]1ccn(C)c1,FC(F)(F)C(O[Al-](OC(C(F)(F)F)C(F)(F)F)(OC(C(F)(F)F)C(F)(F)F)OC(C(F)(F)F)C(F)(F)F)C(F)(F)F
C=CCn1cc[n+](C)c1,FC(F)(F)C(O[Al-](OC(C(F)(F)F)C(F)(F)F)(OC(C(F)(F)F)C(F)(F)F)OC(C(F)(F)F)C(F)(F)F)C(F)(F)F
CCCC[n+]1ccccc1,FC(F)(F)C(O[Al-](OC(C(F)(F)F)C(F)(F)F)(OC(C(F)(F)F)C(F)(F)F)OC(C(F)(F)F)C(F)(F)F)C(F)(F)F
CCCC[N+]1(C)CCCC1,FC(F)(F)C(O[Al-](OC(C(F)(F)F)C(F)(F)F)(OC(C(F)(F)F)C(F)(F)F)OC(C(F)(F)F)C(F)(F)F)C(F)(F)F
CCC[N+]1(C)CCCCC1,FC(F)(F)C(O[Al-](OC(C(F)(F)F)C(F)(F)F)(OC(C(F)(F)F)C(F)(F)F)OC(C(F)(F)F)C(F)(F)F)C(F)(F)F
CCCC[N+]1(C)CCOCC1,FC(F)(F)C(O[Al-](OC(C(F)(F)F)C(F)(F)F)(OC(C(F)(F)F)C(F)(F)F)OC(C(F)(F)F)C(F)(F)F)C(F)(F)F
CCCCCCCCCC(=O)OCC[N+](C)(C)COC1CCCCCCCCCCC1,CC1=CC(=O)[N-]S(=O)(=O)O1
CCCCCCCCCCCOC[N+](C)(C)CCO,CC1=CC(=O)[N-]S(=O)(=O)O1
CC(C)Cn1cc[n+](CC(C)C)c1,CC(=O)[O-]
CCCC[N+](CC)(CC)CC,CC(=O)[O-]
[NH3+]CCO,CC(=O)[O-]
[NH3+]CCOCCO,CC(=O)[O-]
C[N+](C)(C)CCO,CC(=O)[O-]
CC[N+](C)(C)CCOC,CC(=O)[O-]
COCC[NH2+]CCOC,CC(=O)[O-]
CC[NH3+],CCCCCCCC(=O)[O-]
CCCC[NH3+],CCCCCCCC(=O)[O-]
[NH3+]CCO,CCCCCCCC(=O)[O-]
C1CC[NH2+]C1,CCCCCCCC(=O)[O-]
[NH3+]CCO,CCCCCCCCCCCCCCCCCC(=O)[O-]
OCC[NH2+]CCO,CCCCCCCCCCCCCCCCCC(=O)[O-]
C[N+](C)(C)CCO,CCCC(=O)[O-]
C[N+](C)(C)CCO,CCC(=O)[O-]
CCCCCCCCCCCCCCn1cc[n+](C)c1,[Cl-]
N#CCCn1cc[nH+]c1,O=C([O-])C(F)(F)F
N#CCCn1cc[nH+]c1,O=S(=O)([O-])C(F)(F)F
Cc1ccc(S(=O)(=O)[O-])cc1,Cc1ccc(S(=O)(=O)[O-])cc1
Cn1cc[n+](CCCC[n+]2ccn(C)c2)c1,O=S(=O)([O-])C(F)(F)F
CS(=O)(=O)[O-],CS(=O)(=O)[O-]
Cn1cc[n+](CCCC[n+]2ccn(C)c2)c1,O=S(=O)([O-])O
[NH3+][C@@H](Cc1ccccc1)C(=O)OCc1ccccc1,O=S(=O)([N-]S(=O)(=O)C(F)(F)C(F)(F)F)C(F)(F)C(F)(F)F
CC(C)(C)OC(=O)[C@@H]([NH3+])Cc1ccccc1,O=S(=O)([N-]S(=O)(=O)C(F)(F)F)C(F)(F)F
CC(C)(C)OC(=O)[C@@H]([NH3+])Cc1ccccc1,O=S(=O)([N-]S(=O)(=O)C(F)(F)C(F)(F)F)C(F)(F)C(F)(F)F
CCOC(=O)[C@@H]([NH3+])Cc1ccccc1,O=S(=O)([N-]S(=O)(=O)C(F)(F)C(F)(F)F)C(F)(F)C(F)(F)F
[NH3+][C@@H](Cc1ccccc1)C(=O)OCc1ccccc1,O=S(=O)([N-]S(=O)(=O)C(F)(F)F)C(F)(F)F
COC(=O)[C@@H]([NH3+])Cc1ccccc1,O=S(=O)([N-]S(=O)(=O)C(F)(F)C(F)(F)F)C(F)(F)C(F)(F)F
CCCCn1cc[n+](C)c1,Cl[Fe-](Cl)(Cl)Cl
Cc1cc(C)[n+](-c2ccc([N+](=O)[O-])cc2)n1C,CS(=O)(=O)[O-]
Cc1cc(C)[n+](-c2ccc(Cl)cc2)n1C,F[B-](F)(F)F
Cc1cc(C)[n+](-c2ccc(Br)cc2)n1C,F[B-](F)(F)F
Cc1ccc(-[n+]2c(C)cc(C)n2C)cc1,F[B-](F)(F)F
Cc1cc(C)[n+](-c2ccc([N+](=O)[O-])cc2)n1C,F[P-](F)(F)(F)(F)F
COc1ccc(-[n+]2c(C)cc(C)n2C)cc1,F[P-](F)(F)(F)(F)F
Cc1ccc(-[n+]2c(C)cc(C)n2C)cc1,F[P-](F)(F)(F)(F)F
Cc1cc(C)[n+](-c2ccc(Br)cc2)n1C,F[P-](F)(F)(F)(F)F
COc1ccc(-[n+]2c(C)cc(C)n2C)cc1,F[B-](F)(F)F
Cc1cc(C)[n+](-c2ccc(Cl)cc2)n1C,F[P-](F)(F)(F)(F)F
CCC[N+](CCC)(CCC)CCC,[Cl-]
CC[N+](CC)(CC)CC,[Cl-]
CCCC[n+]1ccn(C)c1,CCCCCCCCCCCCOS(=O)(=O)[O-]
CCCC[N+](CCCC)(CCCC)CCCC,CCCCCCCCCCCCOS(=O)(=O)[O-]
C[N+](C)(C)CCO,O=C([O-])c1cccnc1
CCCCCCCCCCCCCCCCCCn1cc[n+](C)c1,O=S(=O)([N-]S(=O)(=O)C(F)(F)C(F)(F)C(F)(F)C(F)(F)F)C(F)(F)C(F)(F)C(F)(F)C(F)(F)F
CCCCCCCCCCCCCCCCCCn1cc[n+](C)c1,FC(F)(F)C(F)(F)[P-](F)(F)(F)(C(F)(F)C(F)(F)F)C(F)(F)C(F)(F)F
CCCCCCCCCCCCCCCCCCCCCC[n+]1ccn(C)c1,O=S(=O)([N-]S(=O)(=O)C(F)(F)F)C(F)(F)F
[K+],O=S(=O)(F)[N-]S(=O)(=O)F
C[C@H]([NH3+])C1CCCCC1,CO[C@H](C(=O)[O-])c1ccccc1
C[C@@H]([NH3+])C1CCCCC1,CO[C@H](C(=O)[O-])c1ccccc1
Cc1ccc[n+](CCCOc2ccccc2)c1,[Br-]
Cc1ccc[n+](CCOc2ccccc2)c1,[Br-]
Cc1cc[n+](CCCOc2ccccc2)cc1,[Br-]
CN(C)c1cc[n+](CCCOc2ccccc2)cc1,[Br-]
c1ccc(OCC[n+]2ccccn2)cc1,[Br-]
Cc1cccc[n+]1CCCOc1ccccc1,[Br-]
Cc1n(C)cc[n+]1CCOc1ccccc1,[Br-]
Cc1n(C)cc[n+]1CCCOc1ccccc1,[Br-]
CN(C)c1cc[n+](CCOc2ccccc2)cc1,[Br-]
Cc1cccc[n+]1CCOc1ccccc1,[Br-]
Cc1cc[n+](CCOc2ccccc2)cc1,[Br-]
c1ccc(OCCC[n+]2ccccn2)cc1,[Br-]
[Li+],O=S(=O)([N-]S(=O)(=O)C(F)(F)F)C(F)(F)F
CC[n+]1ccn(C)c1,O=S(=O)([O-])O
CCCCCCCCCCn1cc[n+](C)c1,Cl[Fe-](Cl)(Cl)Br
CCCCCCCCCCCCn1cc[n+](CCCCCCCCCCCC)c1,Cl[Fe-](Cl)(Cl)Br
CCCCCCCCCCn1cc[n+](CCCCCCCCCC)c1,Cl[Fe-](Cl)(Cl)Br
CCCCCCCCCCCCn1cc[n+](C)c1,Cl[Fe-](Cl)(Cl)Br
Cn1cc[n+](Cc2ccc(C[n+]3ccn(C)c3)cc2)c1,O=S(=O)([N-]S(=O)(=O)C(F)(F)F)C(F)(F)F
C[N+](C)(C)CCO,Cc1cccc(Nc2ccccc2C(=O)[O-])c1C
CCCC[P+](CC)(CCCC)CCCC,CCCCCCCCCCCCCCCCC(=O)[O-]
CCC[N+]1(C)CCCC1,CC(=O)[O-]
CC(=O)OCC[N+]1(C)CCOCC1,[Br-]
C[N+]1(CCO)CCCC1,[Br-]
CC[N+](CC)(CC)CC#N,[Br-]
CCOC(=O)C[N+]1(C)CCOCC1,[Br-]
CC[N+]1(C)CCOCC1,[Br-]
[Na+],CCCCCCCCCCCCOS(=O)(=O)[O-]
C[NH+](Cc1cccnc1)CC1COC(C)(C)O1,F[B-](F)(F)F
CC1(C)OCC(C[N+](C)(C)Cc2cccnc2)O1,F[B-](F)(F)F
C[C@@H](c1ccccc1)[N+](C)(C)C,CS(=O)(=O)[O-]
C[C@H](c1ccccc1)[N+](C)(C)C,CS(=O)(=O)[O-]
CCCC[N+]1(C)CCCCC1,O=S(=O)([O-])C(F)(F)F
CCCC[n+]1ccccc1,[Cl-]
CC[n+]1ccn(C)c1,O=S(=O)([O-])C(F)(F)C(F)F
CCCCCCCCCCn1cc[n+](CCCCCCCCCC)c1C,N#C[N-]C#N
CCCCn1cc[n+](CC[n+]2ccn(CCCC)c2)c1,[Br-]
Cc1n(C)cc[n+]1CC[n+]1ccn(C)c1C,[Br-]
C[n+]1ccn(CCCCn2cc[n+](C)c2)c1,[Br-]
CCn1cc[n+](CC[n+]2ccn(CC)c2)c1,[Br-]
CC(O)C[N+](C)(C)C,[Cl-]
C[N+](C)(C)CCO,[Br-]
CCC[N+]1(C)CCCCC1,[Cl-]
C[N+](C)(C)Cc1ccccc1,[Cl-]
Cc1ccc[n+](CC(=O)Nc2ccc(I)cc2F)c1,F[P-](F)(F)(F)(F)F
Cc1cc[n+](CC(=O)Nc2ccc(C)c(F)c2)cc1,O=C([O-])C(F)(F)F
Cc1cc[n+](CC(=O)Nc2ccc(C)c(F)c2)cc1,F[P-](F)(F)(F)(F)F
Cc1ccc[n+](CC(=O)Nc2ccc(C)c(F)c2)c1,O=C([O-])C(F)(F)F
Cc1ccc[n+](CC(=O)Nc2ccc(C)c(F)c2)c1,F[P-](F)(F)(F)(F)F
Cc1cc[n+](CC(=O)Nc2ccc(I)cc2F)cc1,F[P-](F)(F)(F)(F)F
CCCCCCCCCCCCCCSCC(Cn1cc[n+](C)c1)SCCCCCCCCCCCCCC,[Cl-]
CCCCCCCCCCCCCCSCC(Cn1cc[n+](C)c1)SCCCCCCCCCCCCCC,O=S(=O)([N-]S(=O)(=O)C(F)(F)F)C(F)(F)F
CCCCCCCCCCCCSCC(Cn1cc[n+](C)c1)SCCCCCCCCCCCC,[Cl-]
CCCCCCCCCCCCSCC(Cn1cc[n+](C)c1)SCCCCCCCCCCCC,O=S(=O)([N-]S(=O)(=O)C(F)(F)F)C(F)(F)F
CCCCCCCC[n+]1c(-c2cscn2)n(C)c2ccccc21,O=[N+]([O-])[O-]
CCCCCCCCCCCCCCCCCC[n+]1c(-c2cscn2)n(C)c2ccccc21,O=S(=O)([O-])C(F)(F)F
CCCCCCCCCC[n+]1c(-c2cscn2)n(C)c2ccccc21,O=[N+]([O-])[O-]
CCCCCCCCCCCC[n+]1c(-c2cscn2)n(C)c2ccccc21,O=[N+]([O-])[O-]
CCCCCCCCCCCCCC[n+]1c(-c2cscn2)n(C)c2ccccc21,O=[N+]([O-])[O-]
CCCCCCCCCCCCCCCC[n+]1c(-c2cscn2)n(C)c2ccccc21,O=[N+]([O-])[O-]
CCCCCCCCCCCCCCCCCC[n+]1c(-c2cscn2)n(C)c2ccccc21,O=[N+]([O-])[O-]
CCCCCCCC[n+]1c(-c2cscn2)n(C)c2ccccc21,F[B-](F)(F)F
CCCCCCCCCC[n+]1c(-c2cscn2)n(C)c2ccccc21,F[B-](F)(F)F
CCCCCCCCCCCC[n+]1c(-c2cscn2)n(C)c2ccccc21,F[B-](F)(F)F
CCCCCCCCCCCCCC[n+]1c(-c2cscn2)n(C)c2ccccc21,F[B-](F)(F)F
CCCCCCCCCCCCCCCC[n+]1c(-c2cscn2)n(C)c2ccccc21,F[B-](F)(F)F
CCCCCCCCCCCCCCCCCC[n+]1c(-c2cscn2)n(C)c2ccccc21,F[B-](F)(F)F
CCCCCCCC[n+]1c(-c2cscn2)n(C)c2ccccc21,O=S(=O)([O-])C(F)(F)F
CCCCCCCCCC[n+]1c(-c2cscn2)n(C)c2ccccc21,O=S(=O)([O-])C(F)(F)F
CCCCCCCCCCCC[n+]1c(-c2cscn2)n(C)c2ccccc21,O=S(=O)([O-])C(F)(F)F
CCCCCCCCCCCCCC[n+]1c(-c2cscn2)n(C)c2ccccc21,O=S(=O)([O-])C(F)(F)F
CCCCCCCCCCCCCCCC[n+]1c(-c2cscn2)n(C)c2ccccc21,O=S(=O)([O-])C(F)(F)F
CCCCCC[NH2+]CCN,O=S(=O)([N-]S(=O)(=O)C(F)(F)F)C(F)(F)F
C=CC[N+](C)(C)CC,O=S(=O)([N-]S(=O)(=O)C(F)(F)F)C(F)(F)F
C=CC[N+](C)(C)CC,N#C[N-]C#N
C=CC[N+](C)(C)CC,O=S(=O)([O-])C(F)(F)F
Fc1cccc[nH+]1,O=S(=O)([O-])C(F)(F)F
COCC[N+]1(C)CCCC1,F[P-](F)(F)(F)(F)F
CCCC[N+]1(C)CCCC1,O=S1(=O)[N-]S(=O)(=O)C(F)(F)C(F)(F)C1(F)F
CC[N+]1(C)CCCCC1,[Br-]
Cn1cc[n+](CCO)c1,CCCCCCCCCCCCCCCC(=O)[O-]
Cn1cc[n+](CCO)c1,CCCCCCCCCCCCCC(=O)[O-]
CC[n+]1ccn(C)c1,CCCCCCCCCCCCCCCCCC(=O)[O-]
CC[n+]1ccn(C)c1,CCCCCCCCCCCCCCCC(=O)[O-]
Cn1cc[n+](CCO)c1,CCCCCCCCCCCCCCCCCC(=O)[O-]
Cn1cc[n+](CCCO)c1,CCCCCCCCCCCCCC(=O)[O-]
Cn1cc[n+](CCCO)c1,CCCCCCCCCCCCCCCC(=O)[O-]
Cn1cc[n+](CCCO)c1,CCCCCCCCCCCCCCCCCC(=O)[O-]
CC[n+]1ccn(C)c1,CCCCCCCCCCCCCC(=O)[O-]
FC(F)(F)C(F)(F)C(F)(F)C(F)(F)C(F)(F)C(F)(F)C(F)(F)C(F)(F)CCSCCC[n+]1ccn(CCn2cc[n+](CCCSCCC(F)(F)C(F)(F)C(F)(F)C(F)(F)C(F)(F)C(F)(F)C(F)(F)C(F)(F)F)c2)c1,O=S(=O)([N-]S(=O)(=O)C(F)(F)F)C(F)(F)F
FC(F)(F)C(F)(F)C(F)(F)C(F)(F)C(F)(F)C(F)(F)C(F)(F)C(F)(F)CCSCCC[n+]1ccn(CCCCCCCCCCn2cc[n+](CCCSCCC(F)(F)C(F)(F)C(F)(F)C(F)(F)C(F)(F)C(F)(F)C(F)(F)C(F)(F)F)c2)c1,O=S(=O)([N-]S(=O)(=O)C(F)(F)F)C(F)(F)F
FC(F)(F)C(F)(F)C(F)(F)C(F)(F)C(F)(F)C(F)(F)C(F)(F)C(F)(F)CCSCCCn1cc[n+](CCCSCCC(F)(F)C(F)(F)C(F)(F)C(F)(F)C(F)(F)C(F)(F)C(F)(F)C(F)(F)F)c1,O=S(=O)([N-]S(=O)(=O)C(F)(F)F)C(F)(F)F
Cn1cc[n+](CC(CSCCC(F)(F)C(F)(F)C(F)(F)C(F)(F)C(F)(F)C(F)(F)C(F)(F)C(F)(F)F)SCCC(F)(F)C(F)(F)C(F)(F)C(F)(F)C(F)(F)C(F)(F)C(F)(F)C(F)(F)F)c1,O=S(=O)([N-]S(=O)(=O)C(F)(F)F)C(F)(F)F
Cn1cc[n+](CCCSCCC(F)(F)C(F)(F)C(F)(F)C(F)(F)C(F)(F)C(F)(F)C(F)(F)C(F)(F)F)c1,O=S(=O)([N-]S(=O)(=O)C(F)(F)F)C(F)(F)F
CCCC[N+]1(C)CCCC1,O=S(=O)(F)[N-]S(=O)(=O)F
CCCC[P+](CCCC)(CCCC)CCCC(=O)OCC,[Br-]
CCCC[N+](CCCC)(CCCC)CCCC(=O)OCC,[Br-]
CCOC(=O)CCC[N+](CC)(CC)CC,[Br-]
CCC[N+](CCC)(CCC)CCCC(=O)OCC,[Br-]
CCOC(=O)[C@@H]1CCC[N+]1(CC)CC,[Br-]
COC(=O)[C@@H]1CCC[N+]1(C)C,COS(=O)(=O)[O-]
COC(=O)[C@@H]1CCC[N+]1(C)C,[I-]
[Na+],O=S(=O)(F)[N-]S(=O)(=O)F
CC[N+]1(C)CCCC1,O=S(=O)(F)[N-]S(=O)(=O)F
C=Cc1ccc(C[n+]2ccccc2)cc1,O=S(=O)([N-]S(=O)(=O)C(F)(F)F)C(F)(F)F
C=Cc1ccc(C[N+]2(C)CCOCC2)cc1,O=S(=O)([N-]S(=O)(=O)C(F)(F)F)C(F)(F)F
C=Cc1ccc(C[N+](CCCC)(CCCC)CCCC)cc1,O=S(=O)([N-]S(=O)(=O)C(F)(F)F)C(F)(F)F
C=Cc1ccc(Cn2cc[n+](C)c2)cc1,O=S(=O)([N-]S(=O)(=O)C(F)(F)F)C(F)(F)F
C[n+]1ccn(CCCCCn2cc[n+](C)c2)c1,[Br-]
C[n+]1ccn(CCCCCCn2cc[n+](C)c2)c1,[Br-]
Cn1cc[n+](CCC[n+]2ccn(C)c2)c1,[Br-]
CCCC[N+]1(C)CCCC1,F[P-](F)(F)(F)(F)F
CCCC[n+]1cccc(C)c1,F[P-](F)(F)(F)(F)F
CCCC[N+]1(C)CCCCC1,F[P-](F)(F)(F)(F)F
CCCCCCCC[n+]1ccc(N(C)C)cc1,O=S(=O)([O-])C(F)(F)F
CCCCn1cc[nH+]c1,O=C([O-])C(F)(F)F
CCCCn1cc[nH+]c1,O=C([O-])c1ccccc1O
Cn1cc[n+](CCO)c1,O=S(=O)([O-])C(F)(F)C(F)(F)C(F)(F)C(F)(F)F
Cn1cc[n+](CCO)c1,O=C([O-])C(F)(F)C(F)(F)C(F)(F)C(F)(F)F
CC[n+]1ccc(C)cc1,O=S(=O)([N-]S(=O)(=O)C(F)(F)F)C(F)(F)F
CCC[n+]1ccc(C)cc1,O=S(=O)([N-]S(=O)(=O)C(F)(F)F)C(F)(F)F
CC[n+]1ccccc1C,O=S(=O)([N-]S(=O)(=O)C(F)(F)F)C(F)(F)F
CCC[n+]1ccccc1C,O=S(=O)([N-]S(=O)(=O)C(F)(F)F)C(F)(F)F
C[N+]1(CCCC#N)CCOCC1,N#C[C-](C#N)C#N
N#CCCC[n+]1ccccc1,N#C[C-](C#N)C#N
Cc1[nH+]ccn1CCCCn1cc[nH+]c1C,[Br-]
CCCn1cc[n+](CCCC[n+]2ccn(CCC)c2)c1,[Br-]
C[n+]1ccn(CCCCn2cc[n+](C)c2)c1,F[B-](F)(F)F
C[n+]1ccn(CCCCn2cc[n+](C)c2)c1,F[P-](F)(F)(F)(F)F
C[n+]1ccn(CCCCn2cc[n+](C)c2)c1,O=S(=O)([N-]S(=O)(=O)C(F)(F)F)C(F)(F)F
Cc1cn(CCCCn2cc(C)[nH+]c2C)c(C)[nH+]1,[Br-]
CCCCCCCC[N+](CCCCCCCC)(CCCCCCCC)CCCCCCCC,CCCCCCCC/C=C\CCCCCCCC(=O)[O-]
CCCC[n+]1ccn(C)c1,COC(=O)C(=O)[O-]
C[N+](C)(C)CCO,Cc1ccc(S(=O)(=O)[O-])cc1
CC[n+]1ccccc1,Cc1ccc(S(=O)(=O)[O-])cc1
Cc1[nH]cc[nH+]1,O=S(=O)([N-]S(=O)(=O)C(F)(F)F)C(F)(F)F
CC[n+]1ccn(C)c1,COP(=O)([O-])OC
CCCC[NH2+]CCO,CCCCCCCCCCCC(=O)[O-]
CC(C)(C)[NH2+]CCO,CCCCCCCCCCCC(=O)[O-]
OCC[NH2+]c1ccccc1,CCCCCCCCCCCC(=O)[O-]
CCCC[NH2+]CCO,CCCCCCCCCCCCCCCC(=O)[O-]
OCC[NH2+]c1ccccc1,CCCCCCCCCCCCCCCC(=O)[O-]
CC(C)(C)[NH2+]CCO,CCCCCCCCCCCCCCCC(=O)[O-]
CCCC[P+](CCCC)(CCCC)CCCC,[Br-]
C[N+](C)(C)CCC[N+]1(C)CCOCC1,O=S(=O)([N-]S(=O)(=O)C(F)(F)F)C(F)(F)F
C[N+](C)(C)CCC[N+]1(C)CCCCC1,O=S(=O)([N-]S(=O)(=O)C(F)(F)F)C(F)(F)F
CCCCCC[N+](CC)(CC)CC,N#C[C-](C#N)C#N
CCCCCCCCCC[N+]1(C)CCOCC1,O=S(=O)([O-])C(F)(F)F
CCCCCC[N+](CC)(CC)CC,O=S(=O)([O-])C(F)(F)F
CCCC[N+](CCCC)(CCCC)CCCC,N[C@H](Cc1ccccc1)C(=O)[O-]
CCCC[N+](CCCC)(CCCC)CCCC,N=C(N)NCCC[C@H](N)C(=O)[O-]
CCCC[N+](CCCC)(CCCC)CCCC,C[C@H](N)C(=O)[O-]
CCCCCCCCCCCC[n+]1ccsc1,O=S(=O)([N-]S(=O)(=O)C(F)(F)F)C(F)(F)F
CC[n+]1ccsc1,O=S(=O)([N-]S(=O)(=O)C(F)(F)F)C(F)(F)F
CCCCCCCCCCCCCCCC[n+]1ccsc1,O=S(=O)([N-]S(=O)(=O)C(F)(F)F)C(F)(F)F
CC(O)C[NH+](CC(C)O)CC(C)O,O=C([O-])c1cccnc1
CC(O)C[NH+](CC(C)O)CC(C)O,CC(O)C[NH+](CC(C)O)CC(C)O
CC(O)C[NH+](CC(C)O)CC(C)O,O=C([O-])CC(=O)O
CC(O)C[NH+](CC(C)O)CC(C)O,CC(O)C[NH+](CC(C)O)CC(C)O
CC(O)C[NH+](CC(C)O)CC(C)O,O=C([O-])C(=O)O
CC(O)C[NH+](CC(C)O)CC(C)O,CC(=O)Oc1ccccc1C(=O)[O-]
CC(O)C[NH+](CC(C)O)CC(C)O,O=C([O-])c1ccccc1O
CC(O)C[NH+](CC(C)O)CC(C)O,O=C([O-])C=Cc1ccccc1
CC(O)C[NH+](CC(C)O)CC(C)O,O=C([O-])c1ccccc1
CC(O)C[NH+](CC(C)O)CC(C)O,Cc1cc(Cl)ccc1OCC(=O)[O-]
CC(O)C[NH+](CC(C)O)CC(C)O,CC(O)C[NH+](CC(C)O)CC(C)O
CCCCCCCCCCCCCCCC[n+]1ccccc1,[Cl-]
CCCCCCCCCCCCCCCC[N+]1(C)CCCCC1,CC(=O)Oc1ccccc1C(=O)[O-]
CCCCCCCCCCCCCCCC[N+]1(C)CCCCC1,[OH-]
CCCCCCCCCCCCCCCC[N+]1(C)CCCCC1,[Cl-]
CCCCCCCCCCCCCCCC[n+]1ccccc1,[OH-]
CCCCCCCCCCCCCCCCn1cc[n+](C)c1,O=S(=O)([N-]S(=O)(=O)C(F)(F)F)C(F)(F)F
C[N+](C)(C)CCO,CCCCCC(=O)[O-]
C[N+](C)(C)CCO,O=[N+]([O-])[O-]
CCCC[NH3+],CC(=O)[O-]
CN1CCCN2CCC[NH+]=C12,CC(=O)[O-]
CCCC[N+]1(C)CCCC1,O=S(=O)([O-])C(F)(F)C(F)F
C=C[n+]1ccn(CC(=O)OCC)c1,[Cl-]
