smiles,MP
O=S(=O)([O-])O.c1c[nH+]c[nH]1,85.0
CS(=O)(=O)[O-].c1c[nH+]c[nH]1,188.0
O=S(=O)(O)C(F)(F)F.c1c[nH+]c[nH]1,122.9
O=S(=O)([N-]S(=O)(=O)C(F)(F)F)C(F)(F)F.c1c[nH+]c[nH]1,73.0
F[B-](F)(F)F.c1c[nH+]c[nH]1,131.2
Cn1cc[nH+]c1.O=S(=O)([O-])O,20.88
CCn1cc[nH+]c1.CS(=O)(=O)[O-],59.0
CCn1cc[nH+]c1.O=S(=O)([N-]S(=O)(=O)C(F)(F)F)C(F)(F)F,5.0
CCCn1cc[nH+]c1.O=S(=O)([N-]S(=O)(=O)C(F)(F)F)C(F)(F)F,7.49
C[NH3+].O=S(=O)([O-])O,73.2
CS(=O)(=O)[O-].C[NH3+],91.0
C[NH3+].O=C([O-])C(F)(F)F,61.0
C[NH3+].F[B-](F)(F)F,77.1
C[NH3+].O=[N+]([O-])[O-],111.0
C[NH3+].O=P([O-])(O)O,96.8
C[NH3+].[Br-],237.0
CC[NH3+].CS(=O)(=O)[O-],112.5
CC[NH3+].O=S(=O)([O-])C(F)(F)F,173.0
CC[NH3+].O=C([O-])C(F)(F)F,58.0
CC[NH3+].F[B-](F)(F)F,152.4
CC[NH3+].O=P([O-])(O)O,134.0
CC[NH3+].[Cl-],109.0
CCC[NH3+].O=S(=O)([O-])O,33.9
CCC[NH3+].O=S(=O)([O-])C(F)(F)F,176.0
CCC[NH3+].O=P([O-])(O)O,145.6
CCC[NH3+].[Br-],186.2
CCCC[NH3+].O=S(=O)([O-])O,33.5
CCCC[NH3+].CS(=O)(=O)[O-],131.8
CCCC[NH3+].O=S(=O)([O-])C(F)(F)F,178.0
CCCC[NH3+].O=S(=O)([N-]S(=O)(=O)C(F)(F)F)C(F)(F)F,20.0
CCCC[NH3+].F[B-](F)(F)F,198.2
CCCC[NH3+].O=[N+]([O-])[O-],30.0
CCCC[NH3+].O=P([O-])(O)O,113.3
CCCC[NH3+].[Br-],205.0
C[NH2+]C.O=S(=O)([O-])O,40.1
CS(=O)(=O)[O-].C[NH2+]C,122.1
C[NH2+]C.O=S(=O)([O-])C(F)(F)F,114.0
C[NH2+]C.O=[N+]([O-])[O-],75.0
C[NH2+]C.O=P([O-])(O)O,117.3
CC[NH2+]CC.O=S(=O)([O-])C(F)(F)F,127.0
CC[NH2+]CC.O=[N+]([O-])[O-],96.0
CC[NH2+]CC.O=P([O-])(O)O,148.0
CC[NH2+]CC.[Cl-],220.0
CCCCCCCCC[n+]1cc[nH]c1.O=S(=O)([N-]S(=O)(=O)C(F)(F)F)C(F)(F)F,17.55
CCCCCCCCCC[n+]1cc[nH]c1.O=S(=O)([N-]S(=O)(=O)C(F)(F)F)C(F)(F)F,6.75
CCCn1cc[n+](C)c1.O=S(=O)([O-])C(F)(F)F,5.95
CCCCCCCCCn1cc[n+](C)c1.O=S(=O)([O-])C(F)(F)F,9.65
CCCCCCn1cc[n+](C)c1.CS(=O)(=O)[O-],36.35
CCCCCCCn1cc[n+](C)c1.CS(=O)(=O)[O-],37.05
CCCC[N+](C)(C)C12CC3CC(CC(C3)C1)C2.[Br-],222.0
CCCCCC[N+](C)(C)C12CC3CC(CC(C3)C1)C2.[Br-],198.0
CCCCCCCC[N+](C)(C)C12CC3CC(CC(C3)C1)C2.[Br-],211.0
CCCCCCCCCC[N+](C)(C)C12CC3CC(CC(C3)C1)C2.[Br-],211.0
CCCCCCCCCCCC[N+](C)(C)C12CC3CC(CC(C3)C1)C2.[Br-],208.0
CC[N+](C)(C)C12CC3CC(CC(C3)C1)C2.F[B-](F)(F)F,239.2
CCCC[N+](C)(C)C12CC3CC(CC(C3)C1)C2.F[B-](F)(F)F,169.8
CCCCCC[N+](C)(C)C12CC3CC(CC(C3)C1)C2.F[B-](F)(F)F,158.6
CCCCCCCC[N+](C)(C)C12CC3CC(CC(C3)C1)C2.F[B-](F)(F)F,139.2
CCCCCCCCCC[N+](C)(C)C12CC3CC(CC(C3)C1)C2.F[B-](F)(F)F,177.6
CCCCCCCCCCCC[N+](C)(C)C12CC3CC(CC(C3)C1)C2.F[B-](F)(F)F,190.5
CC[N+](C)(C)C12CC3CC(CC(C3)C1)C2.F[P-](F)(F)(F)(F)F,247.0
CCCC[N+](C)(C)C12CC3CC(CC(C3)C1)C2.F[P-](F)(F)(F)(F)F,197.1
CCCCCC[N+](C)(C)C12CC3CC(CC(C3)C1)C2.F[P-](F)(F)(F)(F)F,189.0
CCCCCCCC[N+](C)(C)C12CC3CC(CC(C3)C1)C2.F[P-](F)(F)(F)(F)F,162.3
CCCCCCCCCC[N+](C)(C)C12CC3CC(CC(C3)C1)C2.F[P-](F)(F)(F)(F)F,188.0
CCCCCCCCCCCC[N+](C)(C)C12CC3CC(CC(C3)C1)C2.F[P-](F)(F)(F)(F)F,195.0
C[N+](C)(C)C12CC3CC(CC(C3)C1)C2.O=S(=O)([O-])C(F)(F)F,240.0
CC[N+](C)(C)C12CC3CC(CC(C3)C1)C2.O=S(=O)([O-])C(F)(F)F,182.0
CCCC[N+](C)(C)C12CC3CC(CC(C3)C1)C2.O=S(=O)([O-])C(F)(F)F,101.9
CCCCCC[N+](C)(C)C12CC3CC(CC(C3)C1)C2.O=S(=O)([O-])C(F)(F)F,123.2
CCCCCCCC[N+](C)(C)C12CC3CC(CC(C3)C1)C2.O=S(=O)([O-])C(F)(F)F,151.3
CCCCCCCCCC[N+](C)(C)C12CC3CC(CC(C3)C1)C2.O=S(=O)([O-])C(F)(F)F,104.3
CCCCCCCCCCCC[N+](C)(C)C12CC3CC(CC(C3)C1)C2.O=S(=O)([O-])C(F)(F)F,102.7
C[N+](C)(C)C12CC3CC(CC(C3)C1)C2.O=S(=O)(F)[N-]S(=O)(=O)F,78.3
CC[N+](C)(C)C12CC3CC(CC(C3)C1)C2.O=S(=O)(F)[N-]S(=O)(=O)F,123.7
CCCC[N+](C)(C)C12CC3CC(CC(C3)C1)C2.O=S(=O)(F)[N-]S(=O)(=O)F,65.2
CCCCCC[N+](C)(C)C12CC3CC(CC(C3)C1)C2.O=S(=O)(F)[N-]S(=O)(=O)F,67.6
CCCCCCCC[N+](C)(C)C12CC3CC(CC(C3)C1)C2.O=S(=O)(F)[N-]S(=O)(=O)F,76.3
CCCCCCCCCC[N+](C)(C)C12CC3CC(CC(C3)C1)C2.O=S(=O)(F)[N-]S(=O)(=O)F,92.7
CCCCCCCCCCCC[N+](C)(C)C12CC3CC(CC(C3)C1)C2.O=S(=O)(F)[N-]S(=O)(=O)F,102.3
C[N+](C)(C)C12CC3CC(CC(C3)C1)C2.O=S(=O)([N-]S(=O)(=O)C(F)(F)F)C(F)(F)F,97.2
CC[N+](C)(C)C12CC3CC(CC(C3)C1)C2.O=S(=O)([N-]S(=O)(=O)C(F)(F)F)C(F)(F)F,117.7
CCCC[N+](C)(C)C12CC3CC(CC(C3)C1)C2.O=S(=O)([N-]S(=O)(=O)C(F)(F)F)C(F)(F)F,53.6
CCCCCC[N+](C)(C)C12CC3CC(CC(C3)C1)C2.O=S(=O)([N-]S(=O)(=O)C(F)(F)F)C(F)(F)F,30.6
CCCCCCCC[N+](C)(C)C12CC3CC(CC(C3)C1)C2.O=S(=O)([N-]S(=O)(=O)C(F)(F)F)C(F)(F)F,38.7
CCCCCCCCCC[N+](C)(C)C12CC3CC(CC(C3)C1)C2.O=S(=O)([N-]S(=O)(=O)C(F)(F)F)C(F)(F)F,51.2
CCCCCCCCCCCC[N+](C)(C)C12CC3CC(CC(C3)C1)C2.O=S(=O)([N-]S(=O)(=O)C(F)(F)F)C(F)(F)F,46.2
CCCC[N+](C)(C)C.F[B-](F)(F)F,188.8
CCCCCCCC[N+](C)(C)C.F[B-](F)(F)F,133.4
CCCCCCCCCC[N+](C)(C)C.F[B-](F)(F)F,125.8
CCCC[N+](C)(C)C.F[P-](F)(F)(F)(F)F,169.3
CCCCCC[N+](C)(C)C.F[P-](F)(F)(F)(F)F,225.4
CCCCCCCC[N+](C)(C)C.F[P-](F)(F)(F)(F)F,143.9
CCCCCCCCCC[N+](C)(C)C.F[P-](F)(F)(F)(F)F,175.7
CCCC[N+](C)(C)C.O=S(=O)([O-])C(F)(F)F,79.9
CCCCCC[N+](C)(C)C.O=S(=O)([O-])C(F)(F)F,139.5
CCCCCCCC[N+](C)(C)C.O=S(=O)([O-])C(F)(F)F,140.8
CCCCCCCCCC[N+](C)(C)C.O=S(=O)([O-])C(F)(F)F,150.2
CCCC[N+](C)(C)C.O=S(=O)(F)[N-]S(=O)(=O)F,17.9
CCCCCC[N+](C)(C)C.O=S(=O)(F)[N-]S(=O)(=O)F,46.7
CCCCCCCC[N+](C)(C)C.O=S(=O)(F)[N-]S(=O)(=O)F,7.18
CCCC[N+](C)(C)C.[Br-],212.5
CCCCCC[N+](C)(C)C.[Br-],186.8
CCCCCCCC[N+](C)(C)C.[Br-],215.9
CCCCCCCCCC[N+](C)(C)C.[Br-],235.6
CCCC[N+]1(C)CCC(O)CC1.[Br-],150.5
CCCCCC[N+]1(C)CCC(O)CC1.[Br-],81.0
CCCCCCCC[N+]1(C)CCC(O)CC1.[Br-],102.5
CCCCCCCCCC[N+]1(C)CCC(O)CC1.[Br-],146.5
CCCCCCCCCCCC[N+]1(C)CCC(O)CC1.[Br-],205.0
CCCCCCCCCCCCCC[N+]1(C)CCC(O)CC1.[Br-],209.5
CCCCCCCCCCCCCCCC[N+]1(C)CCC(O)CC1.[Br-],212.5
CCC[NH2+]CCC.O=S(=O)([O-])C(F)(F)F,136.0
CC(=O)[O-].CCC[NH2+]CCC,13.0
CCCC[NH2+]CCCC.O=S(=O)([O-])O,130.9
CCCC[NH2+]CCCC.O=S(=O)([O-])C(F)(F)F,140.0
CCCC[NH2+]CCCC.O=S(=O)([N-]S(=O)(=O)C(F)(F)F)C(F)(F)F,42.6
CCCC[NH2+]CCCC.F[B-](F)(F)F,212.8
CCCC[NH2+]CCCC.O=P([O-])(O)O,98.0
C[NH+](C)C.O=S(=O)([O-])C(F)(F)F,150.0
C[NH+](C)C.O=[N+]([O-])[O-],155.0
CC[NH+](CC)CC.O=S(=O)([O-])O,84.2
CC[NH+](CC)CC.O=S(=O)([O-])C(F)(F)F,32.0
CC[NH+](CC)CC.F[B-](F)(F)F,104.3
CC[NH+](CC)CC.O=[N+]([O-])[O-],115.0
CC[NH+](CC)CC.[Br-],239.0
CC[NH+](CC)CC.[Cl-],244.0
CCC[NH+](CCC)CCC.O=S(=O)([O-])O,92.0
CCC[NH+](CCC)CCC.O=S(=O)([O-])C(F)(F)F,160.0
CCC[NH+](CCC)CCC.O=S(=O)([N-]S(=O)(=O)C(F)(F)F)C(F)(F)F,49.0
CCC[NH+](CCC)CCC.F[B-](F)(F)F,25.0
CCCC[NH+](CCCC)CCCC.O=S(=O)([O-])C(F)(F)F,128.0
CCCC[NH+](CCCC)CCCC.O=S(=O)([N-]S(=O)(=O)C(F)(F)F)C(F)(F)F,40.0
OCC[NH+](CCO)CCO.[F-],67.0
O=C([O-])CC(=O)O.OCC[NH+](CCO)CCO,85.0
OCC[NH+](CCO)CCO.[Br-],180.0
OCC[NH+](CCO)CCO.[I-],125.0
Cn1cc[nH+]c1.[Cl-],72.0
Cn1cc[nH+]c1.[Br-],41.0
Cn1cc[nH+]c1.[O-][Cl+3]([O-])([O-])[O-],157.0
Cn1cc[nH+]c1.F[B-](F)(F)F,37.0
Cn1cc[nH+]c1.O=S(=O)([N-]S(=O)(=O)C(F)(F)F)C(F)(F)F,9.0
Cn1cc[nH+]c1.O=S(=O)([N-]S(=O)(=O)C(F)(F)C(F)(F)F)C(F)(F)C(F)(F)F,11.0
Cn1cc[nH+]c1.O=[N+]([O-])[O-],70.0
Cn1cc[nH+]c1.O=S(=O)([O-])C(F)(F)F,84.0
Cn1cc[nH+]c1.F[P-](F)(F)(F)(F)F,116.0
Cn1cc[nH+]c1.O=C([O-])C(F)(F)F,51.0
CCn1cc[nH+]c1.[Cl-],58.0
CCn1cc[nH+]c1.[Br-],60.0
CCn1cc[nH+]c1.[O-][Cl+3]([O-])([O-])[O-],21.0
CCn1cc[nH+]c1.O=[N+]([O-])[O-],31.0
CCn1cc[nH+]c1.O=S(=O)([O-])C(F)(F)F,8.0
Cn1cc[n+](C)c1.[Cl-],125.0
Cn1cc[n+](C)c1.F[B-](F)(F)F,103.0
Cn1cc[n+](C)c1.O=S(=O)([N-]S(=O)(=O)C(F)(F)F)C(F)(F)F,22.0
Cn1cc[n+](C)c1.O=C([O-])C(F)(F)F,52.0
Cn1cc[n+](C)c1.F[B-](F)(F)C(F)(F)F,15.0
Cn1cc[n+](C)c1.F[B-](F)(F)C(F)(F)C(F)(F)F,27.0
Cn1cc[n+](C)c1.F[B-](F)(F)C(F)(F)C(F)(F)C(F)(F)F,11.0
Cn1cc[n+](C)c1.F[B-](F)(F)C(F)(F)C(F)(F)C(F)(F)C(F)(F)F,16.0
Cc1[nH+]ccn1C.[Cl-],181.0
Cc1[nH+]ccn1C.[Br-],176.0
Cc1[nH+]ccn1C.[O-][Cl+3]([O-])([O-])[O-],64.0
Cc1[nH+]ccn1C.O=S(=O)([N-]S(=O)(=O)C(F)(F)F)C(F)(F)F,22.0
Cc1[nH+]ccn1C.O=S(=O)([N-]S(=O)(=O)C(F)(F)C(F)(F)F)C(F)(F)C(F)(F)F,15.0
Cc1[nH+]ccn1C.O=[N+]([O-])[O-],84.0
Cc1[nH+]ccn1C.O=S(=O)([O-])C(F)(F)F,119.0
Cc1[nH+]ccn1C.F[P-](F)(F)(F)(F)F,115.0
CC[n+]1ccn(C)c1.[Cl-],80.0
CC[n+]1ccn(C)c1.[I-],79.0
CC[n+]1ccn(C)c1.F[B-](F)(F)C(F)(F)C(F)(F)F,1.0
CC[n+]1ccn(C)c1.F[B-](F)(F)C(F)(F)C(F)(F)C(F)(F)F,8.0
CCCCC[B-](F)(F)F.CC[n+]1ccn(C)c1,16.0
CC[n+]1ccn(C)c1.O=C([N-]S(=O)(=O)C(F)(F)F)C(F)(F)F,3.0
CC[n+]1ccn(C)c1.O=N[O-],55.0
CC[n+]1ccn(C)c1.O=[N+]([O-])[O-],38.0
CC[n+]1ccn(C)c1.O=S(=O)([O-])C(F)(F)C(F)(F)C(F)(F)C(F)(F)F,28.0
CC[n+]1ccn(C)c1.COS(=O)(=O)[O-],5.0
CC[n+]1ccn(C)c1.O=S(=O)([C-](S(=O)(=O)C(F)(F)F)S(=O)(=O)C(F)(F)F)C(F)(F)F,39.0
CC[n+]1ccn(C)c1.Cl[Al-](Cl)(Cl)Cl,9.0
CCn1cc[nH+]c1C.[Cl-],178.0
CCn1cc[nH+]c1C.[Br-],144.0
CCn1cc[nH+]c1C.[O-][Cl+3]([O-])([O-])[O-],7.0
CCn1cc[nH+]c1C.O=[N+]([O-])[O-],75.0
CCn1cc[nH+]c1C.O=S(=O)([O-])C(F)(F)F,33.0
Cn1cc[n+](CC(F)(F)F)c1.O=S(=O)([O-])C(F)(F)F,45.0
CCn1cc[n+](CC)c1.O=S(=O)([O-])C(F)(F)F,23.0
CCC[n+]1ccn(C)c1.[Cl-],60.0
CCC[n+]1ccn(C)c1.O=S(=O)([O-])C(F)(F)C(F)(F)C(F)(F)C(F)(F)F,34.0
CCC[n+]1ccn(C)c1.F[P-](F)(F)(F)(F)F,40.0
CC(C)[n+]1ccn(C)c1.[I-],114.0
CC(C)[n+]1ccn(C)c1.O=S(=O)([N-]S(=O)(=O)C(F)(F)F)C(F)(F)F,16.0
CC(C)[n+]1ccn(C)c1.O=S(=O)([N-]S(=O)(=O)C(F)(F)C(F)(F)C(F)(F)C(F)(F)F)C(F)(F)C(F)(F)C(F)(F)C(F)(F)F,29.0
CC(C)[n+]1ccn(C)c1.F[P-](F)(F)(F)(F)F,102.0
COCC[n+]1ccn(C)c1.[Cl-],67.0
COCC[n+]1ccn(C)c1.F[B-](F)(F)C(F)(F)F,2.0
COCC[n+]1ccn(C)c1.O=S(=O)([O-])C(F)(F)F,27.0
COCC[n+]1ccn(C)c1.F[P-](F)(F)(F)(F)F,26.0
CCCC[n+]1ccn(C)c1.FC(F)(F)c1cc([B-](c2cc(C(F)(F)F)cc(C(F)(F)F)c2)(c2cc(C(F)(F)F)cc(C(F)(F)F)c2)c2cc(C(F)(F)F)cc(C(F)(F)F)c2)cc(C(F)(F)F)c1,104.0
CCCC[n+]1ccn(C)c1.C[Si](C)(CCC(F)(F)F)c1ccc([B-](c2ccc([Si](C)(C)CCC(F)(F)F)cc2)(c2ccc([Si](C)(C)CCC(F)(F)F)cc2)c2ccc([Si](C)(C)CCC(F)(F)F)cc2)cc1,104.0
CCCC[n+]1ccn(C)c1.FC(F)(F)C(F)(F)C(F)(F)C(F)(F)C(F)(F)C(F)(F)c1ccc([B-](c2ccc(C(F)(F)C(F)(F)C(F)(F)C(F)(F)C(F)(F)C(F)(F)F)cc2)(c2ccc(C(F)(F)C(F)(F)C(F)(F)C(F)(F)C(F)(F)C(F)(F)F)cc2)c2ccc(C(F)(F)C(F)(F)C(F)(F)C(F)(F)C(F)(F)C(F)(F)F)cc2)cc1,90.0
CCCC[n+]1ccn(C)c1.O=S(=O)([O-])C(F)(F)F,16.0
CCCC[n+]1ccn(C)c1.O=S(=O)([O-])C(F)(F)C(F)(F)C(F)(F)C(F)(F)F,20.0
CCCCC[n+]1ccn(C)c1.FC(F)(F)c1cc([B-](c2cc(C(F)(F)F)cc(C(F)(F)F)c2)(c2cc(C(F)(F)F)cc(C(F)(F)F)c2)c2cc(C(F)(F)F)cc(C(F)(F)F)c2)cc(C(F)(F)F)c1,82.0
CCCCC[n+]1ccn(C)c1.O=C1[N-]S(=O)(=O)c2ccccc21,64.0
CCCC[n+]1ccn(CC)c1.O=S(=O)([O-])C(F)(F)F,2.0
CCCC[n+]1ccn(CC)c1.O=S(=O)([O-])C(F)(F)C(F)(F)C(F)(F)C(F)(F)F,21.0
CCCCCC[n+]1ccn(C)c1.FC(F)(F)c1cc([B-](c2cc(C(F)(F)F)cc(C(F)(F)F)c2)(c2cc(C(F)(F)F)cc(C(F)(F)F)c2)c2cc(C(F)(F)F)cc(C(F)(F)F)c2)cc(C(F)(F)F)c1,82.0
CCCCCC[n+]1ccn(C)c1.O=S(=O)([O-])C(F)(F)F,29.0
Cn1cc[n+](CC(=O)c2ccccc2)c1.[Br-],49.0
CCCCCCC[n+]1ccn(C)c1.FC(F)(F)c1cc([B-](c2cc(C(F)(F)F)cc(C(F)(F)F)c2)(c2cc(C(F)(F)F)cc(C(F)(F)F)c2)c2cc(C(F)(F)F)cc(C(F)(F)F)c2)cc(C(F)(F)F)c1,69.0
CCCCCCC[n+]1ccn(C)c1.O=S(=O)([N-]S(=O)(=O)C(F)(F)F)C(F)(F)F,7.0
CCCCn1cc[n+](CCCC)c1.[Cl-],55.0
Cn1cc[n+](Cc2ccccc2)c1.[Br-],126.0
Cn1cc[n+](Cc2ccccc2)c1.O=S(=O)([O-])C(F)(F)F,27.0
Cn1cc[n+](Cc2ccccc2)c1.F[P-](F)(F)(F)(F)F,130.0
COc1ccc(-[n+]2ccn(C)c2)cc1.O=S(=O)([O-])C(F)(F)F,45.0
CCCCCCCC[n+]1ccn(C)c1.FC(F)(F)c1cc([B-](c2cc(C(F)(F)F)cc(C(F)(F)F)c2)(c2cc(C(F)(F)F)cc(C(F)(F)F)c2)c2cc(C(F)(F)F)cc(C(F)(F)F)c2)cc(C(F)(F)F)c1,75.0
Cn1cc[n+](CCc2ccccc2)c1.O=S(=O)([N-]S(=O)(=O)C(F)(F)F)C(F)(F)F,37.0
Cn1cc[n+](CCc2ccccc2)c1.F[P-](F)(F)(F)(F)F,103.0
CCCCCCCOC[n+]1ccn(C)c1.F[P-](F)(F)(F)(F)F,38.0
CCCCOC[n+]1ccn(COCCC)c1.F[P-](F)(F)(F)(F)F,48.0
CCCCCCCCC[n+]1ccn(C)c1.F[P-](F)(F)(F)(F)F,14.0
CCCCCCCC[n+]1ccn(CC)c1.Cc1ccc(S(=O)(=O)[O-])cc1,70.0
Cn1cc[n+](CCCc2ccccc2)c1.O=S(=O)([N-]S(=O)(=O)C(F)(F)F)C(F)(F)F,48.0
Cn1cc[n+](CCCc2ccccc2)c1.F[P-](F)(F)(F)(F)F,52.0
CCCCOCn1cc[n+](COCCCC)c1.F[P-](F)(F)(F)(F)F,57.0
CCCCCCCCCC[n+]1ccn(C)c1.[Cl-],38.0
CCCCCCCCCC[n+]1ccn(C)c1.FC(F)(F)c1cc([B-](c2cc(C(F)(F)F)cc(C(F)(F)F)c2)(c2cc(C(F)(F)F)cc(C(F)(F)F)c2)c2cc(C(F)(F)F)cc(C(F)(F)F)c2)cc(C(F)(F)F)c1,85.0
CCCCCCCCCC[n+]1ccn(C)c1.Cc1ccc(S(=O)(=O)[O-])cc1,79.0
CCCCCCCCCC[n+]1ccn(C)c1.F[P-](F)(F)(F)(F)F,32.0
CCCCCCCCCCC[n+]1ccn(C)c1.F[B-](F)(F)F,21.0
CCCCCCCCCCCC[n+]1ccn(C)c1.[Cl-],97.0
CCCCCCCCCCCC[n+]1ccn(C)c1.F[B-](F)(F)F,34.0
CCCCCCCCCCCC[n+]1ccn(C)c1.O=S(=O)([N-]S(=O)(=O)C(F)(F)F)C(F)(F)F,17.0
CCCCCCCCCCCC[n+]1ccn(C)c1.O=S(=O)([O-])C(F)(F)F,40.0
CCCCCCCCCCCC[n+]1ccn(C)c1.F[P-](F)(F)(F)(F)F,60.0
CCCCCCCCCCCC[n+]1ccn(C)c1.FC(F)(F)c1cc([B-](c2cc(C(F)(F)F)cc(C(F)(F)F)c2)(c2cc(C(F)(F)F)cc(C(F)(F)F)c2)c2cc(C(F)(F)F)cc(C(F)(F)F)c2)cc(C(F)(F)F)c1,72.0
CCCCCCCCCCCCCn1cc[n+](C)c1.F[B-](F)(F)F,49.0
CCCCCCCCCCCCCC[n+]1ccn(C)c1.[Cl-],19.0
CCCCCCCCCCCCCC[n+]1ccn(C)c1.[Br-],54.0
CCCCCCCCCCCCCC[n+]1ccn(C)c1.F[B-](F)(F)F,38.0
CCCCCCCCCCCCCC[n+]1ccn(C)c1.O=S(=O)([N-]S(=O)(=O)C(F)(F)F)C(F)(F)F,34.0
CCCCCCCCCCCCCC[n+]1ccn(C)c1.O=S(=O)([O-])C(F)(F)F,50.0
CCCCCCCCCCCCCC[n+]1ccn(C)c1.F[P-](F)(F)(F)(F)F,73.0
CCCCCCCCCCCCCCC[n+]1ccn(C)c1.F[B-](F)(F)F,55.0
CCCCCCCCCCCCCCCC[n+]1ccn(C)c1.[Cl-],42.0
CCCCCCCCCCCCCCCC[n+]1ccn(C)c1.[Br-],40.0
CCCCCCCCCCCCCCCC[n+]1ccn(C)c1.F[B-](F)(F)F,46.0
CCCCCCCCCCCCCCCC[n+]1ccn(C)c1.O=S(=O)([N-]S(=O)(=O)C(F)(F)F)C(F)(F)F,42.0
CCCCCCCCCCCCCCCC[n+]1ccn(C)c1.O=S(=O)([O-])C(F)(F)F,58.0
CCCCCCCCCCCCCCCC[n+]1ccn(C)c1.F[P-](F)(F)(F)(F)F,75.0
CCCCCCCCCCCCCCCCCC[n+]1ccn(C)c1.[Cl-],53.0
CCCCCCCCCCCCCCCCCC[n+]1ccn(C)c1.F[B-](F)(F)F,67.0
CCCCCCCCCCCCCCCCCC[n+]1ccn(C)c1.O=S(=O)([N-]S(=O)(=O)C(F)(F)F)C(F)(F)F,45.0
CCCCCCCCCCCCCCCCCC[n+]1ccn(C)c1.O=S(=O)([O-])C(F)(F)F,66.0
CCCCCCCCCCCCCCCCCC[n+]1ccn(C)c1.F[P-](F)(F)(F)(F)F,80.0
CCCCCCCCCCCCCCCCCCCC[n+]1ccn(C)c1.[Br-],60.0
COC[n+]1ccn(C)c1.[Cl-],17.0
COC[n+]1ccn(C)c1.F[B-](F)(F)C(F)(F)F,17.0
C[n+]1ccn(C(F)(F)C(F)F)c1.[I-],141.0
C[n+]1ccn(C(F)(F)C(F)F)c1.F[B-](F)(F)F,64.0
C[n+]1ccn(C(F)(F)C(F)F)c1.O=S(=O)([N-]S(=O)(=O)C(F)(F)F)C(F)(F)F,42.0
CC[n+]1ccn(C(F)(F)C(F)F)c1.[I-],91.0
CC[n+]1ccn(C(F)(F)C(F)F)c1.F[B-](F)(F)F,25.0
CC[n+]1ccn(C(F)(F)C(F)F)c1.O=S(=O)([N-]S(=O)(=O)C(F)(F)F)C(F)(F)F,16.0
CCC[n+]1ccn(C(F)(F)C(F)F)c1.[I-],78.0
CCCC[n+]1ccn(C(F)(F)C(F)F)c1.[I-],74.0
CCOC(=O)[C@@H](C)[n+]1ccn(C)c1.O=S(=O)([N-]S(=O)(=O)C(F)(F)F)C(F)(F)F,45.0
CCOC(=O)[C@@H](C)[n+]1ccn(C)c1.O=S(=O)([O-])C(F)(F)F,73.0
CCCCCCCCOCn1cc[n+](COCCCCCCCC)c1.F[B-](F)(F)F,54.0
CCCCCCCCCOCn1cc[n+](COCCCCCCCCC)c1.F[B-](F)(F)F,57.0
CCCCCCCCCCOCn1cc[n+](COCCCCCCCCCC)c1.F[B-](F)(F)F,69.0
CCCCCCCCCCCOCn1cc[n+](COCCCCCCCCCCC)c1.F[B-](F)(F)F,71.0
CCCCCCCCCCCCOCn1cc[n+](COCCCCCCCCCCCC)c1.F[B-](F)(F)F,79.0
Cn1cc[n+](CCO)c1.[Cl-],61.0
Cn1cc[n+](CCO)c1.F[P-](F)(F)(F)(F)F,23.0
COC(=O)C[n+]1ccn(C)c1.F[P-](F)(F)(F)(F)F,77.0
CCC(C)[n+]1ccn(C)c1.O=S(=O)([O-])C(F)(F)C(F)(F)C(F)(F)C(F)(F)F,43.0
CC(C)CC[n+]1ccn(C)c1.O=S(=O)([N-]S(=O)(=O)C(F)(F)C(F)(F)C(F)(F)C(F)(F)F)C(F)(F)C(F)(F)C(F)(F)C(F)(F)F,40.0
C[n+]1ccn(CCO[Si](C)(C)C)c1.[I-],69.0
C[Si](C)(C)OCCn1cc[n+](CCF)c1.[Br-],126.0
C[Si](C)(C)OCCn1cc[n+](CCC(F)(F)F)c1.[I-],133.0
CCC(=O)C[n+]1ccn(CCC(F)(F)F)c1.O=S(=O)([N-]S(=O)(=O)C(F)(F)F)C(F)(F)F,128.0
C[n+]1ccn(CC#N)c1.F[B-](F)(F)F,35.0
C[n+]1ccn(CC#N)c1.F[P-](F)(F)(F)(F)F,78.0
C[n+]1ccn(CCC#N)c1.[Cl-],50.0
C[n+]1ccn(CCC#N)c1.F[B-](F)(F)F,20.0
C[n+]1ccn(CCC#N)c1.F[P-](F)(F)(F)(F)F,35.0
C[n+]1ccn(CCCC#N)c1.[Cl-],80.0
C[n+]1ccn(CCCC#N)c1.F[P-](F)(F)(F)(F)F,75.0
C[n+]1ccn(CCCCC#N)c1.[Cl-],32.0
C[n+]1ccn(CCCSC(=S)N(c2ccccc2)c2ccccc2)c1.F[P-](F)(F)(F)(F)F,54.0
C[n+]1ccn(CCCSC(=S)N2CCOCC2)c1.F[P-](F)(F)(F)(F)F,51.0
C[n+]1ccn(CCCSC(=S)n2ccnc2)c1.F[P-](F)(F)(F)(F)F,125.0
Cn1cc[n+](CCCBr)c1.F[P-](F)(F)(F)(F)F,46.0
CCCCn1cc[n+](CC(C)O)c1.[Cl-],137.0
CCCCNC(=O)Cn1cc[n+](C)c1.F[P-](F)(F)(F)(F)F,65.0
CCCCN(C)C(=O)Cn1cc[n+](C)c1.F[P-](F)(F)(F)(F)F,63.0
CCN(CC)C(=O)C[n+]1ccn(C)c1.[Br-],67.0
CCN(CC)C(=O)C[n+]1ccn(C)c1.O=S(=O)([N-]S(=O)(=O)C(F)(F)F)C(F)(F)F,44.0
CCN(CC)C(=O)C[n+]1ccn(C)c1.F[P-](F)(F)(F)(F)F,65.0
C#CCn1cc[n+](CC#C)c1.F[B-](F)(F)F,67.0
CC(CC#N)[B-](F)(F)F.O=C(O)CCCn1cc[n+](CCCC(=O)O)c1,38.0
C[C@H](C[n+]1ccn(C)c1)OCc1ccccc1.[Br-],58.0
C[C@H](C[n+]1ccn(C)c1)OCc1ccccc1.F[B-](F)(F)F,42.0
C[C@H](C[n+]1ccn(C)c1)OCc1ccccc1.F[P-](F)(F)(F)(F)F,93.0
Cn1cc[n+](CC(Br)CBr)c1.F[P-](F)(F)(F)(F)F,71.0
C#CCCCn1cc[n+](CCCC#C)c1.[Cl-],65.0
O=S(=O)([O-])C(F)(F)F.c1ccc(Cn2cc[n+](Cc3ccccc3)c2)cc1,73.0
Cc1ccc(S(=O)(=O)[O-])cc1.c1ccc(Cn2cc[n+](Cc3ccccc3)c2)cc1,114.0
CC1=NC(C)=C(C)[NH2+]1.[Cl-],194.0
Cc1n(C)cc[n+]1C.[Cl-],189.0
CCn1cc[n+](C)c1C.[Cl-],188.0
CCn1cc[n+](C)c1C.[Br-],141.0
CCn1cc[n+](C)c1C.O=S(=O)([N-]S(=O)(=O)C(F)(F)C(F)(F)F)C(F)(F)C(F)(F)F,25.0
CCn1cc[n+](C)c1C.O=S(=O)([O-])C(F)(F)F,109.0
CCn1cc[n+](C)c1C.O=C([O-])C(F)(F)F,59.0
CC[n+]1cn(C)cc1C.O=S(=O)([O-])C(F)(F)F,6.0
CCn1cc(C)[n+](CC)c1.O=C([O-])c1ccccc1,16.0
CCn1cc(C)[n+](CC)c1.O=S(=O)([O-])C(F)(F)F,35.0
CCCn1cc[n+](CC)c1CC.[Cl-],138.0
CCCn1cc[n+](C)c1C.O=S(=O)([N-]S(=O)(=O)C(F)(F)F)C(F)(F)F,15.0
CCCn1cc[n+](C)c1C.O=S(=O)([N-]S(=O)(=O)C(F)(F)C(F)(F)F)C(F)(F)C(F)(F)F,34.0
CCCn1cc[n+](C)c1C.F[P-](F)(F)(F)(F)F,78.0
CCc1n(C)cc[n+]1CC.O=S(=O)([N-]S(=O)(=O)C(F)(F)F)C(F)(F)F,28.0
CCc1n(C)cc[n+]1CC.O=S(=O)([O-])C(F)(F)F,113.0
CCCC[n+]1ccn(C)c1C.F[B-](F)(F)F,37.0
CCCC[n+]1ccn(C)c1C.O=C1[N-]S(=O)(=O)c2ccccc21,70.0
CCCC[n+]1ccn(C)c1C.O=S(=O)([O-])C(F)(F)C(F)(F)C(F)(F)C(F)(F)F,60.0
CCCC[n+]1ccn(C)c1C.O=S(=O)([O-])OCCCC(F)(F)C(F)(F)F,13.0
CCCCCCOCCOCCOCCOCCOCCOCCOCCOCCOCCOCCOS(=O)(=O)[O-].CCCC[n+]1ccn(C)c1C,36.0
CCCC[n+]1ccn(C)c1C.F[P-](F)(F)(F)(F)F,40.0
Cc1[nH+]ccn1CCCC#N.[Cl-],105.0
Cc1[nH+]ccn1CCCC#N.F[B-](F)(F)F,40.0
Cc1[nH+]ccn1CCCC#N.F[P-](F)(F)(F)(F)F,85.0
Cn1cc([N+](=O)[O-])[n+](C)c1.[O-][Cl+3]([O-])([O-])[O-],172.0
Cn1cc([N+](=O)[O-])[n+](C)c1.O=[N+]([O-])[O-],163.0
Cn1cc[n+]2c1CCC2.O=S(=O)([N-]S(=O)(=O)C(F)(F)F)C(F)(F)F,84.0
CCn1cc[n+](C(C)CO)c1.[Br-],6.0
CCn1cc[n+](C(CO)C(C)C)c1.[Br-],12.0
CCn1cc[n+](C(CO)CC(C)C)c1.[Br-],16.0
C[n+]1ccn2c1CCCC2.O=S(=O)([N-]S(=O)(=O)C(F)(F)F)C(F)(F)F,47.0
Cc1n(C)cc([N+](=O)[O-])[n+]1C.[O-][Cl+3]([O-])([O-])[O-],186.0
Cc1n(C)cc([N+](=O)[O-])[n+]1C.O=[N+]([O-])[O-],161.0
CC[n+]1c([N+](=O)[O-])cn(C)c1C.[O-][Cl+3]([O-])([O-])[O-],146.0
CC[n+]1c([N+](=O)[O-])cn(C)c1C.O=[N+]([O-])[O-],65.0
Cc1c(C)[n+](C)c(C)n1C.[I-],213.0
Cc1c(C)[n+](C)c(C)n1C.O=S(=O)([N-]S(=O)(=O)C(F)(F)F)C(F)(F)F,118.0
Cc1c(C)[n+](C)c(C)n1C.F[P-](F)(F)(F)(F)F,166.0
CCCC[n+]1nn(C)c2ccccc21.O=S(=O)([N-]S(=O)(=O)C(F)(F)F)C(F)(F)F,29.0
CCCC[n+]1nn(C)c2ccccc21.CS(=O)(=O)[O-],57.0
CCCC[n+]1nn(C)c2ccccc21.Cc1ccc(S(=O)(=O)[O-])cc1,120.0
Cn1n[n+](Cc2ccccc2)c2ccccc21.[Br-],173.0
Cn1n[n+](Cc2ccccc2)c2ccccc21.O=S(=O)([N-]S(=O)(=O)C(F)(F)F)C(F)(F)F,69.0
CS(=O)(=O)[O-].Cn1n[n+](Cc2ccccc2)c2ccccc21,92.0
Cc1ccc(S(=O)(=O)[O-])cc1.Cn1n[n+](Cc2ccccc2)c2ccccc21,143.0
Cn1cn[n+](CCN=[N+]=[N-])c1.[I-],54.0
C[n+]1cn(CCN=[N+]=[N-])cn1.[O-][Cl+3]([O-])([O-])[O-],63.0
O=[N+]([O-])[O-].[N-]=[N+]=NCC[NH+]1C=NC=N1,99.0
[Br-].[N-]=[N+]=NCC[n+]1cn(N)cn1,85.0
O=[N+]([O-])[O-].[N-]=[N+]=NCC[n+]1cn(N)cn1,70.0
CCCC[n+]1cn(CCC(F)(F)F)cn1.O=S(=O)([O-])C(F)(F)F,33.0
CCCC[n+]1cn(CCC(F)(F)F)cn1.O=S(=O)([N-]S(=O)(=O)C(F)(F)F)C(F)(F)F,69.0
CCCCCCCn1c[n+](CCC(F)(F)C(F)(F)C(F)(F)C(F)(F)F)cn1.O=S(=O)([N-]S(=O)(=O)C(F)(F)F)C(F)(F)F,55.0
CCCCCCCCCCn1c[n+](CCC(F)(F)C(F)(F)C(F)(F)C(F)(F)F)cn1.O=S(=O)([N-]S(=O)(=O)C(F)(F)F)C(F)(F)F,53.0
Cn1c[n+](CCC(F)(F)C(F)(F)C(F)(F)C(F)(F)C(F)(F)C(F)(F)F)cn1.O=S(=O)([N-]S(=O)(=O)C(F)(F)F)C(F)(F)F,62.0
CCCCn1c[n+](CCC(F)(F)C(F)(F)C(F)(F)C(F)(F)C(F)(F)C(F)(F)F)cn1.O=S(=O)([N-]S(=O)(=O)C(F)(F)F)C(F)(F)F,28.0
CCCCCCCn1c[n+](CCC(F)(F)C(F)(F)C(F)(F)C(F)(F)C(F)(F)C(F)(F)F)cn1.O=S(=O)([N-]S(=O)(=O)C(F)(F)F)C(F)(F)F,22.0
CCCCCCC[n+]1cn(C(C)F)cn1.F[B-](F)(F)F,52.0
CCCCCCCCCC[n+]1cn(C(C)F)cn1.O=S(=O)([O-])C(F)(F)F,46.0
CCCCCCCn1c[n+](CC(O)C(F)(F)F)cn1.[Br-],98.0
Cn1c[n+](C)cn1.O=[N+]([O-])[O-],1.0
C[n+]1cn(N)cn1.[O-][Cl+3]([O-])([O-])[O-],86.0
C[n+]1cn(N)cn1.O=[N+]([O-])[O-],54.0
C[n+]1cn(N)cn1.[N-]=[N+]=[N-],43.0
C[NH+]1C=NC(N=[N+]=[N-])=N1.[O-][Cl+3]([O-])([O-])[O-],55.0
C[NH+]1C=NC(N=[N+]=[N-])=N1.O=[N+]([O-])[O-],66.0
C[NH+]1C=NC(N=[N+]=[N-])=N1.O=C([O-])c1nc([N+](=O)[O-])c([N+](=O)[O-])[nH]1,80.0
CC1=NC(N=[N+]=[N-])=N[NH2+]1.O=[N+]([O-])[O-],118.0
O=[N+]([O-])[O-].[N-]=[N+]=NC1=N[NH2+]C=N1,147.0
O=C([O-])c1nc([N+](=O)[O-])c([N+](=O)[O-])[nH]1.[N-]=[N+]=NC1=N[NH2+]C=N1,92.0
O=[N+]([O-])[O-].[N-]=[N+]=NC1=N[NH2+]C(N=[N+]=[N-])=N1,97.0
Cn1c[n+](C)nc1N=[N+]=[N-].[O-][Cl+3]([O-])([O-])[O-],68.0
Cn1c[n+](C)nc1N=[N+]=[N-].O=[N+]([O-])[O-],98.0
N[NH+]1C=NC=N1.[O-][Cl+3]([O-])([O-])[O-],91.0
N[NH+]1C=NC=N1.O=[N+]([O-])[O-],121.0
O=C(O[N+](=O)[O-])c1nn[n-]n1.[NH3+]n1cnnc1,102.0
O=C([O-])c1nc([N+](=O)[O-])c([N+](=O)[O-])[nH]1.[NH3+]n1cnnc1,137.0
O=[N+]([O-])c1ncn[n-]1.[NH3+]n1cnnc1,64.0
[NH3+]n1cnnc1.[O-][Cl+3]([O-])([O-])[O-],83.0
O=[N+]([O-])[O-].[NH3+]n1cnnc1,69.0
Cn1cn[n+](N)c1.[O-][Cl+3]([O-])([O-])[O-],108.0
NC1=NC=N[NH+]1N.[O-][Cl+3]([O-])([O-])[O-],138.0
NC1=NC=N[NH+]1N.O=[N+]([O-])[O-],159.0
NC1=NC=N[NH+]1N.O=C([O-])c1nc([N+](=O)[O-])c([N+](=O)[O-])[nH]1,153.0
C1=NC=N[NH2+]1.O=C([O-])c1nc([N+](=O)[O-])c([N+](=O)[O-])[nH]1,156.0
C[NH+]1C=NC=N1.O=C([O-])c1nc([N+](=O)[O-])c([N+](=O)[O-])[nH]1,102.0
CCCC[n+]1nn(CC)c2ccccc21.F[P-](F)(F)(F)(F)F,101.0
CCCCn1n[n+](CCCC)c2ccccc21.[Br-],88.0
CCCCn1n[n+](CCCC)c2ccccc21.F[B-](F)(F)F,85.0
CCCCn1n[n+](CCCC)c2ccccc21.F[P-](F)(F)(F)(F)F,113.0
Cc1n(C)c(C(F)(F)F)n[n+]1CCCF.[I-],115.0
Cc1n(C)c(C(F)(F)F)n[n+]1CCCF.O=S(=O)([N-]S(=O)(=O)C(F)(F)F)C(F)(F)F,49.0
Cc1n(C)nc(C(F)(F)C(F)(F)C(F)(F)C(F)(F)C(F)(F)C(F)(F)C(F)(F)C(F)(F)F)[n+]1C.[O-][Cl+3]([O-])([O-])[O-],90.0
Cc1n(C)nc(C(F)(F)C(F)(F)C(F)(F)C(F)(F)C(F)(F)C(F)(F)C(F)(F)C(F)(F)F)[n+]1C.F[B-](F)(F)F,98.0
Cc1n(C)nc(C(F)(F)C(F)(F)C(F)(F)C(F)(F)C(F)(F)C(F)(F)C(F)(F)C(F)(F)F)[n+]1C.O=S(=O)([N-]S(=O)(=O)C(F)(F)F)C(F)(F)F,81.0
Cc1n(C)c(C(F)(F)F)n[n+]1C.[O-][Cl+3]([O-])([O-])[O-],128.0
Cc1n(C)c(C(F)(F)F)n[n+]1C.F[B-](F)(F)F,130.0
Cc1n(C)c(C(F)(F)F)n[n+]1C.O=S(=O)([N-]S(=O)(=O)C(F)(F)F)C(F)(F)F,70.0
Cc1n(C)c(C(F)(F)F)n[n+]1C.O=S(=O)([O-])C(F)(F)F,137.0
Cn1cc[n+](N)n1.O=[N+]([O-])[O-],87.0
Cn1cc[n+](N)n1.[N-]=[N+]=[N-],50.0
CCn1cc[n+](N)n1.O=[N+]([O-])[O-],31.0
CCCn1cc[n+](N)n1.O=[N+]([O-])[O-],34.0
C=CCn1cc[n+](N)n1.O=[N+]([O-])[O-],10.0
CCCCn1cc[n+](N)n1.O=[N+]([O-])[O-],49.0
Nn1cn[n+](CCBr)c1.[Br-],131.0
C[N+]1(C)CCCC1.O=S(=O)([N-]S(=O)(=O)C(F)(F)F)C(F)(F)F,105.0
C[N+]1(C)CCCC1.N#C[N-]C#N,115.0
C[N+]1(C)CCCC1.O=C([N-]S(=O)(=O)C(F)(F)F)C(F)(F)F,14.0
CS(=O)(=O)[N-]S(C)(=O)=O.C[N+]1(C)CCCC1,48.0
CS(=O)(=O)[O-].C[N+]1(C)CCCC1,200.0
C[N+]1(C)CCCC1.O=S(=O)([O-])C(F)(F)C(F)(F)C(F)(F)C(F)(F)F,198.0
C[N+]1(C)CCCC1.Cc1ccc(S(=O)(=O)[O-])cc1,167.0
C[N+]1(C)CCCC1.O=C([O-])C=CC(=O)O,74.0
C[N+]1(C)CCCC1.O=C([O-])c1ccccc1C(=O)O,88.0
CC[N+]1(C)CCCC1.CS(=O)(=O)[O-],40.0
CC[N+]1(C)CCCC1.O=S(=O)([O-])C(F)(F)C(F)(F)C(F)(F)C(F)(F)F,176.0
CC[N+]1(C)CCCC1.Cc1ccc(S(=O)(=O)[O-])cc1,120.0
CCC[N+]1(C)CCCC1.CS(=O)(=O)[O-],80.0
CCC[N+]1(C)CCCC1.Cc1ccc(S(=O)(=O)[O-])cc1,80.0
CCCC[N+]1(C)CCCC1.F[B-](F)(F)F,78.0
CCCC[N+]1(C)CCCC1.F[B-](F)(F)C(F)(F)C(F)(F)F,22.0
CCCC[N+]1(C)CCCC1.F[B-](F)(F)C(F)(F)C(F)(F)C(F)(F)F,53.0
CCCC[N+]1(C)CCCC1.F[B-](F)(F)C(F)(F)C(F)(F)C(F)(F)C(F)(F)F,61.0
CCCC[N+]1(C)CCCC1.CS(=O)(=O)[O-],63.0
CCCC[N+]1(C)CCCC1.O=S(=O)([O-])C(F)(F)C(F)(F)C(F)(F)C(F)(F)F,94.0
CCCC[N+]1(C)CCCC1.Cc1ccc(S(=O)(=O)[O-])cc1,115.0
CCCC[N+]1(C)CCCC1.O=P([O-])(O)O,112.0
CC(=O)[O-].CCCC[N+]1(C)CCCC1,81.0
CCCCCC[N+]1(C)CCCC1.CS(=O)(=O)[O-],86.0
CCCCCC[N+]1(C)CCCC1.O=S(=O)([O-])C(F)(F)C(F)(F)C(F)(F)C(F)(F)F,120.0
CCCCCC[N+]1(C)CCCC1.Cc1ccc(S(=O)(=O)[O-])cc1,137.0
CCCCC[N+]1(C)CCCC1.O=S(=O)([O-])C(F)(F)C(F)(F)C(F)(F)C(F)(F)F,117.0
C[NH+]1CCCC1.O=C([O-])C(F)(F)F,38.0
COC[N+]1(C)CCCC1.F[B-](F)(F)C(F)(F)C(F)(F)F,26.0
COCC[N+]1(C)CCCC1.F[B-](F)(F)F,12.0
CC1(C)CC(N)CC(C)(C)[NH2+]1.O=C([CH-]C(=O)C(F)(F)F)C(F)(F)F,88.0
CC1(C)CC(N)CC(C)(C)[NH2+]1.O=C([CH-]C(=O)C(F)(F)F)c1ccco1,152.0
COCC[N+]1(C)CCCCC1.F[B-](F)(F)C(F)(F)C(F)(F)C(F)(F)C(F)(F)F,20.0
CCCC[N+]1(C)CCCCC1.F[B-](F)(F)F,146.0
CCCC[N+]1(C)CCCCC1.F[B-](F)(F)C(F)(F)F,12.0
CCCC[N+]1(C)CCCCC1.F[B-](F)(F)C(F)(F)C(F)(F)F,41.0
CCCC[N+]1(C)CCCCC1.F[B-](F)(F)C(F)(F)C(F)(F)C(F)(F)F,81.0
CCCC[N+]1(C)CCCCC1.F[B-](F)(F)C(F)(F)C(F)(F)C(F)(F)C(F)(F)F,92.0
CCCCCCCC[N+]1(C)CCCCC1.F[B-](F)(F)F,92.0
CCCCCCCC[N+]1(C)CCCCC1.O=S(=O)([O-])C(F)(F)F,47.0
CC[NH+]1CCC=C1C.O=S(=O)([N-]S(=O)(=O)C(F)(F)F)C(F)(F)F,45.0
CCC[NH+]1CCC=C1C.[I-],85.0
CCC[NH+]1CCC=C1C.O=S(=O)([N-]S(=O)(=O)C(F)(F)F)C(F)(F)F,19.0
CCCC[NH+]1CCC=C1C.[I-],111.0
CCCC[NH+]1CCC=C1C.O=S(=O)([N-]S(=O)(=O)C(F)(F)F)C(F)(F)F,36.0
CCCC[n+]1ccccc1.F[B-](F)(F)F,15.0
CCCC[n+]1ccccc1.O=S(=O)([N-]S(=O)(=O)C(F)(F)F)C(F)(F)F,26.0
CCCC[n+]1ccccc1.O=S(=O)([O-])OCC(F)(F)C(F)(F)C(F)(F)C(F)F,3.0
CCCC[n+]1ccccc1.O=C([O-])c1ccccc1,11.0
CCCCCCCCCCCC[n+]1ccccc1.F[P-](F)(F)(F)(F)F,106.0
CCCCCCCCCCCC[n+]1ccccc1.FC(F)(F)c1cc([B-](c2cc(C(F)(F)F)cc(C(F)(F)F)c2)(c2cc(C(F)(F)F)cc(C(F)(F)F)c2)c2cc(C(F)(F)F)cc(C(F)(F)F)c2)cc(C(F)(F)F)c1,64.0
CCCCCCCCCCCCCC[n+]1ccccc1.F[P-](F)(F)(F)(F)F,124.0
CCCCCCCCCCCCCCCC[n+]1ccccc1.F[P-](F)(F)(F)(F)F,126.0
CCCCCCCCCCCCCCCCCC[n+]1ccccc1.F[P-](F)(F)(F)(F)F,126.0
CCCC[n+]1ccc(C)cc1.O=C([O-])c1ccccc1,10.0
CCCCCCCCCCCC[n+]1cccc(C)c1.F[P-](F)(F)(F)(F)F,55.0
CCCCCCCCCCCC[n+]1ccc(C)cc1.F[P-](F)(F)(F)(F)F,56.0
CCCCCCCCCCCCCC[n+]1cccc(C)c1.F[P-](F)(F)(F)(F)F,68.0
CCCCCCCCCCCCCC[n+]1ccc(C)cc1.F[P-](F)(F)(F)(F)F,71.0
CCCCCCCCCCCCCCCC[n+]1cccc(C)c1.F[P-](F)(F)(F)(F)F,74.0
CCCCCCCCCCCCCCCC[n+]1ccc(C)cc1.F[P-](F)(F)(F)(F)F,75.0
CCCCCCCCCCCCCCCCCC[n+]1cccc(C)c1.F[P-](F)(F)(F)(F)F,87.0
CCCCCCCCCCCCCCCCCC[n+]1ccc(C)cc1.F[P-](F)(F)(F)(F)F,88.0
N#CCCC[n+]1ccccc1.[Cl-],101.0
F[B-](F)(F)F.N#CCCC[n+]1ccccc1,62.0
F[P-](F)(F)(F)(F)F.N#CCCC[n+]1ccccc1,95.0
FC(F)(CC[n+]1ccccc1)C(F)(F)S(F)(F)(F)(F)F.O=S(=O)([N-]S(=O)(=O)C(F)(F)F)C(F)(F)F,33.0
FC(F)(CCCC[n+]1ccccc1)C(F)(F)S(F)(F)(F)(F)F.O=S(=O)([N-]S(=O)(=O)C(F)(F)F)C(F)(F)F,18.0
FC(F)(CC[n+]1ccccc1)C(F)(F)C(F)(F)C(F)(F)S(F)(F)(F)(F)F.O=S(=O)([N-]S(=O)(=O)C(F)(F)F)C(F)(F)F,36.0
FCCC[n+]1ccc(-c2ccncc2)cc1.O=S(=O)([N-]S(=O)(=O)C(F)(F)F)C(F)(F)F,62.0
FCCC[n+]1ccc(-c2ccncc2)cc1.O=S(=O)([O-])C(F)(F)F,88.0
FC(F)(F)CC[n+]1ccc(-c2ccncc2)cc1.O=S(=O)([N-]S(=O)(=O)C(F)(F)F)C(F)(F)F,67.0
FC(F)(F)CC[n+]1ccc(-c2ccncc2)cc1.O=S(=O)([O-])C(F)(F)F,98.0
FC(F)(F)C(F)(F)C(F)(F)C(F)(F)C(F)(F)C(F)(F)CC[n+]1ccc(-c2ccncc2)cc1.O=S(=O)([N-]S(=O)(=O)C(F)(F)F)C(F)(F)F,52.0
FC(F)(F)C(F)(F)C(F)(F)C(F)(F)C(F)(F)C(F)(F)CC[n+]1ccc(-c2ccncc2)cc1.O=S(=O)([O-])C(F)(F)F,104.0
FC(F)(F)C(F)(F)C(F)(F)C(F)(F)C(F)(F)C(F)(F)C(F)(F)C(F)(F)CC[n+]1ccc(-c2ccncc2)cc1.O=S(=O)([N-]S(=O)(=O)C(F)(F)F)C(F)(F)F,94.0
FC(F)(F)C(F)(F)C(F)(F)C(F)(F)C(F)(F)C(F)(F)C(F)(F)C(F)(F)CC[n+]1ccc(-c2ccncc2)cc1.O=S(=O)([O-])C(F)(F)F,109.0
CCCC[n+]1cc(C)cc(C)c1.[Br-],95.0
CCCC[n+]1ccc(N(C)C)cc1.[Br-],222.0
CCCCOC(=O)c1ccc[n+](CCCC)c1.O=S(=O)([N-]S(=O)(=O)C(F)(F)F)C(F)(F)F,15.0
CCCCCC[n+]1cc(C)cc(C)c1.O=S(=O)([N-]S(=O)(=O)C(F)(F)F)C(F)(F)F,10.0
CCCCCC[n+]1ccc(N(C)C)cc1.[Br-],196.0
CCCCCC[n+]1ccc(N(C)C)c(C)c1.[Br-],119.0
CCCCCC[n+]1ccc(N2CCC(C)CC2)cc1.O=S(=O)([N-]S(=O)(=O)C(F)(F)F)C(F)(F)F,37.0
O=P([O-])(O)O.O=S(=O)(O)CCC[n+]1ccccc1,90.0
CCCCCCCCCCCC[n+]1ccc2ccccc2c1.FC(F)(F)c1cc([B-](c2cc(C(F)(F)F)cc(C(F)(F)F)c2)(c2cc(C(F)(F)F)cc(C(F)(F)F)c2)c2cc(C(F)(F)F)cc(C(F)(F)F)c2)cc(C(F)(F)F)c1,72.0
CCCCCCCCCCCCCCCCCC[n+]1ccc2ccccc2c1.FC(F)(F)c1cc([B-](c2cc(C(F)(F)F)cc(C(F)(F)F)c2)(c2cc(C(F)(F)F)cc(C(F)(F)F)c2)c2cc(C(F)(F)F)cc(C(F)(F)F)c2)cc(C(F)(F)F)c1,31.0
CCCC[N+]1=C(C(C)C)SC[C@H]1CC.[I-],137.0
CCCC[N+]1=C(C(C)C)SC[C@H]1CC.F[B-](F)(F)F,111.0
CCCC[N+]1=C(C(C)C)SC[C@H]1CC.F[P-](F)(F)(F)(F)F,136.0
CCCCCCCCCCCC[N+]1=C(C(C)C)SC[C@H]1CC.F[P-](F)(F)(F)(F)F,42.0
C[S+](C)C.F[B-](F)(F)F,217.0
C[S+](C)C.O=S(=O)([N-]S(=O)(=O)C(F)(F)F)C(F)(F)F,45.0
C[S+](C)C.O=C([N-]S(=O)(=O)C(F)(F)F)C(F)(F)F,32.0
CC[S+](CC)CC.O=C([N-]S(=O)(=O)C(F)(F)F)C(F)(F)F,32.0
C[N+](C)(C)C.O=S(=O)([N-]S(=O)(=O)C(F)(F)F)C(F)(F)F,136.0
CC[N+](C)(C)C.O=S(=O)([N-]S(=O)(=O)C(F)(F)F)C(F)(F)F,105.0
COC[N+](C)(C)C.F[B-](F)(F)F,46.0
COC[N+](C)(C)C.O=S(=O)([N-]S(=O)(=O)C(F)(F)F)C(F)(F)F,5.0
CCC[N+](C)(C)C.O=S(=O)([N-]S(=O)(=O)C(F)(F)F)C(F)(F)F,19.0
CCC[N+](C)(C)C.O=C([N-]S(=O)(=O)C(F)(F)F)C(F)(F)F,10.0
CCC[N+](C)(C)C.O=S(=O)([N-]S(=O)(=O)C(F)(F)C(F)(F)F)C(F)(F)F,19.0
CC(C)[N+](C)(C)C.O=S(=O)([N-]S(=O)(=O)C(F)(F)F)C(F)(F)F,129.0
CC(C)[N+](C)(C)C.O=C([N-]S(=O)(=O)C(F)(F)F)C(F)(F)F,29.0
CC[N+](C)(C)CC.O=S(=O)([N-]S(=O)(=O)C(F)(F)F)C(F)(F)F,96.0
C=CC[N+](C)(C)C.O=S(=O)([N-]S(=O)(=O)C(F)(F)F)C(F)(F)F,41.0
C#CC[N+](C)(C)C.O=S(=O)([N-]S(=O)(=O)C(F)(F)F)C(F)(F)F,45.0
COC=C(C)[NH+](C)C.O=C1O[B-]2(OC1=O)OC(=O)C(=O)O2,51.0
CC[N+](C)(CC)CC.O=S(=O)([N-]S(=O)(=O)C(F)(F)F)C(F)(F)F,129.0
CC[N+](C)(CC)CC.O=C([N-]S(=O)(=O)C(F)(F)F)C(F)(F)F,20.0
CC[N+](C)(CC)CC.O=C1[N-]S(=O)(=O)c2ccccc21,26.0
CCOC=C(C)[NH+](C)C.O=C1O[B-]2(OC1=O)OC(=O)C(=O)O2,47.0
CC[N+](C)(C)CCOC.O=C1O[B-]2(OC1=O)OC(=O)C(=O)O2,48.0
CC[N+](CC)(CC)CC.O=S(=O)([N-]S(=O)(=O)C(F)(F)F)C(F)(F)F,105.0
CC[N+](CC)(CC)CC.O=S(=O)([N-]S(=O)(=O)C(F)(F)C(F)(F)F)C(F)(F)C(F)(F)F,83.0
CC[N+](CC)(CC)CC.O=C([N-]S(=O)(=O)C(F)(F)F)C(F)(F)F,20.0
CC[N+](CC)(CC)CC.O=S(=O)([N-]S(=O)(=O)C(F)(F)C(F)(F)F)C(F)(F)F,69.0
CC[N+](CC)(CC)CC.O=S(=O)([O-])OCC(F)(F)F,5.0
CC[N+](CC)(CC)CC.O=S(=O)([C-](S(=O)(=O)C(F)(F)F)S(=O)(=O)C(F)(F)F)C(F)(F)F,46.0
CCCC[N+](C)(C)CC.F[B-](F)(F)F,158.0
CCCC[N+](C)(C)CCC.O=S(=O)([N-]S(=O)(=O)C(F)(F)F)C(F)(F)F,15.0
CCCC[N+](C)(C)CCC.N#C[C-](C#N)C#N,7.0
CCCCCC[N+](C)(C)C.F[B-](F)(F)F,126.0
CCCCCC[N+](C)(C)C.O=S(=O)([N-]S(=O)(=O)C(F)(F)F)C(F)(F)F,27.0
CC[N+](C)(C(C)C)C(C)C.O=S(=O)([N-]S(=O)(=O)C(F)(F)F)C(F)(F)F,140.0
CC[N+](CC)(C(C)C)C(C)C.O=S(=O)([N-]S(=O)(=O)C(F)(F)F)C(F)(F)F,148.0
CCCCCCCC[N+](C)(C)C.O=S(=O)([N-]S(=O)(=O)C(F)(F)F)C(F)(F)F,5.0
CCC(C)C[N+](CC)(CC)CC.[Br-],100.0
CCC[N+](CCC)(CCC)CCC.O=S(=O)([N-]S(=O)(=O)C(F)(F)F)C(F)(F)F,105.0
CCC[N+](CCC)(CCC)CCC.O=C1[N-]S(=O)(=O)c2ccccc21,96.0
CCCCCC[N+](CC)(CC)CC.O=S(=O)([N-]S(=O)(=O)C(F)(F)F)C(F)(F)F,20.0
CCCCCC[N+](CC)(CC)CC.CS(=O)(=O)[O-],62.0
CCCCCC[N+](CC)(CC)CC.Cc1ccc(S(=O)(=O)[O-])cc1,109.0
CCCC[N+](CCCC)(CCCC)CCCC.O=S(=O)([N-]S(=O)(=O)C(F)(F)F)C(F)(F)F,90.0
CCCC[N+](CCCC)(CCCC)CCCC.O=S(=O)([O-])OCC(F)(F)F,80.0
CCCC[N+](CCCC)(CCCC)CCCC.O=S(=O)([C-](S(=O)(=O)C(F)(F)F)S(=O)(=O)C(F)(F)F)C(F)(F)F,59.0
CCCCCC[N+](CCCC)(CCCC)CCCC.Cc1ccc(S(=O)(=O)[O-])cc1,50.0
CCCCC[N+](CCCCC)(CCCCC)CCCCC.O=S(=O)([N-]S(=O)(=O)C(F)(F)F)C(F)(F)F,25.0
CCCCC[N+](CCCCC)(CCCCC)CCCCC.O=C([N-]S(=O)(=O)C(F)(F)F)C(F)(F)F,16.0
CCCCC[N+](CCCCC)(CCCCC)CCCCC.O=S(=O)([N-]S(=O)(=O)C(F)(F)C(F)(F)F)C(F)(F)F,25.0
CCCCCCCC[N+](CCC)(CCCCCCCC)CCCCCCCC.[Br-],74.0
CCCCCCC[N+](CCCCCCC)(CCCCCCC)CCCCCCC.O=S(=O)([N-]S(=O)(=O)C(F)(F)F)C(F)(F)F,11.0
CCCCCCCCCCCCCC[N+](CCCCC)(CCCCC)CCCCC.[Br-],63.0
CCCCCCCC[N+](CCCCCCCC)(CCCCCCCC)CCCCCCCC.O=S(=O)([N-]S(=O)(=O)C(F)(F)F)C(F)(F)F,31.0
CCCCCCCCCCCC[N+](C)(CCCCCCCCCCCC)CCCCCCCCCCCC.[Br-],75.0
CCCCCCCCCCCCCC[NH3+].O=S(=O)([N-]S(=O)(=O)C(F)(F)F)C(F)(F)F,31.0
CC[N+](C)(C)CO[C@H]1C[C@@H](C)CC[C@@H]1C(C)C.F[B-](F)(F)F,163.0
CC(C)[C@@H]1CC[C@@H](C)C[C@H]1OC[N+](C)(C)C(C)C.F[B-](F)(F)F,205.0
CC(C)[C@@H]1CC[C@@H](C)C[C@H]1OC[N+](C)(C)C(C)C.O=S(=O)([N-]S(=O)(=O)C(F)(F)F)C(F)(F)F,41.0
CCCC[N+](C)(C)CO[C@H]1C[C@@H](C)CC[C@@H]1C(C)C.[I-],82.0
CCCC[N+](C)(C)CO[C@H]1C[C@@H](C)CC[C@@H]1C(C)C.[O-][Cl+3]([O-])([O-])[O-],78.0
CCCC[N+](C)(C)CO[C@H]1C[C@@H](C)CC[C@@H]1C(C)C.F[B-](F)(F)F,70.0
CCCC[N+](C)(C)CO[C@H]1C[C@@H](C)CC[C@@H]1C(C)C.F[P-](F)(F)(F)(F)F,104.0
CCCC[N+](C)(C)CO[C@H]1C[C@@H](C)CC[C@@H]1C(C)C.O=C([O-])C(F)(F)F,73.0
CCCCCC[N+](C)(C)CO[C@H]1C[C@@H](C)CC[C@@H]1C(C)C.F[B-](F)(F)F,43.0
CCCCCCC[N+](C)(C)CO[C@H]1C[C@@H](C)CC[C@@H]1C(C)C.F[B-](F)(F)F,71.0
CCCCCCCC[N+](C)(C)CO[C@@H]1C[C@H](C)CC[C@H]1C(C)C.F[B-](F)(F)F,88.0
CCCCCCCCC[N+](C)(C)CO[C@@H]1C[C@H](C)CC[C@H]1C(C)C.F[B-](F)(F)F,71.0
CCCCCCCCCC[N+](C)(C)CO[C@H]1C[C@@H](C)CC[C@@H]1C(C)C.F[B-](F)(F)F,57.0
CCCCCCCCCCC[N+](C)(C)CO[C@H]1C[C@@H](C)CC[C@@H]1C(C)C.F[B-](F)(F)F,46.0
CCCCCCCCCCCC[N+](C)(C)CO[C@H]1C[C@@H](C)CC[C@@H]1C(C)C.F[B-](F)(F)F,43.0
CC(C)[C@H]1CC[C@H](C)C[C@@H]1OC[N+](C)(C)Cc1ccccc1.F[B-](F)(F)F,99.0
CC(C)[C@H]1CC[C@H](C)C[C@@H]1OC[N+](C)(C)Cc1ccccc1.O=S(=O)([N-]S(=O)(=O)C(F)(F)F)C(F)(F)F,47.0
CC[N+](C)(CC)CO[C@H]1C[C@@H](C)CC[C@@H]1C(C)C.F[B-](F)(F)F,151.0
CC[N+](CC)(CC)CO[C@H]1C[C@@H](C)CC[C@@H]1C(C)C.F[B-](F)(F)F,126.0
CCC[N+](C)(CC)CC.F[B-](F)(F)F,186.0
CCC[N+](C)(CC)CC.O=S(=O)([N-]S(=O)(=O)C(F)(F)F)C(F)(F)F,14.0
CCC[N+](C)(CC)CC.F[B-](F)(F)C(F)(F)F,95.0
CCC[N+](C)(CC)CC.F[B-](F)(F)C(F)(F)C(F)(F)F,54.0
CCC[N+](C)(CC)CC.F[B-](F)(F)C(F)(F)C(F)(F)C(F)(F)F,57.0
CCC[N+](C)(CC)CC.F[B-](F)(F)C(F)(F)C(F)(F)C(F)(F)C(F)(F)F,54.0
CCCC[N+](C)(CC)CC.F[B-](F)(F)F,165.0
CCCC[N+](C)(CC)CC.O=S(=O)([N-]S(=O)(=O)C(F)(F)F)C(F)(F)F,9.0
CCCC[N+](C)(CC)CC.F[B-](F)(F)C(F)(F)C(F)(F)F,15.0
CCCC[N+](C)(CC)CC.F[B-](F)(F)C(F)(F)C(F)(F)C(F)(F)F,50.0
CCCC[N+](C)(CC)CC.F[B-](F)(F)C(F)(F)C(F)(F)C(F)(F)C(F)(F)F,60.0
COCC[N+](C)(C)C.F[B-](F)(F)F,54.0
COCC[N+](C)(C)C.O=S(=O)([N-]S(=O)(=O)C(F)(F)F)C(F)(F)F,37.0
COCC[N+](C)(C)C.F[B-](F)(F)C(F)(F)F,77.0
COCC[N+](C)(C)C.F[B-](F)(F)C(F)(F)C(F)(F)F,30.0
COCC[N+](C)(C)C.F[B-](F)(F)C(F)(F)C(F)(F)C(F)(F)F,23.0
COCC[N+](C)(C)C.F[B-](F)(F)C(F)(F)C(F)(F)C(F)(F)C(F)(F)F,50.0
CC[N+](C)(C)CCOC.F[B-](F)(F)F,4.0
CC[N+](C)(C)CCOC.F[B-](F)(F)C(F)(F)F,8.0
CC[N+](CC)(CC)CCOC.F[B-](F)(F)F,56.0
CC[N+](CC)(CC)CCOC.F[B-](F)(F)C(F)(F)F,10.0
CC[N+](CC)(CC)CCOC.F[B-](F)(F)C(F)(F)C(F)(F)F,3.0
CC[N+](CC)(CC)CCOC.F[B-](F)(F)C(F)(F)C(F)(F)C(F)(F)F,6.0
CC[N+](CC)(CC)CCOC.F[B-](F)(F)C(F)(F)C(F)(F)C(F)(F)C(F)(F)F,11.0
CCCCCCCC[N+](C)(CCCCCCCC)CCCCCCCC.F[B-](F)(F)F,60.0
CCCCCCCC[N+](C)(CCCCCCCC)CCCCCCCC.FC(F)(F)c1cc([B-](c2cc(C(F)(F)F)cc(C(F)(F)F)c2)(c2cc(C(F)(F)F)cc(C(F)(F)F)c2)c2cc(C(F)(F)F)cc(C(F)(F)F)c2)cc(C(F)(F)F)c1,36.0
CCCCCCCC[N+](C)(CCCCCCCC)CCCCCCCC.O=[N+]([O-])[O-],13.0
CCCCCCCC[N+](C)(CCCCCCCC)CCCCCCCC.Cc1ccc(S(=O)(=O)[O-])cc1,78.0
CCCCCCCC[N+](C)(CCCCCCCC)CCCCCCCC.O=S(=O)([O-])OCC(F)(F)F,4.0
CCCCCCCC[N+](C)(CCCCCCCC)CCCCCCCC.F[P-](F)(F)(F)(F)F,59.0
CCCCCCCC[N+](C)(CCCCCCCC)CCCCCCCC.O=C[O-],4.0
CC=CC(=O)[O-].CCCCCCCC[N+](C)(CCCCCCCC)CCCCCCCC,18.0
CCCCCCCC[N+]12CCN(CC1)CC2.O=S(=O)([N-]S(=O)(=O)C(F)(F)F)C(F)(F)F,26.0
CCCC[NH+](CCCC)CCCC.O=[N+]([O-])[O-],22.0
CCCC[NH+](CCCC)CCCC.O=C([CH-]C(=O)C(F)(F)F)c1cccs1,52.0
CCC[NH2+]CCC.O=C([CH-]C(=O)C(F)(F)F)C(F)(F)F,97.0
CCC[NH2+]CCC.O=C([CH-]C(=O)C(F)(F)F)c1cccs1,103.0
CCC[NH2+]CCC.N#C[S-],6.0
CC(C)(C)C(=O)[CH-]C(=O)C(F)(F)C(F)(F)C(F)(F)F.CC(C)[NH2+]C(C)C,91.0
CC(C)[NH2+]C(C)C.O=C([CH-]C(=O)C(F)(F)F)c1cccs1,124.0
CCCC[NH2+]CCCC.O=C([CH-]C(=O)C(F)(F)F)C(F)(F)F,84.0
CCCC[NH2+]CCCC.O=C([CH-]C(=O)C(F)(F)F)c1cccs1,71.0
CC(C)(C)C(=O)[CH-]C(=O)C(F)(F)C(F)(F)C(F)(F)F.CC(C)C[NH2+]CC(C)C,63.0
CC(C)C[NH2+]CC(C)C.O=C([CH-]C(=O)C(F)(F)F)c1cccs1,140.0
CC[N+]12CCN(CC1)CC2.O=S(=O)([N-]S(=O)(=O)C(F)(F)F)C(F)(F)F,76.0
CC[NH+](CC)CC.O=S(=O)([N-]S(=O)(=O)C(F)(F)F)C(F)(F)F,3.0
CC[NH3+].O=S(=O)([N-]S(=O)(=O)C(F)(F)F)C(F)(F)F,48.0
CC[NH3+].O=[N+]([O-])[O-],9.0
CC[NH3+].O=S(=O)([O-])O,40.0
CC(=O)[O-].CC[NH3+],87.0
C[N+](C)(C)CC#N.O=S(=O)([N-]S(=O)(=O)C(F)(F)F)C(F)(F)F,35.0
O=[N+]([O-])[O-].[NH3+]CCO,51.0
COS(=O)(=O)[O-].[NH3+]CCO,99.0
CCCCC[N+](C)(C)CCCCC.[Br-],76.0
CCCCC[N+](C)(C)CCCCC.[I-],86.0
CCCCCC[N+](C)(C)CCCCCC.[Br-],54.0
CCCCCC[N+](C)(C)CCCCCC.[I-],45.0
CCCCC[N+](CC)(CC)CCCCC.[Br-],58.0
CCCCC[N+](CC)(CC)CCCCC.[I-],95.0
CCCCCC[N+](CC)(CC)CCCCCC.[Br-],75.0
CCCCCC[N+](CC)(CC)CCCCCC.[I-],73.0
O=C1CCCCC[NH2+]1.O=[N+]([O-])[O-],45.0
O=C([O-])c1ccccc1.O=C1CCCCC[NH2+]1,31.0
O=C([O-])CCl.O=C1CCCCC[NH2+]1,29.0
CCCC(=O)OCC[N+](C)(C)C.O=C1[N-]S(=O)(=O)c2ccccc21,89.0
CC1=CC(=O)[N-]S(=O)(=O)O1.CCCC(=O)OCC[N+](C)(C)C,49.0
C[N+](C)(C)CCO.O=P([O-])(O)O,119.0
O=C1CCC[NH2+]1.O=[N+]([O-])[O-],8.0
O=C([O-])c1ccccc1.O=C1CCC[NH2+]1,7.0
O=C([O-])CCl.O=C1CCC[NH2+]1,32.0
CCCCCCCCCC[N+](C)(C)CCCCCCCCCC.F[B-](F)(F)F,28.0
CCCCCCCCCCCCC[N+](C)(C)Cc1ccccc1.F[B-](F)(F)F,56.0
CCCCCCCCCCCCC[N+](C)(C)Cc1ccccc1.O=[N+]([O-])[O-],36.0
CC(C)(C)CC(C)(C)c1ccc(OCCOCC[N+](C)(C)Cc2ccccc2)cc1.O=[N+]([O-])[O-],85.0
C[NH3+].O=C[O-],13.0
CCC[NH3+].O=[N+]([O-])[O-],4.0
CCC[NH3+].O=C([O-])C(F)(F)F,67.0
CCC[NH3+].O=C[O-],50.0
CCCC[NH3+].O=C[O-],2.0
CCCC[NH3+].N#C[S-],21.0
CCCCC[NH3+].O=C[O-],12.0
CC(C)C[NH3+].O=C[O-],26.0
CC(C)CC[NH3+].O=C[O-],47.0
CC[N+](CC)(CC)Cc1ccccc1.N#C[N-]C#N,83.0
CC[N+](CC)(CC)Cc1ccccc1.O=S(=O)([O-])C(F)(F)F,109.0
CC[N+](CC)(CC)Cc1ccccc1.O=C1[N-]S(=O)(=O)c2ccccc21,151.0
CC[N+](CC)(CC)Cc1ccccc1.N#C[S-],88.0
C[N+](C)(C)c1ccccc1.N#C[N-]C#N,117.0
C[N+](C)(C)c1ccccc1.O=S(=O)([O-])C(F)(F)F,83.0
C[N+](C)(C)c1ccccc1.Cc1ccc(S(=O)(=O)[O-])cc1,150.0
C[N+](C)(C)c1ccccc1.O=C1[N-]S(=O)(=O)c2ccccc21,194.0
C[N+](C)(C)c1ccccc1.N#C[S-],116.0
CCCCCCCCCCCC[N+](CC)(CC)CC.O=S(=O)([N-]S(=O)(=O)C(F)(F)F)C(F)(F)F,7.0
C[N+](C)(Cc1ccccc1)Cc1ccccc1.[Br-],175.0
C[N+](C)(Cc1ccccc1)Cc1ccccc1.F[B-](F)(F)F,166.0
C[N+](C)(Cc1ccccc1)Cc1ccccc1.F[P-](F)(F)(F)(F)F,218.0
Cc1ccccc1C[N+](C)(C)Cc1ccccc1C.F[B-](F)(F)F,231.0
Cc1cccc(C[N+](C)(C)Cc2cccc(C)c2)c1.[Cl-],149.0
Cc1cccc(C[N+](C)(C)Cc2cccc(C)c2)c1.F[B-](F)(F)F,163.0
Cc1cccc(C[N+](C)(C)Cc2cccc(C)c2)c1.F[P-](F)(F)(F)(F)F,161.0
Cc1ccc(C[N+](C)(C)Cc2ccc(C)cc2)cc1.[Br-],202.0
Cc1ccc(C[N+](C)(C)Cc2ccc(C)cc2)cc1.F[B-](F)(F)F,206.0
Cc1ccc(C[N+](C)(C)Cc2ccc(C)cc2)cc1.F[P-](F)(F)(F)(F)F,218.0
CCCC[N+](C)(C)CCCC.F[P-](F)(F)(F)(F)F,164.0
CCCC[N+](C)=C(N(C)C)N(C)C.O=[N+]([O-])[O-],72.0
CCCC[N+](C)=C(N(C)C)N(C)C.O=[N+]([O-])[N-][N+](=O)[O-],75.0
Cn1cnn(C)c1=[N+](C)C.O=[N+]([O-])[O-],74.0
C[NH+]=C1N(C)CCN1C.O=[N+]([O-])[O-],3.0
CCC[NH+]=C1N(C)CCN1C.[O-][Cl+3]([O-])([O-])[O-],6.0
CCC[N+](C)=C1N(C)CCN1C.[O-][Cl+3]([O-])([O-])[O-],39.0
CCC[N+](C)=C1N(C)CCN1C.O=[N+]([O-])[O-],31.0
CCCC[N+](C)=C1N(C)CCN1C.[O-][Cl+3]([O-])([O-])[O-],28.0
CCCC[N+](C)=C1N(C)CCN1C.O=[N+]([O-])[O-],7.0
CCC[N+](C)=C1N(C)CCCN1C.[O-][Cl+3]([O-])([O-])[O-],128.0
CCC[N+](C)=C1N(C)CCCN1C.O=[N+]([O-])[O-],57.0
CCCC[N+](C)=C1N(C)CCCN1C.[O-][Cl+3]([O-])([O-])[O-],78.0
CCCC[N+](C)=C1N(C)CCCN1C.O=[N+]([O-])[O-],6.0
CCC[N+](C)=C1N(C)COCN1C.[O-][Cl+3]([O-])([O-])[O-],94.0
CCC[N+](C)=C1N(C)COCN1C.O=[N+]([O-])[O-],65.0
CCCCCCOc1cc2c3cc(OCCCCCC)c(OCCCCCC)cc3c3cc(OCCCCC[NH+]=C(N(C)C)N(C)C)c(OCCCCCC)cc3c2cc1OCCCCCC.[Cl-],46.0
C[P+](C)(C)C.O=S(=O)([N-]S(=O)(=O)C(F)(F)F)C(F)(F)F,150.0
CC[P+](CC)(CC)CC.O=S(=O)([N-]S(=O)(=O)C(F)(F)F)C(F)(F)F,118.0
CC[P+](CC)(CC)CC.O=C([N-]S(=O)(=O)C(F)(F)F)C(F)(F)F,19.0
CCCCCCCCCCCCC[PH2+]C.[Cl-],101.0
CCCCCCCCCCCCC[PH2+]C.[Br-],95.0
CCCCCCCCCCCCC[PH2+]C.O=[N+]([O-])[O-],60.0
CCCCCCCCCCCCCC[P+](CCCCCC)(CCCCCC)CCCCCC.F[B-](F)(F)F,39.0
CCCCCCCCCCCCCC[P+](CCCCCC)(CCCCCC)CCCCCC.F[P-](F)(F)(F)(F)F,40.0
CCCCCC[P+](CC)(CCCCCC)CCCCCC.[Br-],60.0
CCCCCC[P+](CCCCCC)(CCCCCC)CCCCCC.[Br-],70.0
CCCC[P+](c1ccccc1)(c1ccccc1)c1ccccc1.O=C([O-])c1ccccc1,19.0
CCCCCC[P+](C)(C)C.O=S(=O)([N-]S(=O)(=O)C(F)(F)F)C(F)(F)F,21.0
CCCCCC[P+](C)(C)C.O=C([N-]S(=O)(=O)C(F)(F)F)C(F)(F)F,7.0
CCCCCC[P+](C)(C)C.O=S(=O)([N-]S(=O)(=O)C(F)(F)C(F)(F)F)C(F)(F)F,40.0
O=S(=O)(Cl)CCCC[P+](c1ccccc1)(c1ccccc1)c1ccccc1.O=S(=O)([O-])C(F)(F)F,91.0
CC[P+](C)(CC)CC.O=S(=O)([N-]S(=O)(=O)C(F)(F)F)C(F)(F)F,97.0
CCCC[P+](CC)(CC)CC.O=S(=O)([N-]S(=O)(=O)C(F)(F)F)C(F)(F)F,55.0
CCCCC[P+](CC)(CC)CC.O=S(=O)([N-]S(=O)(=O)C(F)(F)F)C(F)(F)F,17.0
CCCCCCCCCCCC[P+](CC)(CC)CC.O=S(=O)([N-]S(=O)(=O)C(F)(F)F)C(F)(F)F,13.0
CC[P+](CC)(CC)COC.O=S(=O)([N-]S(=O)(=O)C(F)(F)F)C(F)(F)F,14.0
CC[P+](CC)(CC)CCOC.O=S(=O)([N-]S(=O)(=O)C(F)(F)F)C(F)(F)F,10.0
CCCCCCCCCCCCCCCC[P+](CCCC)(CCCC)CCCC.[Br-],59.0
CCOC(N(C)C)=[N+](C)C.FC(F)(F)C(F)(F)[P-](F)(F)(F)(C(F)(F)C(F)(F)F)C(F)(F)C(F)(F)F,33.0
CCSC(N(C)C)=[N+](C)C.FC(F)(F)C(F)(F)[P-](F)(F)(F)(C(F)(F)C(F)(F)F)C(F)(F)C(F)(F)F,1.0
C[N+]1(CCO)CCOCC1.[Br-],150.0
CCC[N+]1(C)CCOCC1.[O-][Cl+3]([O-])([O-])[O-],91.0
CCC[N+]1(C)CCOCC1.O=[N+]([O-])[O-],58.0
CCC[N+]1(C)CCOCC1.F[P-](F)(F)(F)(F)F,86.0
C[N+]1(CCCF)CCOCC1.O=[N+]([O-])[O-],58.0
C[N+]1(CCCF)CCOCC1.O=S(=O)([O-])C(F)(F)F,68.0
C[N+]1(CCCF)CCOCC1.F[P-](F)(F)(F)(F)F,80.0
C[N+]1(CCOCC(F)(F)F)CCOCC1.F[P-](F)(F)(F)(F)F,72.0
C[N+]1(C(OCCC(F)(F)C(F)(F)C(F)F)C(F)F)CCOCC1.F[P-](F)(F)(F)(F)F,62.0
C1COCC[NH2+]1.O=C([CH-]C(=O)C(F)(F)F)C(F)(F)F,62.0
C1COCC[NH2+]1.CC(C)(C)C(=O)[CH-]C(=O)C(F)(F)C(F)(F)C(F)(F)F,86.0
C1COCC[NH2+]1.O=C([CH-]C(=O)C(F)(F)F)c1ccco1,72.0
C1COCC[NH2+]1.O=C([CH-]C(=O)C(F)(F)F)c1cccs1,102.0
CC[N+]1(C)CCOCC1.O=S(=O)([N-]S(=O)(=O)C(F)(F)F)C(F)(F)F,29.0
CCCC[N+]1(C)CCOCC1.F[B-](F)(F)F,66.0
CCCC[N+]1(C)CCOCC1.O=S(=O)([N-]S(=O)(=O)C(F)(F)F)C(F)(F)F,35.0
CCCC[N+]1(C)CCOCC1.F[B-](F)(F)C(F)(F)C(F)(F)C(F)(F)F,69.0
CCCC[N+]1(C)CCOCC1.F[B-](F)(F)C(F)(F)C(F)(F)C(F)(F)C(F)(F)F,76.0
COCC[N+]1(C)CCOCC1.F[B-](F)(F)F,85.0
COCC[N+]1(C)CCOCC1.F[B-](F)(F)C(F)(F)F,1.0
COCC[N+]1(C)CCOCC1.F[B-](F)(F)C(F)(F)C(F)(F)C(F)(F)C(F)(F)F,126.0
Cn1nn[n+](N)c1N.O=[N+]([O-])[N-][N+](=O)[O-],85.0
CC1=[NH+]N(C)NN1C.[O-][Cl+3]([O-])([O-])[O-],133.0
Cc1n(C)nn[n+]1N.[I-],121.0
Cc1n(C)nn[n+]1N.[O-][Cl+3]([O-])([O-])[O-],51.0
CC1=[NH+]N(N)NN1C.[I-],124.0
CC1=[NH+]N(N)NN1C.[O-][Cl+3]([O-])([O-])[O-],140.0
CC1=[NH+]N(N)NN1C.O=[N+]([O-])[O-],94.0
CCC[N+]1(C)CCOC1.O=S(=O)([N-]S(=O)(=O)C(F)(F)F)C(F)(F)F,44.0
CCC[N+]1(C)CCOC1.F[P-](F)(F)(F)(F)F,41.0
CCCC[N+]1(C)CCOC1.O=S(=O)([N-]S(=O)(=O)C(F)(F)F)C(F)(F)F,12.0
CCCC[N+]1(C)CCOC1.F[B-](F)(F)C(F)(F)C(F)(F)C(F)(F)F,53.0
CCCC[N+]1(C)CCOC1.F[B-](F)(F)C(F)(F)C(F)(F)C(F)(F)C(F)(F)F,54.0
COCC[N+]1(C)CCOC1.F[B-](F)(F)C(F)(F)C(F)(F)F,1.0
COCC[N+]1(C)CCOC1.F[B-](F)(F)C(F)(F)C(F)(F)C(F)(F)F,10.0
COCC[N+]1(C)CCOC1.F[B-](F)(F)C(F)(F)C(F)(F)C(F)(F)C(F)(F)F,18.0
[Cl-].[NH3+]CC(=O)O,186.0
F[B-](F)(F)F.[NH3+]CC(=O)O,116.0
O=[N+]([O-])[O-].[NH3+]CC(=O)O,111.0
F[P-](F)(F)(F)(F)F.[NH3+]CC(=O)O,101.0
C[C@H]([NH3+])C(=O)O.F[B-](F)(F)F,78.0
C[C@H]([NH3+])C(=O)O.O=[N+]([O-])[O-],159.0
C[C@H]([NH3+])C(=O)O.O=C([O-])C(F)(F)F,82.0
F[B-](F)(F)F.O=C(O)[C@@H]1CCC[NH2+]1,76.0
O=C(O)[C@@H]1CCC[NH2+]1.O=C([O-])C(F)(F)F,78.0
CC(C)[C@H]([NH3+])C(=O)O.O=[N+]([O-])[O-],134.0
CC[C@H](C)[C@H]([NH3+])C(=O)O.O=[N+]([O-])[O-],105.0
COC(=O)C[NH3+].O=[N+]([O-])[O-],44.0
CCOC(=O)C[NH3+].O=[N+]([O-])[O-],49.0
COC(=O)C(C)[NH3+].O=[N+]([O-])[O-],61.0
COC(=O)C(C)[NH3+].C[C@H](O)C(=O)[O-],38.0
COC(=O)C(C)[NH3+].N#C[S-],62.0
COC(=O)C([NH3+])CO.O=[N+]([O-])[O-],105.0
COC(=O)C([NH3+])C(C)C.O=[N+]([O-])[O-],74.0
CC(C)C[C@H]([NH3+])C(=O)O.O=[N+]([O-])[O-],75.0
COC(=O)C([NH3+])Cc1ccccc1.O=[N+]([O-])[O-],92.0
CCCn1cc(C[C@@H](NC(=O)c2ccccc2)C(=O)OC)[n+](CCC)c1.[Br-],39.0
COC(=O)[C@@H](Cc1cn(C(C)C)c[n+]1C(C)C)NC(=O)c1ccccc1.[I-],55.0
CC(=O)[C@@H](Cc1cn(C(C)C)c[n+]1C(C)C)NC(=O)OC(C)(C)C.[I-],55.0
Cc1cc(C)c(-n2cc[n+](C)c2)c(C)c1.O=S(=O)([N-]S(=O)(=O)C(F)(F)F)C(F)(F)F,71.0
CCCC[n+]1ccn(-c2c(C)cc(C)cc2C)c1.O=S(=O)([N-]S(=O)(=O)C(F)(F)F)C(F)(F)F,26.0
CCCCCC[n+]1ccn(-c2c(C)cc(C)cc2C)c1.O=S(=O)([N-]S(=O)(=O)C(F)(F)F)C(F)(F)F,40.0
CCCCCCCCCCC[n+]1ccn(-c2c(C)cc(C)cc2C)c1.O=S(=O)([N-]S(=O)(=O)C(F)(F)F)C(F)(F)F,32.0
CCCC[N+]1(C)CCCC(C)C1.O=S(=O)([O-])C(F)(F)F,84.0
CCCCCC[N+]1(C)CCCC(C)C1.O=S(=O)([O-])C(F)(F)F,82.0
CCCC[N+]1(C)CCCC(C)C1.O=C([O-])C(F)(F)F,58.0
CCCCCC[N+]1(C)CCCC(C)C1.O=C([O-])C(F)(F)F,41.0
CCCC[N+]1(C)CCCC(C)C1.[I-],144.0
CCCCCC[N+]1(C)CCCC(C)C1.[I-],123.0
CCC[n+]1ccccc1.O=S(=O)([N-]S(=O)(=O)C(F)(F)F)C(F)(F)F,44.0
CCCCCC[n+]1ccccc1.O=S(=O)([N-]S(=O)(=O)C(F)(F)F)C(F)(F)F,3.0
CCCCc1c[n+](-c2ccccc2)nn1C.Cc1ccc(S(=O)(=O)[O-])cc1,146.0
CCCCc1c[n+](-c2ccccc2)nn1C.O=S(=O)([O-])C(F)(F)F,102.0
CCCCc1c[n+](C)nn1C.Cc1ccc(S(=O)(=O)[O-])cc1,106.0
Cc1ccc(S(=O)(=O)[O-])cc1.Cn1cc[n+](C)n1,99.0
Cc1ccc(S(=O)(=O)[O-])cc1.Cn1cc[n+](C)c1,95.0
Cn1cc[n+](C)c1.O=S(=O)([O-])C(F)(F)F,37.0
CCCCCC[P+](CCCC)(CCCC)CCCC.F[P-](F)(F)(F)(F)F,141.0
CCCCCC[N+](CCCC)(CCCC)CCCC.F[P-](F)(F)(F)(F)F,167.0
CCCCCC[N+](CCCC)(CCCC)CCCC.O=S(=O)([N-]S(=O)(=O)C(F)(F)F)C(F)(F)F,24.0
COS(=O)(=O)[O-].C[N+]1(C)CCCC1,95.0
COS(=O)(=O)[O-].C[N+]1(C)CCCCC1,99.0
COS(=O)(=O)[O-].C[N+]1(C)CCOCC1,113.0
CC[N+]1(C)CCOCC1.COS(=O)(=O)[O-],45.0
CC[N+](CC)(CCOC)CCOC.O=S(=O)(F)[N-]S(=O)(=O)F,15.0
COCC[N+](CCOC)(CCOC)CCOC.O=S(=O)(F)[N-]S(=O)(=O)F,21.0
CC[N+](CC)(CCOC)CCOC.O=S(=O)([N-]S(=O)(=O)C(F)(F)F)C(F)(F)F,7.0
COCC[N+](CCOC)(CCOC)CCOC.O=S(=O)([N-]S(=O)(=O)C(F)(F)F)C(F)(F)F,26.0
CCC[N+](CCC)(CCC)CC(=O)OCC.O=S(=O)([N-]S(=O)(=O)C(F)(F)F)C(F)(F)F,68.0
CCCC[N+](CCCC)(CCCC)CC(=O)OCC.F[B-](F)(F)F,54.0
CCOCC[N+](CCOC)=C(N(C)C)N(C)C.O=S(=O)([N-]S(=O)(=O)C(F)(F)F)C(F)(F)F,8.0
C=CC[N+](C)(C)CC(=O)OCC.O=S(=O)([N-]S(=O)(=O)C(F)(F)F)C(F)(F)F,26.0
CCOC(=O)C[N+](C)(C)C.COS(=O)(=O)[O-],38.0
CCOC(=O)C[N+](C)(C)CC.CCOS(=O)(=O)[O-],21.0
CCC[P+](C)(C)C.O=S(=O)([N-]S(=O)(=O)C(F)(F)F)C(F)(F)F,40.0
COC[P+](C)(C)C.O=S(=O)([N-]S(=O)(=O)C(F)(F)F)C(F)(F)F,13.0
CCCCCCCC[n+]1ccn(C)c1.F[B-](F)(F)F,79.0
CCCC[n+]1ccn(C)c1.F[P-](F)(F)(F)(F)F,10.0
CCCC[n+]1ccn(C)c1.[Cl-],65.0
COS(=O)(=O)[O-].Cn1cc[n+](C)c1,35.0
C=C(C)c1n(C)cc[n+]1CC(=O)c1ccccc1.[Br-],182.0
C=C(c1n(C)cc[n+]1CC(=O)c1ccccc1)C(C)(C)C.[Br-],200.0
C=C(c1ccccc1)c1n(C)cc[n+]1CC(=O)c1ccccc1.[Br-],185.0
CCCn1cc[n+](CCC)c1CC(C)C.[Br-],163.0
C=CCn1cc[n+](CCCCCCCCCC)c1C.[Br-],71.0
C=CC[n+]1ccn(C)c1CCCCCCCCC.[Br-],98.0
CCCCCCCc1n(C)cc[n+]1Cc1ccccc1.[Br-],187.0
CCn1c[n+](CC)c(-c2ccccc2)c1-c1ccccc1.[Br-],154.0
CCCCCCCCCc1n(C)cc[n+]1Cc1ccccc1.[Br-],194.0
CCCCCCCCCCCc1n(Cc2ccccc2)cc[n+]1C.[Br-],187.0
CCCCCCCCCCCc1n(Cc2ccccc2)cc[n+]1CCCCC.[Br-],117.0
[Br-].c1ccc(Cn2c[n+](Cc3ccccc3)c(-c3ccccc3)c2-c2ccccc2)cc1,212.0
Cn1cc[n+](C)c1SC#N.[Br-],221.0
Cc1n(C)cc[n+]1CC(=O)c1ccc(Cl)cc1.[Br-],201.0
Cc1ccc(C(=O)C[n+]2ccn(-c3ccccc3)c2C)cc1.[Br-],206.0
Cc1c(CCO)[n+](Cc2ccccc2)cn1Cc1ccccc1.[Br-],135.0
Cc1n(Cc2ccccc2)cc[n+]1CC(=O)c1ccc(Cl)cc1.[Br-],229.0
COc1ccc(C(=O)C[n+]2ccn(Cc3ccccc3)c2C)cc1.[Br-],202.0
COc1ccc(Cn2cc[n+](CC(=O)c3ccc(C)cc3)c2C)cc1.[Br-],225.0
C=Cn1cc[n+](CC)c1.[Br-],100.0
C=Cn1cc[n+](CCC)c1.[Br-],155.0
C=C[n+]1ccn(CCCC)c1.[Br-],83.0
C[n+]1ccn(C(=O)c2ccccc2)c1.[Br-],89.0
O=C(C[n+]1ccn(O)c1)c1ccc(Cl)cc1.[Br-],202.0
On1cc[n+](Cc2ccc(Cl)cc2Cl)c1.[Br-],115.0
COn1cc[n+](CC(=O)c2ccc(Cl)cc2)c1.[Br-],156.0
CCOn1cc[n+](CC(=O)c2ccc(Cl)cc2)c1.[Br-],130.0
CCOn1cc[n+](Cc2ccc(Cl)cc2Cl)c1.[Br-],134.0
Cc1n(O)cc[n+]1CC(=O)c1ccc(Cl)cc1.[Br-],200.0
CCOn1cc[n+](Cc2ccc([N+](=O)[O-])cc2)c1.[Br-],120.0
CCc1n(O)cc[n+]1CC(=O)c1ccc(Cl)cc1.[Br-],199.0
C=CCOn1cc[n+](Cc2ccc(Cl)cc2Cl)c1.[Br-],117.0
COc1cc(C[n+]2ccn(O)c2)cc(OC)c1OC.[Br-],190.0
COc1cc(C[n+]2ccn(OC)c2)cc(OC)c1OC.[Br-],138.0
C=CCOn1cc[n+](Cc2ccc3c(c2)OCO3)c1.[Br-],137.0
CN(C)c1ccc(C(=O)C[n+]2ccn(Oc3ccccc3)c2)cc1.[Br-],141.0
CC(C)(C)C(=O)On1cc[n+](CC(=O)c2ccc(Cl)cc2)c1.[Br-],166.0
Clc1ccc(C[n+]2ccn(OCCc3ccccc3)c2)c(Cl)c1.[Br-],138.0
CCc1n(Oc2ccccc2)cc[n+]1CC(=O)c1ccc(Cl)cc1.[Br-],171.0
Cc1n(OC(=O)C(C)(C)C)cc[n+]1CC(=O)c1ccc(Cl)cc1.[Br-],140.0
CCc1n(OC(=O)C(C)(C)C)cc[n+]1CC(=O)c1ccc(Cl)cc1.[Br-],184.0
Cc1n(OCc2ccc(Br)cc2)cc[n+]1OCc1ccc(Br)cc1.[Br-],174.0
CCc1n(OCc2ccccc2)cc[n+]1Cc1ccc(Cl)cc1Cl.[Br-],144.0
CCc1n(OCc2ccc(Br)cc2)cc[n+]1OCc1ccc(Br)cc1.[Br-],170.0
CCc1n(OCc2ccccc2)cc[n+]1Cc1cc(OC)c(OC)c(OC)c1.[Br-],159.0
Cc1n(OCc2ccc(Cl)cc2Cl)cc[n+]1CC(=O)c1ccc(Cl)cc1.[Br-],105.0
CCc1n(OCc2ccc(Cl)cc2Cl)cc[n+]1OCc1ccc(Cl)cc1Cl.[Br-],176.0
Cc1n(OCc2ccc(Cl)cc2Cl)cc[n+]1OCc1ccc(Cl)cc1Cl.[Br-],190.0
Cc1n(OCc2ccc([N+](=O)[O-])cc2)cc[n+]1OCc1ccc([N+](=O)[O-])cc1.[Br-],168.0
CCc1n(OCc2ccc(Cl)cc2Cl)cc[n+]1Cc1ccc([N+](=O)[O-])cc1.[Br-],130.0
CCc1n(OCc2c(Cl)cccc2Cl)cc[n+]1OCc1c(Cl)cccc1Cl.[Br-],156.0
CCc1n(OCc2ccc([N+](=O)[O-])cc2)cc[n+]1OCc1ccc([N+](=O)[O-])cc1.[Br-],169.0
Cn1c[n+](C)cc1Cl.[Br-],196.0
CCOC(=O)C(Cn1cc[n+](C)c1)=NO.[Br-],178.0
Cc1n(C)cc[n+]1Cc1ccccc1C(=O)Oc1ccc([N+](=O)[O-])cc1.[Br-],224.0
CC[C@@H]1C(=O)OC[C@@H]1Cc1c[n+](CCO)cn1C.[Br-],120.0
CC[C@@H]1C(=O)OC[C@@H]1Cc1c[n+](Cc2cccc(C)c2)cn1C.[Br-],115.0
CC[C@@H]1C(=O)OC[C@@H]1Cc1c[n+](Cc2ccccc2C)cn1C.[Br-],115.0
CC[C@@H]1C(=O)OC[C@@H]1Cc1c[n+](CC(=O)c2ccccc2)cn1C.[Br-],49.0
CC[C@@H]1C(=O)OC[C@@H]1Cc1c[n+](CCOc2ccccc2)cn1C.[Br-],82.0
CC[C@@H]1C(=O)OC[C@@H]1Cc1c[n+](CCCOc2ccccc2)cn1C.[Br-],51.0
CC[C@@H]1C(=O)OC[C@@H]1Cc1c[n+](Cc2cccc(Cl)c2)cn1C.[Br-],155.0
CC[C@@H]1C(=O)OC[C@@H]1Cc1c[n+](Cc2ccc([N+](=O)[O-])cc2)cn1C.[Br-],157.0
CC[C@@H]1C(=O)OC[C@@H]1Cc1c[n+](Cc2cccc([N+](=O)[O-])c2)cn1C.[Br-],181.0
CC[C@@H]1C(=O)OC[C@@H]1Cc1c[n+](CC(=O)c2ccc(F)cc2)cn1C.[Br-],91.0
COC(=O)C=Cc1ccc(C[n+]2ccn(C(C)=O)c2)cc1.[Br-],154.0
CCOC(=O)n1cc[n+](Cc2ccc(C=CC(=O)OC)cc2)c1.[Br-],129.0
COC(=O)C=Cc1ccc(C[n+]2ccn(C(=O)c3ccccc3)c2)cc1.[Br-],155.0
CC(=O)n1cc[n+](Cc2ccccc2)c1.[Br-],126.0
ON=CC[n+]1cc[nH]c1C1OCCO1.[Br-],134.0
Cn1cc[n+](CC=NO)c1C1OCCO1.[Br-],194.0
Cc1n(CC2CC(c3ccccc3)(c3ccccc3)C(=O)O2)cc[n+]1Cc1ccccc1.[Br-],220.0
CC(=O)N1CCC(c2cn(C(c3ccccc3)(c3ccccc3)c3ccccc3)c[n+]2CC(=O)c2ccccc2)CC1.[Br-],231.0
Cn1cc[n+](CC(O)c2ccccc2)c1.[Br-],197.0
CCCCCCCn1cc[n+](CC(=O)c2ccc(NS(C)(=O)=O)cc2)c1.[Br-],79.0
C=CCn1cc(Cl)[n+](C)c1.[Br-],142.0
Cn1cc[n+](C2(C(C)(C)C)C=C(C(C)(C)C)C(=O)C(C(C)(C)C)=C2)c1.[Br-],180.0
Cc1cccc(C(=O)C[n+]2ccn(C)c2)c1.[Br-],186.0
Cc1ccccc1C(=O)C[n+]1ccn(C)c1.[Br-],153.0
Cn1cc[n+](CC(=O)c2ccco2)c1.[Br-],147.0
Cc1ccc(C(=O)C[n+]2ccn(C)c2)cc1C.[Br-],164.0
Cc1ccc(C(=O)C[n+]2ccn(C)c2)c(C)c1.[Br-],180.0
Cn1cc[n+](CC(=O)c2ccc(Cl)cc2)c1.[Br-],149.0
Cn1cc[n+](CC(=O)c2ccccc2F)c1.[Br-],179.0
COc1ccc(C(=O)C[n+]2ccn(C)c2)cc1.[Br-],158.0
Cn1cc[n+](CC(=O)c2cccc(Cl)c2)c1.[Br-],176.0
CCOc1ccc(C(=O)C[n+]2ccn(C)c2)cc1.[Br-],145.0
Cn1cc[n+](CC(=O)c2ccc(C#N)cc2)c1.[Br-],212.0
Cc1cc(C)c(C(=O)C[n+]2ccn(C)c2)c(C)c1.[Br-],223.0
Cn1cc[n+](CC(=O)c2cccc3ccccc23)c1.[Br-],231.0
Cn1cc[n+](CC(=O)c2ccc3ccccc3c2)c1.[Br-],239.0
COc1cccc(C(=O)C[n+]2ccn(C)c2)c1.[Br-],172.0
CCOc1cccc(C(=O)C[n+]2ccn(C)c2)c1.[Br-],138.0
COc1ccccc1C(=O)C[n+]1ccn(C)c1.[Br-],166.0
CCCOc1cccc(C(=O)C[n+]2ccn(C)c2)c1.[Br-],85.0
COc1cccc(C(=O)C[n+]2ccn(C(C)C)c2)c1.[Br-],178.0
Cn1cc[n+](CC(=O)c2ccc(Cl)c(Cl)c2)c1.[Br-],184.0
CC(=O)Nc1cccc(C(=O)C[n+]2ccn(C)c2)c1.[Br-],203.0
COc1cc(OC)cc(C(=O)C[n+]2ccn(C)c2)c1.[Br-],240.0
COc1ccc(C(=O)C[n+]2ccn(C)c2)cc1OC.[Br-],232.0
COc1cccc(C(=O)C[n+]2ccn(-c3ccccc3)c2)c1.[Br-],147.0
COc1cccc(C(=O)C[n+]2ccn(C)c2)c1OC.[Br-],216.0
COc1ccc(OC)c(C(=O)C[n+]2ccn(C)c2)c1.[Br-],209.0
COc1cccc(C(=O)C[n+]2ccn(C)c2SC(C)C)c1.[Br-],158.0
Cc1ccc(C(=O)C[n+]2cn(C)c(-c3ccccc3)c2-c2ccccc2)cc1.[Br-],182.0
C=CCn1cc[n+](CCC#N)c1.[Br-],89.0
Cn1cc[n+](CCCCCC(=O)O)c1.[Br-],104.0
C=CC[n+]1cn(CCC#N)cc1-c1ccccc1.[Br-],116.0
N#CCCC[n+]1cn(CCC#N)cc1-c1ccccc1.[Br-],132.0
N#CCCn1cc(-c2ccccc2)[n+](Cc2ccccc2)c1.[Br-],174.0
COC(=O)c1ccc(NC(=O)C[n+]2cn(CCC#N)cc2-c2ccccc2)cc1.[Br-],206.0
Cc1n(O)cc(Br)[n+]1O.[Br-],154.0
On1cc[n+](O)c1Br.[Br-],181.0
Cc1c(C)[n+](O)c(Br)n1O.[Br-],152.0
N#Cc1n(O)cc(Br)[n+]1O.[Br-],161.0
On1cc(Br)[n+](O)c1-c1ccccc1.[Br-],158.0
Cn1cc[n+](Cc2ccc(C(=O)c3ccccc3)cc2)c1.[Br-],94.0
Cc1ccccc1C[n+]1ccn(CCC(C(N)=O)(c2ccccc2)c2ccccc2)c1C.[Br-],225.0
Cc1n(CCCC(C(N)=O)(c2ccccc2)c2ccccc2)cc[n+]1Cc1ccccc1.[Br-],172.0
Cc1n(CCC(C(N)=O)(c2ccccc2)c2ccccc2)cc[n+]1Cc1ccccc1Cl.[Br-],199.0
Cc1cccc(C[n+]2ccn(CCC(C(N)=O)(c3ccccc3)c3ccccc3)c2C)c1.[Br-],211.0
Cc1n(CCC(C(N)=O)(c2ccccc2)c2ccccc2)cc[n+]1Cc1cccc(Cl)c1.[Br-],222.0
Cc1n(CCC(C(N)=O)(c2ccccc2)c2ccccc2)cc[n+]1Cc1ccc(Cl)cc1.[Br-],134.0
Cc1n(CCCCC(C(N)=O)(c2ccccc2)c2ccccc2)cc[n+]1Cc1ccccc1.[Br-],156.0
Cc1n(CCC(C(N)=O)(c2ccccc2)c2ccccc2)cc[n+]1Cc1ccc([N+](=O)[O-])cc1.[Br-],216.0
CC(C)(C)[n+]1ccn(Cc2ccccn2)c1.[Br-],65.0
CCN(CC)C(=O)C[n+]1ccn(C(C)(C)C)c1.[Br-],118.0
Cn1cc[n+](Cc2ccccc2)c1Sc1ccccc1.[Br-],107.0
CCN(CC)C(=O)C[n+]1ccn(-c2c(C)cc(C)cc2C)c1.[Br-],175.0
CC(C)(C)c1cc(Cn2cc[n+](C(C)(C)C)c2)c(N)c(C(C)(C)C)c1.[Br-],184.0
CC(C)(C)c1cc(Cn2cc[n+](C(C)(C)C)c2)c([N+](=O)[O-])c(C(C)(C)C)c1.[Br-],184.0
CC[n+]1ccn(CCc2ccccc2)c1.[Br-],43.0
[Br-].c1ccc(Cn2cc[n+](Cc3ccccc3)c2Sc2ccccc2)cc1,171.0
CC(C[n+]1ccn(C)c1)=NO.[Br-],167.0
CC[n+]1ccn([C@H](CO)C(C)C)c1.[Br-],12.0
CC[n+]1ccn([C@H](CO)CC(C)C)c1.[Br-],16.0
CCCCCCCCCCCCCCCCn1cc[n+](CC(C)=NO)c1.[Br-],124.0
CCCCCCCCCCCCCCCCCCOCC(COC[n+]1ccn(C)c1)OCCCCCCCCCCCCCCCCCC.[Br-],79.0
Cc1cscc1OCCC[n+]1ccn(C)c1C.[Br-],118.0
COC(=O)Cn1cc(C(=O)OC)[n+](CC(=O)OC)c1.[Br-],131.0
COC(=O)Cn1cc(C(=O)Nc2ccccc2)[n+](CC(=O)OC)c1.[Br-],183.0
CCCCCCCCCCCC(=O)NCCCC[C@H](NC(=O)CCCCCCCCCC[n+]1ccn(C)c1)C(=O)OCC.[Br-],81.0
C[n+]1ccn(Cc2cc3ccc2CCc2ccc(c(C4=NC(C)(C)CO4)c2)CC3)c1.[Br-],112.0
CCCCCCCCCCCC(=O)NCCCC[C@H](NC(=O)CCCCC)C(=O)OCCCCCCCCCCC[n+]1ccn(C)c1.[Br-],79.0
C#CC[n+]1ccn(C=C)c1.[Br-],158.0
C#CC[n+]1ccn(CC=C)c1.[Br-],66.0
CC(C)Cn1cc[n+](CC(C)C)c1.[Br-],85.0
CCCCCCNC(=O)Cn1cc[n+](CC(=O)NCCCCCC)c1.[Br-],132.0
C=CCn1cc[n+](CCC)c1.[Br-],30.0
C#CCn1cc[n+](CC#C)c1.[Br-],142.0
C=CCn1cc[n+](CCCCC)c1.[Br-],21.0
CCCCCCCCCCCCn1cc[n+](CC[C@H](C)CCC=C(C)C)c1.[Br-],6.0
CCCCCCCCCCCCCCCCCCn1cc[n+](CC[C@H](C)CCC=C(C)C)c1.[Br-],41.0
CC(=O)c1sc(Nc2ccccc2)c(-n2cc[n+](CC(=O)c3ccccc3)c2)c1-c1ccccc1.[Br-],199.0
CCOC(=O)CCCn1c(C)[n+](Cc2ccccc2)c2ccccc21.[Br-],231.0
CCCCCCCCCCCC[n+]1cn(CC)c2ccccc21.[Br-],71.0
CCCCCCCCCn1c[n+](CCCCCCCCC)c2ccccc21.[Br-],97.0
CCCCCCCCCCCCCCCC[n+]1cn(CC)c2ccccc21.[Br-],67.0
CCc1n(C)c2ccc([N+](=O)[O-])cc2[n+]1C.[Br-],245.0
Cn1c(C(F)(F)F)[n+](C)c2cc(Cl)ccc21.[Br-],192.0
Cn1c(C(F)(F)F)[n+](C)c2c(Br)c(Br)c(Br)c(Br)c21.[Br-],213.0
CCn1c(Cc2ccccc2)[n+](CCC(C)=O)c2cc(Cl)c(Cl)cc21.[Br-],173.0
CCOC(=O)C[n+]1c(-c2ccc(-c3ccc(Cl)cc3)o2)n(C)c2ccc(C#N)cc21.[Br-],207.0
CCOC(=O)C[n+]1c(-c2ccc(-c3ccc(Cl)cc3)o2)n(C)c2ccc(C(=O)OC)cc21.[Br-],209.0
CCOC(=O)C[n+]1c(-c2ccc(-c3ccc(Cl)cc3)o2)n(C)c2ccc(S(C)(=O)=O)cc21.[Br-],225.0
CCN1C(=CC=Cc2n(CCOC(C)=O)c3ccc(C#N)cc3[n+]2CCO)N(CC)c2cc(C#N)ccc21.[Br-],188.0
CCN1C(=CC=Cc2n(CC)c3c(Br)c(Br)c(Br)c(Br)c3[n+]2CC)N(CC)c2c(Br)c(Br)c(Br)c(Br)c21.[Br-],215.0
CCN1C(=CC=Cc2n(CCOC(C)=O)c3ccc(C#N)cc3[n+]2CCOC(C)=O)N(CC)c2cc(Cl)c(Cl)cc21.[Br-],163.0
CCNS(=O)(=O)c1ccc2c(c1)[n+](CCCCS(=O)(=O)NC(C)=O)c(C=CC=C1Oc3cc(C)c(C)cc3N1CC)n2CC.[Br-],153.0
CCN1C(=CC=Cc2n(CC)c3cc(Cl)c(Cl)cc3[n+]2CCOCCC(=O)O)N(CCOCCC(=O)O)c2cc(Cl)c(Cl)cc21.[Br-],225.0
Cc1n(C)c2ccccc2[n+]1CC#N.[Br-],243.0
COc1ccc2c(c1)[n+](CC(=O)c1ccccc1)cn2C.[Br-],196.0
Cn1c[n+](CC(=O)c2ccccc2)c2cc([N+](=O)[O-])ccc21.[Br-],224.0
CCCCn1c(N)[n+](CC(=O)c2ccccc2)c2ccccc21.[Br-],213.0
COc1ccc2c(c1)[n+](CC(=O)c1ccc([N+](=O)[O-])cc1)cn2C.[Br-],239.0
Cc1n(-c2ccccc2)c2ccccc2[n+]1CC(=O)c1ccc([N+](=O)[O-])cc1.[Br-],227.0
Cn1c[n+](CC(=O)c2ccc([N+](=O)[O-])cc2)c2cc([N+](=O)[O-])ccc21.[Br-],236.0
CCN(CC)CCn1c(C)[n+](CC(=O)c2ccc([N+](=O)[O-])cc2)c2ccccc21.[Br-],198.0
COc1ccc(OC)c2c1n(Cc1ccccc1)c[n+]2CC(=O)c1ccc([N+](=O)[O-])cc1.[Br-],227.0
CC(C)(C)C(=O)C[n+]1c(N)n(N)c2ccccc21.[Br-],248.0
CC(C)n1c(N)[n+](CC(=O)c2ccccc2)c2ccccc21.[Br-],208.0
COC(=O)C[n+]1c(N)n(C)c2ccccc21.[Br-],241.0
CCCCn1c(N)[n+](CC(=O)OC)c2ccccc21.[Br-],228.0
Cn1c(SCC(=O)c2ccccc2)[n+](N)c2ccccc21.[Br-],123.0
N#CCCCn1c[n+](CCC#N)c2ccccc21.[Br-],151.0
COC(=O)Cn1c(C)[n+](CC(C)=O)c2ccccc21.[Br-],231.0
CCOC(=O)Cn1c(CC)[n+](CC(=O)c2ccccc2)c2ccccc21.[Br-],235.0
COC(=O)Cn1c(C)[n+](CC(=O)c2ccc(OC)cc2)c2ccccc21.[Br-],215.0
O=C(O)Cn1c(Cc2ccccc2)[n+](CC(=O)c2ccccc2)c2ccccc21.[Br-],176.0
CCCCNC(=O)Cn1c(C)[n+](CC(=O)c2ccccc2)c2ccccc21.[Br-],217.0
COC(=O)Cn1c(C)[n+](CC(=O)c2ccc([N+](=O)[O-])cc2)c2ccccc21.[Br-],228.0
CCOC(=O)Cn1c(Cc2ccccc2)[n+](CC(=O)c2ccccc2)c2ccccc21.[Br-],212.0
CCN1C(=CC=Cc2n(CC)c3cc(Cl)c(Cl)cc3[n+]2CCCC(=O)O)N(CCCC(=O)O)c2cc(Cl)c(Cl)cc21.[Br-],248.0
CCCCCCCCN1C(=CC=Cc2n(CCCCCCCC)c3cc(Cl)c(Cl)cc3[n+]2CCCC(=O)O)N(CCCC(=O)O)c2cc(Cl)c(Cl)cc21.[Br-],109.0
CCCCCCCCCCCCN1C(=CC=Cc2n(CCCCCCCCCCCC)c3cc(Cl)c(Cl)cc3[n+]2CCCC(=O)O)N(CCCC(=O)O)c2cc(Cl)c(Cl)cc21.[Br-],96.0
C=CC[n+]1cn(C(C)CC#N)c2cccc(C)c21.[Br-],181.0
Cc1cccc2c1[n+](CCCC#N)cn2C(C)CC#N.[Br-],188.0
Cc1cccc2c1[n+](Cc1ccccc1)cn2C(C)CC#N.[Br-],215.0
COC(=O)c1ccc(NC(=O)C[n+]2cn(C(C)CC#N)c3cccc(C)c32)cc1.[Br-],142.0
COC(=O)C[n+]1c(N)n(NCc2ccccc2)c2ccccc21.[Br-],216.0
C#CC[n+]1c(CO)n(CCC#N)c2ccccc21.[Br-],187.0
C=CC[n+]1c(CO)n(CCC#N)c2ccccc21.[Br-],187.0
CCc1n(CCC#N)c2ccccc2[n+]1CC(=O)c1ccccc1.[Br-],158.0
Cc1n(CCC#N)c2ccccc2[n+]1CC(=O)c1ccccc1.[Br-],202.0
CCCc1n(CCC#N)c2ccccc2[n+]1CC(=O)c1ccccc1.[Br-],209.0
N#CCCn1c(CO)[n+](CC(=O)c2ccccc2)c2ccccc21.[Br-],205.0
CCCCc1n(CCC#N)c2ccccc2[n+]1CC(=O)c1ccccc1.[Br-],173.0
CC(O)c1n(CCC#N)c2ccccc2[n+]1CC(=O)c1ccccc1.[Br-],183.0
Cc1n(N)c2ccccc2[n+]1CC(=O)c1ccccc1.[Br-],230.0
Cc1n(N)c2ccccc2[n+]1CC(=O)c1cccs1.[Br-],222.0
Cc1n(N=Cc2ccccc2)c2ccccc2[n+]1CC(=O)c1ccccc1.[Br-],220.0
Cc1n(NCc2ccccc2)c2ccccc2[n+]1CC(=O)c1ccccc1.[Br-],219.0
Cc1n(N=Cc2ccc([N+](=O)[O-])cc2)c2ccccc2[n+]1CC(=O)c1ccccc1.[Br-],238.0
Cc1n(NCc2ccccc2)c2ccccc2[n+]1CC(=O)c1ccc([N+](=O)[O-])cc1.[Br-],229.0
CCn1c[n+](CC(=O)c2ccccc2)c2ccccc21.[Br-],113.0
C=CCn1c[n+](CC(=O)c2ccccc2)c2ccccc21.[Br-],106.0
O=C(C[n+]1cn(CO)c2ccccc21)c1ccccc1.[Br-],183.0
C=CCn1c[n+](CC(=O)c2ccc(Br)cc2)c2ccccc21.[Br-],215.0
CCn1c[n+](CC(=O)c2ccc(Br)cc2)c2ccccc21.[Br-],198.0
C=C(Br)Cn1c[n+](CC(=O)c2ccccc2)c2ccccc21.[Br-],164.0
O=C(C[n+]1cn(CO)c2ccccc21)c1ccc(Br)cc1.[Br-],239.0
C=C(Br)Cn1c[n+](CC(=O)c2ccc(Br)cc2)c2ccccc21.[Br-],142.0
O=C(C[n+]1cn(Cc2ccccc2)c2ccccc21)c1ccc(Br)cc1.[Br-],126.0
CC(=O)C[n+]1cn(Cc2ccccc2)c2ccccc21.[Br-],129.0
CCOC(=O)C[n+]1c(C)n(Cc2ccccc2)c2ccccc21.[Br-],242.0
CC(=O)C[n+]1cn(C)c2ccccc21.[Br-],119.0
Cn1c(Sc2ccccc2)[n+](Cc2ccccc2)c2ccccc21.[Br-],162.0
C=CCn1c[n+](CC=C)c2ccccc21.[Br-],96.0
CC=CC[n+]1cn(CCOCC)c2ccccc21.[Br-],107.0
C#CC[n+]1cn(CC=C)c2ccccc21.[Br-],178.0
C=CCn1c[n+](Cc2ccccc2)c2ccccc21.[Br-],201.0
CC=CC[n+]1cn(CCOCC)c2ccc(C)cc21.[Br-],77.0
C=CC[n+]1cn(CCOCC)c2ccc(C)cc21.[Br-],128.0
CC[n+]1cn(CCC[Si](C)(C)C)c2ccccc21.[Br-],208.0
C=CC[n+]1cn(CCC[Si](C)(C)C)c2ccccc21.[Br-],125.0
C=CCn1c[n+](Cc2ccc(Br)cc2)c2ccccc21.[Br-],179.0
CCOCCn1c[n+](CCc2ccccc2)c2ccccc21.[Br-],86.0
C=CCn1c[n+](CC#C[Si](C)(C)C)c2ccccc21.[Br-],145.0
C#CC[n+]1cn(CCC[Si](C)(C)C)c2ccccc21.[Br-],166.0
COCCn1c[n+](CCc2ccccc2)c2cc(C)ccc21.[Br-],122.0
C[Si](C)(C)CCCn1c[n+](Cc2ccccc2)c2ccccc21.[Br-],129.0
Cc1ccc2c(c1)[n+](CCc1ccccc1)cn2CCc1ccccc1.[Br-],123.0
COc1ccccc1C[n+]1cn(CCC[Si](C)(C)C)c2ccccc21.[Br-],176.0
O=[N+]([O-])c1ccc2c(c1)[n+](CCc1ccccc1)cn2CCc1ccccc1.[Br-],180.0
O=C(C[n+]1cn(Cc2ccccc2)c2ccccc21)c1cccs1.[Br-],205.0
CCCCCCCC[n+]1c(C)n(CC(=O)O)c2cc(Cl)c(Cl)cc21.[Br-],215.0
CCCCCCC[n+]1c(C)n(CCCC(=O)O)c2cc(Cl)c(Cl)cc21.[Br-],247.0
CCCCCCCC[n+]1c(C)n(CCC(=O)O)c2cc(Cl)c(Cl)cc21.[Br-],201.0
CCCCCCCC[n+]1c(C)n(CCCCC(=O)O)c2cc(Cl)c(Cl)cc21.[Br-],215.0
CCCCCCCCCCC[n+]1c(C)n(CCCC(=O)O)c2cc(Cl)c(Cl)cc21.[Br-],157.0
CCCCCCN1C(=CC=Cc2n(CCCC(=O)O)c3cc(Cl)c(Cl)cc3[n+]2CCCCCC)N(CCCC(=O)O)c2cc(Cl)c(Cl)cc21.[Br-],146.0
CCCCCCCCN1C(=CC=Cc2n(CCC(=O)O)c3cc(Cl)c(Cl)cc3[n+]2CCCCCCCC)N(CCC(=O)O)c2cc(Cl)c(Cl)cc21.[Br-],114.0
CCCCCCCN1C(=CC=Cc2n(CCCC(=O)O)c3cc(Cl)c(Cl)cc3[n+]2CCCCCCC)N(CCCC(=O)O)c2cc(Cl)c(Cl)cc21.[Br-],128.0
CCCCCCCCCCN1C(=CC=Cc2n(CCCC(=O)O)c3cc(Cl)c(Cl)cc3[n+]2CCCCCCCCCC)N(CCCC(=O)O)c2cc(Cl)c(Cl)cc21.[Br-],107.0
CC(C)Cn1c[n+](C)c2ccccc21.[Br-],186.0
CC(C)n1c[n+](C(C)C)c2ccccc21.[Br-],125.0
CC(C)Cn1c[n+](CC(C)C)c2ccccc21.[Br-],178.0
Nc1n(Cc2ccccc2)c2ccccc2[n+]1CC(=O)O.[Br-],160.0
CCCCCCCCCCCC[n+]1c(N)n(Cc2ccccc2)c2ccccc21.[Br-],233.0
CCCCCCCCCCCC[n+]1c(N)n(Cc2ccc(C)cc2)c2ccccc21.[Br-],243.0
CCCCCCCCCCCC[n+]1c(N)n(CCCc2ccccc2)c2ccccc21.[Br-],228.0
Nc1n(Cc2ccccc2)c2ccccc2[n+]1CCCCCCCCCCCCBr.[Br-],240.0
CC(C)(C)OC(=O)NCCCCCCCCCCC[n+]1c(N)n(Cc2ccccc2)c2ccccc21.[Br-],216.0
Nc1n(Cc2ccccc2)c2ccccc2[n+]1CCCCCCCCCCCCN1C(=O)c2ccccc2C1=O.[Br-],200.0
CC(C(=O)c1ccc(-c2ccccc2)cc1)n1cc[n+](C(C)C(=O)c2ccc(-c3ccccc3)cc2)c1.[Br-],225.0
Cn1cc[n+](CC(=O)c2ccc(C(N)=O)cc2)c1.[Br-],235.0
Cc1n(CCC(C(N)=O)(c2ccccc2)c2ccccc2)cc[n+]1Cc1ccccc1.[Br-],231.0
Cc1n(CCC(C(N)=O)(c2ccccc2)c2ccccc2)cc[n+]1Cc1ccc(-c2ccccc2)cc1.[Br-],249.0
CC(=O)Cn1c(C)[n+](C)c2ccccc21.[Br-],234.0
CCOC(=O)C[n+]1c(C)n(CC)c2ccccc21.[Br-],233.0
Cn1c[n+](CC(=O)c2ccccc2)c2cc(Cl)ccc21.[Br-],234.0
CCCCCCCCCCCCCCCCn1c(C)[n+](CCCCCCCCCCCCCCCC)c2ccccc21.[Br-],239.0
Cc1cn(C(c2ccccc2)(c2ccccc2)c2ccccc2)c[n+]1CC(=O)c1ccccc1.[Br-],206.0
CC[C@@H]1C(=O)OC[C@@H]1Cc1c[n+](CC(=O)c2ccc(Br)cc2)cn1C.[Br-],220.0
CCn1c[n+](CC)c2ccccc21.[Br-],206.0
Cn1c[n+](CC(=O)c2ccccc2)c2ccccc21.[Br-],211.0
COC(=O)Cn1c(C)[n+](CC(=O)c2ccc(C)cc2)c2ccccc21.[Br-],217.0
COC(=O)Cn1c(C)[n+](CC(=O)c2ccc(Br)cc2)c2ccccc21.[Br-],211.0
CCCCCCCCn1c(C)[n+](CCCC(=O)O)c2cc(Cl)c(Cl)cc21.[Br-],208.0
Cc1n(CCc2ccccc2)cc[n+]1CC(=O)c1ccc(Br)cc1.[Br-],193.0
CC[C@@H]1C(=O)OC[C@@H]1Cc1c[n+](CCc2ccccc2)cn1C.[Br-],173.0
CC[C@@H]1C(=O)OC[C@@H]1Cc1c[n+](CC(=O)c2ccc(-c3ccccc3)cc2)cn1C.[Br-],179.0
CCc1ccc(C(=O)C[n+]2ccn(C)c2)cc1.[Br-],178.0
C[n+]1ccn(C(c2ccccc2)c2ccccc2)c1.[Br-],174.0
O=C(Cn1c[n+](CC(=O)c2ccccc2)c2ccccc21)c1ccccc1.[Br-],178.0
CCOC(=O)C[n+]1cn(Cc2ccccc2)c2ccccc21.[Br-],167.0
CC[C@@H]1C(=O)OC[C@@H]1Cc1c[n+](Cc2ccc(Br)cc2)cn1C.[Br-],159.0
Cc1ccc(C(=O)C[n+]2ccn(C)c2)cc1.[Br-],150.0
CCCn1cc[n+](CC(=O)c2ccccc2)c1.[Br-],149.0
CC[n+]1ccn(C(c2ccccc2)c2ccccc2)c1.[Br-],137.0
CCOC(=O)C[n+]1cn(C)c2ccccc21.[Br-],157.0
C[Si](C)(C)CCCn1c[n+](Cc2ccc(Br)cc2)c2ccccc21.[Br-],155.0
CCCCCCCCCCCCCC[n+]1ccn(Cc2ccccc2)c1C.[Br-],103.0
CCCC[n+]1cc(C[C@H]2COC(=O)[C@H]2CC)n(C)c1.[Br-],111.0
COC(=O)Cn1cc[n+](CC(=O)c2ccccc2)c1.[Br-],125.0
CCCCCCCCn1c[n+](CCCCCCCC)c2ccccc21.[Br-],107.0
CCCn1c[n+](CCC#N)c2ccccc21.[Br-],120.0
CCCCCCCCCCn1cc[n+](C)c1C.[Br-],85.0
CC[n+]1ccn(C)c1.[Br-],78.0
Cn1cc[n+](CCO)c1.[Br-],97.0
[Br-].c1ccc(Cn2cc[n+](Cc3ccccc3)c2)cc1,63.0
CCC[n+]1ccn(C)c1.[Br-],35.0
Cc1n(Cc2ccccc2)cc[n+]1CC(=O)c1ccccc1.[Br-],239.0
CC(C)(C(=O)c1ccc(-c2ccccc2)cc1)n1cc[n+](C(C)(C)C(=O)c2ccc(-c3ccccc3)cc2)c1.[Br-],241.0
Cn1cc[n+](CC(=O)c2ccc(-c3ccccc3)cc2)c1.[Br-],249.0
Cc1ccc(C[n+]2ccn(CCC(C(N)=O)(c3ccccc3)c3ccccc3)c2C)cc1.[Br-],241.0
Cc1n(CCCC(=O)O)c2ccccc2[n+]1Cc1ccccc1.[Br-],235.0
Cc1ccc2c(c1)[n+](CC(=O)c1ccccc1)cn2C.[Br-],245.0
Cc1n(Cc2ccccc2)c2ccccc2[n+]1CC(=O)c1ccc([N+](=O)[O-])cc1.[Br-],248.0
CCCCCCCCCn1c(C)[n+](CCCCCCCCC)c2ccccc21.[Br-],246.0
O=C(Cn1cc[n+](CC(=O)c2ccc([N+](=O)[O-])cc2)c1)c1ccc([N+](=O)[O-])cc1.[Br-],215.0
Cc1n(CCC(C(N)=O)(c2ccccc2)c2ccccc2)cc[n+]1Cc1ccc(Br)cc1.[Br-],220.0
CCOC(=O)C[n+]1c(C)n(C)c2ccccc21.[Br-],215.0
COC(=O)Cn1c(C)[n+](CC(=O)c2ccccc2)c2ccccc21.[Br-],205.0
CCOC(=O)Cn1c(C)[n+](CC(=O)c2ccccc2)c2ccccc21.[Br-],215.0
CCCCn1c(C)[n+](CCCC(=O)O)c2cc(Cl)c(Cl)cc21.[Br-],217.0
CCCCN1C(=CC=Cc2n(CCCC)c3cc(Cl)c(Cl)cc3[n+]2CCCC(=O)O)N(CCCC(=O)O)c2cc(Cl)c(Cl)cc21.[Br-],200.0
Cn1cc[n+](CCc2ccc([N+](=O)[O-])cc2)c1.[Br-],185.0
CC[C@@H]1C(=O)OC[C@@H]1Cc1c[n+](Cc2ccc(C)cc2)cn1C.[Br-],188.0
CC(C(=O)c1ccccc1)[n+]1ccn(C)c1.[Br-],169.0
N#CCC[n+]1ccn(CC(=O)c2ccccc2)c1.[Br-],186.0
C=CC[n+]1cn(C)c2ccccc21.[Br-],163.0
O=C(C[n+]1cn(Cc2ccccc2)c2ccccc21)c1ccccc1.[Br-],180.0
C=CCn1c[n+](CC)c2ccccc21.[Br-],175.0
CC[C@@H]1C(=O)OC[C@@H]1Cc1c[n+](CC(=O)c2ccc([N+](=O)[O-])cc2)cn1C.[Br-],140.0
Cn1cc[n+](C(C)(C)C(=O)c2ccccc2)c1.[Br-],139.0
CCCn1cc[n+](CCC)c1.[Br-],135.0
CC(C)n1cc[n+](C(C)C)c1.[Br-],137.0
CCCCCCCCCCCCn1c(C)[n+](CCCC(=O)O)c2cc(Cl)c(Cl)cc21.[Br-],142.0
CCCCCCCCCC[n+]1c(C)n(CCCC(=O)O)c2cc(Cl)c(Cl)cc21.[Br-],157.0
Cn1cc[n+](C)c1.[Br-],112.0
CC[C@@H]1C(=O)OC[C@@H]1Cc1c[n+](Cc2ccccc2)cn1C.[Br-],126.0
CCCCCCCCCCCCCCCCN1C(=CC=Cc2n(CCCCCCCCCCCCCCCC)c3ccccc3[n+]2CCCCCCCCCCCCCCCC)N(CCCCCCCCCCCCCCCC)c2ccccc21.[Br-],127.0
C=CCn1c[n+](CCC#N)c2ccccc21.[Br-],114.0
CCCCCCCCCC[n+]1ccn(Cc2ccccc2)c1C.[Br-],88.0
CCCC[n+]1ccn(C)c1.[Br-],78.0
C=CCn1cc[n+](C)c1.[Br-],53.0
CC[n+]1ccn([C@@H](C)CO)c1.[Br-],6.0
CCOC(=O)C[N+](C)(C)C.[Br-],159.0
CCCCCCCCCCCCCCCC[N+](C)(C)CCCC.[Br-],84.0
CCCCCCC(=O)C[N+](CC)(CC)CC.[Br-],103.0
CCCCCCCCCCCCCCCC[N+](C)(CCO)CCO.[Br-],129.0
CCCCCCCCCCCCCCCC[N+](C)(C)c1ccccc1.[Br-],117.0
CCCCCCCC[N+](C)(C)CCO.[Br-],117.0
CCCCCCCCC[N+](C)(C)CCO.[Br-],122.0
CCCCCCCCCCCC[N+](C)(C)CCO.[Br-],195.0
CCCCCCCCCCCCCCC[N+](C)(C)CCO.[Br-],204.0
CCCCCCCCCCCCCCCCCC[N+](C)(C)CCO.[Br-],204.0
CCCCCCCCCCCCCCC(O)C[N+](C)(C)CCO.[Br-],79.0
CCCCCCCCCCCCCCCC[N+](C)(C)CC(O)CO.[Br-],66.0
CCCCCCCCCCCCCCCCCCCC[N+](C)(C)CCCCCCCCCCCCCCCCCCCC.[Br-],138.0
CC(C)CCC[N+](C)(C)C.[Br-],210.0
CCCC[N+](CC)(CC)CC.[Br-],208.0
CCCC[N+](C)(C)CCCC.[Br-],166.0
CCC(C)(O)C[N+](C)(C)C.[Br-],169.0
CCC(C[N+](C)(C)C)OC.[Br-],123.0
CCOC(CC)C[N+](C)(C)C.[Br-],160.0
CCCC(C[N+](C)(C)C)OC.[Br-],102.0
CCCCCCCCC[N+](C)(C)C.[Br-],212.0
C[N+](C)(C)CCOCCO.[Br-],85.0
CCCOC(CC)C[N+](C)(C)C.[Br-],148.0
CCCCC(C[N+](C)(C)C)OC.[Br-],99.0
CCCC(C[N+](C)(C)C)OCC.[Br-],148.0
CCCCCCC[N+](CC)(CC)CC.[Br-],110.0
CC[N+](C)(CCC(C)C)CCC(C)C.[Br-],127.0
CCCC[N+](C)(CCCC)CCCC.[Br-],121.0
CCOCC[N+](CC)(CC)CC.[Br-],98.0
C#CC[N+](CC)(CC)CC.[Br-],199.0
CCCCC(C[N+](C)(C)C)OCC.[Br-],149.0
CCCCOC(CC)C[N+](C)(C)C.[Br-],129.0
CCCCOC(CCC)C[N+](C)(C)C.[Br-],111.0
C=CC[N+](C)(CC=C)CC=C.[Br-],90.0
CCCCCCCCC(CC)C[N+](C)(C)C.[Br-],226.0
CCCCCOC(CCC)C[N+](C)(C)C.[Br-],106.0
CC[N+](C)(CC)CC(C)(O)CC(C)(C)C.[Br-],125.0
C=C(OCC)[N+](C)(C)C.[Br-],151.0
C=COCC[N+](CC)(CC)CC.[Br-],95.0
CC(CC1CCCCCCC1)[N+](C)(C)C.[Br-],249.0
CC(CC(C)(C)C)C[N+](C)(C)CC(C)CC(C)(C)C.[Br-],210.0
CCCCCCCCCCCC[N+](C)(C)CCCC.[Br-],40.0
C#CC[N+](CC=C)(CC=C)CC=C.[Br-],103.0
C=CC(O)C[N+](C)(C)CCCC.[Br-],79.0
C=CC[N+](C)(C)Cc1ccccc1.[Br-],89.0
C#CC[N+](CC#C)(CC=C)CCCC.[Br-],89.0
Cc1ccccc1C[N+](C)(C)C.[Br-],201.0
C=CC[N+](C)(C)c1ccccc1.[Br-],124.0
CCCC(=O)OCC[N+](C)(C)C.[Br-],101.0
C[N+](C)(C)CCCCc1ccccc1.[Br-],180.0
C[N+](C)(C)CCCCCc1ccccc1.[Br-],163.0
CCC[N+](C)(C)Cc1ccccc1.[Br-],140.0
COc1ccc(C[N+](C)(C)C)cc1.[Br-],146.0
CCCCCCCCCCCCCCCCCC[N+](CC)(CC)CC.[Br-],160.0
CCCCCCCCCCCCCCCC[N+](C)(CCCC)CCCC.[Br-],51.0
C[N+](C)(CCO)Cc1ccccc1.[Br-],83.0
CC[N+](C)(CC)CC(O)c1ccccc1.[Br-],155.0
CCCCCCCCCC[N+](C)(C)CC(=O)O.[Br-],153.0
C#CC[N+](CC=C)(CC=C)c1ccccc1.[Br-],138.0
CCC[N+](CCC)(CCC)Cc1ccccc1.[Br-],188.0
CC[N+](C)(CC)C(CO)c1ccccc1.[Br-],153.0
CCCCCCCCCCCCCCCC[N+](C)(C)C1CCCCC1.[Br-],141.0
Cc1ccccc1C[N+](C)(C)c1ccccc1.[Br-],88.0
CC[N+](CC)(Cc1ccccc1)Cc1ccccc1.[Br-],147.0
CCc1ccc([N+](C)(C)Cc2ccccc2)cc1.[Br-],159.0
CCCCCCCCCCCC[N+](C)(C)CCOC(C)=O.[Br-],65.0
CCC=Cc1ccc([N+](C)(C)Cc2ccccc2)cc1.[Br-],105.0
CCCCCC[N+](C)(C)c1ccccc1OC.[Br-],182.0
C[N+](C)(CC(=O)c1ccccc1)CC1CCCCC1.[Br-],186.0
C=CC[N+](C)(Cc1ccccc1)c1ccc(OC)cc1.[Br-],148.0
C[N+](C)(C)C(OC(=O)c1ccccc1)c1ccccc1.[Br-],137.0
CCCCCCCCCC[N+](C)(C)CCCCCCCCCCC(=O)O.[Br-],110.0
C[N+](C)(CCCc1ccccc1)CC(=O)c1ccccc1.[Br-],125.0
CCCCCCCCCCCCCCCC[N+](C)(C)CC(=O)OCC.[Br-],55.0
CCCCCCCCCCCCCCCC[N+](C)(C)CCOC(C)=O.[Br-],73.0
CCCCCCCc1ccc([N+](C)(C)Cc2ccccc2)cc1.[Br-],90.0
CCCCCCCCc1ccc([N+](C)(C)Cc2ccccc2)cc1.[Br-],88.0
CCCCCCCCCCCCCC[N+](C)(C)Cc1ccccc1.[Br-],49.0
COc1cccc(C[N+](C)(C)CC(=O)c2ccccc2)c1.[Br-],151.0
CCCCCCCCCCCCCCCC[N+](CC)(CC)CCOC(C)=O.[Br-],71.0
CCCCCCCCCCCCCCCC[N+](C)(C)CCCCCC(=O)OC.[Br-],67.0
CCCCCCCCCCCCCCC[N+](C)(C)Cc1ccccc1.[Br-],60.0
CC[N+](CC)(CCCOc1ccccc1)CCCOc1ccccc1.[Br-],78.0
CCCCCCCCCCCCCCCC[N+](C)(C)CCCCCCCC(=O)OC.[Br-],60.0
CCCCCCCCCCCc1ccc([N+](C)(C)Cc2ccccc2)cc1.[Br-],87.0
CCCCCCCCCCCCCCCC[N+](CCCC)(CCCC)CCOC(C)=O.[Br-],53.0
CCCCCCCCCCCCOc1ccccc1[N+](C)(C)CCCCCCCCCC.[Br-],39.0
CCCCCCCCCCCCOc1ccccc1[N+](C)(C)CCCCCCCCCCCC.[Br-],44.0
CCCCCCCCCCCCCC[N+](C)(C)c1ccccc1OCCCCCCCCCCCC.[Br-],47.0
C[N+](C)(C)CCc1ccccc1.[Br-],234.0
C[N+](C)(C)O.[Br-],246.0
CCCC(C)[N+](C)(C)C.[Br-],227.0
C=CC[N+](C)(C)C(C)(C)C.[Br-],248.0
CCCCCCCCCCCC[N+](CC)(CCO)CCO.[Br-],70.0
Cc1ccc(C[N+](C)(C)C)c2ccccc12.[Br-],233.0
CCCCCCCCCCCCCC[N+](C)(C)CCCCCCCCCCCCCC.[Br-],51.0
CCCCCCCCCCCCCCCCCC[N+](C)(C)CCCCCCCCCC.[Br-],61.0
CCCCC(C(=O)OC)[N+](C)(C)Cc1ccccc1.[Br-],147.0
C[N+](C)(CCCCOc1ccccc1)Cc1ccccc1.[Br-],129.0
CCCC(C(=O)OCC[N+](C)(CC)CC)c1ccccc1.[Br-],90.0
CCCCC(C(=O)OCC)[N+](C)(C)Cc1ccccc1.[Br-],118.0
C[N+](C)(Cc1cccc(Oc2ccccc2)c1)c1ccccc1.[Br-],127.0
CCCCCC[N+](CCCCCC)(CCCCCC)Cc1ccccc1.[Br-],102.0
C[N+](C)(CCCCCOc1ccccc1)Cc1ccccc1.[Br-],140.0
Cc1ccc(C(C)C)cc1C[N+](C)(C)Cc1cc(C(C)C)ccc1C.[Br-],226.0
CCCCC(C(=O)OCC[N+](C)(CC)CC)c1ccccc1.[Br-],78.0
Cc1ccc(C(C)C)cc1C[N+](C)(Cc1ccccc1)Cc1ccccc1.[Br-],207.0
C[N+](C)(CCCCOc1cccc2ccccc12)Cc1ccccc1.[Br-],140.0
C[N+](C)(CCCCOc1ccc2ccccc2c1)Cc1ccccc1.[Br-],162.0
CCCCCCC[N+](C)(C)C.[Br-],183.0
C=CC[N+](C)(C)C=C(C)C.[Br-],64.0
CC[N+](C)(C)C1CCCCO1.[Br-],84.0
CC#CC[N+](CC)(CC)CC.[Br-],117.0
Cc1cc(C)cc(C[N+](C)(C)C)c1.[Br-],239.0
C#CC[N+](C)(C)CC#Cc1ccccc1.[Br-],172.0
CC(C)=C[N+](C)(C)Cc1ccccc1.[Br-],165.0
COc1ccc(CC[N+](C)(C)C)cc1.[Br-],217.0
CCCCCCCCCCCCCCCCCC[N+](C)(C)CCCCCCCC.[Br-],58.0
C[N+](C)(CCc1ccccc1)c1ccccc1.[Br-],170.0
CC(c1ccccc1)[N+](C)(C)c1ccccc1.[Br-],120.0
Cc1cccc(C[N+](C)(C)CCO)c1C.[Br-],148.0
Cc1ccccc1C[N+](C)(C)CCCO.[Br-],129.0
CC(=O)OCC[N+](C)(C)Cc1ccccc1.[Br-],126.0
Cc1cccc(C[N+](C)(C)CCCO)c1C.[Br-],170.0
CCCCCCCCCCCCCCCCCC[N+](C)(C)CCCCCCCCCCCC.[Br-],63.0
CCOC(=O)C(C)[N+](C)(C)Cc1ccccc1.[Br-],118.0
CC[N+](CC)(CC)Cc1cccc(Oc2ccccc2)c1.[Br-],162.0
CCCCCCCCCCCC[N+](C)(C)Cc1cc(C(C)C)ccc1C.[Br-],154.0
CCCCCCCCCCCC[N+](C)(C)CCc1cc(C(C)C)ccc1C.[Br-],114.0
CCC(CC(C)C)(C(=O)OCC[N+](C)(CC)CC)c1ccccc1.[Br-],143.0
CCCCCCCCCCCC[N+](CC)(CC)CCC.[Br-],98.0
CCCCCCCCCCCC[N+](C)(CC)COCC.[Br-],176.0
C[N+](C)(CCC(=O)O)CC(=O)O.[Br-],151.0
CCCCCCCCCCCC[N+](C)(CC)CC(=O)O.[Br-],103.0
CCCCCCCCCCCC[N+](C)(CC)Cc1ccccc1.[Br-],104.0
CCCCCCCCCCCC[N+](C)(CCCC)Cc1ccccc1.[Br-],78.0
C[N+](C)(C)Cc1ccc(O)cc1.[Br-],166.0
CCCCCCCCCCCCCCCC[N+](C)(C)Cc1ccc(O)cc1.[Br-],129.0
CC(=O)C[N+](C)(C)Cc1ccccc1C.[Br-],123.0
COC(=O)C[N+](C)(C)Cc1ccc(C)cc1.[Br-],117.0
COC(=O)C[N+](C)(C)Cc1ccccc1C.[Br-],132.0
CC(C)CC(=O)C[N+](C)(C)C.[Br-],134.0
CCOC(C[N+](C)(C)C)OCC.[Br-],151.0
C[N+](C)(C)CC(O)CO.[Br-],121.0
CC[N+](CC)(CC)CC#Cc1ccccc1.[Br-],157.0
C=CC[N+](C)(C)c1cc(C)ccc1O.[Br-],151.0
COc1cc(C[N+](C)(C)C)cc(OC)c1.[Br-],194.0
C=CC[N+](C)(C)c1cc(C)cc(C)c1O.[Br-],106.0
C=C(C)C[N+](C)(C)c1cc(C)ccc1O.[Br-],153.0
COc1ccc([N+](C)(C)Cc2ccccc2)cc1.[Br-],129.0
C#CC[N+](C)(C)C(C(=O)c1ccccc1)c1ccccc1.[Br-],151.0
Cc1ccc(O)c([N+](C)(C)CC=Cc2ccccc2)c1.[Br-],152.0
COC(=O)C[N+](C)(C)Cc1cccc2ccccc12.[Br-],162.0
CCCCCCCCCCCC[N+](C)(C)Cc1ccc(C(=O)c2ccccc2)cc1.[Br-],126.0
C[N+](C)(C)c1ccc(C=O)cc1.[Br-],209.0
C=CC=C(C)C[N+](C)(C)CC=Cc1ccccc1.[Br-],159.0
C[N+](C)(CC#Cc1ccccc1)CC=Cc1ccccc1.[Br-],146.0
C[C@@H](c1ccccc1)[N+](C)(C)CC(=O)c1ccccc1.[Br-],127.0
C[N+](C)(C)CCCCCCCCCCOc1ccc(C=O)cc1.[Br-],118.0
C#CC[N+](C)(C)CC#Cc1cccc2ccccc12.[Br-],142.0
C#CC[N+](CC)(CC)CC#Cc1cccc2ccccc12.[Br-],126.0
CC[N+](CC)(CC)CCCO.[Br-],166.0
CCCCCCCCCC[N+](CC)(CC)CC.[Br-],107.0
C[N+](C)(C)c1cccc(O)c1.[Br-],207.0
CC(C[N+](C)(C)C)c1ccccc1.[Br-],179.0
CCCCCCCCCCCCCCCC[N+](C)(C)C(C)O.[Br-],117.0
CC(C)C(C[N+](C)(C)C)c1ccccc1.[Br-],171.0
C=C(C)C[N+](C)(C)c1cccc(O)c1.[Br-],114.0
C[N+](C)(C)CCC(=O)c1ccc(O)cc1.[Br-],207.0
COc1cccc(C(=O)CC[N+](C)(C)C)c1.[Br-],144.0
Cc1ccc(C(C[N+](C)(C)C)c2ccc(C)cc2)cc1.[Br-],246.0
Cc1ccc([N+](C)(C)C(C)c2ccccc2)cc1.[Br-],102.0
COc1ccc([N+](C)(C)C(C)c2ccccc2)cc1.[Br-],108.0
C=C(C)C[N+](C)(C)c1cc(C(C)(C)C)c(O)c(C(C)(C)C)c1.[Br-],142.0
CC(C)=CC[N+](C)(C)c1cc(C(C)(C)C)c(O)c(C(C)(C)C)c1.[Br-],136.0
COc1ccc(C(C[N+](C)(C)C)c2ccc(OC)cc2)cc1.[Br-],229.0
C=C(C)C#CC[N+](C)(C)c1cc(C(C)(C)C)c(O)c(C(C)(C)C)c1.[Br-],150.0
CC(C)(C)c1cc([N+](C)(C)Cc2ccccc2)cc(C(C)(C)C)c1O.[Br-],173.0
CCCCCCCCCCCCCCCC[N+](C)(C)Cc1ccccc1O.[Br-],51.0
CC(C)(C)c1cc([N+](C)(C)CC=Cc2ccccc2)cc(C(C)(C)C)c1O.[Br-],160.0
C=CC[N+](C)(CCOC(=O)CCCCCCCCCCC)CCOC(=O)CCCCCCCCCCC.[Br-],78.0
C=CC[N+](C)(CCOC(=O)CCCCCCCCCCCCCCC)CCOC(=O)CCCCCCCCCCCCCCC.[Br-],89.0
CC[N+](C)(CC)C(C)c1ccccc1.[Br-],153.0
CC[N+](CC)(CC)C(C)c1ccccc1.[Br-],149.0
CCC[N+](CCC)(CCC)C(C)c1ccccc1.[Br-],162.0
CC(c1ccccc1)[N+](C)(C)Cc1ccccc1.[Br-],155.0
CC[N+](CC)(Cc1ccccc1)C(C)c1ccccc1.[Br-],142.0
C=CCC=CC[N+](C)(C)Cc1ccccc1.[Br-],125.0
C=CCC(C)(C=C)[N+](C)(C)Cc1ccccc1.[Br-],136.0
COCC[N+](C)(C)Cc1ccccc1.[Br-],125.0
C[N+](C)(CCCO)Cc1ccccc1.[Br-],101.0
CC=CC(C)[N+](C)(C)C.[Br-],171.0
CC(=O)OC(C)C[N+](C)(C)C.[Br-],148.0
CC[N+](C)(Cc1ccccc1)c1ccccc1.[Br-],156.0
C[N+](C)(C)CC(O)c1ccc(O)c(O)c1.[Br-],196.0
C[N+](C)(C)CCCCCC(=O)O.[Br-],183.0
CCC[N+](C)(CC)Cc1ccccc1.[Br-],123.0
CC(=O)C[N+](C)(C)CC(=O)c1ccccc1.[Br-],149.0
COc1ccc(C(=O)C[N+](C)(C)CC(C)=O)cc1.[Br-],146.0
Cc1cc(C[N+](C)(C)c2ccccc2)cc(C)c1O.[Br-],132.0
CCCCOC[N+](C)(C)C.[Br-],74.0
CCCCCCCCCC[n+]1cccc(CCCCC)c1.[Br-],30.0
CCC(=O)OCCCCCCCCCCC[n+]1ccccc1.[Br-],35.0
CCOC(=O)c1c[n+](Cc2ccccc2)ccc1C(c1ccccc1)c1ccccc1.[Br-],35.0
CCCCCCCC[n+]1ccc(CCC)cc1.[Br-],37.0
CCCCCCCCCCCCCC[n+]1ccc(CCCCCC)cc1.[Br-],37.0
CCCCCCCCCCCCCC[n+]1cccc(CCCCC)c1.[Br-],39.0
CCCCCCCCCC[n+]1ccc(C(=O)OCC)cc1.[Br-],41.0
CCCCCCCCCCCC[n+]1ccc(CCC)cc1.[Br-],41.0
CCCCCCCCCCC[n+]1ccccc1.[Br-],42.0
CCCCCCCC[n+]1ccc(CC)cc1.[Br-],43.0
CCCCCCCCCCCC[n+]1ccc(CC)cc1.[Br-],44.0
CCCCCCCCCC[n+]1ccccc1.[Br-],45.0
CCCCCCCCCCCC[n+]1ccccc1.[Br-],45.0
CCCCCC[C@@H](C)Cc1cccc[n+]1CCCCCC.[Br-],47.0
CCCCc1ccc(C)[n+](CC(=O)OCC)c1.[Br-],51.0
COc1ccc(OC)c(CC[n+]2ccccc2)c1.[Br-],54.0
CCCCCCCCCCCCC[n+]1ccccc1.[Br-],55.0
Fc1ccc(C[n+]2ccccc2)cc1.[Br-],58.0
CCCCCCCCCCCCCC[n+]1ccccc1.[Br-],59.0
CCCC[n+]1ccc(C(=O)OCC)cc1.[Br-],60.0
CC(C)C[n+]1ccccc1.[Br-],64.0
C[n+]1cccc(CCCO)c1.[Br-],64.0
Cc1ccc[n+](Cc2ccccc2)c1.[Br-],65.0
CCCC[n+]1ccccc1SCc1ccccc1.[Br-],65.0
O=C(C[n+]1ccccc1)C1CCCCC1.[Br-],69.0
CCCc1cccc[n+]1C.[Br-],70.0
CCOC(=O)CC[n+]1ccccc1.[Br-],71.0
CCOC(=O)[C@H](CC)[n+]1ccccc1.[Br-],73.0
CCC[n+]1ccccc1.[Br-],76.0
CCN(CC)C(=O)c1ccc[n+](CC)c1.[Br-],77.0
[Br-].c1ccc(OCC[n+]2ccccc2)cc1,78.0
Cc1cc(C)[n+](C)c(C)c1C.[Br-],79.0
C[n+]1ccc(CCCO)cc1.[Br-],79.0
CC[n+]1c(C)cccc1C.[Br-],80.0
C[n+]1cccc(-c2ccccn2)c1.[Br-],80.0
CC(C)OC(=O)C[n+]1ccccc1.[Br-],80.0
Cc1cc[n+](CN2CCOCC2)cc1.[Br-],83.0
C[n+]1ccc(Cc2ccccc2)cc1.[Br-],86.0
CCOC(=O)c1ccc[n+](CCF)c1.[Br-],87.0
Cc1cc[n+](CCc2ccccc2)cc1.[Br-],90.0
CCCC[n+]1cccc(C(=O)O)c1.[Br-],91.0
C=CC[n+]1cccc(C(=O)N(CC)CC)c1.[Br-],92.0
CCOC(=O)C(C(=O)OCC)[n+]1ccccc1.[Br-],94.0
CC(=O)OCCCC[n+]1cccc(O)c1.[Br-],95.0
[Br-].c1ccc(CO[n+]2ccccc2)cc1,95.0
C=CC[n+]1ccccc1.[Br-],96.0
CCOC(=O)c1ccc[n+](C)c1.[Br-],96.0
Cc1ccc[n+](CCO)c1.[Br-],97.0
CC[n+]1ccccc1C.[Br-],97.0
CC(C)[n+]1ccccc1.[Br-],97.0
CCCC[n+]1ccccc1.[Br-],98.0
CC[n+]1ccc(-c2ccncc2)cc1.[Br-],98.0
C=CC[n+]1cccc(O)c1.[Br-],98.0
[Br-].c1ccc(C[n+]2ccccc2)cc1,99.0
CCOC(=O)CCc1cc[n+](C)cc1.[Br-],100.0
CC[n+]1cccc(C(C)=O)c1.[Br-],100.0
C=CC[n+]1cccc(C=O)c1.[Br-],100.0
CC(=O)C[n+]1c(C)cccc1C.[Br-],104.0
CC[n+]1cccc(O)c1.[Br-],106.0
CCO[n+]1ccc(OC)cc1.[Br-],109.0
CCCOC(=O)C[n+]1ccccc1.[Br-],110.0
C=CC[n+]1ccccc1CO.[Br-],110.0
OCC[n+]1ccccc1.[Br-],110.0
C=CC[n+]1ccc(CO)cc1.[Br-],111.0
C#CCCCC[n+]1ccccc1.[Br-],114.0
Cc1ccc[n+](CCC#N)c1.[Br-],116.0
[Br-].c1cc[n+](-c2ccccn2)cc1,118.0
CC(C)[n+]1ccc(CO)cc1.[Br-],119.0
ClCCC[n+]1ccccc1.[Br-],120.0
CC[n+]1ccccc1.[Br-],121.0
C=CC[n+]1ccc(C#N)cc1.[Br-],121.0
CC[n+]1ccc(C)cc1.[Br-],121.0
CC(C)[n+]1ccccc1CO.[Br-],122.0
OCC[n+]1cccc(O)c1.[Br-],123.0
Cc1cc[n+](CCO)cc1C.[Br-],127.0
CC(C)=CC[n+]1ccc(C)cc1.[Br-],128.0
CC(=O)[C@@H](C)[n+]1ccccc1C.[Br-],133.0
Cc1cc[n+](CCC#N)cc1C.[Br-],133.0
CCOC(=O)C[n+]1ccccc1.[Br-],137.0
Cc1cc[n+](CCCBr)cc1.[Br-],140.0
CC=C(C)[C@@H](C)[n+]1ccccc1.[Br-],140.0
COC(=O)c1ccc[n+](C)c1.[Br-],141.0
N#CCC[n+]1cccc(N)c1.[Br-],142.0
CC(=O)[C@@H](C)[n+]1ccccc1.[Br-],144.0
Cc1cc(C)c[n+](CC#N)c1.[Br-],144.0
Cc1cc[n+](C)cc1O.[Br-],146.0
Cc1cc[n+](CCC#N)cc1.[Br-],147.0
N#CCC[n+]1ccccc1.[Br-],149.0
C[n+]1ccccc1.[Br-],150.0
C[n+]1cccc(O)c1.[Br-],154.0
C=C[n+]1ccccc1.[Br-],155.0
[Br-].c1ccc(-[n+]2ccccc2)cc1,155.0
OCC=C[n+]1ccccc1.[Br-],157.0
C=C(C[n+]1ccccc1)C(=O)O.[Br-],157.0
C1=C[C@H]([n+]2ccccc2)CCC1.[Br-],160.0
Cc1cc(C)c[n+](CCC#N)c1.[Br-],161.0
O=C(O)CCC[n+]1ccccc1.[Br-],163.0
COC(=O)c1cc[n+](C)cc1.[Br-],164.0
CC[n+]1ccc(C#N)cc1.[Br-],166.0
N#CC[n+]1ccccc1.[Br-],167.0
C[n+]1ccccc1CO.[Br-],168.0
C=C[n+]1ccc(C)cc1.[Br-],169.0
COc1cc[n+](C(C)C)cc1.[Br-],170.0
Cc1cc[n+](C)cc1.[Br-],173.0
COC(=O)C[n+]1ccccc1.[Br-],175.0
CCC[n+]1cccc(C(N)=O)c1.[Br-],175.0
CC[n+]1ccc(N(C)C)cc1.[Br-],176.0
C#CC[n+]1ccc(C)cc1.[Br-],178.0
Cc1cc[n+](CC#N)cc1.[Br-],179.0
FCC[n+]1ccccc1.[Br-],180.0
CC(=O)c1cc[n+](C)cc1.[Br-],184.0
C=CC[n+]1ccc(C=NO)cc1.[Br-],185.0
NNC(=O)C[n+]1ccccc1.[Br-],186.0
CC(=O)C[n+]1ccccc1.[Br-],187.0
CC[n+]1ccc(C(N)=O)cc1.[Br-],188.0
O=C(O)C=C[n+]1ccccc1.[Br-],189.0
C[C@H](C(N)=O)[n+]1ccccc1.[Br-],190.0
Cc1ccc[n+](C=CC(=O)O)c1.[Br-],191.0
C=CC[n+]1ccccc1C=NO.[Br-],193.0
CC(=O)C[n+]1ccccc1C.[Br-],196.0
OCC[n+]1ccccc1C=NO.[Br-],199.0
Cc1cc[n+](CC#N)c(C)c1.[Br-],199.0
O=C(O)C[n+]1ccccc1.[Br-],199.0
NC(=O)CC[n+]1ccccc1.[Br-],199.0
NC(=O)C[n+]1ccccc1.[Br-],200.0
C[N+]1(CCCC(F)(F)F)CCCC1.O=S(=O)([N-]S(=O)(=O)C(F)(F)F)C(F)(F)F,27.0
C[N+]1(CCCC(F)(F)F)CCCCC1.O=S(=O)([N-]S(=O)(=O)C(F)(F)F)C(F)(F)F,26.0
CCOP(=O)([O-])OCC.CC[n+]1ccn(C)c1,20.0
CCCCOP(=O)([O-])OCCCC.OCC[NH2+]CCO,29.0
CS(=O)(=O)[O-].OCC[NH2+]CCO,29.0
CCCCOP(=O)([O-])OCCCC.OCC[NH+](CCO)CCO,43.0
CC(=O)[O-].OCC[NH+](CCO)CCO,48.0
O=C[O-].OCC[NH+](CCO)CCO,63.0
CS(=O)(=O)[O-].OCC[NH+](CCO)CCO,70.0
CCCCOP(=O)([O-])OCCCC.CCCC[NH2+]CCCC,63.0
CC(=O)[O-].CCCC[NH2+]CCCC,45.0
CCCC[NH2+]CCCC.O=C[O-],28.0
CCCC[NH2+]CCCC.CS(=O)(=O)[O-],72.0
CCCC[NH2+]CCCC.NS(=O)(=O)[O-],87.0
CCCC[NH2+]CCCC.O=C1[N-]S(=O)(=O)c2ccccc21,88.0
CCCC[NH+](CCCC)CCCC.CS(=O)(=O)[O-],71.0
CS(=O)(=O)[O-].NCC[NH3+],55.0
CC[NH+](CC)CC.CS(=O)(=O)[O-],24.0
CC[NH+](CC)CC.O=C1[N-]S(=O)(=O)c2ccccc21,72.0
CC(=O)[O-].CC[NH2+]CC,48.0
CC[NH2+]CC.O=C[O-],36.0
CC[NH2+]CC.CS(=O)(=O)[O-],45.0
CC[NH2+]CC.O=C1[N-]S(=O)(=O)c2ccccc21,78.0
C1CC[NH2+]C1.CC(=O)[O-],31.0
C1CC[NH2+]C1.O=C[O-],11.0
C1CC[NH2+]C1.CS(=O)(=O)[O-],122.0
C1CC[NH2+]C1.O=C1[N-]S(=O)(=O)c2ccccc21,33.0
COS(=O)(=O)[O-].CSC(N)=[NH2+],36.0
CCSC(N)=[NH2+].[Br-],87.0
CCSC(N)=[NH2+].O=S(=O)([N-]S(=O)(=O)C(F)(F)F)C(F)(F)F,27.0
CCSC(NC)=[NH+]C.[Br-],62.0
CCOS(=O)(=O)[O-].CCSC(NC)=[NH+]C,32.0
CCSC(NC)=[NH+]C.O=S(=O)([N-]S(=O)(=O)C(F)(F)F)C(F)(F)F,19.0
CCSC(N(C)C)=[N+](C)C.[Br-],92.0
CCNC(=[NH+]CC)SCC.[Br-],40.0
CCCCSC(N)=[NH2+].[Br-],83.0
CCCCSC(N)=[NH2+].O=S(=O)([N-]S(=O)(=O)C(F)(F)F)C(F)(F)F,49.0
CCCCSC(NC)=[NH+]C.[Br-],60.0
CCCCSC(N(C)C)=[N+](C)C.[Br-],82.0
CCCCCCSC(N)=[NH2+].[Br-],86.0
CCCCCCSC(NC)=[NH+]C.[Br-],95.0
CCCCCCSC(N(C)C)=[N+](C)C.[Br-],73.0
CCCCCCSC(NCC)=[NH+]CC.[Br-],49.0
CCCCCCCCSC(N)=[NH2+].[Br-],96.0
CCCCCCCCSC(NC)=[NH+]C.[Br-],54.0
CCCCCCCC[P+](C)(CCCCCCCC)CCCCCCCC.[Cl-],89.0
CCCCCCCC[P+](CC)(CCCCCCCC)CCCCCCCC.[Cl-],66.0
CCCCCCCC[P+](CCC)(CCCCCCCC)CCCCCCCC.[Cl-],29.0
Cc1n(CC[Si](C)(C)C)cc[n+]1C.O=S(=O)([N-]S(=O)(=O)C(F)(F)F)C(F)(F)F,42.0
CCCC[P+](C)(CCCC)CCCC.[Cl-],20.0
CCCC[P+](CC)(CCCC)CCCC.[Cl-],70.0
CCCC[P+](CCC)(CCCC)CCCC.[Cl-],78.0
CCCC[P+](CCCC)(CCCC)CCCC.[Cl-],71.0
CCCCC[P+](CCCC)(CCCC)CCCC.[Cl-],48.0
CCCCCC[P+](CCCC)(CCCC)CCCC.[Cl-],24.0
CCCCCCC[P+](CCCC)(CCCC)CCCC.[Cl-],53.0
CCCCCCCC[P+](CCCC)(CCCC)CCCC.[Cl-],19.0
CCCCCCCCCCCC[P+](CCCC)(CCCC)CCCC.[Cl-],23.0
CCCCCCCCCCCCCC[P+](CCCC)(CCCC)CCCC.[Cl-],39.0
CC[n+]1ccn(C)c1.F[B-](F)(F)F,15.0
CC[n+]1ccn(C)c1.O=P([O-])(F)F,7.0
Cc1cc2cccc[n+]2cc1C.[Br-],237.0
Cc1cc2cccc[n+]2cc1C.O=S(=O)([N-]S(=O)(=O)C(F)(F)F)C(F)(F)F,61.0
Cc1cc2cccc[n+]2cc1C.F[B-](F)(F)F,186.0
Cc1cc2cccc[n+]2cc1C.N#C[N-]C#N,138.0
CCc1cc2cccc[n+]2cc1CC.[Br-],222.0
CCc1cc2cccc[n+]2cc1CC.O=S(=O)([N-]S(=O)(=O)C(F)(F)F)C(F)(F)F,50.0
CCc1cc2cccc[n+]2cc1CC.F[B-](F)(F)F,116.0
CCc1cc2cccc[n+]2cc1CC.N#C[N-]C#N,68.0
CC[N+](C)(CC)CCOC.F[B-](F)(F)F,8.0
COCC[N+](C)(C)CCOC.F[B-](F)(F)F,36.0
CCOCC[N+](C)(C)CCOC.F[B-](F)(F)F,6.0
CC(=O)[O-].CC[N+](C)(CC)CCOC,36.0
CC(=O)[O-].COCC[N+](C)(C)CCOC,40.0
CC(=O)[O-].CCOCC[N+](C)(C)CCOC,31.0
CC(=O)[O-].CCOCC[N+](C)(C)CCOCC,34.0
CCCCCCCC[N+](C)(C)C1CCCCC1.[Br-],181.0
C[NH+](C)CCCCCCC1CCCCC1.O=C[O-],23.0
CCCCCCCC[N+](C)(C)C1CCCCC1.O=C[O-],56.0
CC(=O)[O-].CCCC[N+](C)(C)C1CCCCC1,50.0
CCCCC(CC)C[N+](C)(C)CC(CC)CCCC.[Cl-],84.0
CCCCC(CC)C[N+](C)(C)CC(CC)CCCC.[Br-],90.0
CCCCC(CC)C[N+](C)(C)CC(CC)CCCC.[I-],73.0
CCCCC(CC)C[N+](C)(C)CC(CC)CCCC.O=[N+]([O-])[O-],80.0
CCCCC(CC)C[N+](C)(C)CC(CC)CCCC.Cc1ccc(S(=O)(=O)[O-])cc1,78.0
CCCCC(CC)C[N+](C)(C)CC(CC)CCCC.O=C([O-])c1cccnc1,224.0
C[N+](C)(C)CC(=O)O.O=S(=O)([N-]S(=O)(=O)C(F)(F)F)C(F)(F)F,54.0
C[n+]1ccn(CCC(F)(F)C(F)(F)C(F)(F)C(F)(F)C(F)(F)C(F)(F)F)c1.F[P-](F)(F)(F)(F)F,66.0
CCCC[n+]1ccn(CCC(F)(F)C(F)(F)C(F)(F)C(F)(F)C(F)(F)C(F)(F)F)c1.F[P-](F)(F)(F)(F)F,89.0
CCCC[N+](CCCC)(CCCC)CCCC.O=S(=O)([O-])C(F)(F)C(F)(F)C(F)(F)C(F)(F)F,54.0
CC[n+]1cccc(C)c1.O=S(=O)([O-])C(F)(F)C(F)(F)C(F)(F)C(F)(F)C(F)(F)C(F)(F)C(F)(F)C(F)(F)F,5.0
CCCCCC[n+]1ccn(C)c1.O=S(=O)([O-])C(F)(F)C(F)(F)C(F)(F)C(F)(F)C(F)(F)C(F)(F)C(F)(F)C(F)(F)F,24.0
CCCCCCCC[n+]1ccn(C)c1.O=S(=O)([O-])C(F)(F)C(F)(F)C(F)(F)C(F)(F)C(F)(F)C(F)(F)C(F)(F)C(F)(F)F,35.0
C[N+]1(CCO)CCCC1.[Cl-],33.0
C[N+]1(CCCO)CCCC1.[Cl-],41.0
C[N+]1(CCO)CCCCC1.[Cl-],40.0
COCC[N+]1(C)CCCCC1.[Cl-],58.0
CC[N+]1(CCO)CCCCC1.[Cl-],88.0
C[N+]1(CCCO)CCCC1.O=S(=O)([N-]S(=O)(=O)C(F)(F)F)C(F)(F)F,12.0
CCCCCCCCCCCCCCCCCC[P+](CCCC)(CCCC)CCCC.[c-]1c[nH]nn1,24.0
CCCC[P+](CCCC)(CCCC)COC.[c-]1c[nH]nn1,7.0
CCCC[P+](CC)(CC)CC.Cc1ncc([N+](=O)[O-])[n-]1,17.0
CCCC[P+](CC)(CC)CC.O=[N+]([O-])c1cn[n-]c1,44.0
CCCCCCC[P+](CC)(CC)CC.O=[N+]([O-])c1cn[n-]c1,16.0
CCCCCCCC[P+](CC)(CC)CC.O=[N+]([O-])c1cn[n-]c1,5.0
CCCCCCCCC[P+](CC)(CC)CC.O=[N+]([O-])c1cn[n-]c1,16.0
CCCCCCCCCC[P+](CC)(CC)CC.O=[N+]([O-])c1cn[n-]c1,11.0
CCCCCC[N+](CC)(CC)CC.[c-]1c[nH]nn1,60.0
CC[P+](CC)(CC)COCCOC.[c-]1c[nH]nn1,29.0
CC[P+](CC)(CC)C1CCCC1.O=[N+]([O-])c1cn[n-]c1,51.0
C=CCC[P+](CC)(CC)CC.O=[N+]([O-])c1cn[n-]c1,39.0
C=CCC[P+](CC)(CC)CC.O=S(=O)([N-]S(=O)(=O)C(F)(F)F)C(F)(F)F,49.0
CCCCCC[n+]1ccn(C)c1.O=[N+]([O-])c1cn[n-]c1,33.0
CCCCCC[n+]1ccn(C)c1.[c-]1nc[nH]n1,34.0
Cc1n(C)cc[n+]1C1CCCC1.O=[N+]([O-])c1cn[n-]c1,92.0
COCCOC[n+]1ccn(C)c1C.[c-]1c[nH]nn1,58.0
CC[N+]1=C2CCCCCN2CCC1.[Br-],105.0
CCCC[N+]1=C2CCCCCN2CCC1.[Br-],82.0
CCCCCC[N+]1=C2CCCCCN2CCC1.[Cl-],44.0
CCCCCCCC[N+]1=C2CCCCCN2CCC1.[Cl-],30.0
CC[N+]1=C2CCCCCN2CCC1.N#C[S-],40.0
CCCC[N+]1=C2CCCCCN2CCC1.N#C[S-],50.0
CCCCCCCCCCCCCC[N+]1=C2CCCCCN2CCC1.N#C[S-],48.0
CC[N+](CC)(CC)CC.F[B-](F)(F)F,71.0
CC[N+](CC)(CC)CC.F[P-](F)(F)(F)(F)F,77.0
CCCC[N+](CC)(CC)CC.F[B-](F)(F)F,162.0
CCCC[N+](CC)(CC)CC.F[P-](F)(F)(F)(F)F,179.0
CCCCCC[N+](CC)(CC)CC.F[B-](F)(F)F,88.0
CCCCCC[N+](CC)(CC)CC.F[P-](F)(F)(F)(F)F,162.0
CCCCCCCC[N+](CC)(CC)CC.F[B-](F)(F)F,101.0
CCCCCCCC[N+](CC)(CC)CC.F[P-](F)(F)(F)(F)F,88.0
C[n+]1ccc(-c2ccncc2)cc1.[I-],240.0
C[n+]1ccc(-c2ccncc2)cc1.O=S(=O)([N-]S(=O)(=O)C(F)(F)F)C(F)(F)F,70.0
CCCCCC[n+]1ccc(-c2ccncc2)cc1.[I-],190.0
CCCCCCCCCC[n+]1ccc(-c2ccncc2)cc1.[I-],124.0
CCC(=O)C[n+]1ccccc1.[Br-],180.0
CC(C)C(=O)C[n+]1ccccc1.[Br-],149.0
CC(C)COC(=O)C[n+]1ccccc1.[Br-],87.0
CCCCCCCCCCCC(=O)OCC[n+]1ccccc1.[Br-],81.0
CCCCCCCCCCCCCCCC(=O)OCC[n+]1ccccc1.[Br-],80.0
CCCCCCCCCCCCCCCCCCCC(=O)OCC[n+]1ccccc1.[Br-],81.0
CC(O)c1c(O)c(O)cc[n+]1C.[Br-],142.0
O=C1OCCN1C(=O)c1ccc[n+](Cc2ccccc2)c1.[Br-],109.0
CN(C)C(=O)c1ccc[n+](Cc2ccccc2)c1.[Br-],159.0
N#CCCC[n+]1ccccc1.[Br-],83.0
Cc1ccc[n+](CC#N)c1.[Br-],183.0
Cc1cccc[n+]1CC#N.[Br-],194.0
Cc1ccc(C)[n+](CC#N)c1.[Br-],160.0
Cc1cc[n+](CCCC#N)cc1.[Br-],124.0
Cc1cccc[n+]1CCCC#N.[Br-],139.0
Cc1ccc(C)[n+](CCCC#N)c1.[Br-],142.0
CCc1cc[n+](CC#N)cc1.[Br-],120.0
CCc1cccc[n+]1CC#N.[Br-],173.0
CCc1cc[n+](CCCC#N)cc1.[Br-],152.0
COC(=O)c1ccc[n+](CCCC#N)c1.[Br-],182.0
C[N+]1(CC#N)CCCCC1.[Br-],192.0
C[N+]1(CCCC#N)CCCCC1.[Br-],137.0
N#CC[N+]1(CC#N)CCCC1.[Br-],142.0
N#CC[N+]1(CC#N)CCCCC1.[Br-],199.0
N#CC[n+]1ccccc1.O=S(=O)([N-]S(=O)(=O)C(F)(F)F)C(F)(F)F,44.0
Cc1cccc[n+]1CC#N.O=S(=O)([N-]S(=O)(=O)C(F)(F)F)C(F)(F)F,51.0
CCc1cc[n+](CC#N)cc1.O=S(=O)([N-]S(=O)(=O)C(F)(F)F)C(F)(F)F,48.0
N#CC[N+]1(CC#N)CCCC1.O=S(=O)([N-]S(=O)(=O)C(F)(F)F)C(F)(F)F,58.0
N#CC[N+]1(CC#N)CCCCC1.O=S(=O)([N-]S(=O)(=O)C(F)(F)F)C(F)(F)F,62.0
CS(=O)(=O)[O-].Cn1cc[n+](C)c1,91.0
CC[n+]1ccn(C)c1.CS(=O)(=O)[O-],31.0
CCC[n+]1ccn(C)c1.CS(=O)(=O)[O-],40.0
CCCC[n+]1ccn(C)c1.CS(=O)(=O)[O-],74.0
CCCCC[n+]1ccn(C)c1.CS(=O)(=O)[O-],77.0
CCCCCCCC[n+]1ccn(C)c1.CS(=O)(=O)[O-],38.0
CCCCCCCCCC[n+]1ccn(C)c1.CS(=O)(=O)[O-],57.0
CCC[n+]1ccn(C)c1.CCS(=O)(=O)[O-],19.0
CCCC[n+]1ccn(C)c1.CCS(=O)(=O)[O-],57.0
CCCCC[n+]1ccn(C)c1.CCS(=O)(=O)[O-],54.0
CCCCCC[n+]1ccn(C)c1.CCS(=O)(=O)[O-],66.0
CCCS(=O)(=O)[O-].CCC[n+]1ccn(C)c1,32.0
CCCC[n+]1ccn(C)c1.CCCS(=O)(=O)[O-],53.0
CCCCS(=O)(=O)[O-].CCC[n+]1ccn(C)c1,47.0
CCCCCCS(=O)(=O)[O-].CC[n+]1ccn(C)c1,19.0
O=C([O-])C(=O)O.c1ccn2cc[nH+]c2c1,130.0
O=C([O-])c1ccccc1C(=O)O.c1ccn2cc[nH+]c2c1,88.0
O=S(=O)([O-])O.c1ccn2cc[nH+]c2c1,62.0
ClCC[NH+]1CCOCC1.O=S(=O)([N-]S(=O)(=O)C(F)(F)F)C(F)(F)F,23.0
ClCC[NH+]1CCCCC1.O=S(=O)([N-]S(=O)(=O)C(F)(F)F)C(F)(F)F,34.0
ClCC[NH+]1CCCC1.O=S(=O)([N-]S(=O)(=O)C(F)(F)F)C(F)(F)F,29.0
C[NH+](C)CCCl.O=S(=O)([N-]S(=O)(=O)C(F)(F)F)C(F)(F)F,24.0
C[NH+](C)CCCCl.O=S(=O)([N-]S(=O)(=O)C(F)(F)F)C(F)(F)F,32.0
CCC[N+]1(C)CCCC1.O=S(=O)([O-])C(F)(F)F,77.0
CCCC[n+]1ccc(C#N)cc1.N#C[C-](C#N)C#N,89.0
Cn1cc[n+](CC(CBr)N=[N+]=[N-])c1.[Br-],10.0
Cn1cc[n+](CC(Br)CN=[N+]=[N-])c1.[Br-],17.0
Cn1cc[n+](CC(Br)CN=[N+]=[N-])c1.N#C[N-]C#N,6.0
CCCC[n+]1csc2ccccc21.F[P-](F)(F)(F)(F)F,122.0
CCCCC[n+]1csc2ccccc21.F[P-](F)(F)(F)(F)F,139.0
CCCCCC[n+]1csc2ccccc21.F[P-](F)(F)(F)(F)F,86.0
CCCCCCC[n+]1csc2ccccc21.F[P-](F)(F)(F)(F)F,86.0
CCCCCCCC[n+]1csc2ccccc21.F[P-](F)(F)(F)(F)F,61.0
C[N+]1(CCCO)CCOCC1.O=S(=O)([N-]S(=O)(=O)C(F)(F)F)C(F)(F)F,14.0
O=[N+]([O-])[N-][N+](=O)[O-].[NH4+],93.0
CC(C)CCC[n+]1ccn(C)c1.O=S(=O)([N-]S(=O)(=O)C(F)(F)F)C(F)(F)F,3.0
CC(C)CCCC[n+]1ccn(C)c1.O=S(=O)([N-]S(=O)(=O)C(F)(F)F)C(F)(F)F,11.0
CC[n+]1cnn(C)c1.O=S(=O)([N-]S(=O)(=O)C(F)(F)F)C(F)(F)F,50.0
CCC[n+]1cnn(C)c1.O=S(=O)([N-]S(=O)(=O)C(F)(F)F)C(F)(F)F,32.0
CCCCCCCC[n+]1cnn(C)c1.O=S(=O)([N-]S(=O)(=O)C(F)(F)F)C(F)(F)F,17.0
CCCC[n+]1cnn(C)c1.F[P-](F)(F)(F)(F)F,55.0
CCCC[P+](CC)(CC)CC.FC(F)(F)c1cc[n-]n1,11.0
CCCC[P+](CC)(CC)CC.Cc1cc(C(F)(F)F)[n-]n1,21.0
CC[N+](C)(CC)CCCC(F)(F)F.O=S(=O)([N-]S(=O)(=O)C(F)(F)F)C(F)(F)F,36.0
CCCC[P+](CCCC)(CCCC)CCCC.c1ccc2[n-]cnc2c1,71.0
Brc1ccc2[n-]cnc2c1.CCCC[P+](CCCC)(CCCC)CCCC,69.0
CC[P+](CC)(CC)CC.c1ccc2[n-]cnc2c1,166.0
C[n+]1cccc2ccc3cccnc3c21.O=S(=O)([N-]S(=O)(=O)C(F)(F)F)C(F)(F)F,69.0
C1CC[NH2+]C1.F[B-](F)(F)F,74.0
C1CC[NH2+]C1.O=S(=O)([O-])C(F)(F)F,109.0
C1CC[NH2+]C1.O=S(=O)([O-])C(F)(F)C(F)(F)C(F)(F)C(F)(F)F,148.0
C1CC[NH2+]C1.O=S(=O)([O-])C(F)(F)C(F)(F)C(F)(F)C(F)(F)C(F)(F)C(F)(F)F,110.0
C1CC[NH2+]C1.O=S(=O)([O-])C(F)(F)C(F)(F)C(F)(F)C(F)(F)C(F)(F)C(F)(F)C(F)(F)C(F)(F)F,120.0
Cc1n(Cn2cccn2)cc[n+]1CCC(F)(F)F.O=S(=O)([N-]S(=O)(=O)C(F)(F)F)C(F)(F)F,85.0
Cc1n(Cn2cccn2)cc[n+]1CCCC(F)(F)F.O=S(=O)([N-]S(=O)(=O)C(F)(F)F)C(F)(F)F,75.0
Cc1n(Cn2cccn2)cc[n+]1CCC(F)(F)C(F)(F)C(F)(F)C(F)(F)F.O=S(=O)([N-]S(=O)(=O)C(F)(F)F)C(F)(F)F,112.0
Cc1n(Cn2cccn2)cc[n+]1CCCC(F)(F)F.F[P-](F)(F)(F)(F)F,114.0
Cc1cc(C)n(Cn2cc[n+](C)c2C)n1.O=S(=O)([N-]S(=O)(=O)C(F)(F)F)C(F)(F)F,80.0
Cc1cc(C)n(Cn2cc[n+](C)c2C)n1.F[P-](F)(F)(F)(F)F,163.0
CCC[N+]1(C)CCCC1.O=S(=O)([N-]S(=O)(=O)C(F)(F)F)C(F)(F)F,7.0
CCC[N+]1(C)CCCCC1.O=S(=O)([N-]S(=O)(=O)C(F)(F)F)C(F)(F)F,9.0
CCCCn1cc(C[n+]2ccn(C)c2C)nn1.F[P-](F)(F)(F)(F)F,74.0
Cc1n(C)cc[n+]1Cc1cn(Cc2ccccc2)nn1.F[P-](F)(F)(F)(F)F,114.0
Cn1cc[n+](Cc2cn(Cc3ccccc3)nn2)c1.F[P-](F)(F)(F)(F)F,85.0
CCCCn1cc[n+](Cc2cn(Cc3ccccc3)nn2)c1.F[P-](F)(F)(F)(F)F,87.0
CCCCn1cc[n+](Cc2cn(-c3ccccc3)nn2)c1.F[P-](F)(F)(F)(F)F,113.0
Cc1cc(C)c(-n2cc[n+](Cc3cn(Cc4ccccc4)nn3)c2)c(C)c1.F[P-](F)(F)(F)(F)F,48.0
C[n+]1ccn(CCC(F)(F)C(F)(F)C(F)(F)C(F)(F)C(F)(F)C(F)(F)F)c1.O=S(=O)([N-]S(=O)(=O)C(F)(F)C(F)(F)F)C(F)(F)C(F)(F)F,38.0
CC[NH+](CC)CC.O=[PH]([O-])O,43.0
CC[NH+](CC)CC.Cc1ccc(S(=O)(=O)[O-])cc1,68.0
CC[NH+](CC)CC.O=C([O-])C(F)(F)F,9.0
O=S(=O)([N-]S(=O)(=O)C(F)(F)F)C(F)(F)F.c1ccc([P+](c2ccccc2)(c2ccccc2)c2ccccc2)cc1,134.0
C[N+](C)(C)CCN=[N+]=[N-].N#C[N-][N+](=O)[O-],28.0
C[N+](C)(C)CCN=[N+]=[N-].N#C[N-]C#N,9.0
C[N+](C)(C)CCN=[N+]=[N-].[N-]=[N+]=[N-],92.0
N#C[N-][N+](=O)[O-].[N-]=[N+]=NCC[NH2+]CCN=[N+]=[N-],58.0
CC[NH+](CC)CC.[N-]=[N+]=[N-],80.0
CC(C)[NH+](C)C.[N-]=[N+]=[N-],75.0
C#CCn1cc[n+](C)c1.N#C[N-]C#N,17.0
CC#CC[n+]1ccn(C)c1.N#C[N-]C#N,49.0
CCC#CC[n+]1ccn(C)c1.N#C[N-]C#N,59.0
CC[n+]1ccn(C)c1.FC(F)(F)c1cc([B-](c2cc(C(F)(F)F)cc(C(F)(F)F)c2)(c2cc(C(F)(F)F)cc(C(F)(F)F)c2)c2cc(C(F)(F)F)cc(C(F)(F)F)c2)cc(C(F)(F)F)c1,140.0
CC[n+]1ccn(C)c1.FC(F)(F)C(O[Al-](OC(C(F)(F)F)(C(F)(F)F)C(F)(F)F)(OC(C(F)(F)F)(C(F)(F)F)C(F)(F)F)OC(C(F)(F)F)(C(F)(F)F)C(F)(F)F)(C(F)(F)F)C(F)(F)F,175.0
CCCCCC[n+]1ccn(C)c1.FC(F)(F)C(O[Al-](OC(C(F)(F)F)(C(F)(F)F)C(F)(F)F)(OC(C(F)(F)F)(C(F)(F)F)C(F)(F)F)OC(C(F)(F)F)(C(F)(F)F)C(F)(F)F)(C(F)(F)F)C(F)(F)F,68.0
CC[n+]1cn(C)c2ccccc21.FC(F)(F)c1cc([B-](c2cc(C(F)(F)F)cc(C(F)(F)F)c2)(c2cc(C(F)(F)F)cc(C(F)(F)F)c2)c2cc(C(F)(F)F)cc(C(F)(F)F)c2)cc(C(F)(F)F)c1,109.0
CC[n+]1cn(C)c2ccccc21.FC(F)(F)C(O[Al-](OC(C(F)(F)F)(C(F)(F)F)C(F)(F)F)(OC(C(F)(F)F)(C(F)(F)F)C(F)(F)F)OC(C(F)(F)F)(C(F)(F)F)C(F)(F)F)(C(F)(F)F)C(F)(F)F,215.0
CC[N+]1=C(C)N(C)CC1.FC(F)(F)c1cc([B-](c2cc(C(F)(F)F)cc(C(F)(F)F)c2)(c2cc(C(F)(F)F)cc(C(F)(F)F)c2)c2cc(C(F)(F)F)cc(C(F)(F)F)c2)cc(C(F)(F)F)c1,136.0
CC[N+]1=C(C)N(C)CC1.FC(F)(F)C(O[Al-](OC(C(F)(F)F)(C(F)(F)F)C(F)(F)F)(OC(C(F)(F)F)(C(F)(F)F)C(F)(F)F)OC(C(F)(F)F)(C(F)(F)F)C(F)(F)F)(C(F)(F)F)C(F)(F)F,216.0
CC[N+]1=C2CCCN2CCC1.O=S(=O)([N-]S(=O)(=O)C(F)(F)F)C(F)(F)F,24.0
CCC[N+]1=C2CCCN2CCC1.O=S(=O)([N-]S(=O)(=O)C(F)(F)F)C(F)(F)F,16.0
CCCC[N+]1=C2CCCN2CCC1.O=S(=O)([N-]S(=O)(=O)C(F)(F)F)C(F)(F)F,24.0
CC[N+]1=C2CCCCCN2CCC1.O=S(=O)([N-]S(=O)(=O)C(F)(F)F)C(F)(F)F,29.0
COCCOCC[N+](C)(C)CCOCCOC.[Cl-],38.0
CC[N+](CCOCCOC)(CCOCCOC)CCOCCOC.[Br-],44.0
O=S(=O)([N-]S(=O)(=O)C(F)(F)F)C(F)(F)F.c1ccc([S+](c2ccccc2)c2ccccc2)cc1,92.0
O=S(=O)([N-]S(=O)(=O)C(F)(F)C(F)(F)F)C(F)(F)C(F)(F)F.c1ccc([S+](c2ccccc2)c2ccccc2)cc1,36.0
O=S(=O)([N-]S(=O)(=O)C(F)(F)F)C(F)(F)F.c1ccc(Oc2ccccc2[S+](c2ccccc2)c2ccccc2)cc1,63.0
O=S(=O)([N-]S(=O)(=O)C(F)(F)F)C(F)(F)F.O=S(=O)(c1ccccc1)c1ccccc1[S+](c1ccccc1)c1ccccc1,105.0
O=S(=O)([N-]S(=O)(=O)C(F)(F)C(F)(F)F)C(F)(F)C(F)(F)F.O=S(=O)(c1ccccc1)c1ccccc1[S+](c1ccccc1)c1ccccc1,132.0
CC[N+](CC)(CC)CC.Fc1c(F)c(F)c([B-](F)(F)F)c(F)c1F,55.0
CC[n+]1ccn(C)c1.Fc1c(F)c(F)c([B-](F)(F)F)c(F)c1F,40.0
CCCC[n+]1ccn(C)c1.Fc1c(F)c(F)c([B-](F)(F)F)c(F)c1F,35.0
CCCCCCCC[n+]1ccn(C)c1.Fc1c(F)c(F)c([B-](F)(F)F)c(F)c1F,10.0
CCCC[n+]1ccn(C)c1C.Fc1c(F)c(F)c([B-](F)(F)F)c(F)c1F,35.0
CCCC[n+]1ccn(C)c1.COc1c(F)c(F)c([B-](F)(F)F)c(F)c1F,9.0
CC(C)(C)Oc1c(F)c(F)c([B-](F)(F)F)c(F)c1F.CCCC[n+]1ccn(C)c1,33.0
CCCC[n+]1ccn(C)c1.Fc1c(F)c([B-](F)(F)F)c(F)c(F)c1OCc1ccccc1,22.0
CCCC[n+]1ccn(C)c1.Fc1c(F)c([B-](F)(F)F)c(F)c(F)c1Oc1ccccc1,78.0
CC1(C)C2CCC1(C)C(Oc1c(F)c(F)c([B-](F)(F)F)c(F)c1F)C2.CCCC[n+]1ccn(C)c1,70.0
C1CCC2=NCCC[NH+]2CC1.CC1=CC(=O)[N-]S(=O)(=O)O1,101.0
CCN(CC)C(=O)[O-].CN(C)C(=[NH2+])N(C)C,64.0
CC(C)N(C(=O)[O-])C(C)C.CN(C)C(=[NH2+])N(C)C,39.0
CC1=CC(=O)[N-]S(=O)(=O)O1.CN(C)C(=[NH2+])N(C)C,72.0
CCCCN(C)C(=O)[O-].CN(C)C(=[NH2+])N(C)C,54.0
CCCCCCCCCCCCCCCC[N+](C)(C)C.Cc1cc(Cl)ccc1OCC(=O)[O-],57.0
CCCCCCCCCCCCCCCC[N+](C)(C)C.O=C([O-])COc1ccc(Cl)cc1Cl,74.0
CCCCCCCCCCCCCCCC[N+](C)(C)C.COc1c(Cl)ccc(Cl)c1C(=O)[O-],101.0
CCCCCCCCCCCCCCCCCC[N+](C)(C)C.Cc1cc(Cl)ccc1OCC(=O)[O-],68.0
CCCCCCCCCCCCCCCCCC[N+](C)(C)C.O=C([O-])COc1ccc(Cl)cc1Cl,55.0
CCCCCCCCCCCCCCCCCC[N+](C)(C)C.COc1c(Cl)ccc(Cl)c1C(=O)[O-],76.0
CCCCCCCCCCCCCCCCCCCCCC[N+](C)(C)C.Cc1cc(Cl)ccc1OCC(=O)[O-],63.0
CCCCCCCCCCCCCCCCCCCCCC[N+](C)(C)C.O=C([O-])COc1ccc(Cl)cc1Cl,61.0
CCCCCCCCCCCCCCCCCCCCCC[N+](C)(C)C.COc1c(Cl)ccc(Cl)c1C(=O)[O-],72.0
C=Cn1cc[n+](CC)c1.O=S(=O)([N-]S(=O)(=O)C(F)(F)F)C(F)(F)F,4.0
NC(N)=[NH2+].O=S(=O)([O-])C(F)(F)C(F)(F)C(F)(F)C(F)(F)F,186.0
CCCCCCCCC[n+]1cccnc1.F[B-](F)(F)F,48.0
CC[n+]1cccnc1.O=S(=O)([N-]S(=O)(=O)C(F)(F)F)C(F)(F)F,47.0
CCCC[P+](CCCC)(CCCC)CCCC.COc1cc(C=CC(=O)[O-])ccc1O,115.0
CCCC[N+](CCCC)(CCCC)CCCC.COc1cc(C=CC(=O)[O-])ccc1O,119.0
CCCC[P+](CCCC)(CCCC)CCCC.O=C([O-])C=Cc1ccc(O)cc1,145.0
CCCC[N+](CCCC)(CCCC)CCCC.O=C([O-])C=Cc1ccc(O)cc1,150.0
Br[Al-](Br)(Br)Br.CCC[N+](C)(C)CC,17.0
Br[Al-](Br)(Br)Br.CCCC[N+](C)(C)CCC,65.0
Br[Al-](Br)(Br)Br.CCCC[N+](C)(CC)CC,91.0
Br[Al-](Br)(Br)Br.CCCCC[N+](CC)(CC)CC,47.0
Br[Al-](Br)(Br)Br.CCCCC[P+](CC)(CC)CC,35.0
CCCC[N+]1(C)CCCC1.O=S(=O)([N-]S(=O)(=O)C(F)(F)C(F)(F)F)C(F)(F)C(F)(F)F,9.0
CCC[N+]1(C)CCCC1.O=S(=O)([N-]S(=O)(=O)C(F)(F)C(F)(F)F)C(F)(F)C(F)(F)F,6.0
C[N+]1(C)CCCC1.O=S(=O)([N-]S(=O)(=O)C(F)(F)C(F)(F)F)C(F)(F)C(F)(F)F,133.0
CCCCCCCCCCCCCC[P+](CCCCCC)(CCCCCC)CCCCCC.O=S(=O)([N-]S(=O)(=O)C(F)(F)F)C(F)(F)F,33.0
CCCC[n+]1ccccc1C.F[B-](F)(F)F,28.0
CCCCCCCCOS(=O)(=O)[O-].CC[n+]1ccn(C)c1,10.0
CCCC[n+]1cccc(C)c1.O=S(=O)([O-])C(F)(F)F,30.0
O=[N+]([O-])[O-].c1ccc2c(c1)CCC[NH2+]2,123.0
CCCCCCC[N+](CCCCCC)(CCCCCC)CCCCCCC.[I-],100.0
CCCCCC[N+](CCCCCC)(CCCCCC)CCCCCC.[O-][Cl+3]([O-])([O-])[O-],110.0
CCCCCCC[N+](CCCCCCC)(CCCCCCC)CCCCCCC.[I-],123.0
CCCCC[N+](CCCCC)(CCCCC)CCCCC.N#C[S-],50.0
CCCCCCC[N+](CCCCCC)(CCCCCC)CCCCCC.O=[N+]([O-])[O-],72.0
CCCC[N+](CCCC)(CCCC)CCCC.[Br-],122.0
CCCC[N+](CCCC)(CCCC)CCCC.O=[N+]([O-])[O-],119.0
CCCCC[N+](CCCCC)(CCCCC)CCCCC.[Br-],103.0
CCCC[N+](CCCC)(CCCC)CCCC.[Cl-],41.0
CCCCCC[N+](CCCCCC)(CCCCCC)CCCCCC.F[B-](F)(F)F,94.0
CCCCCC[N+](CCCCCC)(CCCCCC)CCCCCC.O=[N+]([O-])[O-],72.0
CCCCCCC[N+](CCCCCC)(CCCCCC)CCCCCCC.[O-][Cl+3]([O-])([O-])[O-],105.0
CCCCCCC[N+](CCCCCCC)(CCCCCCC)CCCCCCC.[O-][Cl+3]([O-])([O-])[O-],126.0
CCCCCC[N+](CCCCCC)(CCCCCC)CCCCCC.[Br-],104.0
CCCCCCC[N+](CCCCCC)(CCCCCC)CCCCCC.[I-],98.0
CCCCCCC[N+](CCCCCC)(CCCCCC)CCCCCC.[Br-],108.0
CCCCCCC[N+](CCCCCCC)(CCCCCCC)CCCCCCC.[Br-],96.0
CCCC[N+](CCC(C)C)(CCC(C)C)CCC(C)C.[Br-],122.0
CCCCC[N+](CCCCC)(CCCCC)CCCCC.O=[N+]([O-])[O-],114.0
CCCCCCC[N+](CCCCCC)(CCCCCC)CCCCCC.[O-][Cl+3]([O-])([O-])[O-],103.0
C[NH+](C)C.O=S(=O)([N-]S(=O)(=O)C(F)(F)F)C(F)(F)F,84.0
CCC[N+](C)(C)CCO.[Br-],99.0
CCCC[N+](C)(C)CCO.[Br-],86.0
CCCCCC[N+](C)(C)CCO.[Br-],82.0
CCCC[P+](CCCC)(CCCC)CCCC.CS(=O)(=O)[O-],62.0
CCCCCC[n+]1cccc(C)c1.Cc1ccc(S(=O)(=O)[O-])cc1,56.0
CC[n+]1ccn(C)c1.F[P-](F)(F)(F)(F)F,60.0
CC[n+]1ccn(C)c1.Cc1ccc(S(=O)(=O)[O-])cc1,50.0
CCCCCCCC[n+]1ccn(C)c1.[Cl-],12.0
CCCCCCCCCC(=O)OCC[N+](C)(C)COCCCCC.O=C([O-])C(F)(F)F,7.0
CCCCCCCCCCCOC[N+](C)(C)CCO.N#C[N-]C#N,10.0
CCCCCCCCCC[N+](C)(C)CCCCCCCCCC.O=[N+]([O-])[O-],32.0
CCCC[n+]1ccc(C)cc1.Cc1ccc(S(=O)(=O)[O-])cc1,52.0
CCCC[n+]1ccc(C)cc1.O=S(=O)([N-]S(=O)(=O)C(F)(F)F)C(F)(F)F,18.0
Cc1cc(C)[nH+]c(C)c1.Cc1ccc(S(=O)(=O)[O-])cc1,131.0
CCCC[n+]1cccc(C)c1.Cc1ccc(S(=O)(=O)[O-])cc1,51.0
Cc1cc[n+](C)cc1.Cc1ccc(S(=O)(=O)[O-])cc1,152.0
CCCCCC[n+]1cccc2ccccc21.O=S(=O)([N-]S(=O)(=O)C(F)(F)F)C(F)(F)F,44.0
CC[N+]1(C)CCCCC1.O=S(=O)([N-]S(=O)(=O)C(F)(F)F)C(F)(F)F,85.0
CCCC[N+]1(C)CCCCC1.N#C[S-],31.0
CCCCCC[n+]1cccc(C)c1.O=S(=O)([O-])C(F)(F)F,65.0
CCCC[N+]1(C)CCCC1.N#C[S-],22.0
Nc1[nH]nn[n+]1N.[O-][Cl+3]([O-])([O-])[O-],128.0
C[NH+]1C=CN(CCCc2ccccc2)C1.F[P-](F)(F)(F)(F)F,52.0
C[NH+]1C=CN(CCc2ccccc2)C1.O=S(=O)([N-]S(=O)(=O)C(F)(F)F)C(F)(F)F,37.0
C[NH+]1C=CN(CCCc2ccccc2)C1.O=S(=O)([N-]S(=O)(=O)C(F)(F)F)C(F)(F)F,48.0
C[NH+]1C=CN(CCc2ccccc2)C1.F[P-](F)(F)(F)(F)F,103.0
Cn1nn[n+](N)c1N.O=[N+]([O-])[O-],121.0
CCCC[N+]1(C)CCCC1.FC(F)(F)C(F)(F)[P-](F)(F)(F)(C(F)(F)C(F)(F)F)C(F)(F)C(F)(F)F,4.0
CCn1cc[n+](C)c1C.O=S(=O)([N-]S(=O)(=O)C(F)(F)F)C(F)(F)F,25.0
CN(C)C(=[NH2+])N(C)C.O=C([O-])C(F)(F)F,42.0
CN(C)C(=[NH2+])N(C)C.O=S(=O)([O-])C(F)(F)F,41.0
CC(C)[C@H](N)C(=O)[O-].CCCC[P+](CCCC)(CCCC)CCCC,26.0
CC[N+](C)(CC)CC.COS(=O)(=O)[O-],33.0
CCCC[N+]1(CC)CCCC1.CCOS(=O)(=O)[O-],53.0
CCOS(=O)(=O)[O-].CC[N+]1(C)CCCC1,25.0
CC[NH2+]CC.O=S(=O)([O-])O,81.0
C[NH+](C)C.O=S(=O)([O-])O,129.0
C[NH+](C)C.O=P([O-])(O)O,116.0
O=C([O-])CO.[NH3+]CCO,106.0
CCCC[n+]1ccn(C)c1.O=S(=O)([O-])O,29.0
C[NH2+]C.F[B-](F)(F)F,102.0
CCCC[n+]1ccn(C)c1C.[Cl-],93.0
CCC[N+](C)(CCC)CCC.O=S(=O)([N-]S(=O)(=O)C(F)(F)F)C(F)(F)F,46.0
CCC[NH+]1C(C)=CC(C)N1C.O=S(=O)([N-]S(=O)(=O)C(F)(F)F)C(F)(F)F,17.0
CC[NH+]1C=CN(C)C1.Cl[Al-](Cl)(Cl)Cl,6.0
C[NH+](C)N.[N-]=[N+]=[N-],38.0
CCCC[N+]1(C)CCCC1.N#C[B-](C#N)(C#N)C#N,20.0
CCCCCCCC[N+](CC)(CC)CC.F[Sb-](F)(F)(F)(F)F,74.0
CC[n+]1ccccc1.O=S(=O)([N-]S(=O)(=O)C(F)(F)F)C(F)(F)F,30.0
CCC[n+]1ccccc1.N#C[N-]C#N,3.0
CCCCC[N+]1(C)CCCC1.O=S(=O)([N-]S(=O)(=O)C(F)(F)F)C(F)(F)F,8.0
CCCCCC[N+]1(C)CCCC1.O=S(=O)([N-]S(=O)(=O)C(F)(F)F)C(F)(F)F,3.0
CCCCCCCC[N+](CC)(CC)CC.O=S(=O)([N-]S(=O)(=O)C(F)(F)F)C(F)(F)F,14.0
CCCCCC[N+]12CCN(CC1)CC2.O=S(=O)([N-]S(=O)(=O)C(F)(F)F)C(F)(F)F,36.0
CC[N+](C)(C)CCO.O=S(=O)([N-]S(=O)(=O)C(F)(F)F)C(F)(F)F,6.0
CC(C)(C)C(=O)[O-].C[N+](C)(C)CCO,96.0
CCCCCCCC/C=C/CCCCCCCCN1C=C[NH+](C)C1.O=S(=O)([N-]S(=O)(=O)C(F)(F)F)C(F)(F)F,16.0
CCCc1ccc[n+](C)c1.F[P-](F)(F)(F)(F)F,38.0
CCC[N+]1(C)CCCC1.F[P-](F)(F)(F)(F)F,110.0
CC[n+]1ccn(C)c1.F[As-](F)(F)(F)(F)F,53.0
CC[NH+]1C=CN(C)C1.O=S(=O)([C-](S(=O)(=O)C(F)(F)F)S(=O)(=O)C(F)(F)F)C(F)(F)F,39.0
CCCn1cc[n+](C)c1C.[Cl-],138.0
CCCCCC[n+]1ccc2ccccc2c1.O=S(=O)([N-]S(=O)(=O)C(F)(F)F)C(F)(F)F,55.0
C[n+]1ccn(CC#N)c1.N#Cc1nc(C(F)(F)F)[n-]c1C#N,93.0
CCn1c(C)cc(C)[n+]1-c1ccccc1.CS(=O)(=O)[O-],122.0
CCCCn1c(C)cc(C)[n+]1-c1ccccc1.F[B-](F)(F)F,68.0
CCCn1c(C)cc(C)[n+]1-c1ccccc1.CS(=O)(=O)[O-],92.0
Cc1cc(C)[n+](-c2ccccc2)n1C.F[B-](F)(F)F,145.0
CCCn1c(C)cc(C)[n+]1-c1ccccc1.F[B-](F)(F)F,80.0
CCn1c(C)cc(C)[n+]1-c1ccccc1.F[B-](F)(F)F,113.0
CCCCCCCCCC[N+](CC)(CC)CCCCCCCCCC.[Br-],45.0
CCCCCCCCCCCCCCCC[N+](C)(C)C.[Br-],247.0
CCCC[n+]1ccc(C)cc1.O=S(=O)([O-])C(F)(F)C(F)(F)C(F)(F)C(F)(F)F,70.0
CCCC[n+]1ccc(C)cc1.O=S(=O)([O-])C(F)(F)F,38.0
CCCCCCCC[n+]1ccn(C)c1.O=S(=O)([O-])C(F)(F)C(F)(F)C(F)(F)C(F)(F)F,32.0
CCCCCCCC[n+]1ccn(C)c1.O=S(=O)([O-])C(F)(F)F,5.0
CCCCCCCC[n+]1cc(CC)ccc1C.[I-],87.0
CCCC[n+]1cc(C)cc(C)c1.O=S(=O)([O-])C(F)(F)F,91.0
CCCCCCCC[n+]1cc(C)cc(C)c1.[I-],82.0
CCCC[n+]1cccc(C)c1C.O=S(=O)([O-])C(F)(F)F,17.0
CCCC[n+]1cc(C)cc(C)c1C.O=S(=O)([O-])C(F)(F)F,74.0
CCCCCCCC[n+]1cc(C)cc(C)c1.O=S(=O)([O-])C(F)(F)F,76.0
CCCCCCCC[n+]1cc(CC)ccc1C.N#C[N-]C#N,53.0
CCCC[n+]1cc(C)cc(C)c1.N#C[S-],13.0
CCCCCCCC[n+]1cc(C)cc(C)c1C.N#C[S-],20.0
CCCCCCCC[n+]1cc(C)cc(C)c1.F[B-](F)(F)F,56.0
CCCCCCCCCCCC[n+]1cccc(C)c1.[Cl-],87.0
CCCCCCCC[n+]1cccc(C)c1.[Cl-],79.0
CCCC[n+]1cccc(C)c1.[Cl-],111.0
CCCCCCCCCC[n+]1cccc(C)c1.[Cl-],76.0
CCCCCCCCCCCCCCCCCC[n+]1cccc(C)c1.[Cl-],112.0
CCCCCCCCCCCCCCCC[n+]1cccc(C)c1.[Cl-],110.0
CCCCCCCCCCCCCC[n+]1cccc(C)c1.[Cl-],95.0
CCCCCCCCCCCCOC[n+]1ccccc1.O=S(=O)([O-])NC1CCCCC1,33.0
CCCCCCCCCCCOC[n+]1ccccc1.O=S(=O)([O-])NC1CCCCC1,24.0
CCCCCCCCCOC[n+]1ccccc1.O=S(=O)([O-])NC1CCCCC1,9.0
CCCCCCCCCCCC[n+]1ccccc1.O=S(=O)([O-])NC1CCCCC1,115.0
CCCCCCCCCCCCCCCC[n+]1ccccc1.O=S(=O)([O-])NC1CCCCC1,105.0
CCCCCCCCCC[N+](C)(C)CCCCCCCCCC.O=S(=O)([O-])NC1CCCCC1,50.0
CCCC[NH+]1C=CN(C)C1.O=S(=O)([O-])NC1CCCCC1,72.0
CCCC[N+](C)(CCCC)CCCC.COS(=O)(=O)[O-],62.0
CCCC[P+](C)(CCCC)CCCC.COS(=O)(=O)[O-],38.0
CCCC[N+](CCCC)(CCCC)CCCC.O=S(=O)([O-])O,172.0
CCCCCCC[n+]1cccc(C)c1.[Cl-],72.0
CCCCCCCCC[n+]1cccc(C)c1.[Cl-],64.0
CCCCC[n+]1cccc(C)c1.[Cl-],92.0
CCC[n+]1cccc(C)c1.[Cl-],92.0
CCCCCC[n+]1cccc(C)c1.[Cl-],77.0
C=CC[n+]1cccc(C)c1.[Cl-],108.0
CC[N+]1(C)CCCC1.O=S(=O)([N-]S(=O)(=O)C(F)(F)F)C(F)(F)F,91.0
CC[N+]1(C)CCCC1.F[B-](F)(F)F,66.0
CCCC[N+]1(C)CCCC1.[Br-],204.0
CCCCCCCCCCCCc1cc[nH+]cc1.[I-],92.0
CCCCCCCCCCCCc1cc[nH+]cc1.[Cl-],124.0
CCCCCCCCCCCCCCCCC(CCCCCCCCCCCCCCCC)c1cc[n+](C)cc1.[I-],72.0
CCCCCCCCCCCCCCCCC(CCCCCCCCCCCCCCCC)c1cc[n+](C)cc1.[Cl-],64.0
CCCCCCCCCCCCc1cc[n+](C)cc1.[Cl-],51.0
CCCCCCCCCc1cc[nH+]cc1.[Cl-],119.0
CCCCCCCCCCCCc1cc[n+](C)cc1.[I-],113.0
CCCCCCCCCCCCc1cc[n+](C)cc1.[O-][Cl+3]([O-])([O-])[O-],93.0
C[n+]1ccn(Cc2ccc3ccccc3c2)c1.O=S(=O)([N-]S(=O)(=O)C(F)(F)F)C(F)(F)F,45.0
O=S(=O)([N-]S(=O)(=O)C(F)(F)F)C(F)(F)F.c1ccc(Cn2cc[n+](Cc3ccccc3)c2)cc1,42.0
CCCC[N+](C)(C)C.O=S(=O)([N-]S(=O)(=O)C(F)(F)F)C(F)(F)F,19.0
CCCCCCCCCC[n+]1ccn(C)c1.O=S(=O)([O-])C(F)(F)F,23.0
CC[n+]1cccc(C)c1.O=C([O-])C(F)(F)C(F)(F)C(F)(F)C(F)(F)F,2.0
CCCC[N+]1(C)CCCC1.O=S(=O)([N-]S(=O)(=O)C(F)(F)C(F)(F)C(F)(F)C(F)(F)F)C(F)(F)C(F)(F)C(F)(F)C(F)(F)F,98.0
CC[N+]1(C)CCCC1.O=S(=O)([N-]S(=O)(=O)C(F)(F)C(F)(F)C(F)(F)C(F)(F)F)C(F)(F)C(F)(F)C(F)(F)C(F)(F)F,155.0
C[N+](C)(C)CCO.O=S(=O)([N-]S(=O)(=O)C(F)(F)C(F)(F)C(F)(F)C(F)(F)F)C(F)(F)C(F)(F)C(F)(F)C(F)(F)F,30.0
C[N+](C)(C)CCO.O=S(=O)([O-])C(F)(F)C(F)(F)C(F)(F)C(F)(F)F,163.0
CCCCCCCCCC[n+]1ccn(C)c1.F[B-](F)(F)F,7.0
C[N+](C)(C)CCO.O=S(=O)([N-]S(=O)(=O)C(F)(F)F)C(F)(F)F,33.0
CC[n+]1ccccc1.CS(=O)(=O)[O-],62.0
CC[n+]1ccccc1.O=S(=O)([O-])C(F)(F)F,32.0
CCCCCCCC[N+](C)(CCCCCCCC)CCCCCCCC.O=C([O-])C(F)(F)F,12.0
CCCC[N+]1(C)CCCC1.O=S(=O)([O-])C(F)(F)F,5.0
CCC[n+]1ccn(C)c1.[I-],18.0
F[B-](F)(F)F.c1ccc2sc[nH+]c2c1,125.0
Cc1ccc(S(=O)(=O)[O-])cc1.c1ccc2sc[nH+]c2c1,120.0
CS(=O)(=O)[O-].c1ccc2sc[nH+]c2c1,105.0
O=S(=O)([O-])C(F)(F)F.c1ccc2sc[nH+]c2c1,128.0
CCCCCCCCOS(=O)(=O)[O-].CCCC[n+]1ccn(C)c1,34.0
Cn1c[n+](C)nc1N=[N+]=[N-].[I-],116.0
C[n+]1cn(N)cn1.[I-],101.0
Cn1c[n+](C)cn1.I[I-]I,110.0
[N-]=[N+]=NC1=NC=C[NH2+]1.[O-][Cl+3]([O-])([O-])[O-],116.0
O=[N+]([O-])[O-].[N-]=[N+]=NC1=NC=C[NH2+]1,124.0
CC1=[NH+]N(C)NN1C.O=[N+]([O-])[O-],94.0
[N-]=[N+]=NC1=N[NH2+]C=N1.[O-][Cl+3]([O-])([O-])[O-],123.0
C[NH+]1C=CN(CCCCN2C=C[NH+](C)C2)C1.F[P-](F)(F)(F)(F)F,118.0
CC[n+]1ccccc1.F[P-](F)(F)(F)(F)F,103.0
CCC[NH+](C)C.O=S(=O)([O-])C(F)(F)F,20.0
C=CC[NH+](C)C.O=S(=O)([O-])C(F)(F)F,16.0
CCC[NH+](C)CCC.O=S(=O)([O-])C(F)(F)F,17.0
CCCCCCCC[n+]1cccc2ccccc21.O=S(=O)([N-]S(=O)(=O)C(F)(F)F)C(F)(F)F,48.0
[NH3+]O.[O-][Cl+3]([O-])([O-])[O-],88.0
C[N+](C)(C)CCO.O=C([O-])C(F)(F)F,32.0
C[N+](C)(C)CCO.O=C([O-])C(F)(F)C(F)(F)F,71.0
C[N+](C)(C)CCO.O=C([O-])C(F)(F)C(F)(F)C(F)(F)F,39.0
C[N+](C)(C)CCO.O=C([O-])C(F)(F)C(F)(F)C(F)(F)C(F)(F)F,23.0
C[N+](C)(C)CCO.O=C([O-])C(F)(F)C(F)(F)C(F)(F)C(F)(F)C(F)(F)F,47.0
C[N+](C)(C)CCO.O=C([O-])C(F)(F)C(F)(F)C(F)(F)C(F)(F)C(F)(F)C(F)(F)F,48.0
C[N+](C)(C)CCO.O=C([O-])C(F)(F)C(F)(F)C(F)(F)C(F)(F)C(F)(F)C(F)(F)C(F)(F)F,64.0
[F-].[NH4+],110.0
CCCCCCCC[P+](CCCCCCCC)(CCCCCCCC)CCCCCCCC.Cc1cc(Cl)ccc1OC(C)C(=O)[O-],10.0
CCCC[n+]1ccn(C)c1.Cc1cc(Cl)ccc1OC(C)C(=O)[O-],6.0
CCCCCCCCCCCCCCCC[n+]1ccccc1.Cc1cc(Cl)ccc1OCC(=O)[O-],6.5
CCCCCCCCCC[N+](C)(C)CCO.[Br-],156.0
CCCCCCCCCC[N+]1(C)CCOCC1.[Br-],188.0
CCCCCCCCCCCC[N+](C)(C)CCOCCO.[Br-],56.0
CC(C)[NH3+].O=C([O-])COc1ccc(Cl)cc1Cl,121.0
C[NH2+]C.O=C([O-])COc1ccc(Cl)cc1Cl,120.0
O=C([O-])COc1ccc(Cl)cc1Cl.OCC[NH2+]CCO,83.0
O=C([O-])COc1ccc(Cl)cc1Cl.OCC[NH+](CCO)CCO,143.0
CCCCC(CC)COC(=O)CC(C(=O)OCC(CC)CCCC)S(=O)(=O)[O-].CCCC[P+](CCCC)(CCCC)CC(=O)O,38.0
CC(C)C1=CC2=CCC3C(C)(C(=O)[O-])CCCC3(C)C2CC1.CCCCCCCCCCCCCCCC[N+](C)(C)C,79.0
CC(C)C1=CC2=CCC3C(C)(C(=O)[O-])CCCC3(C)C2CC1.CCCCCCCCCC[N+](C)(C)CCCCCCCCCC,12.0
CCCC[n+]1ccn(C)c1.[NH-]S(=O)(=O)C(F)(F)F,17.0
CCCC[N+]1(C)CCCC1.[NH-]S(=O)(=O)C(F)(F)F,16.0
CCCC[N+](C)(C)C.[NH-]S(=O)(=O)C(F)(F)F,56.0
CCCCCCCC[N+](C)(CCCCCCCC)CCCCCCCC.[NH-]S(=O)(=O)C(F)(F)F,11.0
C[n+]1cc2n(n1)CCCC2.[I-],134.0
CC[n+]1cc2n(n1)CCCC2.[I-],114.0
CCC[n+]1cc2n(n1)CCCC2.[I-],83.0
CCCC[n+]1cc2n(n1)CCCC2.[I-],73.0
COC(=O)/C=C/c1ccc(OCCC[n+]2ccn(C)c2)cc1.O=S(=O)([N-]S(=O)(=O)C(F)(F)F)C(F)(F)F,84.0
CCCC(CC[n+]1ccn(C)c1)Oc1ccc(/C=C/C(=O)OC)cc1.O=S(=O)([N-]S(=O)(=O)C(F)(F)F)C(F)(F)F,53.0
CCCCCCCCCCCC[N+](C)(C)CC(=O)O.O=C([O-])COc1ccc(Cl)cc1Cl,64.0
CCCCCCCCCCCC[N+](C)(C)CC(=O)O.Cc1cc(Cl)ccc1OCC(=O)[O-],37.0
CCCCCCCCCCCC[N+](C)(C)CC(=O)O.COc1c(Cl)ccc(Cl)c1C(=O)[O-],27.0
CCCCCCCn1c(C)cc(C)[n+]1-c1ccccc1.F[B-](F)(F)F,56.0
Cc1cc(C)[n+](-c2ccccc2)n1C.F[P-](F)(F)(F)(F)F,125.0
CCn1c(C)cc(C)[n+]1-c1ccccc1.F[P-](F)(F)(F)(F)F,95.0
CCCn1c(C)cc(C)[n+]1-c1ccccc1.F[P-](F)(F)(F)(F)F,102.0
CCCCn1c(C)cc(C)[n+]1-c1ccccc1.F[P-](F)(F)(F)(F)F,61.0
CCCCCn1c(C)cc(C)[n+]1-c1ccccc1.F[P-](F)(F)(F)(F)F,62.0
CCCCCCn1c(C)cc(C)[n+]1-c1ccccc1.F[P-](F)(F)(F)(F)F,39.0
CCCCCCCn1c(C)cc(C)[n+]1-c1ccccc1.F[P-](F)(F)(F)(F)F,43.0
CCCCCCCC[NH+](CCCCCCCC)CCCCCCCC.O=S(=O)([N-]S(=O)(=O)C(F)(F)F)C(F)(F)F,4.0
CCCCCC[P+](c1ccccc1)(c1ccccc1)c1ccccc1.[Br-],202.0
CCCCCC[P+](c1ccccc1)(c1ccccc1)c1ccccc1.O=S(=O)([N-]S(=O)(=O)C(F)(F)F)C(F)(F)F,90.0
CCCC[n+]1cn(C)c(I)c1I.[I-],230.0
CCCC[n+]1cn(C)c(I)c1I.N#C[N-]C#N,130.0
CCCC[n+]1cn(C)c(I)c1I.O=S(=O)([O-])c1ccccc1I,174.0
CC[N+]1(C)CCCCC1.Cc1cc(Cl)ccc1OCCCC(=O)[O-],40.0
CCC[N+]1(C)CCCCC1.Cc1cc(Cl)ccc1OCCCC(=O)[O-],60.0
CCCC[N+]1(C)CCCCC1.Cc1cc(Cl)ccc1OCCCC(=O)[O-],64.0
CCCCC[N+]1(C)CCCCC1.Cc1cc(Cl)ccc1OCCCC(=O)[O-],40.0
CCCCCCC[N+]1(C)CCCCC1.Cc1cc(Cl)ccc1OCCCC(=O)[O-],20.0
CCCCCCCCCC[N+]1(C)CCCCC1.Cc1cc(Cl)ccc1OCCCC(=O)[O-],19.0
CCCCCCCCCCCC[N+]1(C)CCCCC1.Cc1cc(Cl)ccc1OCCCC(=O)[O-],37.0
CCCCCCCCCCCCCC[N+]1(C)CCCCC1.Cc1cc(Cl)ccc1OCCCC(=O)[O-],60.0
CCCCCCCCCCCCCCCC[N+]1(C)CCCCC1.Cc1cc(Cl)ccc1OCCCC(=O)[O-],46.0
CCCCCCCCCCCCCCCCCC[N+]1(C)CCCCC1.Cc1cc(Cl)ccc1OCCCC(=O)[O-],46.0
CCC1([n+]2ccccc2)C=CC=CC1c1ccc(F)cc1F.F[P-](F)(F)(F)(F)F,145.0
CCCCCCCCCCCCCCCC[P+](CCCC)(CCCC)CCCC.C[Si](C)(C)CCS(=O)(=O)[O-],5.0
CC[n+]1ccccc1-c1ccccc1.[I-],70.0
C1CCC2=NCCC[NH+]2CC1.O=[N+](O)c1c[n-]cn1,50.0
C1CCC2=NCCC[NH+]2CC1.O=[N+](O)c1ncc[n-]1,100.0
CC1([n+]2ccccc2)C=CC=CC1c1ccc(F)cc1F.F[P-](F)(F)(F)(F)F,225.0
C[n+]1ccccc1-c1ccccc1.[I-],150.0
CCCCCCCCCCCC[P+](CCCC)(CCCC)CCCC.C[Si](C)(C)CCCS(=O)(=O)[O-],2.0
CCC1([n+]2ccccc2)C=CC=CC1c1ccc(F)cc1F.[I-],130.0
C[n+]1ccccc1-c1ccccc1.F[P-](F)(F)(F)(F)F,170.0
CC[n+]1ccccc1-c1ccccc1.F[P-](F)(F)(F)(F)F,130.0
C[n+]1ccccc1-c1ccc(F)cc1F.[I-],195.0
CCCCCCCCCCCCCC[P+](CCCCCC)(CCCCCC)CCCCCC.O=[N+]([O-])[O-],6.0
CC[N+](CC)(CC)CC.O=S(=O)(F)[N-]S(=O)(=O)C(F)(F)C(F)(F)F,6.0
CCCCc1ccc([N+]#N)cc1.O=S(=O)([N-]S(=O)(=O)C(F)(F)F)C(F)(F)F,7.2
CC[N+](CC)(CC)CC.O=S(=O)(F)[N-]S(=O)(=O)C(F)(F)F,8.5
CC[N+]1=C(OC)CCC1.O=S(=O)(F)[N-]S(=O)(=O)F,9.0
CC[N+](C)(C)COC.F[B-](F)(F)C(F)(F)C(F)(F)F,11.0
CCCC[n+]1ccn(C)c1.F[PH](F)(F)(F)(F)F,12.64
CCCCCC[n+]1ccsc1.O=S(=O)([N-]S(=O)(=O)C(F)(F)F)C(F)(F)F,16.0
CCC(=O)[O-].CCCC[N+](CCCC)(CCCC)CCCC,17.0
CCCCCCCCCCCC[n+]1cc[nH]c1.O=S(=O)([N-]S(=O)(=O)C(F)(F)F)C(F)(F)F,17.74
CCCCCCCCCCCn1cc[n+](C)c1.F[B-](F)(F)F,21.4
CCOS(=O)(=O)[O-].CC[n+]1ccc(C#N)cc1,25.0
CCCC[n+]1cccc(C#N)c1.O=S(=O)([N-]S(=O)(=O)C(F)(F)F)C(F)(F)F,25.0
CCCC[P+](CCCC)(CCCC)CCCC.N=C(N)NCCC[C@H](N)C(=O)[O-],30.7
CCCCCCCCCCCCCC[N+](C)(C)CC.c1cn[n-]c1,31.0
CC(C)N(CC[n+]1ccn(C)c1)C(C)C.O=S(=O)([N-]S(=O)(=O)C(F)(F)F)C(F)(F)F,33.0
CC[n+]1cc[nH]c1C.O=S(=O)([O-])OC(C(F)(F)F)C(F)(F)F,33.0
CCCCCCCC[n+]1ccc2ccccc2c1.O=S(=O)(F)[N-]S(=O)(=O)F,33.84
CC(C)C(=O)[O-].C[N+](C)(C)CCO,35.0
CCCCCCCCCCCC[n+]1ccn(CCCC)c1C.[Br-],35.3
C[N+](C)(C)C.O=S(=O)([O-])CCCN1CCOCC1,36.4
CCCCCCCCCCCCCCCC[N+](C)(C)C.c1nnc[n-]1,36.6
CCCC[N+](CCCC)(CCCC)CCCC.O=C([O-])c1ccccn1,37.5
CCCCCCCCCCCCCCn1cc[n+](C)c1.F[B-](F)(F)F,38.0
CC[NH+]1C=NC([N+](=O)[O-])=C1.O=[N+]([O-])[O-],40.0
CC[N+](CC)=C(C)OC.O=S(=O)([O-])C(F)(F)F,41.0
CCC[N+](C)(C)C.O=S(=O)(F)[N-]S(=O)(=O)F,42.0
CCC[n+]1ccn(-c2ccc(C)cc2)c1.O=S(=O)([N-]S(=O)(=O)C(F)(F)F)C(F)(F)F,42.0
CCCC[n+]1ccc(C)cc1.F[P-](F)(F)(F)(F)F,43.0
CCCCCCCCCCn1c[n+](CCF)cn1.O=S(=O)([O-])C(F)(F)F,46.0
C[N+]1(CCCCCC#N)CCCC1.[Br-],46.0
C[N+](C)(C)CCO.O=C([O-])c1ccccc1,47.0
CCC[N+](CCC)(CCC)CCOCC.F[B-](F)(F)F,50.3
CC[N+](C)(C)CCCC(F)(F)F.O=S(=O)([N-]S(=O)(=O)C(F)(F)F)C(F)(F)F,51.0
C=CCn1cc[n+](C)c1.[Cl-],52.0
CC(=O)[O-].CC[NH+](CC)CCOC(=O)c1ccc(N)cc1,52.0
CCCCCCCCCCCCCCCC[n+]1ccn(-c2ccccc2C)c1.[I-],52.0
CCCCCCCC[n+]1ccn(Cc2cc(Cn3ccnc3)cc(Cn3cc[n+](CCCCCCCC)c3)c2)c1.[Br-],53.1
CCCCCCCCCCCCCC[N+](C)(C)CC.c1c[n-]cn1,54.0
CCCC[N+]1(C)CCCCCC1.O=S(=O)([O-])C(F)(F)F,55.0
CCCCCC[n+]1ccc(-c2ccncc2)cc1.O=S(=O)([N-]S(=O)(=O)C(F)(F)F)C(F)(F)F,56.0
C[N+]1(C)CCCC1.O=[N+]([O-])c1c[n-]nn1,57.0
CCCCCCCC[N+](CCCCCCCC)(CCCCCCCC)CCCCCCCC.Cc1ccc(S(=O)(=O)[O-])cc1,57.5
CCn1c[n+](C)c(C)c1C.O=S(=O)([N-]S(=O)(=O)C(F)(F)F)C(F)(F)F,58.0
CC(C)[n+]1cc(P(=O)(c2ccccc2)c2ccccc2)n(C)c1.F[B-](F)(F)F,59.0
CCCC[N+]1(CCCC#N)CCCC1.[I-],60.0
O=S(=O)([O-])C(F)(F)F.c1ccc(C[n+]2ccccc2)cc1,61.0
CCCCCCCCCCCCCCOC(=O)C[N+](C)(C)C.N#C[N-]C#N,61.0
CC(=O)Oc1ccccc1C(=O)[O-].CCCCCCCCCCCCCCCC[n+]1ccccc1,61.31
CCCCCCCCCCCCn1cc[n+](Cc2ccccc2)c1C.[Cl-],62.0
CCCC[P+](CCCC)(CCCC)CCCC.N#C[N-]C#N,62.0
CCC[n+]1ccn(-c2ccc(C)cc2C)c1.[Br-],62.0
CC[N+](CCO)(CCO)CCO.[Br-],62.8
CCCCC[N+]1=C(CC)OC[C@@H]1C(C)C.F[PH](F)(F)(F)(F)F,63.0
C#CC[n+]1ccn(C)c1.O=[N+]([O-])[O-],63.0
CCCCCCCCCCCCCCCCOC(=O)C[N+](C)(C)C.N#C[N-]C#N,63.0
CCCCCCCCCCCCCC[n+]1ccn(C)c1.F[PH](F)(F)(F)(F)F,65.1
CCCCCCCCCCCCCCCCCCn1cc[n+](C)c1.O=S(=O)(F)[N-]S(=O)(=O)F,65.7
CCCCCCCCCCCCCCCCCCCCCCn1cc[n+](C)c1.O=S(=O)([N-]S(=O)(=O)C(F)(F)F)C(F)(F)F,65.9
CCCC[N+](CCCC)(CCCC)CCCC.CCCCc1ccc([B-](F)(F)F)cc1,66.0
C[n+]1ccn(CC#N)c1.N#C[N-]C#N,67.0
OC(COC1CCCCC1)C[n+]1ccccc1.[Cl-],67.93
CCCCCCCCCCCC[n+]1ccn(C)c1.COc1ccccc1/C=C/C(=O)[O-],68.0
CC(C)(C)OC(=O)NCCn1cc[n+](C(c2ccccc2)(c2ccccc2)c2ccccc2)c1.[Cl-],68.0
CCCCn1c[n+](CCC(F)(F)C(F)(F)C(F)(F)C(F)(F)F)cn1.O=S(=O)([N-]S(=O)(=O)C(F)(F)F)C(F)(F)F,69.0
CCCCCCCCCCCCCCCCCC[N+]1(C)CCCC1.O=S(=O)([N-]S(=O)(=O)C(F)(F)F)C(F)(F)F,72.0
CCCC[n+]1ccn(C)c1.O=P([O-])(O)O,73.0
CCCCCCCCCCCCCCCCCC[n+]1ccccc1.[Br-],74.0
CCCCCC[N+]1(C)CCCC1.[Br-],74.0
CCCC[n+]1ccn(-c2ccc(CC)cc2)c1.[I-],75.6
CCCC[N+](CCCC)(CCCC)CCCC.COc1cccc([B-](F)(F)F)c1,75.7
CS(=O)(=O)[O-].Cc1cc(C)[n+](-c2ccc(Br)cc2)n1C,76.3
CCC[N+](C)(C)C.F[B-](F)(F)c1ccccc1,76.84
CCCCCCCCCCCCCCOc1cc[n+](CCCCCCCCCCCCCC)cc1.[Br-],76.9
CCCCCCCCCCCCCC[n+]1ccc(C)cc1.[Br-],77.0
Cn1cc[n+](CCO[N+](=O)[O-])c1.O=[N+]([O-])c1cc([N+](=O)[O-])c([O-])c([N+](=O)[O-])c1,81.0
CCCC[N+](CCCC)(CCCC)CC(=O)OCC.[Br-],83.0
CO[N+]1(C)CCOCC1.[O-][I+3]([O-])([O-])[O-],83.5
CC[N+](C)(CC)CCOC.[Br-],85.0
C=Cn1c[n+](CC)cn1.[Br-],85.0
CCn1c[n+](CC)cn1.[I-],85.0
CCCCCCCCCCCCCCCCn1cc[n+](CCCS(=O)(=O)O)c1.CS(=O)(=O)[O-],85.0
CCCCCCCCCC[n+]1cccc2ccccc21.[Br-],86.6
CCCCCCCC[N+](CC)(CC)CC.F[PH](F)(F)(F)(F)F,88.3
C[N+](C)(C)CCN=[N+]=[N-].[I-],89.0
C[N+]1(C)CCOCC1.[Cl-],90.0
CCCCCCn1cc[n+](CCC(F)(F)C(F)(F)C(F)(F)C(F)(F)C(F)(F)C(F)(F)C(F)(F)C(F)(F)F)c1.[I-],90.0
CCCCCCCCCCCC[n+]1csc2ccccc21.[I-],90.5
CCCC[N+](CCCC)(CCCC)CCCC.FC(F)(F)c1cc([B-](c2cc(C(F)(F)F)cc(C(F)(F)F)c2)(c2cc(C(F)(F)F)cc(C(F)(F)F)c2)c2cc(C(F)(F)F)cc(C(F)(F)F)c2)cc(C(F)(F)F)c1,92.0
CCn1cc([N+](=O)[O-])[n+](C)c1.O=S(=O)([O-])C(F)(F)F,92.0
CCCCCC[n+]1c(C)cc(C)n1C.CS(=O)(=O)[O-],92.0
CC[N+](C)(CC)CC.N#C[B-](F)(C#N)C#N,93.0
CCCC[P+](CCCC)(CCCC)CCCC.O=C([O-])C(=O)[O-],93.0
CC(C)Cc1ccc(C(C)C(=O)[O-])cc1.[NH3+]C(=O)c1cccnc1,93.8
Cn1cc[n+](CCC(F)(F)C(F)(F)C(F)(F)C(F)(F)C(F)(F)C(F)(F)F)c1.[I-],94.0
CCC[n+]1ccn(-c2ccccc2)c1.[Br-],94.0
CCCCCCCCCCCCCCCCCCCCCC[n+]1ccc(-c2ccccc2)cc1.Cc1ccc(S(=O)(=O)[O-])cc1,94.0
CCCCCCn1ccc[n+]1CCCCCC.[Br-],94.2
F[PH](F)(F)(F)(F)F.N#CCCC[n+]1ccccc1,95.0
CCCCCCCCCCCCCCOC(=O)C[N+](C)(C)C.F[B-](F)(F)F,96.0
CCCCCCCCCCCC[n+]1ccn(-c2ccc([N+](=O)[O-])cc2)c1.[Br-],96.0
C[N+]1(CC#N)CCCC1.[Br-],99.0
N#CCCCn1cc[n+](CCCC#N)c1.[Cl-],100.0
CCCC[N+](C)(CCCC)CCCC.N#C[S-],100.0
C=C(C)C(=O)OCC[N+](C)(C)CC.[Br-],103.0
CCCCCCCn1cc[n+](-c2ccccc2OC)c1.[Br-],106.0
COS(=O)(=O)[O-].CSC(=O)c1cccc2c1sn[n+]2C,108.0
C=CC[n+]1c(C)c(C)n(CC)c1C(C)C.[Br-],109.0
CCCC[N+]1(C)CCOC1.[Br-],110.0
CC[n+]1ccc(C(=O)OC)cc1.[I-],111.0
CC[n+]1ccn(-c2ccccc2)c1.[Br-],111.0
CCCCCC[n+]1ccn(-c2c(C)cc(C)cc2C)c1.[Br-],114.0
CCCCC[n+]1ccn(-c2ccccc2)c1.[Br-],116.0
CCCCn1cc[n+](-c2ccc(Br)cc2)c1.[I-],118.6
CCCCCCCCCCC[n+]1ccn(-c2ccccc2C)c1.[Br-],119.0
CCCCCC[n+]1cn(-c2ccccc2)cn1.[Br-],120.9
CCCCCC[n+]1ccn(Cc2ccc(/C=C/c3ccccc3)cc2)c1.[I-],124.2
[Cl-].c1ccc(C[n+]2ccccc2)cc1,125.0
C[N+]1(CCC#N)CCCC1.[I-],126.0
CCCCCC[n+]1csc2ccccc21.[I-],126.7
CCCC[n+]1ccn(-c2c(C)cc(C)cc2C)c1.F[PH](F)(F)(F)(F)F,127.0
CC(C#N)[n+]1ccn(C)c1.[Br-],131.0
CC(C)C[N+]1(C)CCCC1.[BH4-],131.0
N#CCn1c[n+](CC#N)cn1.O=[N+]([O-])[O-],133.0
CCCCCCCCCCCC[n+]1ccn(-c2c3ccccc3cc3ccccc23)c1.[I-],133.6
CCn1c(C)c(C)[n+](C)c1C.[I-],134.0
CCCC[P+](C)(CCCC)CCCC.F[B-](F)(F)F,140.0
C[n+]1cccnc1.[I-],142.0
O=S(=O)([N-]S(=O)(=O)C(F)(F)F)C(F)(F)F.O=S(=O)(c1ccccc1)c1ccc([P+](c2ccccc2)(c2ccccc2)c2ccccc2)cc1,143.0
CCCCCCCCCCCC[n+]1ccc(C#N)cc1.F[PH](F)(F)(F)(F)F,146.0
C=CC[N+](C)(C)c1ccc(Br)cc1.[Br-],148.0
CC(=O)OCC[N+](C)(C)C.[Cl-],151.0
Cc1cccc[n+]1C.[I-],155.0
CCC[n+]1ccn(-c2ccc(Br)cc2)c1.[Br-],155.0
C[N+](C)(C)CCO.O=C([O-])CSc1c[nH]c2ccccc12,155.0
CCCCCCCC[n+]1ccn(-c2ccc3c(c2)Cc2ccccc2-3)c1.[I-],160.2
CC(C)(C)c1cc[n+](Cc2ccccc2)cc1.[Br-],163.0
Cc1cc(C)[n+](-c2ccc([N+](=O)[O-])cc2)n1C.F[B-](F)(F)F,166.5
Cc1nc(-n2nc(-c3ccccc3)n[n+]2-c2ccccc2)sc1C.[Br-],171.0
Cc1cc(C)c(-[n+]2ccn(C3CCCCCCC3)c2)c(C)c1.F[B-](F)(F)F,175.0
CC[N+](CC)(CC)CC.[I-],182.0
CCCCCCCCCCCC[N+]1(C)CCCC1.[Br-],186.0
CC[n+]1cn(-c2ccccc2)cn1.[Br-],187.0
CCCCCCCCCCCCCCCCCC[n+]1ccc(/C=C/c2ccccc2)cc1.[I-],189.0
CC[N+]1(CCCC#N)CCCC1.[I-],190.0
CC[n+]1ccn(-c2c(C)cc(C)cc2C)c1.[Br-],191.0
CC[N+](CC)(CC)Cc1ccccc1.[Br-],195.0
O=C(O)C[n+]1cccc2ccccc21.[Cl-],196.0
C=CC[N+](C)(C)c1ccc(C)cc1.[I-],197.0
Cn1cc[n+](C)c1P(c1ccccc1)c1ccccc1.[Cl-],200.0
BrCCC[P+](c1ccccc1)(c1ccccc1)c1ccccc1.[Br-],217.0
[Cl-].c1ccc(C[P+](c2ccccc2)(c2ccccc2)c2ccccc2)cc1,228.0
Cc1ccc(C[P+](c2ccccc2)(c2ccccc2)c2ccccc2)cc1.[Br-],238.0
CCCC[N+]1(C)CCCCC1.[Br-],240.66
NC(N)=[NH2+].O=S(=O)([O-])O,101.0
CC(C)[C@@H]1CC[C@@H](C)C[C@H]1OC(=O)C[n+]1cn(C)c2ccccc21.F[PH](F)(F)(F)(F)F,103.0
CCCCCCCCCCCCCCCCCCCC[N+]12CCN(CC1)CC2.[Br-],103.5
CCCCCCCOC(=O)C[N+](C)(C)C.[Br-],104.0
CCCCCCCCCCOC(=O)C[N+](C)(C)C.[Br-],104.0
CCCCCCCCCCn1cc[n+](-c2c(C)cc(C)cc2C)c1.[Br-],105.5
Cc1ccc([N+]#N)cc1.F[B-](F)(F)F,105.0
CCCCCCCCCCOC(=O)[C@H](Cc1ccccc1)NC(=O)C[n+]1ccccc1.[Br-],106.0
Cn1cc[n+](CCOc2ccccc2C=O)c1.[Br-],107.0
Cc1cc[n+](CO[C@@H]2C[C@H](C)CC[C@H]2C(C)C)cc1.[Cl-],107.0
C1=C[NH+](Cc2ccccc2)C=N1.Cc1ccc(S(=O)(=O)[O-])cc1,106.0
CC[S+](CC)CC.F[B-](F)(F)F,110.0
CC[N+](CC)(CC)CCCCBr.[Br-],115.0
CCCC[N+]1(CCCC)CCCCC1.Cc1ccc(S(=O)(=O)[O-])cc1,111.5
CCCC[N+](C)(C)C(C)CC(F)(F)F.[I-],112.5
F[B-](F)(F)F.N#[N+]c1ccccc1Oc1ccccc1,112.0
CC(C)(C)C(O)(CCc1ccc(Cl)cc1)C[NH+]1C=NC=N1.O=P([O-])(O)O,112.0
CCCCCCCCCCNC(=O)CCCCC[n+]1ccccc1.[Br-],113.5
CCCCC[N+]1(CCCCC)CCCCC1.Cc1ccc(S(=O)(=O)[O-])cc1,114.5
FC(F)(F)C(F)(F)[PH-](F)(F)(C(F)(F)C(F)(F)F)C(F)(F)C(F)(F)F.c1ccc([P+](c2ccccc2)(c2ccccc2)c2ccccc2)cc1,115.0
Cc1ccc(-[n+]2ccccc2)cc1.[Cl-],116.1
CCCCCCCCCCCC[n+]1ccn(CCCCC(=O)O[C@H]2CN[C@H](C(=O)O)C2)c1.F[B-](F)(F)F,118.0
CCOC(=O)CCC[N+]1(C)CCCC1.[Br-],118.5
CCCCCCCCCCCCNC(=O)CCCCC[n+]1ccccc1.[Br-],118.5
COCCN(CCOC)C(=O)C[n+]1ccn(C)c1C.[Br-],119.5
C[N+](C)(C)C.FC(F)(F)[N-]C(F)(F)F,122.5
Cn1cc[n+](Cc2cc(=O)cc(-c3ccccc3)o2)c1.F[B-](F)(F)F,123.5
CCCCCCC[n+]1ccc(-c2ccncc2)cc1.[Br-],124.25
CC[N+](CC)(CC)Cc1ccccc1.Cc1ccc(S(=O)(=O)[O-])cc1,124.25
C[N+](C)(N)N.O=[N+]([O-])[O-],125.5
F[B-](F)(F)F.Ic1ccc(C[n+]2ccccc2)cc1,127.3
Cc1csc[n+]1C.[I-],128.5
F[B-](F)(F)F.O=C(C[n+]1cccc(C=Nc2ccc(F)cc2)c1)c1ccc([N+](=O)[O-])cc1,129.0
CCOC(=O)C[n+]1ccn(C)c1C.[Br-],130.5
C[NH2+]C.[Br-],133.0
CN1[NH2+]N(Cc2ccccc2)C=C1c1ccccc1.[I-],134.0
F[P-](F)(F)(F)(F)F.c1ccc(Cn2cc[n+](Cn3nnc4ccccc43)c2)nc1,135.0
CC[n+]1ccn2c1CCC2.[Br-],136.5
CCCC[n+]1cccc(C#N)c1.[I-],137.75
Cc1n[n+](C)c(C)n1N.F[PH](F)(F)(F)(F)F,144.5
C[N+](C)(C)CCCCCBr.[Br-],145.0
CSc1scc[n+]1C.[I-],145.5
CC[n+]1csc2ccccc21.[I-],146.0
Cc1cc(C)c(N2CC[N+](c3c(C)cc(C)cc3C)=C2C(F)=C(F)F)c(C)c1.F[B-](F)(F)F,149.5
COc1ccc(C(C)[P+](c2ccccc2)(c2ccccc2)c2ccccc2)c(OC)c1.F[B-](F)(F)F,152.0
Cn1ccc[n+]1C.[I-],155.0
Fc1c(F)c(F)c(C[n+]2ccccc2)c(F)c1F.[Br-],162.5
C[N+](C)(C)CCl.[Cl-],165.5
N#Cc1cc(Cn2c[n+](CCC(=O)O)c3ccccc32)c([N+](=O)[O-])cc1C#N.[Br-],167.5
CC[P+](c1ccccc1)(c1ccccc1)c1ccccc1.[I-],169.5
COc1cc(C=NCCn2cc[n+](C)c2)ccc1O.F[P-](F)(F)(F)(F)F,179.0
CCCCCCCCCCCCCCCC[N+](C)(C)CC.[Br-],182.0
C[N+]1(C)CCC(OC(=O)C(O)(c2ccccc2)C2CCCC2)C1.[Br-],192.5
C=CCSc1oc(-c2ccccc2)nc1[P+](c1ccccc1)(c1ccccc1)c1ccccc1.[I-],199.0
COC[P+](c1ccccc1)(c1ccccc1)c1ccccc1.[Cl-],200.5
Cc1cc(C)c(Cn2cc[n+]3c4ccc(Cl)cc4c(-c4ccccc4)c(-c4ccccc4)c23)c(C)c1.[Cl-],209.5
CCSc1oc(-c2ccc(Cl)cc2)nc1[P+](c1ccccc1)(c1ccccc1)c1ccccc1.[I-],210.0
CCCCCCCCCCCCCCCCCC[N+](C)(C)C.[Br-],219.0
CCCCn1c[n+](Cc2cc(=O)cc(-c3ccccc3)o2)c2ccccc21.[I-],219.0
CC[P+](c1ccccc1)(c1ccccc1)c1ccccc1.[Cl-],227.5
CCCCCCCCCCCCCC[N+](C)(C)C.[Br-],228.0
CCCCCCCCCCCCCC[P+](CCCCCC)(CCCCCC)CCCCCC.O=S(=O)([O-])[O-],31.0
CC[n+]1cccc(C(F)(F)F)c1.O=S(=O)([N-]S(=O)(=O)C(F)(F)F)C(F)(F)F,29.5
CCCC[n+]1c(C)c(C)n(C)c1C.O=S(=O)([N-]S(=O)(=O)C(F)(F)F)C(F)(F)F,30.5
CCC[N+]1(C)CCCC1.COP(=O)([O-])SC,33.0
CC1=CC(=O)[N-]S(=O)(=O)O1.CCCCCCCCCCCCCCOC[N+](C)(C)CCO,31.25
FC(F)(F)C(F)(F)C(F)(F)C(F)(F)CC[n+]1ccccc1.O=S(=O)([N-]S(=O)(=O)C(F)(F)F)C(F)(F)F,35.0
CCCCOCn1cc[n+](COCCC)c1CC.F[PH](F)(F)(F)(F)F,38.0
CCCCCCCOCn1cc[n+](COCCCCCCC)c1.F[B-](F)(F)F,39.0
CCC[N+]1(C)CCCCC1.Cc1cc(Cl)ccc1OCC(=O)[O-],39.0
CCC[N+]1(C)CCCC1.COP(=O)([O-])[Se]C,40.0
CCCCCCCCCC[P+](C)(CCCCCCCCCC)CCCCCCCCCC.[O-][Cl+3]([O-])([O-])[O-],40.3
CC[NH+](CC)CC.O=S(=O)([N-]S(=O)(=O)C(F)(F)C(F)(F)C(F)(F)C(F)(F)F)C(F)(F)C(F)(F)C(F)(F)C(F)(F)F,42.0
COC(=O)CCSC(SC)=[N+]1CCCCC1.O=S(=O)([O-])C(F)(F)F,42.0
CCCCCC[n+]1cccc(C(=O)O)c1.O=S(=O)([O-])O,44.0
CCCCCCCCCCCCSC[n+]1ccn(C)c1.F[B-](F)(F)F,44.0
CCOC(=O)[C@@H](OC(=O)C[n+]1ccn(C)c1)c1ccccc1.O=S(=O)([N-]S(=O)(=O)C(F)(F)F)C(F)(F)F,45.0
C=Cn1cc[n+](CCO)c1.[Br-],46.0
CCCC[NH+]1C[Si](C)(C)O[Si](C)(C)C1.CS(=O)(=O)[O-],48.0
O=S(=O)([N-]S(=O)(=O)C(F)(F)F)C(F)(F)F.c1ccc(COn2cc[n+](OCc3ccccc3)c2)cc1,50.0
C[NH+](C)Cc1ccccc1.O=S(=O)([N-]S(=O)(=O)C(F)(F)F)C(F)(F)F,51.0
C=CC[N+](C)(C)N.[Cl-],52.0
CCCCCCCCCCCC[N+]12CCN(CC1)CC2.O=S(=O)([N-]S(=O)(=O)C(F)(F)F)C(F)(F)F,53.8
CCCCCCCCCCCCCCCC[N+](C)(C)Cc1ccccc1.[Cl-],55.0
Cc1n(C)cc[n+]1CCCO.[Br-],58.0
CCn1cc[n+](CC)c1.F[PH](F)(F)(F)(F)F,59.5
CCCC[N+](CCCC)(CCCC)CCCC.O=[N+]([O-])c1c[n-]nn1,60.0
Cc1cc[n+](CC(F)(F)F)cc1.O=S(=O)([N-]S(=O)(=O)C(F)(F)F)C(F)(F)F,60.7
CN(C)c1cc[n+](CCO)cc1.F[B-](F)(F)F,62.0
CCCCCCCCCCCCCC[N+]12CCN(CC1)CC2.O=S(=O)([N-]S(=O)(=O)C(F)(F)F)C(F)(F)F,66.0
CCCCCCCCCCCCCCCC[n+]1ccn(CCCNC(=O)CP(=O)(c2ccccc2)c2ccccc2)c1.[Br-],67.0
CCCCCCCC[P+](c1ccccc1)(c1ccccc1)c1ccccc1.Cc1ccc(S(=O)(=O)[O-])cc1,70.0
CCCC[N+](CCCC)(CCCC)CCCC.O=C1O[B-]2(OC1=O)OC(=O)C(=O)O2,73.0
COC(=O)C(OC(=O)C[n+]1ccn(C)c1)c1ccccc1.O=S(=O)([N-]S(=O)(=O)C(F)(F)F)C(F)(F)F,74.0
Cn1ccc(C(F)(F)F)[n+]1C.O=C([O-])C(F)(F)F,77.0
COCCCNC(=O)C[n+]1ccn(C)c1.[Br-],75.0
CCCC[N+](CCCC)(CCCC)CCCC.O=S(=O)([O-])c1ccccc1,75.0
CC(c1ccccc1)[n+]1ccccc1.F[B-](F)(F)F,75.0
Cn1cc[n+](CCCCCCCCCCC(=O)O)c1.F[PH](F)(F)(F)(F)F,78.0
CCCC[N+]1(C)CCOCC1.Cc1cc(Cl)ccc1OCC(=O)[O-],77.0
C=CCOn1cc[n+](CC)c1C.[I-],78.0
O=S(=O)([O-])C(F)(F)F.c1c[nH+]ccn1,78.0
CCCCn1cc[nH+]c1.O=[N+]([O-])c1cc([N+](=O)[O-])c([O-])c([N+](=O)[O-])c1,80.0
CCCCCCCCCCCCCCCC[N+](C)(C)CCN(C)C.[Br-],84.75
[Cl-].[NH3+]CCO,82.0
O=C([O-])C(F)(F)F.c1cc[nH+]cc1,82.0
CCCCCCCCCCCCCCCC[n+]1ccc(C)cc1.[I-],82.0
C[n+]1ccn(OCc2ccccc2)c1.F[P-](F)(F)(F)(F)F,83.0
Cn1cc[n+](CCOC(=O)c2ccc(C(N)=NOC(=O)c3ccco3)cc2)c1.F[PH](F)(F)(F)(F)F,84.0
CCC[n+]1ccn2c1CCC2.[Br-],83.0
CCCCCCCC[N+]12CCN(CC1)CC2.[Br-],84.0
CCOn1cc[n+](OCC)c1Br.F[P-](F)(F)(F)(F)F,84.0
Cn1cc[n+](CC(=O)N2C(=O)OC[C@@H]2Cc2ccccc2)c1.F[PH](F)(F)(F)(F)F,85.0
C#CC[n+]1ccn(OC)c1.[Br-],85.0
CCCCn1c[n+](CCCC)c2cc(C)c(C)cc21.F[PH](F)(F)(F)(F)F,85.5
CCCCCCCCCCCCCCCC[N+](CCC)(CCC)CCC.[Br-],85.0
CCCCCCCC[n+]1ccn(C)c1C.[I-],86.0
CCCCCc1c[n+]([C@@H]2CN[C@H](C(O)(c3ccccc3)c3ccccc3)C2)nn1C.F[PH](F)(F)(F)(F)F,87.0
CCCC[n+]1ccn(CC(OCc2ccc(Cl)cc2Cl)c2ccc(Cl)cc2Cl)c1.F[PH](F)(F)(F)(F)F,87.5
CCCC[N+]1(CCCC)CCCC1.Cc1cc(C)c(S(=O)(=O)[O-])c(C)c1,87.0
C=Cc1ccc(C[n+]2ccn(CCCC)c2)cc1.F[PH](F)(F)(F)(F)F,87.75
F[PH](F)(F)(F)(F)F.O=C(C[n+]1ccccc1)N1C(=O)OC[C@@H]1Cc1ccccc1,88.5
CCCn1cc[n+](C)c1.O=S(=O)([O-])c1cccc(P(c2ccccc2)c2ccccc2)c1,88.0
C[N+]1(Cc2ccccc2)CCOCC1.F[B-](F)(F)F,88.0
CCCC[n+]1cnn(C[C@@H](O)CC)c1.[Br-],89.0
CCCC[NH3+].O=C([O-])/C=C/c1ccccc1,89.0
CC(=O)OCC[N+](C)(C)C.Cc1cc(Cl)ccc1OCC(=O)[O-],90.0
CCCC[N+](CCCC)(CCCC)CCCC.O=[N+]([O-])c1ccc(S(=O)(=O)[O-])cc1,90.0
C=C(C)C(=O)OCC[N+](C)(C)CC.[I-],91.25
Cn1cc[n+](CCc2ccccc2)c1.[Cl-],91.0
Cc1cc(=O)cc(-c2ccc(C[n+]3ccn(C)c3)cc2)o1.F[B-](F)(F)F,91.0
CCOC(=O)C[N+](C)(C)C.COC(=O)c1ccc(I)cc1S(=O)(=O)[N-]C(=O)Nc1nc(C)nc(OC)n1,91.0
CCCCCCCCCCCCCCCCCC[n+]1cccc2ccccc21.[Br-],92.0
CCCCCCCCCOC(=O)C[N+](C)(C)C.[Br-],92.0
CCC[N+]12CCN(CC1)CC2.F[B-](F)(F)F,93.0
CC[n+]1ccn(C(F)(F)C(F)Cl)c1.[I-],94.0
CCCCCCCCCCCCOC(=O)[C@H](Cc1ccccc1)NC(=O)C[n+]1ccn(C)c1.[Br-],94.0
C[N+](C)(C)CCCl.Cc1cc(Cl)ccc1OCC(=O)[O-],95.0
Cn1cc[n+](CC(=O)N2C(=O)OC[C@@H]2c2ccccc2)c1.F[PH](F)(F)(F)(F)F,95.0
CCCC[N+](CCCC)(CCCC)Cc1cc(Cl)c(O)c(C=O)c1.F[P-](F)(F)(F)(F)F,95.0
C[n+]1ccn(CCOC(=O)c2ccccc2O)c1.F[B-](F)(F)F,97.0
CC[n+]1ccn(C(C)=O)c1.[I-],97.0
CCCCCCCCOC(=O)[C@H](Cc1ccccc1)NC(=O)C[n+]1ccccc1.[Br-],98.0
CCCCCCCCCCCCOC(=O)C[N+](C)(C)C.[Br-],99.0
CCCCOS(=O)(=O)[O-].CCCCn1cc[n+](C)c1,248.2
CCn1cc[n+](C)c1.O=S(=O)([O-])C(F)(F)C(F)(F)F,208.2
CCCCCCCCCCCC[P+](CC)(CC)CC.N#Cc1ccc[n-]1,215.0
COCC[n+]1ccn(C)c1C.O=S(=O)([N-]S(=O)(=O)C(F)(F)F)C(F)(F)F,242.2
CCCCCCCCn1cc[n+](C)n1.O=S(=O)([N-]S(=O)(=O)C(F)(F)F)C(F)(F)F,248.5
CCCC[N+]1(C)CCCCC1.O=S(=O)([N-]S(=O)(=O)C(F)(F)F)C(F)(F)F,248.2
CCCC[S+](CC)CC.O=S(=O)([N-]S(=O)(=O)C(F)(F)F)C(F)(F)F,244.3
C[C@H](O)C(=O)[O-].[NH3+]CCO,214.6
C[C@H](O)C(=O)[O-].OCC[NH+](CCO)CCO,218.3
C[C@H](O)C(=O)[O-].[NH3+]CCOCCO,217.6
C1CC[NH2+]C1.O=S(=O)([O-])O,243.2
CCCC[N+]1(CC)CCCC1.O=S(=O)(F)[N-]S(=O)(=O)F,237.2
O=C[O-].[NH3+]CCOCCO,198.3
C[n+]1ccn(CCO)c1.N#C[N-]C#N,223.2
C[n+]1ccn(CCO[N+](=O)[O-])c1.N#C[N-]C#N,223.0
N#C[N-]C#N.OCC[n+]1ccccc1,224.3
CCCCCC[N+](CC)(CC)CC.N#C[N-]C#N,230.2
C[N+](C)(C)CCO.N#C[N-]C#N,223.3
C[N+](C)(C)CCO[N+](=O)[O-].N#C[N-]C#N,223.1
C[N+]1(CCO)CCCC1.N#C[N-]C#N,223.4
C[N+]1(CCO[N+](=O)[O-])CCCC1.N#C[N-]C#N,223.3
CCn1cc[n+](C)c1.N#C[B-](F)(C#N)C(F)(F)F,243.2
C/C=C/C[n+]1ccn(C)c1C.F[B-](F)(F)F,217.2
C[NH+]1CCCC1.F[B-](F)(F)F,240.2
CCn1cc[n+](C)c1.F[B-](F)(F)C(F)(F)C(F)(F)OC(F)(F)F,243.2
CCn1cc[n+](C)c1.N#C[B-](F)(F)C#N,245.6
CCn1cc[n+](C)c1.N#C[B-](F)(F)C(F)(F)C(F)(F)C(F)(F)C(F)(F)F,237.2
CCn1cc[n+](C)c1.N#C[B-](F)(F)C(F)(F)C(F)(F)C(F)(F)F,220.2
CCn1cc[n+](C)c1.N#C[B-](F)(F)C(F)(F)C(F)(F)F,216.2
CCn1cc[n+](C)c1.N#C[B-](F)(F)C(F)(F)F,239.2
CC(=O)[O-].[NH3+]CCO,202.2
CC(=O)[O-].[NH3+]CCOCCO,212.4
C1CC[NH2+]C1.CCCCCCCC(=O)[O-],233.2
CCCC(=O)[O-].C[N+](C)(C)CCO,42.83000000000004
CCC(=O)[O-].C[N+](C)(C)CCO,9.420000000000016
CCCCCCCCCCCCCCn1cc[n+](C)c1.[Cl-],194.05
N#CCCn1cc[nH+]c1.O=S(=O)([O-])C(F)(F)F,99.65000000000003
O=S(=O)([N-]S(=O)(=O)C(F)(F)C(F)(F)F)C(F)(F)C(F)(F)F.[NH3+][C@@H](Cc1ccccc1)C(=O)OCc1ccccc1,85.33000000000004
CC(C)(C)OC(=O)[C@@H]([NH3+])Cc1ccccc1.O=S(=O)([N-]S(=O)(=O)C(F)(F)F)C(F)(F)F,105.60000000000002
CC(C)(C)OC(=O)[C@@H]([NH3+])Cc1ccccc1.O=S(=O)([N-]S(=O)(=O)C(F)(F)C(F)(F)F)C(F)(F)C(F)(F)F,112.63
CCOC(=O)[C@@H]([NH3+])Cc1ccccc1.O=S(=O)([N-]S(=O)(=O)C(F)(F)C(F)(F)F)C(F)(F)C(F)(F)F,99.73000000000002
O=S(=O)([N-]S(=O)(=O)C(F)(F)F)C(F)(F)F.[NH3+][C@@H](Cc1ccccc1)C(=O)OCc1ccccc1,80.79000000000002
COC(=O)[C@@H]([NH3+])Cc1ccccc1.O=S(=O)([N-]S(=O)(=O)C(F)(F)C(F)(F)F)C(F)(F)C(F)(F)F,93.27000000000004
CS(=O)(=O)[O-].Cc1cc(C)[n+](-c2ccc([N+](=O)[O-])cc2)n1C,183.3
Cc1cc(C)[n+](-c2ccc(Cl)cc2)n1C.F[B-](F)(F)F,133.20000000000005
Cc1cc(C)[n+](-c2ccc(Br)cc2)n1C.F[B-](F)(F)F,161.20000000000005
Cc1ccc(-[n+]2c(C)cc(C)n2C)cc1.F[B-](F)(F)F,147.90000000000003
Cc1cc(C)[n+](-c2ccc([N+](=O)[O-])cc2)n1C.F[P-](F)(F)(F)(F)F,222.0
COc1ccc(-[n+]2c(C)cc(C)n2C)cc1.F[P-](F)(F)(F)(F)F,115.60000000000002
Cc1ccc(-[n+]2c(C)cc(C)n2C)cc1.F[P-](F)(F)(F)(F)F,138.3
Cc1cc(C)[n+](-c2ccc(Br)cc2)n1C.F[P-](F)(F)(F)(F)F,179.8
COc1ccc(-[n+]2c(C)cc(C)n2C)cc1.F[B-](F)(F)F,75.60000000000002
Cc1cc(C)[n+](-c2ccc(Cl)cc2)n1C.F[P-](F)(F)(F)(F)F,153.90000000000003
CCC[N+](CCC)(CCC)CCC.[Cl-],229.95000000000005
CCCCCCCCCCCCOS(=O)(=O)[O-].CCCC[n+]1ccn(C)c1,1.8000000000000114
C[N+](C)(C)CCO.O=C([O-])c1cccnc1,55.97000000000003
CCCCCCCCCCCCCCCCCCn1cc[n+](C)c1.O=S(=O)([N-]S(=O)(=O)C(F)(F)C(F)(F)C(F)(F)C(F)(F)F)C(F)(F)C(F)(F)C(F)(F)C(F)(F)F,61.950000000000045
CCCCCCCCCCCCCCCCCCn1cc[n+](C)c1.FC(F)(F)C(F)(F)[P-](F)(F)(F)(C(F)(F)C(F)(F)F)C(F)(F)C(F)(F)F,45.950000000000045
CCCCCCCCCCCCCCCCCCCCCC[n+]1ccn(C)c1.O=S(=O)([N-]S(=O)(=O)C(F)(F)F)C(F)(F)F,67.95000000000005
O=S(=O)(F)[N-]S(=O)(=O)F.[K+],106.85000000000002
CO[C@H](C(=O)[O-])c1ccccc1.C[C@H]([NH3+])C1CCCCC1,166.3
CO[C@H](C(=O)[O-])c1ccccc1.C[C@@H]([NH3+])C1CCCCC1,187.40000000000003
Cc1ccc[n+](CCCOc2ccccc2)c1.[Br-],120.95000000000005
Cc1ccc[n+](CCOc2ccccc2)c1.[Br-],116.95000000000005
Cc1cc[n+](CCCOc2ccccc2)cc1.[Br-],134.95000000000005
CN(C)c1cc[n+](CCCOc2ccccc2)cc1.[Br-],134.95000000000005
[Br-].c1ccc(OCC[n+]2ccccn2)cc1,160.45000000000005
Cc1cccc[n+]1CCCOc1ccccc1.[Br-],166.95000000000005
Cc1n(C)cc[n+]1CCOc1ccccc1.[Br-],118.95000000000005
Cc1n(C)cc[n+]1CCCOc1ccccc1.[Br-],97.95000000000005
CN(C)c1cc[n+](CCOc2ccccc2)cc1.[Br-],178.95000000000005
Cc1cccc[n+]1CCOc1ccccc1.[Br-],148.95000000000005
Cc1cc[n+](CCOc2ccccc2)cc1.[Br-],78.95000000000005
[Br-].c1ccc(OCCC[n+]2ccccn2)cc1,190.95000000000005
O=S(=O)([N-]S(=O)(=O)C(F)(F)F)C(F)(F)F.[Li+],235.05
CC[n+]1ccn(C)c1.O=S(=O)([O-])O,26.850000000000023
CCCCCCCCCCCCn1cc[n+](CCCCCCCCCCCC)c1.Cl[Fe-](Cl)(Cl)Br,25.05000000000001
CCCCCCCCCCn1cc[n+](CCCCCCCCCC)c1.Cl[Fe-](Cl)(Cl)Br,4.650000000000034
CCCCCCCCCCCCn1cc[n+](C)c1.Cl[Fe-](Cl)(Cl)Br,14.450000000000044
Cn1cc[n+](Cc2ccc(C[n+]3ccn(C)c3)cc2)c1.O=S(=O)([N-]S(=O)(=O)C(F)(F)F)C(F)(F)F.O=S(=O)([N-]S(=O)(=O)C(F)(F)F)C(F)(F)F,64.95000000000005
C[N+](C)(C)CCO.Cc1cccc(Nc2ccccc2C(=O)[O-])c1C,74.85000000000002
CC(=O)[O-].CCC[N+]1(C)CCCC1,16.650000000000034
CC(=O)OCC[N+]1(C)CCOCC1.[Br-],133.25
CC[N+](CC)(CC)CC#N.[Br-],191.85
CCOC(=O)C[N+]1(C)CCOCC1.[Br-],151.55
CC[N+]1(C)CCOCC1.[Br-],172.45000000000005
CCCCCCCCCCCCOS(=O)(=O)[O-].[Na+],201.45000000000005
C[NH+](Cc1cccnc1)CC1COC(C)(C)O1.F[B-](F)(F)F,27.40000000000004
CC1(C)OCC(C[N+](C)(C)Cc2cccnc2)O1.F[B-](F)(F)F,20.80000000000001
CS(=O)(=O)[O-].C[C@@H](c1ccccc1)[N+](C)(C)C,166.95000000000005
CS(=O)(=O)[O-].C[C@H](c1ccccc1)[N+](C)(C)C,166.95000000000005
CCCC[N+]1(C)CCCCC1.O=S(=O)([O-])C(F)(F)F,35.950000000000045
CCCC[n+]1ccccc1.[Cl-],134.85000000000002
CC[n+]1ccn(C)c1.O=S(=O)([O-])C(F)(F)C(F)F,44.450000000000045
CCCCCCCCCCn1cc[n+](CCCCCCCCCC)c1C.N#C[N-]C#N,77.65000000000003
CCCCn1cc[n+](CC[n+]2ccn(CCCC)c2)c1.[Br-].[Br-],100.65000000000003
Cc1n(C)cc[n+]1CC[n+]1ccn(C)c1C.[Br-].[Br-],110.15000000000003
C[n+]1ccn(CCCCn2cc[n+](C)c2)c1.[Br-].[Br-],115.45000000000005
CCn1cc[n+](CC[n+]2ccn(CC)c2)c1.[Br-].[Br-],184.25
CC(O)C[N+](C)(C)C.[Cl-],168.85000000000002
CCC[N+]1(C)CCCCC1.[Cl-],225.25
C[N+](C)(C)Cc1ccccc1.[Cl-],236.05
Cc1ccc[n+](CC(=O)Nc2ccc(I)cc2F)c1.F[P-](F)(F)(F)(F)F,55.450000000000045
Cc1cc[n+](CC(=O)Nc2ccc(C)c(F)c2)cc1.O=C([O-])C(F)(F)F,58.450000000000045
Cc1cc[n+](CC(=O)Nc2ccc(C)c(F)c2)cc1.F[P-](F)(F)(F)(F)F,66.45000000000005
Cc1ccc[n+](CC(=O)Nc2ccc(C)c(F)c2)c1.O=C([O-])C(F)(F)F,63.450000000000045
Cc1ccc[n+](CC(=O)Nc2ccc(C)c(F)c2)c1.F[P-](F)(F)(F)(F)F,70.45000000000005
Cc1cc[n+](CC(=O)Nc2ccc(I)cc2F)cc1.F[P-](F)(F)(F)(F)F,53.450000000000045
CCCCCCCCCCCCCCSCC(Cn1cc[n+](C)c1)SCCCCCCCCCCCCCC.[Cl-],55.25
CCCCCCCCCCCCCCSCC(Cn1cc[n+](C)c1)SCCCCCCCCCCCCCC.O=S(=O)([N-]S(=O)(=O)C(F)(F)F)C(F)(F)F,12.75
CCCCCCCCCCCCSCC(Cn1cc[n+](C)c1)SCCCCCCCCCCCC.[Cl-],40.75
CCCCCCCC[n+]1c(-c2cscn2)n(C)c2ccccc21.O=[N+]([O-])[O-],72.95000000000005
CCCCCCCCCCCCCCCCCC[n+]1c(-c2cscn2)n(C)c2ccccc21.O=S(=O)([O-])C(F)(F)F,63.950000000000045
CCCCCCCCCC[n+]1c(-c2cscn2)n(C)c2ccccc21.O=[N+]([O-])[O-],68.95000000000005
CCCCCCCCCCCC[n+]1c(-c2cscn2)n(C)c2ccccc21.O=[N+]([O-])[O-],63.950000000000045
CCCCCCCCCCCCCC[n+]1c(-c2cscn2)n(C)c2ccccc21.O=[N+]([O-])[O-],60.950000000000045
CCCCCCCCCCCCCCCC[n+]1c(-c2cscn2)n(C)c2ccccc21.O=[N+]([O-])[O-],59.950000000000045
CCCCCCCCCCCCCCCCCC[n+]1c(-c2cscn2)n(C)c2ccccc21.O=[N+]([O-])[O-],65.95000000000005
CCCCCCCC[n+]1c(-c2cscn2)n(C)c2ccccc21.F[B-](F)(F)F,69.95000000000005
CCCCCCCCCC[n+]1c(-c2cscn2)n(C)c2ccccc21.F[B-](F)(F)F,67.95000000000005
CCCCCCCCCCCC[n+]1c(-c2cscn2)n(C)c2ccccc21.F[B-](F)(F)F,55.950000000000045
CCCCCCCCCCCCCC[n+]1c(-c2cscn2)n(C)c2ccccc21.F[B-](F)(F)F,59.950000000000045
CCCCCCCCCCCCCCCC[n+]1c(-c2cscn2)n(C)c2ccccc21.F[B-](F)(F)F,57.950000000000045
CCCCCCCCCCCCCCCCCC[n+]1c(-c2cscn2)n(C)c2ccccc21.F[B-](F)(F)F,57.950000000000045
CCCCCCCC[n+]1c(-c2cscn2)n(C)c2ccccc21.O=S(=O)([O-])C(F)(F)F,81.95000000000005
CCCCCCCCCC[n+]1c(-c2cscn2)n(C)c2ccccc21.O=S(=O)([O-])C(F)(F)F,61.950000000000045
CCCCCCCCCCCC[n+]1c(-c2cscn2)n(C)c2ccccc21.O=S(=O)([O-])C(F)(F)F,60.950000000000045
CCCCCCCCCCCCCC[n+]1c(-c2cscn2)n(C)c2ccccc21.O=S(=O)([O-])C(F)(F)F,54.950000000000045
CCCCCCCCCCCCCCCC[n+]1c(-c2cscn2)n(C)c2ccccc21.O=S(=O)([O-])C(F)(F)F,49.950000000000045
CCCCCC[NH2+]CCN.O=S(=O)([N-]S(=O)(=O)C(F)(F)F)C(F)(F)F,18.30000000000001
C=CC[N+](C)(C)CC.O=S(=O)([N-]S(=O)(=O)C(F)(F)F)C(F)(F)F,10.950000000000044
Fc1cccc[nH+]1.O=S(=O)([O-])C(F)(F)F,25.950000000000045
COCC[N+]1(C)CCCC1.F[P-](F)(F)(F)(F)F,33.85000000000002
CCCC[N+]1(C)CCCC1.O=S1(=O)[N-]S(=O)(=O)C(F)(F)C(F)(F)C1(F)F,18.850000000000023
CC[N+]1(C)CCCCC1.[Br-],109.24
CCCCCCCCCCCCCCCC(=O)[O-].Cn1cc[n+](CCO)c1,62.450000000000045
CCCCCCCCCCCCCC(=O)[O-].Cn1cc[n+](CCO)c1,52.650000000000034
CCCCCCCCCCCCCCCCCC(=O)[O-].CC[n+]1ccn(C)c1,60.75
CCCCCCCCCCCCCCCC(=O)[O-].CC[n+]1ccn(C)c1,53.75
CCCCCCCCCCCCCCCCCC(=O)[O-].Cn1cc[n+](CCO)c1,66.25
CCCCCCCCCCCCCC(=O)[O-].Cn1cc[n+](CCCO)c1,50.950000000000045
CCCCCCCCCCCCCCCC(=O)[O-].Cn1cc[n+](CCCO)c1,58.25
CCCCCCCCCCCCCCCCCC(=O)[O-].Cn1cc[n+](CCCO)c1,65.65000000000003
CCCCCCCCCCCCCC(=O)[O-].CC[n+]1ccn(C)c1,45.25
FC(F)(F)C(F)(F)C(F)(F)C(F)(F)C(F)(F)C(F)(F)C(F)(F)C(F)(F)CCSCCC[n+]1ccn(CCn2cc[n+](CCCSCCC(F)(F)C(F)(F)C(F)(F)C(F)(F)C(F)(F)C(F)(F)C(F)(F)C(F)(F)F)c2)c1.O=S(=O)([N-]S(=O)(=O)C(F)(F)F)C(F)(F)F.O=S(=O)([N-]S(=O)(=O)C(F)(F)F)C(F)(F)F,64.95000000000005
FC(F)(F)C(F)(F)C(F)(F)C(F)(F)C(F)(F)C(F)(F)C(F)(F)C(F)(F)CCSCCC[n+]1ccn(CCCCCCCCCCn2cc[n+](CCCSCCC(F)(F)C(F)(F)C(F)(F)C(F)(F)C(F)(F)C(F)(F)C(F)(F)C(F)(F)F)c2)c1.O=S(=O)([N-]S(=O)(=O)C(F)(F)F)C(F)(F)F.O=S(=O)([N-]S(=O)(=O)C(F)(F)F)C(F)(F)F,16.950000000000045
FC(F)(F)C(F)(F)C(F)(F)C(F)(F)C(F)(F)C(F)(F)C(F)(F)C(F)(F)CCSCCCn1cc[n+](CCCSCCC(F)(F)C(F)(F)C(F)(F)C(F)(F)C(F)(F)C(F)(F)C(F)(F)C(F)(F)F)c1.O=S(=O)([N-]S(=O)(=O)C(F)(F)F)C(F)(F)F,79.85000000000002
Cn1cc[n+](CC(CSCCC(F)(F)C(F)(F)C(F)(F)C(F)(F)C(F)(F)C(F)(F)C(F)(F)C(F)(F)F)SCCC(F)(F)C(F)(F)C(F)(F)C(F)(F)C(F)(F)C(F)(F)C(F)(F)C(F)(F)F)c1.O=S(=O)([N-]S(=O)(=O)C(F)(F)F)C(F)(F)F,46.950000000000045
Cn1cc[n+](CCCSCCC(F)(F)C(F)(F)C(F)(F)C(F)(F)C(F)(F)C(F)(F)C(F)(F)C(F)(F)F)c1.O=S(=O)([N-]S(=O)(=O)C(F)(F)F)C(F)(F)F,7.950000000000045
CCCC[P+](CCCC)(CCCC)CCCC(=O)OCC.[Br-],87.95000000000005
CCCC[N+](CCCC)(CCCC)CCCC(=O)OCC.[Br-],89.95000000000005
CCOC(=O)CCC[N+](CC)(CC)CC.[Br-],77.95000000000005
CCC[N+](CCC)(CCC)CCCC(=O)OCC.[Br-],78.95000000000005
CCOC(=O)[C@@H]1CCC[N+]1(CC)CC.[Br-],102.85000000000002
COC(=O)[C@@H]1CCC[N+]1(C)C.[I-],103.85000000000002
O=S(=O)(F)[N-]S(=O)(=O)F.[Na+],117.85000000000002
CC[N+]1(C)CCCC1.O=S(=O)(F)[N-]S(=O)(=O)F,200.85
C=Cc1ccc(C[n+]2ccccc2)cc1.O=S(=O)([N-]S(=O)(=O)C(F)(F)F)C(F)(F)F,50.25
C=Cc1ccc(C[N+]2(C)CCOCC2)cc1.O=S(=O)([N-]S(=O)(=O)C(F)(F)F)C(F)(F)F,76.25
C=Cc1ccc(C[N+](CCCC)(CCCC)CCCC)cc1.O=S(=O)([N-]S(=O)(=O)C(F)(F)F)C(F)(F)F,64.25
C=Cc1ccc(Cn2cc[n+](C)c2)cc1.O=S(=O)([N-]S(=O)(=O)C(F)(F)F)C(F)(F)F,38.75
C[n+]1ccn(CCCCCn2cc[n+](C)c2)c1.[Br-].[Br-],134.55
C[n+]1ccn(CCCCCCn2cc[n+](C)c2)c1.[Br-].[Br-],115.45000000000005
Cn1cc[n+](CCC[n+]2ccn(C)c2)c1.[Br-].[Br-],172.75
CCCC[N+]1(C)CCCC1.F[P-](F)(F)(F)(F)F,86.55000000000001
CCCC[n+]1cccc(C)c1.F[P-](F)(F)(F)(F)F,51.650000000000034
CCCC[N+]1(C)CCCCC1.F[P-](F)(F)(F)(F)F,81.55000000000001
CCCCCCCC[n+]1ccc(N(C)C)cc1.O=S(=O)([O-])C(F)(F)F,19.450000000000045
CCCCn1cc[nH+]c1.O=C([O-])C(F)(F)F,47.950000000000045
CCCCn1cc[nH+]c1.O=C([O-])c1ccccc1O,44.950000000000045
Cn1cc[n+](CCO)c1.O=C([O-])C(F)(F)C(F)(F)C(F)(F)C(F)(F)F,21.65000000000004
CC[n+]1ccc(C)cc1.O=S(=O)([N-]S(=O)(=O)C(F)(F)F)C(F)(F)F,14.850000000000025
CCC[n+]1ccc(C)cc1.O=S(=O)([N-]S(=O)(=O)C(F)(F)F)C(F)(F)F,27.850000000000023
CC[n+]1ccccc1C.O=S(=O)([N-]S(=O)(=O)C(F)(F)F)C(F)(F)F,15.850000000000025
CCC[n+]1ccccc1C.O=S(=O)([N-]S(=O)(=O)C(F)(F)F)C(F)(F)F,15.850000000000025
C[N+]1(CCCC#N)CCOCC1.N#C[C-](C#N)C#N,52.35000000000002
N#CCCC[n+]1ccccc1.N#C[C-](C#N)C#N,32.05000000000001
Cc1[nH+]ccn1CCCCn1cc[nH+]c1C.[Br-].[Br-],85.15000000000003
CCCn1cc[n+](CCCC[n+]2ccn(CCC)c2)c1.[Br-].[Br-],78.75
C[n+]1ccn(CCCCn2cc[n+](C)c2)c1.F[B-](F)(F)F.F[B-](F)(F)F,80.45000000000005
C[n+]1ccn(CCCCn2cc[n+](C)c2)c1.F[P-](F)(F)(F)(F)F.F[P-](F)(F)(F)(F)F,110.85000000000002
C[n+]1ccn(CCCCn2cc[n+](C)c2)c1.O=S(=O)([N-]S(=O)(=O)C(F)(F)F)C(F)(F)F.O=S(=O)([N-]S(=O)(=O)C(F)(F)F)C(F)(F)F,56.150000000000034
Cc1cn(CCCCn2cc(C)[nH+]c2C)c(C)[nH+]1.[Br-].[Br-],83.35000000000002
CCCC[n+]1ccn(C)c1.COC(=O)C(=O)[O-],56.85000000000002
C[N+](C)(C)CCO.Cc1ccc(S(=O)(=O)[O-])cc1,104.95000000000005
CC[n+]1ccccc1.Cc1ccc(S(=O)(=O)[O-])cc1,100.95000000000005
Cc1[nH]cc[nH+]1.O=S(=O)([N-]S(=O)(=O)C(F)(F)F)C(F)(F)F,95.85000000000002
CC[n+]1ccn(C)c1.COP(=O)([O-])OC,39.75
CCCCCCCCCCCC(=O)[O-].CCCC[NH2+]CCO,53.950000000000045
CC(C)(C)[NH2+]CCO.CCCCCCCCCCCC(=O)[O-],46.950000000000045
CCCCCCCCCCCC(=O)[O-].OCC[NH2+]c1ccccc1,39.950000000000045
CCCCCCCCCCCCCCCC(=O)[O-].CCCC[NH2+]CCO,49.950000000000045
CCCCCCCCCCCCCCCC(=O)[O-].OCC[NH2+]c1ccccc1,58.950000000000045
CC(C)(C)[NH2+]CCO.CCCCCCCCCCCCCCCC(=O)[O-],47.950000000000045
CCCC[P+](CCCC)(CCCC)CCCC.[Br-],102.95000000000005
C[N+](C)(C)CCC[N+]1(C)CCOCC1.O=S(=O)([N-]S(=O)(=O)C(F)(F)F)C(F)(F)F.O=S(=O)([N-]S(=O)(=O)C(F)(F)F)C(F)(F)F,162.81
C[N+](C)(C)CCC[N+]1(C)CCCCC1.O=S(=O)([N-]S(=O)(=O)C(F)(F)F)C(F)(F)F.O=S(=O)([N-]S(=O)(=O)C(F)(F)F)C(F)(F)F,177.86
CCCCCC[N+](CC)(CC)CC.N#C[C-](C#N)C#N,16.879999999999995
CCCCCCCCCC[N+]1(C)CCOCC1.O=S(=O)([O-])C(F)(F)F,76.05000000000001
CCCCCC[N+](CC)(CC)CC.O=S(=O)([O-])C(F)(F)F,74.68
CCCC[N+](CCCC)(CCCC)CCCC.N[C@H](Cc1ccccc1)C(=O)[O-],94.85000000000002
CCCC[N+](CCCC)(CCCC)CCCC.N=C(N)NCCC[C@H](N)C(=O)[O-],78.85000000000002
CCCC[N+](CCCC)(CCCC)CCCC.C[C@H](N)C(=O)[O-],70.85000000000002
CCCCCCCCCCCC[n+]1ccsc1.O=S(=O)([N-]S(=O)(=O)C(F)(F)F)C(F)(F)F,31.950000000000045
CC[n+]1ccsc1.O=S(=O)([N-]S(=O)(=O)C(F)(F)F)C(F)(F)F,29.950000000000045
CCCCCCCCCCCCCCCC[n+]1ccsc1.O=S(=O)([N-]S(=O)(=O)C(F)(F)F)C(F)(F)F,56.950000000000045
CC(O)C[NH+](CC(C)O)CC(C)O.O=C([O-])c1cccnc1,117.95000000000005
CC(O)C[NH+](CC(C)O)CC(C)O.CC(O)C[NH+](CC(C)O)CC(C)O.O=C([O-])CCC(=O)[O-],94.95000000000005
CC(O)C[NH+](CC(C)O)CC(C)O.O=C([O-])CC(=O)O,106.95000000000005
CC(O)C[NH+](CC(C)O)CC(C)O.CC(O)C[NH+](CC(C)O)CC(C)O.O=C([O-])CC(=O)[O-],86.95000000000005
CC(O)C[NH+](CC(C)O)CC(C)O.O=C([O-])C(=O)O,119.95000000000005
CC(=O)Oc1ccccc1C(=O)[O-].CC(O)C[NH+](CC(C)O)CC(C)O,95.95000000000005
CC(O)C[NH+](CC(C)O)CC(C)O.O=C([O-])c1ccccc1O,102.95000000000005
CC(O)C[NH+](CC(C)O)CC(C)O.O=C([O-])C=Cc1ccccc1,86.95000000000005
CC(O)C[NH+](CC(C)O)CC(C)O.O=C([O-])c1ccccc1,85.95000000000005
CC(O)C[NH+](CC(C)O)CC(C)O.Cc1cc(Cl)ccc1OCC(=O)[O-],97.95000000000005
CC(O)C[NH+](CC(C)O)CC(C)O.CC(O)C[NH+](CC(C)O)CC(C)O.O=C([O-])CC(O)C(=O)[O-],97.95000000000005
CCCCCCCCCCCCCCCC[n+]1ccccc1.[Cl-],80.95000000000005
CC(=O)Oc1ccccc1C(=O)[O-].CCCCCCCCCCCCCCCC[N+]1(C)CCCCC1,30.75
CCCCCCCCCCCCCCCC[N+]1(C)CCCCC1.[OH-],64.95000000000005
CCCCCCCCCCCCCCCC[N+]1(C)CCCCC1.[Cl-],92.75
CCCCCCCCCCCCCCCC[n+]1ccccc1.[OH-],69.45000000000005
CCCCCCCCCCCCCCCCn1cc[n+](C)c1.O=S(=O)([N-]S(=O)(=O)C(F)(F)F)C(F)(F)F,46.950000000000045
CCCCCC(=O)[O-].C[N+](C)(C)CCO,75.65000000000003
C[N+](C)(C)CCO.O=[N+]([O-])[O-],72.95000000000005
CC(=O)[O-].CCCC[NH3+],43.75
CC(=O)[O-].CN1CCCN2CCC[NH+]=C12,75.85000000000002
CCCC[N+]1(C)CCCC1.O=S(=O)([O-])C(F)(F)C(F)F,45.450000000000045
C=C[n+]1ccn(CC(=O)OCC)c1.[Cl-],52.60000000000002
