smiles,MP
[Cl-].CN1C=C[NH+]=C1,72.0
[Br-].CN1C=C[NH+]=C1,41.0
[O-][Cl](=O)(=O)=O.CN1C=C[NH+]=C1,157.0
F[B-](F)(F)F.CN1C=C[NH+]=C1,37.0
CN1C=C[NH+]=C1.FC(F)(F)S(=O)(=O)[N-]S(=O)(=O)C(F)(F)F,9.0
CN1C=C[NH+]=C1.FC(F)(F)C(F)(F)S(=O)(=O)[N-]S(=O)(=O)C(F)(F)C(F)(F)F,11.0
[O-][N+]([O-])=O.CN1C=C[NH+]=C1,70.0
CN1C=C[NH+]=C1.[O-]S(=O)(=O)C(F)(F)F,84.0
CN1C=C[NH+]=C1.F[P-](F)(F)(F)(F)F,116.0
CN1C=C[NH+]=C1.[O-]C(=O)C(F)(F)F,51.0
CC([O-])=O.CN1C=C[NH+]=C1,-23.0
[Cl-].CCN1C=C[NH+]=C1,58.0
[Br-].CCN1C=C[NH+]=C1,60.0
[O-][Cl](=O)(=O)=O.CCN1C=C[NH+]=C1,21.0
[O-][N+]([O-])=O.CCN1C=C[NH+]=C1,31.0
CCN1C=C[NH+]=C1.[O-]S(=O)(=O)C(F)(F)F,8.0
[Cl-].CN1C=C[N+](C)=C1,125.0
F[B-](F)(F)F.CN1C=C[N+](C)=C1,103.0
CN1C=C[N+](C)=C1.FC(F)(F)S(=O)(=O)[N-]S(=O)(=O)C(F)(F)F,22.0
CN1C=C[N+](C)=C1.[O-]C(=O)C(F)(F)F,52.0
CN1C=C[N+](C)=C1.F[B-](F)(F)C(F)(F)F,15.0
CN1C=C[N+](C)=C1.F[B-](F)(F)C(F)(F)C(F)(F)F,27.0
CN1C=C[N+](C)=C1.F[B-](F)(F)C(F)(F)C(F)(F)C(F)(F)F,11.0
CN1C=C[N+](C)=C1.F[B-](F)(F)C(F)(F)C(F)(F)C(F)(F)C(F)(F)F,16.0
[Cl-].CN1C=C[NH+]=C1C,181.0
[Br-].CN1C=C[NH+]=C1C,176.0
[O-][Cl](=O)(=O)=O.CN1C=C[NH+]=C1C,64.0
CN1C=C[NH+]=C1C.FC(F)(F)S(=O)(=O)[N-]S(=O)(=O)C(F)(F)F,22.0
CN1C=C[NH+]=C1C.FC(F)(F)C(F)(F)S(=O)(=O)[N-]S(=O)(=O)C(F)(F)C(F)(F)F,15.0
[O-][N+]([O-])=O.CN1C=C[NH+]=C1C,84.0
CN1C=C[NH+]=C1C.[O-]S(=O)(=O)C(F)(F)F,119.0
CN1C=C[NH+]=C1C.F[P-](F)(F)(F)(F)F,115.0
[Cl-].CC[N+]1=CN(C)C=C1,80.0
[I-].CC[N+]1=CN(C)C=C1,79.0
CC[N+]1=CN(C)C=C1.F[B-](F)(F)C(F)(F)F,-20.0
CC[N+]1=CN(C)C=C1.F[B-](F)(F)C(F)(F)C(F)(F)F,1.0
CC[N+]1=CN(C)C=C1.F[B-](F)(F)C(F)(F)C(F)(F)C(F)(F)F,8.0
CC[N+]1=CN(C)C=C1.F[B-](F)(F)C(F)(F)C(F)(F)C(F)(F)C(F)(F)F,-4.0
CCC[B-](F)(F)F.CC[N+]1=CN(C)C=C1,-14.0
CCCC[B-](F)(F)F.CC[N+]1=CN(C)C=C1,-9.0
CC[N+]1=CN(C)C=C1.CCCCC[B-](F)(F)F,16.0
CC[N+]1=CN(C)C=C1.FC(F)(F)S(=O)(=O)[N-]S(=O)(=O)C(F)(F)F,-16.0
CC[N+]1=CN(C)C=C1.FC(F)(F)C(F)(F)S(=O)(=O)[N-]S(=O)(=O)C(F)(F)C(F)(F)F,-1.0
N#C[N-]C#N.CC[N+]1=CN(C)C=C1,-21.0
CC[N+]1=CN(C)C=C1.FC(F)(F)C(=O)[N-]S(=O)(=O)C(F)(F)F,3.0
[O-]N=O.CC[N+]1=CN(C)C=C1,55.0
[O-][N+]([O-])=O.CC[N+]1=CN(C)C=C1,38.0
CC[N+]1=CN(C)C=C1.FS(=O)(=O)[N-]S(F)(=O)=O,-13.0
CC[N+]1=CN(C)C=C1.[O-]S(=O)(=O)C(F)(F)C(F)(F)C(F)(F)C(F)(F)F,28.0
CC[N+]1=CN(C)C=C1.[O-]S(=O)(=O)OCC(F)(F)C(F)(F)C(F)(F)C(F)F,-16.0
COS([O-])(=O)=O.CC[N+]1=CN(C)C=C1,5.0
CC[N+]1=CN(C)C=C1.[O-]S(=O)(=O)OC(F)(F)C(F)(F)F,-65.0
CC[N+]1=CN(C)C=C1.FC(F)(F)C(F)(F)[P-](F)(F)(F)(C(F)(F)C(F)(F)F)C(F)(F)C(F)(F)F,-37.0
[O-]C(=O)C(F)(F)F.CC[N+]1=CN(C)C=C1,-14.0
CC([O-])=O.CC[N+]1=CN(C)C=C1,-45.0
CC[N+]1=CN(C)C=C1.OC(=O)C1=CC=CC=C1C([O-])=O,-47.0
CC[N+]1=CN(C)C=C1.FC(F)(F)S(=O)(=O)[C-](S(=O)(=O)C(F)(F)F)S(=O)(=O)C(F)(F)F,39.0
N#C[C-](C#N)C#N.CC[N+]1=CN(C)C=C1,-10.0
[S-]C#N.CC[N+]1=CN(C)C=C1,-6.0
[Cl-].CCN1C=C[NH+]=C1C,178.0
[Br-].CCN1C=C[NH+]=C1C,144.0
[O-][Cl](=O)(=O)=O.CCN1C=C[NH+]=C1C,7.0
CCN1C=C[NH+]=C1C.FC(F)(F)C(F)(F)S(=O)(=O)[N-]S(=O)(=O)C(F)(F)C(F)(F)F,-19.0
[O-][N+]([O-])=O.CCN1C=C[NH+]=C1C,75.0
CCN1C=C[NH+]=C1C.[O-]S(=O)(=O)C(F)(F)F,33.0
[O-]S(=O)(=O)C(F)(F)F.CN1C=C[N+](CC(F)(F)F)=C1,45.0
[O-]S(=O)(=O)C(F)(F)F.CCN1C=C[N+](CC)=C1,23.0
[Cl-].CCC[N+]1=CN(C)C=C1,60.0
F[B-](F)(F)F.CCC[N+]1=CN(C)C=C1,-17.0
F[B-](F)(F)C(F)(F)F.CCC[N+]1=CN(C)C=C1,-21.0
CCC[N+]1=CN(C)C=C1.F[B-](F)(F)C(F)(F)C(F)(F)F,-42.0
CCC[N+]1=CN(C)C=C1.F[B-](F)(F)C(F)(F)C(F)(F)C(F)(F)F,-5.0
CCC[N+]1=CN(C)C=C1.F[B-](F)(F)C(F)(F)C(F)(F)C(F)(F)C(F)(F)F,-12.0
CCC[N+]1=CN(C)C=C1.[O-]S(=O)(=O)C(F)(F)C(F)(F)C(F)(F)C(F)(F)F,34.0
F[P-](F)(F)(F)(F)F.CCC[N+]1=CN(C)C=C1,40.0
[I-].CC(C)[N+]1=CN(C)C=C1,114.0
CC(C)[N+]1=CN(C)C=C1.FC(F)(F)S(=O)(=O)[N-]S(=O)(=O)C(F)(F)F,16.0
CC(C)[N+]1=CN(C)C=C1.FC(F)(F)C(F)(F)C(F)(F)C(F)(F)S(=O)(=O)[N-]S(=O)(=O)C(F)(F)C(F)(F)C(F)(F)C(F)(F)F,29.0
F[P-](F)(F)(F)(F)F.CC(C)[N+]1=CN(C)C=C1,102.0
[Cl-].COCC[N+]1=CN(C)C=C1,67.0
F[B-](F)(F)C(F)(F)F.COCC[N+]1=CN(C)C=C1,2.0
COCC[N+]1=CN(C)C=C1.F[B-](F)(F)C(F)(F)C(F)(F)F,-9.0
[O-]S(=O)(=O)C(F)(F)F.COCC[N+]1=CN(C)C=C1,27.0
F[P-](F)(F)(F)(F)F.COCC[N+]1=CN(C)C=C1,26.0
CCCC[N+]1=CN(C)C=C1.FC(F)(F)C1=CC(=CC(=C1)[B-](C1=CC(=CC(=C1)C(F)(F)F)C(F)(F)F)(C1=CC(=CC(=C1)C(F)(F)F)C(F)(F)F)C1=CC(=CC(=C1)C(F)(F)F)C(F)(F)F)C(F)(F)F,104.0
CCCC[N+]1=CN(C)C=C1.C[Si](C)(CCC(F)(F)F)C1=CC=C(C=C1)[B-](C1=CC=C(C=C1)[Si](C)(C)CCC(F)(F)F)(C1=CC=C(C=C1)[Si](C)(C)CCC(F)(F)F)C1=CC=C(C=C1)[Si](C)(C)CCC(F)(F)F,104.0
CCCC[N+]1=CN(C)C=C1.FC(F)(F)C(F)(F)C(F)(F)C(F)(F)C(F)(F)C(F)(F)C1=CC=C(C=C1)[B-](C1=CC=C(C=C1)C(F)(F)C(F)(F)C(F)(F)C(F)(F)C(F)(F)C(F)(F)F)(C1=CC=C(C=C1)C(F)(F)C(F)(F)C(F)(F)C(F)(F)C(F)(F)C(F)(F)F)C1=CC=C(C=C1)C(F)(F)C(F)(F)C(F)(F)C(F)(F)C(F)(F)C(F)(F)F,90.0
CCCC[N+]1=CN(C)C=C1.F[B-](F)(F)C(F)(F)C(F)(F)F,-42.0
CC(CC#N)[B-](F)(F)F.CCCC[N+]1=CN(C)C=C1,-85.0
CCCC[N+]1=CN(C)C=C1.FC(F)(F)S(=O)(=O)[N-]S(=O)(=O)C(F)(F)F,-9.0
N#C[N-]C#N.CCCC[N+]1=CN(C)C=C1,-6.0
[O-]S(=O)(=O)C(F)(F)F.CCCC[N+]1=CN(C)C=C1,16.0
CCCC[N+]1=CN(C)C=C1.[O-]S(=O)(=O)C(F)(F)C(F)(F)C(F)(F)C(F)(F)F,20.0
CCCCCOS([O-])(=O)=O.CCCC[N+]1=CN(C)C=C1,-17.0
CCCC[N+]1=CN(C)C=C1.[O-]S(=O)(=O)OCCCC(F)(F)C(F)(F)F,-15.0
CCCC[N+]1=CN(C)C=C1.[O-]S(=O)(=O)OCC(F)(F)C(F)(F)C(F)(F)C(F)F,-61.0
[O-]C(=O)C(F)(F)F.CCCC[N+]1=CN(C)C=C1,-40.0
CC([O-])=O.CCCC[N+]1=CN(C)C=C1,-20.0
CCCCC[N+]1=CN(C)C=C1.FC(F)(F)C1=CC(=CC(=C1)[B-](C1=CC(=CC(=C1)C(F)(F)F)C(F)(F)F)(C1=CC(=CC(=C1)C(F)(F)F)C(F)(F)F)C1=CC(=CC(=C1)C(F)(F)F)C(F)(F)F)C(F)(F)F,82.0
CCCCC[N+]1=CN(C)C=C1.FC(F)(F)S(=O)(=O)[N-]S(=O)(=O)C(F)(F)F,-9.0
CCCCC[N+]1=CN(C)C=C1.O=C1[N-]S(=O)(=O)C2=CC=CC=C12,64.0
CCCC[N+]1=CN(CC)C=C1.FC(F)(F)S(=O)(=O)[N-]S(=O)(=O)C(F)(F)F,-8.0
[O-]S(=O)(=O)C(F)(F)F.CCCC[N+]1=CN(CC)C=C1,2.0
CCCC[N+]1=CN(CC)C=C1.[O-]S(=O)(=O)C(F)(F)C(F)(F)C(F)(F)C(F)(F)F,21.0
[O-]C(=O)C(F)(F)F.CCCC[N+]1=CN(CC)C=C1,-40.0
[Cl-].CCCCCC[N+]1=CN(C)C=C1,-75.0
CCCCCC[N+]1=CN(C)C=C1.FC(F)(F)C1=CC(=CC(=C1)[B-](C1=CC(=CC(=C1)C(F)(F)F)C(F)(F)F)(C1=CC(=CC(=C1)C(F)(F)F)C(F)(F)F)C1=CC(=CC(=C1)C(F)(F)F)C(F)(F)F)C(F)(F)F,82.0
F[B-](F)(F)C(F)(F)C(F)(F)F.CCCCCC[N+]1=CN(C)C=C1,-10.0
CCCCCC[N+]1=CN(C)C=C1.FC(F)(F)S(=O)(=O)[N-]S(=O)(=O)C(F)(F)F,-7.0
[O-]S(=O)(=O)C(F)(F)F.CCCCCC[N+]1=CN(C)C=C1,29.0
CCCCCC[N+]1=CN(C)C=C1.FC(F)(F)C(F)(F)[P-](F)(F)(F)(C(F)(F)C(F)(F)F)C(F)(F)C(F)(F)F,-50.0
[Br-].CN1C=C[N+](CC(=O)C2=CC=CC=C2)=C1,49.0
CCCCCCC[N+]1=CN(C)C=C1.FC(F)(F)C1=CC(=CC(=C1)[B-](C1=CC(=CC(=C1)C(F)(F)F)C(F)(F)F)(C1=CC(=CC(=C1)C(F)(F)F)C(F)(F)F)C1=CC(=CC(=C1)C(F)(F)F)C(F)(F)F)C(F)(F)F,69.0
CCCCCCC[N+]1=CN(C)C=C1.FC(F)(F)S(=O)(=O)[N-]S(=O)(=O)C(F)(F)F,7.0
[Cl-].CCCCN1C=C[N+](CCCC)=C1,55.0
[Br-].CN1C=C[N+](CC2=CC=CC=C2)=C1,126.0
[O-]S(=O)(=O)C(F)(F)F.CN1C=C[N+](CC2=CC=CC=C2)=C1,27.0
F[P-](F)(F)(F)(F)F.CN1C=C[N+](CC2=CC=CC=C2)=C1,130.0
[O-]S(=O)(=O)C(F)(F)F.COC1=CC=C(C=C1)[N+]1=CN(C)C=C1,45.0
CCCCCCCC[N+]1=CN(C)C=C1.FC(F)(F)C1=CC(=CC(=C1)[B-](C1=CC(=CC(=C1)C(F)(F)F)C(F)(F)F)(C1=CC(=CC(=C1)C(F)(F)F)C(F)(F)F)C1=CC(=CC(=C1)C(F)(F)F)C(F)(F)F)C(F)(F)F,75.0
F[P-](F)(F)(F)(F)F.CCCCCCCC[N+]1=CN(C)C=C1,-40.0
CN1C=C[N+](CCC2=CC=CC=C2)=C1.FC(F)(F)S(=O)(=O)[N-]S(=O)(=O)C(F)(F)F,37.0
F[P-](F)(F)(F)(F)F.CN1C=C[N+](CCC2=CC=CC=C2)=C1,103.0
F[P-](F)(F)(F)(F)F.CCCCCCCOC[N+]1=CN(C)C=C1,38.0
F[P-](F)(F)(F)(F)F.CCCCOC[N+]1=CN(COCCC)C=C1,48.0
F[P-](F)(F)(F)(F)F.CCCCCCCCC[N+]1=CN(C)C=C1,14.0
CC1=CC=C(C=C1)S([O-])(=O)=O.CCCCCCCC[N+]1=CN(CC)C=C1,70.0
CN1C=C[N+](CCCC2=CC=CC=C2)=C1.FC(F)(F)S(=O)(=O)[N-]S(=O)(=O)C(F)(F)F,48.0
F[P-](F)(F)(F)(F)F.CN1C=C[N+](CCCC2=CC=CC=C2)=C1,52.0
F[P-](F)(F)(F)(F)F.CCCCOCN1C=C[N+](COCCCC)=C1,57.0
F[P-](F)(F)(F)(F)F.CCCCCCCC[N+]1=CN(CCC)C=C1,-30.0
[Cl-].CCCCCCCCCC[N+]1=CN(C)C=C1,38.0
CCCCCCCCCC[N+]1=CN(C)C=C1.FC(F)(F)C1=CC(=CC(=C1)[B-](C1=CC(=CC(=C1)C(F)(F)F)C(F)(F)F)(C1=CC(=CC(=C1)C(F)(F)F)C(F)(F)F)C1=CC(=CC(=C1)C(F)(F)F)C(F)(F)F)C(F)(F)F,85.0
FC(F)(F)S(=O)(=O)[N-]S(=O)(=O)C(F)(F)F.CCCCCCCCCC[N+]1=CN(C)C=C1,-2.0
CC1=CC=C(C=C1)S([O-])(=O)=O.CCCCCCCCCC[N+]1=CN(C)C=C1,79.0
F[P-](F)(F)(F)(F)F.CCCCCCCCCC[N+]1=CN(C)C=C1,32.0
F[B-](F)(F)F.CCCCCCCCCCC[N+]1=CN(C)C=C1,21.0
[Cl-].CCCCCCCCCCCC[N+]1=CN(C)C=C1,97.0
[Br-].CCCCCCCCCCCC[N+]1=CN(C)C=C1,-5.0
F[B-](F)(F)F.CCCCCCCCCCCC[N+]1=CN(C)C=C1,34.0
FC(F)(F)S(=O)(=O)[N-]S(=O)(=O)C(F)(F)F.CCCCCCCCCCCC[N+]1=CN(C)C=C1,17.0
[O-]S(=O)(=O)C(F)(F)F.CCCCCCCCCCCC[N+]1=CN(C)C=C1,40.0
F[P-](F)(F)(F)(F)F.CCCCCCCCCCCC[N+]1=CN(C)C=C1,60.0
CCCCCCCCCCCC[N+]1=CN(C)C=C1.FC(F)(F)C1=CC(=CC(=C1)[B-](C1=CC(=CC(=C1)C(F)(F)F)C(F)(F)F)(C1=CC(=CC(=C1)C(F)(F)F)C(F)(F)F)C1=CC(=CC(=C1)C(F)(F)F)C(F)(F)F)C(F)(F)F,72.0
F[B-](F)(F)F.CCCCCCCCCCCCCN1C=C[N+](C)=C1,49.0
[Cl-].CCCCCCCCCCCCCC[N+]1=CN(C)C=C1,19.0
[Br-].CCCCCCCCCCCCCC[N+]1=CN(C)C=C1,54.0
F[B-](F)(F)F.CCCCCCCCCCCCCC[N+]1=CN(C)C=C1,38.0
FC(F)(F)S(=O)(=O)[N-]S(=O)(=O)C(F)(F)F.CCCCCCCCCCCCCC[N+]1=CN(C)C=C1,34.0
[O-]S(=O)(=O)C(F)(F)F.CCCCCCCCCCCCCC[N+]1=CN(C)C=C1,50.0
F[P-](F)(F)(F)(F)F.CCCCCCCCCCCCCC[N+]1=CN(C)C=C1,73.0
F[B-](F)(F)F.CCCCCCCCCCCCCCC[N+]1=CN(C)C=C1,55.0
[Cl-].CCCCCCCCCCCCCCCC[N+]1=CN(C)C=C1,42.0
[Br-].CCCCCCCCCCCCCCCC[N+]1=CN(C)C=C1,40.0
F[B-](F)(F)F.CCCCCCCCCCCCCCCC[N+]1=CN(C)C=C1,46.0
FC(F)(F)S(=O)(=O)[N-]S(=O)(=O)C(F)(F)F.CCCCCCCCCCCCCCCC[N+]1=CN(C)C=C1,42.0
[O-]S(=O)(=O)C(F)(F)F.CCCCCCCCCCCCCCCC[N+]1=CN(C)C=C1,58.0
F[P-](F)(F)(F)(F)F.CCCCCCCCCCCCCCCC[N+]1=CN(C)C=C1,75.0
[Cl-].CCCCCCCCCCCCCCCCCC[N+]1=CN(C)C=C1,53.0
F[B-](F)(F)F.CCCCCCCCCCCCCCCCCC[N+]1=CN(C)C=C1,67.0
FC(F)(F)S(=O)(=O)[N-]S(=O)(=O)C(F)(F)F.CCCCCCCCCCCCCCCCCC[N+]1=CN(C)C=C1,45.0
[O-]S(=O)(=O)C(F)(F)F.CCCCCCCCCCCCCCCCCC[N+]1=CN(C)C=C1,66.0
F[P-](F)(F)(F)(F)F.CCCCCCCCCCCCCCCCCC[N+]1=CN(C)C=C1,80.0
[Br-].CCCCCCCCCCCCCCCCCCCC[N+]1=CN(C)C=C1,60.0
[Cl-].COC[N+]1=CN(C)C=C1,17.0
F[B-](F)(F)C(F)(F)F.COC[N+]1=CN(C)C=C1,17.0
COC[N+]1=CN(C)C=C1.F[B-](F)(F)C(F)(F)C(F)(F)F,-21.0
[I-].C[N+]1=CN(C=C1)C(F)(F)C(F)F,141.0
F[B-](F)(F)F.C[N+]1=CN(C=C1)C(F)(F)C(F)F,64.0
C[N+]1=CN(C=C1)C(F)(F)C(F)F.FC(F)(F)S(=O)(=O)[N-]S(=O)(=O)C(F)(F)F,42.0
[I-].CC[N+]1=CN(C=C1)C(F)(F)C(F)F,91.0
F[B-](F)(F)F.CC[N+]1=CN(C=C1)C(F)(F)C(F)F,25.0
CC[N+]1=CN(C=C1)C(F)(F)C(F)F.FC(F)(F)S(=O)(=O)[N-]S(=O)(=O)C(F)(F)F,16.0
[I-].CCC[N+]1=CN(C=C1)C(F)(F)C(F)F,78.0
[I-].CCCC[N+]1=CN(C=C1)C(F)(F)C(F)F,74.0
CCOC(=O)[C@@H](C)[N+]1=CN(C)C=C1.FC(F)(F)S(=O)(=O)[N-]S(=O)(=O)C(F)(F)F,45.0
[O-]S(=O)(=O)C(F)(F)F.CCOC(=O)[C@@H](C)[N+]1=CN(C)C=C1,73.0
F[B-](F)(F)F.CCCCCCCCOCN1C=C[N+](COCCCCCCCC)=C1,54.0
F[B-](F)(F)F.CCCCCCCCCOCN1C=C[N+](COCCCCCCCCC)=C1,57.0
F[B-](F)(F)F.CCCCCCCCCCOCN1C=C[N+](COCCCCCCCCCC)=C1,69.0
F[B-](F)(F)F.CCCCCCCCCCCOCN1C=C[N+](COCCCCCCCCCCC)=C1,71.0
F[B-](F)(F)F.CCCCCCCCCCCCOCN1C=C[N+](COCCCCCCCCCCCC)=C1,79.0
[Cl-].CN1C=C[N+](CCO)=C1,61.0
F[P-](F)(F)(F)(F)F.CN1C=C[N+](CCO)=C1,23.0
COC(=O)C[N+]1=CN(C)C=C1.FC(F)(F)S(=O)(=O)[N-]S(=O)(=O)C(F)(F)F,-43.0
F[P-](F)(F)(F)(F)F.COC(=O)C[N+]1=CN(C)C=C1,77.0
CCC(C)[N+]1=CN(C)C=C1.[O-]S(=O)(=O)C(F)(F)C(F)(F)C(F)(F)C(F)(F)F,43.0
CC(C)CC[N+]1=CN(C)C=C1.FC(F)(F)C(F)(F)C(F)(F)C(F)(F)S(=O)(=O)[N-]S(=O)(=O)C(F)(F)C(F)(F)C(F)(F)C(F)(F)F,40.0
[I-].C[N+]1=CN(CCO[Si](C)(C)C)C=C1,69.0
[Br-].C[Si](C)(C)OCCN1C=C[N+](CCF)=C1,126.0
[I-].C[Si](C)(C)OCCN1C=C[N+](CCC(F)(F)F)=C1,133.0
FC(F)(F)S(=O)(=O)[N-]S(=O)(=O)C(F)(F)F.CCC(=O)C[N+]1=CN(CCC(F)(F)F)C=C1,128.0
F[B-](F)(F)F.C[N+]1=CN(CC#N)C=C1,35.0
F[P-](F)(F)(F)(F)F.C[N+]1=CN(CC#N)C=C1,78.0
[Cl-].C[N+]1=CN(CCC#N)C=C1,50.0
F[B-](F)(F)F.C[N+]1=CN(CCC#N)C=C1,20.0
F[P-](F)(F)(F)(F)F.C[N+]1=CN(CCC#N)C=C1,35.0
[Cl-].C[N+]1=CN(CCCC#N)C=C1,80.0
F[B-](F)(F)F.C[N+]1=CN(CCCC#N)C=C1,-72.0
CC(CC#N)[B-](F)(F)F.C[N+]1=CN(CCCC#N)C=C1,-77.0
F[P-](F)(F)(F)(F)F.C[N+]1=CN(CCCC#N)C=C1,75.0
[Cl-].C[N+]1=CN(CCCCC#N)C=C1,32.0
F[B-](F)(F)F.C[N+]1=CN(CCCCC#N)C=C1,-72.0
F[P-](F)(F)(F)(F)F.C[N+]1=CN(CCCCC#N)C=C1,-60.0
F[B-](F)(F)F.CCCC[NH+]1CN(CCP(=O)(OCC)OCC)C=C1,-81.0
F[P-](F)(F)(F)(F)F.CCCC[NH+]1CN(CCP(=O)(OCC)OCC)C=C1,-50.0
F[B-](F)(F)F.CCCC[NH+]1CN(CCCP(=O)(OCC)OCC)C=C1,-64.0
F[P-](F)(F)(F)(F)F.CCCC[NH+]1CN(CCCP(=O)(OCC)OCC)C=C1,-53.0
F[B-](F)(F)F.CCCCCC[NH+]1CN(CCP(=O)(OCC)OCC)C=C1,-83.0
F[P-](F)(F)(F)(F)F.CCCCCC[NH+]1CN(CCP(=O)(OCC)OCC)C=C1,-62.0
F[B-](F)(F)F.CCCCCC[NH+]1CN(CCCP(=O)(OCC)OCC)C=C1,-76.0
F[P-](F)(F)(F)(F)F.CCCCCC[NH+]1CN(CCCP(=O)(OCC)OCC)C=C1,-66.0
F[B-](F)(F)F.CCCCCCCC[NH+]1CN(CCP(=O)(OCC)OCC)C=C1,-80.0
F[P-](F)(F)(F)(F)F.CCCCCCCC[NH+]1CN(CCP(=O)(OCC)OCC)C=C1,-64.0
F[B-](F)(F)F.CCCCCCCC[NH+]1CN(CCCP(=O)(OCC)OCC)C=C1,-65.0
F[P-](F)(F)(F)(F)F.CCCCCCCC[NH+]1CN(CCCP(=O)(OCC)OCC)C=C1,-93.0
FC(F)(F)S(=O)(=O)[N-]S(=O)(=O)C(F)(F)F.C[N+]1=CN(CCC(F)(F)C(F)(F)S(F)(F)(F)(F)F)C=C1,-56.0
FC(F)(F)S(=O)(=O)[N-]S(=O)(=O)C(F)(F)F.C[N+]1=CN(CCCCC(F)(F)C(F)(F)S(F)(F)(F)(F)F)C=C1,-57.0
FC(F)(F)S(=O)(=O)[N-]S(=O)(=O)C(F)(F)F.C[N+]1=CN(CCC(F)(F)C(F)(F)C(F)(F)C(F)(F)S(F)(F)(F)(F)F)C=C1,-50.0
F[P-](F)(F)(F)(F)F.C[N+]1=CN(CCCSC(=S)N(C2=CC=CC=C2)C2=CC=CC=C2)C=C1,54.0
F[P-](F)(F)(F)(F)F.C[N+]1=CN(CCCSC(=S)N2CCOCC2)C=C1,51.0
F[P-](F)(F)(F)(F)F.C[N+]1=CN(CCCSC(=S)N2C=CN=C2)C=C1,125.0
F[P-](F)(F)(F)(F)F.CN1C=C[N+](CCCBr)=C1,46.0
[Cl-].CCCCN1C=C[N+](CC(C)O)=C1,137.0
F[P-](F)(F)(F)(F)F.CCCCNC(=O)CN1C=C[N+](C)=C1,65.0
F[P-](F)(F)(F)(F)F.CCCCN(C)C(=O)CN1C=C[N+](C)=C1,63.0
[Br-].CCN(CC)C(=O)C[N+]1=CN(C)C=C1,67.0
CCN(CC)C(=O)C[N+]1=CN(C)C=C1.FC(F)(F)S(=O)(=O)[N-]S(=O)(=O)C(F)(F)F,44.0
F[P-](F)(F)(F)(F)F.CCN(CC)C(=O)C[N+]1=CN(C)C=C1,65.0
CC(CC#N)[B-](F)(F)F.C[N+]1=CN(CC#C)C=C1,-80.0
F[B-](F)(F)F.C[N+]1=CN(CC=C)C=C1,-81.0
CC(CC#N)[B-](F)(F)F.C[N+]1=CN(CC=C)C=C1,-89.0
CC(CC#N)[B-](F)(F)F.C[N+]1=CN(CCCC(O)=O)C=C1,-59.0
F[B-](F)(F)F.C#CCN1C=C[N+](CC#C)=C1,67.0
CC(CC#N)[B-](F)(F)F.C#CCN1C=C[N+](CC#C)=C1,-55.0
CC(CC#N)[B-](F)(F)F.C=CCN1C=C[N+](CC=C)=C1,-87.0
CC(CC#N)[B-](F)(F)F.N#CCCCN1C=C[N+](CCCC#N)=C1,-70.0
CC(CC#N)[B-](F)(F)F.OC(=O)CCCN1C=C[N+](CCCC(O)=O)=C1,38.0
[Br-].C[C@H](C[N+]1=CN(C)C=C1)OCC1=CC=CC=C1,58.0
F[B-](F)(F)F.C[C@H](C[N+]1=CN(C)C=C1)OCC1=CC=CC=C1,42.0
F[P-](F)(F)(F)(F)F.C[C@H](C[N+]1=CN(C)C=C1)OCC1=CC=CC=C1,93.0
F[P-](F)(F)(F)(F)F.CN1C=C[N+](CC(Br)CBr)=C1,71.0
[Cl-].C#CCCCN1C=C[N+](CCCC#C)=C1,65.0
F[B-](F)(F)F.C#CCCCN1C=C[N+](CCCC#C)=C1,-23.0
[O-]S(=O)(=O)C(F)(F)F.C(N1C=C[N+](CC2=CC=CC=C2)=C1)C1=CC=CC=C1,73.0
CC1=CC=C(C=C1)S([O-])(=O)=O.C(N1C=C[N+](CC2=CC=CC=C2)=C1)C1=CC=CC=C1,114.0
[Cl-].CC1=NC(C)=C(C)[NH2+]1,194.0
[Cl-].CN1C=C[N+](C)=C1C,189.0
[Cl-].CCN1C=C[N+](C)=C1C,188.0
[Br-].CCN1C=C[N+](C)=C1C,141.0
CCN1C=C[N+](C)=C1C.FC(F)(F)C(F)(F)S(=O)(=O)[N-]S(=O)(=O)C(F)(F)C(F)(F)F,25.0
[O-]S(=O)(=O)C(F)(F)F.CCN1C=C[N+](C)=C1C,109.0
[O-]C(=O)C(F)(F)F.CCN1C=C[N+](C)=C1C,59.0
CC[N+]1=CN(C)C=C1C.FC(F)(F)S(=O)(=O)[N-]S(=O)(=O)C(F)(F)F,-39.0
[O-]S(=O)(=O)C(F)(F)F.CC[N+]1=CN(C)C=C1C,6.0
[O-]C(=O)C1=CC=CC=C1.CCN1C=C(C)[N+](CC)=C1,16.0
CCN1C=C(C)[N+](CC)=C1.FC(F)(F)S(=O)(=O)[N-]S(=O)(=O)C(F)(F)F,-22.0
[O-]S(=O)(=O)C(F)(F)F.CCN1C=C(C)[N+](CC)=C1,35.0
[Cl-].CCCN1C=C[N+](CC)=C1CC,138.0
CCCN1C=C[N+](C)=C1C.FC(F)(F)S(=O)(=O)[N-]S(=O)(=O)C(F)(F)F,15.0
CCCN1C=C[N+](C)=C1C.FC(F)(F)C(F)(F)S(=O)(=O)[N-]S(=O)(=O)C(F)(F)C(F)(F)F,34.0
F[P-](F)(F)(F)(F)F.CCCN1C=C[N+](C)=C1C,78.0
CCC1=[N+](CC)C=CN1C.FC(F)(F)S(=O)(=O)[N-]S(=O)(=O)C(F)(F)F,28.0
[O-]S(=O)(=O)C(F)(F)F.CCC1=[N+](CC)C=CN1C,113.0
F[B-](F)(F)F.CCCC[N+]1=C(C)N(C)C=C1,37.0
CCCC[N+]1=C(C)N(C)C=C1.O=C1[N-]S(=O)(=O)C2=CC=CC=C12,70.0
CCCC[N+]1=C(C)N(C)C=C1.[O-]S(=O)(=O)C(F)(F)C(F)(F)C(F)(F)C(F)(F)F,60.0
CCCC[N+]1=C(C)N(C)C=C1.[O-]S(=O)(=O)OCCCC(F)(F)C(F)(F)F,13.0
CCCC[N+]1=C(C)N(C)C=C1.[O-]S(=O)(=O)OCC(F)(F)C(F)(F)C(F)(F)C(F)F,-14.0
CCCC[N+]1=C(C)N(C)C=C1.CCCCCCOCCOCCOCCOCCOCCOCCOCCOCCOCCOCCOS([O-])(=O)=O,36.0
F[P-](F)(F)(F)(F)F.CCCC[N+]1=C(C)N(C)C=C1,40.0
[O-]S(=O)(=O)C(F)(F)F.CCCCCCCC[N+]1=C(C)N(C)C=C1,-38.0
[Cl-].CC1=[NH+]C=CN1CCCC#N,105.0
F[B-](F)(F)F.CC1=[NH+]C=CN1CCCC#N,40.0
F[P-](F)(F)(F)(F)F.CC1=[NH+]C=CN1CCCC#N,85.0
[O-][Cl](=O)(=O)=O.CN1C=C([N+]([O-])=O)[N+](C)=C1,172.0
[O-][N+]([O-])=O.CN1C=C([N+]([O-])=O)[N+](C)=C1,163.0
CN1C=C[N+]2=C1CCC2.FC(F)(F)S(=O)(=O)[N-]S(=O)(=O)C(F)(F)F,84.0
CCCCCC[N+]1=C(C)N(C)C=C1.FC(F)(F)S(=O)(=O)[N-]S(=O)(=O)C(F)(F)F,-5.0
[Br-].CCN1C=C[N+](=C1)C(C)CO,6.0
[Br-].CCN1C=C[N+](=C1)C(CO)C(C)C,12.0
[Br-].CCN1C=C[N+](=C1)C(CO)CC(C)C,16.0
C[N+]1=C2CCCCN2C=C1.FC(F)(F)S(=O)(=O)[N-]S(=O)(=O)C(F)(F)F,47.0
CCN1C=C[N+](CC)=C1C.FC(F)(F)S(=O)(=O)[N-]S(=O)(=O)C(F)(F)F,-22.0
[O-][Cl](=O)(=O)=O.CN1C=C([N+]([O-])=O)[N+](C)=C1C,186.0
[O-][N+]([O-])=O.CN1C=C([N+]([O-])=O)[N+](C)=C1C,161.0
[O-][Cl](=O)(=O)=O.CC[N+]1=C(C)N(C)C=C1[N+]([O-])=O,146.0
[O-][N+]([O-])=O.CC[N+]1=C(C)N(C)C=C1[N+]([O-])=O,65.0
[I-].CN1C(C)=C(C)[N+](C)=C1C,213.0
CN1C(C)=C(C)[N+](C)=C1C.FC(F)(F)S(=O)(=O)[N-]S(=O)(=O)C(F)(F)F,118.0
F[P-](F)(F)(F)(F)F.CN1C(C)=C(C)[N+](C)=C1C,166.0
CCCC[N+]1=NN(C)C2=CC=CC=C12.FC(F)(F)S(=O)(=O)[N-]S(=O)(=O)C(F)(F)F,29.0
CS([O-])(=O)=O.CCCC[N+]1=NN(C)C2=CC=CC=C12,57.0
CC1=CC=C(C=C1)S([O-])(=O)=O.CCCC[N+]1=NN(C)C2=CC=CC=C12,120.0
[Br-].CN1N=[N+](CC2=CC=CC=C2)C2=CC=CC=C12,173.0
FC(F)(F)S(=O)(=O)[N-]S(=O)(=O)C(F)(F)F.CN1N=[N+](CC2=CC=CC=C2)C2=CC=CC=C12,69.0
CS([O-])(=O)=O.CN1N=[N+](CC2=CC=CC=C2)C2=CC=CC=C12,92.0
CC1=CC=C(C=C1)S([O-])(=O)=O.CN1N=[N+](CC2=CC=CC=C2)C2=CC=CC=C12,143.0
[I-].CN1C=N[N+](CCN=[N+]=[N-])=C1,54.0
[O-][Cl](=O)(=O)=O.C[N+]1=CN(CCN=[N+]=[N-])C=N1,63.0
[O-][N+]([O-])=O.[N-]=[N+]=NCC[NH+]1C=NC=N1,99.0
[Br-].NN1C=N[N+](CCN=[N+]=[N-])=C1,85.0
[O-][N+]([O-])=O.NN1C=N[N+](CCN=[N+]=[N-])=C1,70.0
[O-]S(=O)(=O)C(F)(F)F.CCCC[N+]1=CN(CCC(F)(F)F)C=N1,33.0
CCCC[N+]1=CN(CCC(F)(F)F)C=N1.FC(F)(F)S(=O)(=O)[N-]S(=O)(=O)C(F)(F)F,69.0
FC(F)(F)S(=O)(=O)[N-]S(=O)(=O)C(F)(F)F.CCCCCCCN1C=[N+](CCC(F)(F)C(F)(F)C(F)(F)C(F)(F)F)C=N1,55.0
FC(F)(F)S(=O)(=O)[N-]S(=O)(=O)C(F)(F)F.CCCCCCCCCCN1C=[N+](CCC(F)(F)C(F)(F)C(F)(F)C(F)(F)F)C=N1,53.0
FC(F)(F)S(=O)(=O)[N-]S(=O)(=O)C(F)(F)F.CN1C=[N+](CCC(F)(F)C(F)(F)C(F)(F)C(F)(F)C(F)(F)C(F)(F)F)C=N1,62.0
FC(F)(F)S(=O)(=O)[N-]S(=O)(=O)C(F)(F)F.CCCCN1C=[N+](CCC(F)(F)C(F)(F)C(F)(F)C(F)(F)C(F)(F)C(F)(F)F)C=N1,28.0
FC(F)(F)S(=O)(=O)[N-]S(=O)(=O)C(F)(F)F.CCCCCCCN1C=[N+](CCC(F)(F)C(F)(F)C(F)(F)C(F)(F)C(F)(F)C(F)(F)F)C=N1,22.0
F[B-](F)(F)F.CCCCCCC[N+]1=CN(C=N1)C(C)F,52.0
[O-]S(=O)(=O)C(F)(F)F.CCCCCCCCCC[N+]1=CN(C=N1)C(C)F,46.0
[Br-].CCCCCCCN1C=[N+](CC(O)C(F)(F)F)C=N1,98.0
[O-][N+]([O-])=O.CN1C=[N+](C)C=N1,1.0
[O-][Cl](=O)(=O)=O.C[N+]1=CN(N)C=N1,86.0
[O-][N+]([O-])=O.C[N+]1=CN(N)C=N1,54.0
[N-]=[N+]=[N-].C[N+]1=CN(N)C=N1,43.0
[O-][Cl](=O)(=O)=O.C[NH+]1C=NC(N=[N+]=[N-])=N1,55.0
[O-][N+]([O-])=O.C[NH+]1C=NC(N=[N+]=[N-])=N1,66.0
C[NH+]1C=NC(N=[N]#N)=N1.O=C(ON(=O)=O)C1=N[N-]N=N1,-38.0
C[NH+]1C=NC(N=[N+]=[N-])=N1.[O-]C(=O)C1=NC(=C(N1)[N+]([O-])=O)[N+]([O-])=O,80.0
[O-][N+]([O-])=O.CC1=NC(N=[N+]=[N-])=N[NH2+]1,118.0
[O-][N+]([O-])=O.[N-]=[N+]=NC1=N[NH2+]C=N1,147.0
[N-]=[N+]=NC1=N[NH2+]C=N1.[O-]C(=O)C1=NC(=C(N1)[N+]([O-])=O)[N+]([O-])=O,92.0
[O-][N+]([O-])=O.[N-]=[N+]=NC1=NC(N=[N+]=[N-])=N[NH2+]1,97.0
[O-][Cl](=O)(=O)=O.CN1C=[N+](C)N=C1N=[N+]=[N-],68.0
[O-][N+]([O-])=O.CN1C=[N+](C)N=C1N=[N+]=[N-],98.0
FC(F)(F)S(=O)(=O)[N-]S(=O)(=O)C(F)(F)F.CCCN1C=[N+](CCCCC(F)(F)C(F)(F)S(F)(F)(F)(F)F)C=N1,-55.0
[O-][Cl](=O)(=O)=O.N[NH+]1C=NC=N1,91.0
[O-][N+]([O-])=O.N[NH+]1C=NC=N1,121.0
[NH3+]N1C=NN=C1.O=C(ON(=O)=O)C1=N[N-]N=N1,102.0
[NH3+]N1C=NN=C1.[O-]C(=O)C1=NC(=C(N1)[N+]([O-])=O)[N+]([O-])=O,137.0
[NH3+]N1C=NN=C1.O=N(=O)C1=NC=N[N-]1,64.0
[O-][Cl](=O)(=O)=O.[NH3+]N1C=NN=C1,83.0
[O-][N+]([O-])=O.[NH3+]N1C=NN=C1,69.0
[O-][Cl](=O)(=O)=O.CN1C=N[N+](N)=C1,108.0
[O-][Cl](=O)(=O)=O.N[NH+]1N=CN=C1N,138.0
[O-][N+]([O-])=O.N[NH+]1N=CN=C1N,159.0
N[NH+]1N=CN=C1N.[O-]C(=O)C1=NC(=C(N1)[N+]([O-])=O)[N+]([O-])=O,153.0
[NH2+]1C=NC=N1.[O-]C(=O)C1=NC(=C(N1)[N+]([O-])=O)[N+]([O-])=O,156.0
C[NH+]1C=NC=N1.[O-]C(=O)C1=NC(=C(N1)[N+]([O-])=O)[N+]([O-])=O,102.0
F[P-](F)(F)(F)(F)F.CCCC[N+]1=NN(CC)C2=CC=CC=C12,101.0
[Br-].CCCCN1N=[N+](CCCC)C2=CC=CC=C12,88.0
F[B-](F)(F)F.CCCCN1N=[N+](CCCC)C2=CC=CC=C12,85.0
F[P-](F)(F)(F)(F)F.CCCCN1N=[N+](CCCC)C2=CC=CC=C12,113.0
[I-].CN1C(C)=[N+](CCCF)N=C1C(F)(F)F,115.0
CN1C(C)=[N+](CCCF)N=C1C(F)(F)F.FC(F)(F)S(=O)(=O)[N-]S(=O)(=O)C(F)(F)F,49.0
[O-][Cl](=O)(=O)=O.CN1N=C([N+](C)=C1C)C(F)(F)C(F)(F)C(F)(F)C(F)(F)C(F)(F)C(F)(F)C(F)(F)C(F)(F)F,90.0
F[B-](F)(F)F.CN1N=C([N+](C)=C1C)C(F)(F)C(F)(F)C(F)(F)C(F)(F)C(F)(F)C(F)(F)C(F)(F)C(F)(F)F,98.0
FC(F)(F)S(=O)(=O)[N-]S(=O)(=O)C(F)(F)F.CN1N=C([N+](C)=C1C)C(F)(F)C(F)(F)C(F)(F)C(F)(F)C(F)(F)C(F)(F)C(F)(F)C(F)(F)F,81.0
[O-][Cl](=O)(=O)=O.CN1C(C)=[N+](C)N=C1C(F)(F)F,128.0
F[B-](F)(F)F.CN1C(C)=[N+](C)N=C1C(F)(F)F,130.0
CN1C(C)=[N+](C)N=C1C(F)(F)F.FC(F)(F)S(=O)(=O)[N-]S(=O)(=O)C(F)(F)F,70.0
[O-]S(=O)(=O)C(F)(F)F.CN1C(C)=[N+](C)N=C1C(F)(F)F,137.0
[O-][N+]([O-])=O.CN1C=C[N+](N)=N1,87.0
[N-]=[N+]=[N-].CN1C=C[N+](N)=N1,50.0
[O-][N+]([O-])=O.CCN1C=C[N+](N)=N1,31.0
[O-][N+]([O-])=O.CCCN1C=C[N+](N)=N1,34.0
[O-][N+]([O-])=O.N[N+]1=NN(CC=C)C=C1,10.0
[O-][N+]([O-])=O.CCCCN1C=C[N+](N)=N1,49.0
[Br-].NN1C=N[N+](CCBr)=C1,131.0
C[N+]1(C)CCCC1.FC(F)(F)S(=O)(=O)[N-]S(=O)(=O)C(F)(F)F,105.0
N#C[N-]C#N.C[N+]1(C)CCCC1,115.0
C[N+]1(C)CCCC1.FC(F)(F)C(=O)[N-]S(=O)(=O)C(F)(F)F,14.0
C[N+]1(C)CCCC1.CS(=O)(=O)[N-]S(C)(=O)=O,48.0
CS([O-])(=O)=O.C[N+]1(C)CCCC1,200.0
C[N+]1(C)CCCC1.[O-]S(=O)(=O)C(F)(F)C(F)(F)C(F)(F)C(F)(F)F,198.0
C[N+]1(C)CCCC1.CC1=CC=C(C=C1)S([O-])(=O)=O,167.0
C[N+]1(C)CCCC1.OC(=O)C=CC([O-])=O,74.0
C[N+]1(C)CCCC1.OC(=O)C1=CC=CC=C1C([O-])=O,88.0
N#C[N-]C#N.CC[N+]1(C)CCCC1,-10.0
CS([O-])(=O)=O.CC[N+]1(C)CCCC1,40.0
CC[N+]1(C)CCCC1.[O-]S(=O)(=O)C(F)(F)C(F)(F)C(F)(F)C(F)(F)F,176.0
CC[N+]1(C)CCCC1.CC1=CC=C(C=C1)S([O-])(=O)=O,120.0
N#C[N-]C#N.CCC[N+]1(C)CCCC1,-35.0
CCC[N+]1(C)CCCC1.FS(=O)(=O)[N-]S(F)(=O)=O,-18.0
CS([O-])(=O)=O.CCC[N+]1(C)CCCC1,80.0
CCC[N+]1(C)CCCC1.CC1=CC=C(C=C1)S([O-])(=O)=O,80.0
F[B-](F)(F)F.CCCC[N+]1(C)CCCC1,78.0
F[B-](F)(F)C(F)(F)F.CCCC[N+]1(C)CCCC1,-18.0
CCCC[N+]1(C)CCCC1.F[B-](F)(F)C(F)(F)C(F)(F)F,22.0
CCCC[N+]1(C)CCCC1.F[B-](F)(F)C(F)(F)C(F)(F)C(F)(F)F,53.0
CCCC[N+]1(C)CCCC1.F[B-](F)(F)C(F)(F)C(F)(F)C(F)(F)C(F)(F)F,61.0
N#C[N-]C#N.CCCC[N+]1(C)CCCC1,-55.0
CS(=O)(=O)[N-]S(C)(=O)=O.CCCC[N+]1(C)CCCC1,-58.0
CS([O-])(=O)=O.CCCC[N+]1(C)CCCC1,63.0
CCCC[N+]1(C)CCCC1.[O-]S(=O)(=O)C(F)(F)C(F)(F)C(F)(F)C(F)(F)F,94.0
CCCC[N+]1(C)CCCC1.CC1=CC=C(C=C1)S([O-])(=O)=O,115.0
OP(O)([O-])=O.CCCC[N+]1(C)CCCC1,112.0
CC([O-])=O.CCCC[N+]1(C)CCCC1,81.0
N#C[N-]C#N.CCCCCC[N+]1(C)CCCC1,-55.0
CS(=O)(=O)[N-]S(C)(=O)=O.CCCCCC[N+]1(C)CCCC1,-55.0
CS([O-])(=O)=O.CCCCCC[N+]1(C)CCCC1,86.0
CCCCCC[N+]1(C)CCCC1.[O-]S(=O)(=O)C(F)(F)C(F)(F)C(F)(F)C(F)(F)F,120.0
CC1=CC=C(C=C1)S([O-])(=O)=O.CCCCCC[N+]1(C)CCCC1,137.0
COC(=O)C[N+]1(C)CCCC1.FC(F)(F)S(=O)(=O)[N-]S(=O)(=O)C(F)(F)F,-42.0
CCCCC[N+]1(C)CCCC1.[O-]S(=O)(=O)C(F)(F)C(F)(F)C(F)(F)C(F)(F)F,117.0
C[NH+]1CCCC1.[O-]C(=O)C(F)(F)F,38.0
[O-]C=O.C[NH+]1CCCC1,-32.0
F[B-](F)(F)F.COC[N+]1(C)CCCC1,-18.0
COC[N+]1(C)CCCC1.FC(F)(F)S(=O)(=O)[N-]S(=O)(=O)C(F)(F)F,-21.0
F[B-](F)(F)C(F)(F)F.COC[N+]1(C)CCCC1,-4.0
COC[N+]1(C)CCCC1.F[B-](F)(F)C(F)(F)C(F)(F)F,26.0
F[B-](F)(F)F.COCC[N+]1(C)CCCC1,12.0
F[B-](F)(F)C(F)(F)F.COCC[N+]1(C)CCCC1,-16.0
COCC[N+]1(C)CCCC1.F[B-](F)(F)C(F)(F)C(F)(F)F,-3.0
CCC[N+]1(C)CCCCC1.FC(F)(F)C(F)(F)S(=O)(=O)[N-]S(=O)(=O)C(F)(F)F,-4.0
CC[N+]1(CC(=O)OC)CCCCC1.FC(F)(F)S(=O)(=O)[N-]S(=O)(=O)C(F)(F)F,-42.0
CC1(C)CC(N)CC(C)(C)[NH2+]1.FC(F)(F)C(=O)[CH-]C(=O)C(F)(F)F,88.0
CC1(C)CC(N)CC(C)(C)[NH2+]1.FC(F)(F)C(=O)[CH-]C(=O)C1=CC=CO1,152.0
F[B-](F)(F)C(F)(F)F.COCC[N+]1(C)CCCCC1,-16.0
COCC[N+]1(C)CCCCC1.F[B-](F)(F)C(F)(F)C(F)(F)F,-15.0
COCC[N+]1(C)CCCCC1.F[B-](F)(F)C(F)(F)C(F)(F)C(F)(F)F,-9.0
COCC[N+]1(C)CCCCC1.F[B-](F)(F)C(F)(F)C(F)(F)C(F)(F)C(F)(F)F,20.0
F[B-](F)(F)F.CCCC[N+]1(C)CCCCC1,146.0
F[B-](F)(F)C(F)(F)F.CCCC[N+]1(C)CCCCC1,12.0
CCCC[N+]1(C)CCCCC1.F[B-](F)(F)C(F)(F)C(F)(F)F,41.0
CCCC[N+]1(C)CCCCC1.F[B-](F)(F)C(F)(F)C(F)(F)C(F)(F)F,81.0
CCCC[N+]1(C)CCCCC1.F[B-](F)(F)C(F)(F)C(F)(F)C(F)(F)C(F)(F)F,92.0
F[B-](F)(F)F.CCCCCCCC[N+]1(C)CCCCC1,92.0
[O-]S(=O)(=O)C(F)(F)F.CCCCCCCC[N+]1(C)CCCCC1,47.0
CC[NH+]1CCC=C1C.FC(F)(F)S(=O)(=O)[N-]S(=O)(=O)C(F)(F)F,45.0
[I-].CCC[NH+]1CCC=C1C,85.0
CCC[NH+]1CCC=C1C.FC(F)(F)S(=O)(=O)[N-]S(=O)(=O)C(F)(F)F,19.0
[I-].CCCC[NH+]1CCC=C1C,111.0
CCCC[NH+]1CCC=C1C.FC(F)(F)S(=O)(=O)[N-]S(=O)(=O)C(F)(F)F,36.0
F[B-](F)(F)F.CCCC[N+]1=CC=CC=C1,15.0
CCCC[N+]1=CC=CC=C1.FC(F)(F)S(=O)(=O)[N-]S(=O)(=O)C(F)(F)F,26.0
CCCC[N+]1=CC=CC=C1.[O-]S(=O)(=O)OCC(F)(F)C(F)(F)C(F)(F)C(F)F,3.0
[O-]C(=O)C1=CC=CC=C1.CCCC[N+]1=CC=CC=C1,11.0
F[P-](F)(F)(F)(F)F.CCCCCCCCCCCC[N+]1=CC=CC=C1,106.0
CCCCCCCCCCCC[N+]1=CC=CC=C1.FC(F)(F)C1=CC(=CC(=C1)[B-](C1=CC(=CC(=C1)C(F)(F)F)C(F)(F)F)(C1=CC(=CC(=C1)C(F)(F)F)C(F)(F)F)C1=CC(=CC(=C1)C(F)(F)F)C(F)(F)F)C(F)(F)F,64.0
F[P-](F)(F)(F)(F)F.CCCCCCCCCCCCCC[N+]1=CC=CC=C1,124.0
F[P-](F)(F)(F)(F)F.CCCCCCCCCCCCCCCC[N+]1=CC=CC=C1,126.0
F[P-](F)(F)(F)(F)F.CCCCCCCCCCCCCCCCCC[N+]1=CC=CC=C1,126.0
[O-]C(=O)C1=CC=CC=C1.CCCC[N+]1=CC=C(C)C=C1,10.0
F[P-](F)(F)(F)(F)F.CCCCCCCCCCCC[N+]1=CC=CC(C)=C1,55.0
F[P-](F)(F)(F)(F)F.CCCCCCCCCCCC[N+]1=CC=C(C)C=C1,56.0
F[P-](F)(F)(F)(F)F.CCCCCCCCCCCCCC[N+]1=CC=CC(C)=C1,68.0
F[P-](F)(F)(F)(F)F.CCCCCCCCCCCCCC[N+]1=CC=C(C)C=C1,71.0
F[P-](F)(F)(F)(F)F.CCCCCCCCCCCCCCCC[N+]1=CC=CC(C)=C1,74.0
F[P-](F)(F)(F)(F)F.CCCCCCCCCCCCCCCC[N+]1=CC=C(C)C=C1,75.0
F[P-](F)(F)(F)(F)F.CCCCCCCCCCCCCCCCCC[N+]1=CC=CC(C)=C1,87.0
F[P-](F)(F)(F)(F)F.CCCCCCCCCCCCCCCCCC[N+]1=CC=C(C)C=C1,88.0
[Cl-].N#CCCC[N+]1=CC=CC=C1,101.0
F[B-](F)(F)F.N#CCCC[N+]1=CC=CC=C1,62.0
N#CCCC[N+]1=CC=CC=C1.FC(F)(F)S(=O)(=O)[N-]S(=O)(=O)C(F)(F)F,-65.0
F[P-](F)(F)(F)(F)F.N#CCCC[N+]1=CC=CC=C1,95.0
CC[N+]1=CC=CC=C1.[O-]S(=O)(=O)OCC(F)(F)C(F)(F)C(F)(F)C(F)F,-11.0
FC(F)(F)S(=O)(=O)[N-]S(=O)(=O)C(F)(F)F.FC(F)(CC[N+]1=CC=CC=C1)C(F)(F)S(F)(F)(F)(F)F,33.0
FC(F)(F)S(=O)(=O)[N-]S(=O)(=O)C(F)(F)F.FC(F)(CCCC[N+]1=CC=CC=C1)C(F)(F)S(F)(F)(F)(F)F,18.0
FC(F)(F)S(=O)(=O)[N-]S(=O)(=O)C(F)(F)F.FC(F)(CC[N+]1=CC=CC=C1)C(F)(F)C(F)(F)C(F)(F)S(F)(F)(F)(F)F,36.0
FC(F)(F)S(=O)(=O)[N-]S(=O)(=O)C(F)(F)F.FCCC[N+]1=CC=C(C=C1)C1=CC=NC=C1,62.0
[O-]S(=O)(=O)C(F)(F)F.FCCC[N+]1=CC=C(C=C1)C1=CC=NC=C1,88.0
FC(F)(F)S(=O)(=O)[N-]S(=O)(=O)C(F)(F)F.FC(F)(F)CC[N+]1=CC=C(C=C1)C1=CC=NC=C1,67.0
[O-]S(=O)(=O)C(F)(F)F.FC(F)(F)CC[N+]1=CC=C(C=C1)C1=CC=NC=C1,98.0
FC(F)(F)S(=O)(=O)[N-]S(=O)(=O)C(F)(F)F.FC(F)(F)C(F)(F)C(F)(F)C(F)(F)C(F)(F)C(F)(F)CC[N+]1=CC=C(C=C1)C1=CC=NC=C1,52.0
[O-]S(=O)(=O)C(F)(F)F.FC(F)(F)C(F)(F)C(F)(F)C(F)(F)C(F)(F)C(F)(F)CC[N+]1=CC=C(C=C1)C1=CC=NC=C1,104.0
FC(F)(F)S(=O)(=O)[N-]S(=O)(=O)C(F)(F)F.FC(F)(F)C(F)(F)C(F)(F)C(F)(F)C(F)(F)C(F)(F)C(F)(F)C(F)(F)CC[N+]1=CC=C(C=C1)C1=CC=NC=C1,94.0
[O-]S(=O)(=O)C(F)(F)F.FC(F)(F)C(F)(F)C(F)(F)C(F)(F)C(F)(F)C(F)(F)C(F)(F)C(F)(F)CC[N+]1=CC=C(C=C1)C1=CC=NC=C1,109.0
[Br-].CCCC[N+]1=CC(C)=CC(C)=C1,95.0
[Br-].CCCC[N+]1=CC=C(C=C1)N(C)C,222.0
FC(F)(F)S(=O)(=O)[N-]S(=O)(=O)C(F)(F)F.CCCCOC(=O)C1=CC=C[N+](CCCC)=C1,15.0
CCCCCC[N+]1=CC(C)=CC(C)=C1.FC(F)(F)S(=O)(=O)[N-]S(=O)(=O)C(F)(F)F,10.0
[Br-].CCCCCC[N+]1=CC=C(C=C1)N(C)C,196.0
[Br-].CCCCCC[N+]1=CC=C(N(C)C)C(C)=C1,119.0
FC(F)(F)S(=O)(=O)[N-]S(=O)(=O)C(F)(F)F.CCCCCC[N+]1=CC=C(N(C)C)C(C)=C1,-2.0
FC(F)(F)S(=O)(=O)[N-]S(=O)(=O)C(F)(F)F.CCCCCC[N+]1=CC=C(C=C1)N1CCC(C)CC1,37.0
OP(O)([O-])=O.OS(=O)(=O)CCC[N+]1=CC=CC=C1,90.0
CCCCCCCCCCCC[N+]1=CC=C2C=CC=CC2=C1.FC(F)(F)C1=CC(=CC(=C1)[B-](C1=CC(=CC(=C1)C(F)(F)F)C(F)(F)F)(C1=CC(=CC(=C1)C(F)(F)F)C(F)(F)F)C1=CC(=CC(=C1)C(F)(F)F)C(F)(F)F)C(F)(F)F,72.0
CCCCCCCCCCCCCCCCCC[N+]1=CC=C2C=CC=CC2=C1.FC(F)(F)C1=CC(=CC(=C1)[B-](C1=CC(=CC(=C1)C(F)(F)F)C(F)(F)F)(C1=CC(=CC(=C1)C(F)(F)F)C(F)(F)F)C1=CC(=CC(=C1)C(F)(F)F)C(F)(F)F)C(F)(F)F,31.0
[I-].CCCC[N+]1=C(SC[C@H]1CC)C(C)C,137.0
F[B-](F)(F)F.CCCC[N+]1=C(SC[C@H]1CC)C(C)C,111.0
F[P-](F)(F)(F)(F)F.CCCC[N+]1=C(SC[C@H]1CC)C(C)C,136.0
F[P-](F)(F)(F)(F)F.CCCCCCCCCCCC[N+]1=C(SC[C@H]1CC)C(C)C,42.0
C[S+](C)C.F[B-](F)(F)F,217.0
C[S+](C)C.FC(F)(F)S(=O)(=O)[N-]S(=O)(=O)C(F)(F)F,45.0
C[S+](C)C.N#C[N-]C#N,-1.0
C[S+](C)C.FC(F)(F)C(=O)[N-]S(=O)(=O)C(F)(F)F,32.0
CC[S+](CC)CC.FC(F)(F)C(=O)[N-]S(=O)(=O)C(F)(F)F,32.0
CCCC[S+](CCCC)CCCC.FC(F)(F)S(=O)(=O)[N-]S(=O)(=O)C(F)(F)F,-8.0
CC[S+](C)C.N#C[N-]C#N,-28.0
C[N+](C)(C)C.FC(F)(F)S(=O)(=O)[N-]S(=O)(=O)C(F)(F)F,136.0
CC[N+](C)(C)C.FC(F)(F)S(=O)(=O)[N-]S(=O)(=O)C(F)(F)F,105.0
CC[N+](C)(C)C.FC(F)(F)C(=O)[N-]S(=O)(=O)C(F)(F)F,-10.0
F[B-](F)(F)F.COC[N+](C)(C)C,46.0
COC[N+](C)(C)C.FC(F)(F)S(=O)(=O)[N-]S(=O)(=O)C(F)(F)F,5.0
CCC[N+](C)(C)C.FC(F)(F)S(=O)(=O)[N-]S(=O)(=O)C(F)(F)F,19.0
CCC[N+](C)(C)C.FC(F)(F)C(=O)[N-]S(=O)(=O)C(F)(F)F,10.0
CCC[N+](C)(C)C.FC(F)(F)C(F)(F)S(=O)(=O)[N-]S(=O)(=O)C(F)(F)F,19.0
CC(C)[N+](C)(C)C.FC(F)(F)S(=O)(=O)[N-]S(=O)(=O)C(F)(F)F,129.0
CC(C)[N+](C)(C)C.FC(F)(F)C(=O)[N-]S(=O)(=O)C(F)(F)F,29.0
CC[N+](C)(C)CC.FC(F)(F)S(=O)(=O)[N-]S(=O)(=O)C(F)(F)F,96.0
C[N+](C)(C)CC=C.FC(F)(F)S(=O)(=O)[N-]S(=O)(=O)C(F)(F)F,41.0
C[N+](C)(C)CC=C.FC(F)(F)C(=O)[N-]S(=O)(=O)C(F)(F)F,-3.0
C[N+](C)(C)CC#C.FC(F)(F)S(=O)(=O)[N-]S(=O)(=O)C(F)(F)F,45.0
F[B-](F)(F)F.COC=C(C)[NH+](C)C,-16.0
COC=C(C)[NH+](C)C.O=C1O[B-]2(OC1=O)OC(=O)C(=O)O2,51.0
CCC[N+](C)(C)CC.FC(F)(F)S(=O)(=O)[N-]S(=O)(=O)C(F)(F)F,-14.0
CC[N+](C)(CC)CC.FC(F)(F)S(=O)(=O)[N-]S(=O)(=O)C(F)(F)F,129.0
CC[N+](C)(CC)CC.FC(F)(F)C(=O)[N-]S(=O)(=O)C(F)(F)F,20.0
CC[N+](C)(CC)CC.O=C1[N-]S(=O)(=O)C2=CC=CC=C12,26.0
CCOC=C(C)[NH+](C)C.O=C1O[B-]2(OC1=O)OC(=O)C(=O)O2,47.0
CC[N+](C)(C)CCOC.O=C1O[B-]2(OC1=O)OC(=O)C(=O)O2,48.0
CC[N+](CC)(CC)CC.FC(F)(F)S(=O)(=O)[N-]S(=O)(=O)C(F)(F)F,105.0
CC[N+](CC)(CC)CC.FC(F)(F)C(F)(F)S(=O)(=O)[N-]S(=O)(=O)C(F)(F)C(F)(F)F,83.0
CC[N+](CC)(CC)CC.FC(F)(F)C(=O)[N-]S(=O)(=O)C(F)(F)F,20.0
CC[N+](CC)(CC)CC.FC(F)(F)C(F)(F)S(=O)(=O)[N-]S(=O)(=O)C(F)(F)F,69.0
CC[N+](CC)(CC)CC.[O-]S(=O)(=O)OCC(F)(F)F,5.0
CC[N+](CC)(CC)CC.[O-]S(=O)(=O)OCC(F)(F)C(F)F,-9.0
CC[N+](CC)(CC)CC.[O-]S(=O)(=O)OCC(F)(F)C(F)(F)C(F)(F)C(F)F,-13.0
CC[N+](CC)(CC)CC.FC(F)(F)S(=O)(=O)[C-](S(=O)(=O)C(F)(F)F)S(=O)(=O)C(F)(F)F,46.0
F[B-](F)(F)F.CCCC[N+](C)(C)CC,158.0
CCCC[N+](C)(C)CC.FC(F)(F)S(=O)(=O)[N-]S(=O)(=O)C(F)(F)F,-8.0
CCCC[N+](C)(C)CCC.FC(F)(F)S(=O)(=O)[N-]S(=O)(=O)C(F)(F)F,15.0
N#C[C-](C#N)C#N.CCCC[N+](C)(C)CCC,7.0
F[B-](F)(F)F.CCCCCC[N+](C)(C)C,126.0
CCCCCC[N+](C)(C)C.FC(F)(F)S(=O)(=O)[N-]S(=O)(=O)C(F)(F)F,27.0
CC[N+](C)(C(C)C)C(C)C.FC(F)(F)S(=O)(=O)[N-]S(=O)(=O)C(F)(F)F,140.0
CC[N+](CC)(C(C)C)C(C)C.FC(F)(F)S(=O)(=O)[N-]S(=O)(=O)C(F)(F)F,148.0
CCCCCCCC[N+](C)(C)C.FC(F)(F)S(=O)(=O)[N-]S(=O)(=O)C(F)(F)F,5.0
[Br-].CCC(C)C[N+](CC)(CC)CC,100.0
CCC[N+](CCC)(CCC)CCC.FC(F)(F)S(=O)(=O)[N-]S(=O)(=O)C(F)(F)F,105.0
O=C1[N-]S(=O)(=O)C2=CC=CC=C12.CCC[N+](CCC)(CCC)CCC,96.0
CCCCCC[N+](CC)(CC)CC.FC(F)(F)S(=O)(=O)[N-]S(=O)(=O)C(F)(F)F,20.0
CS(=O)(=O)[N-]S(C)(=O)=O.CCCCCC[N+](CC)(CC)CC,-54.0
CS([O-])(=O)=O.CCCCCC[N+](CC)(CC)CC,62.0
CC1=CC=C(C=C1)S([O-])(=O)=O.CCCCCC[N+](CC)(CC)CC,109.0
FC(F)(F)S(=O)(=O)[N-]S(=O)(=O)C(F)(F)F.CCCC[N+](CCCC)(CCCC)CCCC,90.0
[O-]S(=O)(=O)OCC(F)(F)F.CCCC[N+](CCCC)(CCCC)CCCC,80.0
[O-]S(=O)(=O)OCC(F)(F)C(F)F.CCCC[N+](CCCC)(CCCC)CCCC,-4.0
CCCC[N+](CCCC)(CCCC)CCCC.[O-]S(=O)(=O)OCC(F)(F)C(F)(F)C(F)(F)C(F)F,-8.0
CCCC[N+](CCCC)(CCCC)CCCC.FC(F)(F)S(=O)(=O)[C-](S(=O)(=O)C(F)(F)F)S(=O)(=O)C(F)(F)F,59.0
N#C[N-]C#N.CCCCCC[N+](CCCC)(CCCC)CCCC,-43.0
CC1=CC=C(C=C1)S([O-])(=O)=O.CCCCCC[N+](CCCC)(CCCC)CCCC,50.0
FC(F)(F)S(=O)(=O)[N-]S(=O)(=O)C(F)(F)F.CCCCC[N+](CCCCC)(CCCCC)CCCCC,25.0
FC(F)(F)C(=O)[N-]S(=O)(=O)C(F)(F)F.CCCCC[N+](CCCCC)(CCCCC)CCCCC,16.0
FC(F)(F)C(F)(F)S(=O)(=O)[N-]S(=O)(=O)C(F)(F)F.CCCCC[N+](CCCCC)(CCCCC)CCCCC,25.0
FC(F)(F)S(=O)(=O)[N-]S(=O)(=O)C(F)(F)F.CCCCCC[N+](CCCCCC)(CCCCCC)CCCCCC,-8.0
[O-]C(=O)C1=CC=CC=C1.CCCCCC[N+](CCCCCC)(CCCCCC)CCCCCC,-50.0
[Br-].CCCCCCCC[N+](CCC)(CCCCCCCC)CCCCCCCC,74.0
[Cl-].CCCCCCC[N+](CCCCCCC)(CCCCCCC)CCCCCCC,-9.0
FC(F)(F)S(=O)(=O)[N-]S(=O)(=O)C(F)(F)F.CCCCCCC[N+](CCCCCCC)(CCCCCCC)CCCCCCC,11.0
[Br-].CCCCCCCCCCCCCC[N+](CCCCC)(CCCCC)CCCCC,63.0
FC(F)(F)S(=O)(=O)[N-]S(=O)(=O)C(F)(F)F.CCCCCCCC[N+](CCCCCCCC)(CCCCCCCC)CCCCCCCC,31.0
[Br-].CCCCCCCCCCCC[N+](C)(CCCCCCCCCCCC)CCCCCCCCCCCC,75.0
CCCCCCCCCCCCCC[NH3+].FC(F)(F)S(=O)(=O)[N-]S(=O)(=O)C(F)(F)F,31.0
F[B-](F)(F)F.CC[N+](C)(C)CO[C@H]1C[C@@H](C)CC[C@@H]1C(C)C,163.0
F[B-](F)(F)F.CC(C)[C@@H]1CC[C@@H](C)C[C@H]1OC[N+](C)(C)C(C)C,205.0
FC(F)(F)S(=O)(=O)[N-]S(=O)(=O)C(F)(F)F.CC(C)[C@@H]1CC[C@@H](C)C[C@H]1OC[N+](C)(C)C(C)C,41.0
[I-].CCCC[N+](C)(C)CO[C@H]1C[C@@H](C)CC[C@@H]1C(C)C,82.0
[O-][Cl](=O)(=O)=O.CCCC[N+](C)(C)CO[C@H]1C[C@@H](C)CC[C@@H]1C(C)C,78.0
F[B-](F)(F)F.CCCC[N+](C)(C)CO[C@H]1C[C@@H](C)CC[C@@H]1C(C)C,70.0
F[P-](F)(F)(F)(F)F.CCCC[N+](C)(C)CO[C@H]1C[C@@H](C)CC[C@@H]1C(C)C,104.0
[O-]C(=O)C(F)(F)F.CCCC[N+](C)(C)CO[C@H]1C[C@@H](C)CC[C@@H]1C(C)C,73.0
F[B-](F)(F)F.CCCCCC[N+](C)(C)CO[C@H]1C[C@@H](C)CC[C@@H]1C(C)C,43.0
F[B-](F)(F)F.CCCCCCC[N+](C)(C)CO[C@H]1C[C@@H](C)CC[C@@H]1C(C)C,71.0
F[B-](F)(F)F.CCCCCCCC[N+](C)(C)CO[C@@H]1C[C@H](C)CC[C@H]1C(C)C,88.0
F[B-](F)(F)F.CCCCCCCCC[N+](C)(C)CO[C@@H]1C[C@H](C)CC[C@H]1C(C)C,71.0
F[B-](F)(F)F.CCCCCCCCCC[N+](C)(C)CO[C@H]1C[C@@H](C)CC[C@@H]1C(C)C,57.0
F[B-](F)(F)F.CCCCCCCCCCC[N+](C)(C)CO[C@H]1C[C@@H](C)CC[C@@H]1C(C)C,46.0
F[B-](F)(F)F.CCCCCCCCCCCC[N+](C)(C)CO[C@H]1C[C@@H](C)CC[C@@H]1C(C)C,43.0
F[B-](F)(F)F.CC(C)[C@H]1CC[C@H](C)C[C@@H]1OC[N+](C)(C)CC1=CC=CC=C1,99.0
FC(F)(F)S(=O)(=O)[N-]S(=O)(=O)C(F)(F)F.CC(C)[C@H]1CC[C@H](C)C[C@@H]1OC[N+](C)(C)CC1=CC=CC=C1,47.0
F[B-](F)(F)F.CC[N+](C)(CC)CO[C@H]1C[C@@H](C)CC[C@@H]1C(C)C,151.0
F[B-](F)(F)F.CC[N+](CC)(CC)CO[C@H]1C[C@@H](C)CC[C@@H]1C(C)C,126.0
F[B-](F)(F)F.CCC[N+](C)(CC)CC,186.0
CCC[N+](C)(CC)CC.FC(F)(F)S(=O)(=O)[N-]S(=O)(=O)C(F)(F)F,14.0
F[B-](F)(F)C(F)(F)F.CCC[N+](C)(CC)CC,95.0
CCC[N+](C)(CC)CC.F[B-](F)(F)C(F)(F)C(F)(F)F,54.0
CCC[N+](C)(CC)CC.F[B-](F)(F)C(F)(F)C(F)(F)C(F)(F)F,57.0
CCC[N+](C)(CC)CC.F[B-](F)(F)C(F)(F)C(F)(F)C(F)(F)C(F)(F)F,54.0
F[B-](F)(F)F.CCCC[N+](C)(CC)CC,165.0
CCCC[N+](C)(CC)CC.FC(F)(F)S(=O)(=O)[N-]S(=O)(=O)C(F)(F)F,9.0
F[B-](F)(F)C(F)(F)F.CCCC[N+](C)(CC)CC,-3.0
CCCC[N+](C)(CC)CC.F[B-](F)(F)C(F)(F)C(F)(F)F,15.0
CCCC[N+](C)(CC)CC.F[B-](F)(F)C(F)(F)C(F)(F)C(F)(F)F,50.0
CCCC[N+](C)(CC)CC.F[B-](F)(F)C(F)(F)C(F)(F)C(F)(F)C(F)(F)F,60.0
F[B-](F)(F)F.COCC[N+](C)(C)C,54.0
COCC[N+](C)(C)C.FC(F)(F)S(=O)(=O)[N-]S(=O)(=O)C(F)(F)F,37.0
COCC[N+](C)(C)C.F[B-](F)(F)C(F)(F)F,77.0
COCC[N+](C)(C)C.F[B-](F)(F)C(F)(F)C(F)(F)F,30.0
COCC[N+](C)(C)C.F[B-](F)(F)C(F)(F)C(F)(F)C(F)(F)F,23.0
COCC[N+](C)(C)C.F[B-](F)(F)C(F)(F)C(F)(F)C(F)(F)C(F)(F)F,50.0
F[B-](F)(F)F.CC[N+](C)(C)CCOC,4.0
F[B-](F)(F)C(F)(F)F.CC[N+](C)(C)CCOC,8.0
CC[N+](C)(C)CCOC.F[B-](F)(F)C(F)(F)C(F)(F)F,-33.0
CC[N+](C)(C)CCOC.F[B-](F)(F)C(F)(F)C(F)(F)C(F)(F)C(F)(F)F,-28.0
F[B-](F)(F)C(F)(F)F.CC[N+](C)(CC)CCOC,-22.0
F[B-](F)(F)F.CC[N+](CC)(CC)CCOC,56.0
F[B-](F)(F)C(F)(F)F.CC[N+](CC)(CC)CCOC,10.0
CC[N+](CC)(CC)CCOC.F[B-](F)(F)C(F)(F)C(F)(F)F,3.0
CC[N+](CC)(CC)CCOC.F[B-](F)(F)C(F)(F)C(F)(F)C(F)(F)F,6.0
CC[N+](CC)(CC)CCOC.F[B-](F)(F)C(F)(F)C(F)(F)C(F)(F)C(F)(F)F,11.0
F[B-](F)(F)F.CCCCCCCC[N+](C)(CCCCCCCC)CCCCCCCC,60.0
CCCCCCCC[N+](C)(CCCCCCCC)CCCCCCCC.FC(F)(F)C1=CC(=CC(=C1)[B-](C1=CC(=CC(=C1)C(F)(F)F)C(F)(F)F)(C1=CC(=CC(=C1)C(F)(F)F)C(F)(F)F)C1=CC(=CC(=C1)C(F)(F)F)C(F)(F)F)C(F)(F)F,36.0
[BH4-].CCCCCCCC[N+](C)(CCCCCCCC)CCCCCCCC,-8.0
FC(F)(F)S(=O)(=O)[N-]S(=O)(=O)C(F)(F)F.CCCCCCCC[N+](C)(CCCCCCCC)CCCCCCCC,-39.0
[O-][N+]([O-])=O.CCCCCCCC[N+](C)(CCCCCCCC)CCCCCCCC,13.0
CC1=CC=C(C=C1)S([O-])(=O)=O.CCCCCCCC[N+](C)(CCCCCCCC)CCCCCCCC,78.0
[O-]S(=O)(=O)OCC(F)(F)F.CCCCCCCC[N+](C)(CCCCCCCC)CCCCCCCC,4.0
[O-]S(=O)(=O)OCC(F)(F)C(F)F.CCCCCCCC[N+](C)(CCCCCCCC)CCCCCCCC,-5.0
[O-]S(=O)(=O)OCC(F)(F)C(F)(F)C(F)(F)C(F)F.CCCCCCCC[N+](C)(CCCCCCCC)CCCCCCCC,-2.0
OS([O-])(=O)=O.CCCCCCCC[N+](C)(CCCCCCCC)CCCCCCCC,-22.0
F[P-](F)(F)(F)(F)F.CCCCCCCC[N+](C)(CCCCCCCC)CCCCCCCC,59.0
OP(O)([O-])=O.CCCCCCCC[N+](C)(CCCCCCCC)CCCCCCCC,-23.0
CC([O-])=O.CCCCCCCC[N+](C)(CCCCCCCC)CCCCCCCC,-23.0
[O-]C=O.CCCCCCCC[N+](C)(CCCCCCCC)CCCCCCCC,4.0
OC([O-])=O.CCCCCCCC[N+](C)(CCCCCCCC)CCCCCCCC,-7.0
CC=CC([O-])=O.CCCCCCCC[N+](C)(CCCCCCCC)CCCCCCCC,18.0
FC(F)(F)S(=O)(=O)[N-]S(=O)(=O)C(F)(F)F.CCCCCCCC[N+]12CCN(CC1)CC2,26.0
CCC[NH+](CCC)CCC.FC(F)(F)C(=O)[CH-]C(=O)C(F)(F)F,-10.0
CCC[NH+](CCC)CCC.CC(C)(C)C(=O)[CH-]C(=O)C(F)(F)C(F)(F)C(F)(F)F,-83.0
CCC[NH+](CCC)CCC.FC(F)(F)C(=O)[CH-]C(=O)C1=CC=CO1,-82.0
CCC[NH+](CCC)CCC.FC(F)(F)C(=O)[CH-]C(=O)C1=CC=CS1,-65.0
[O-][N+]([O-])=O.CCCC[NH+](CCCC)CCCC,22.0
CCCC[NH+](CCCC)CCCC.FC(F)(F)C(=O)[CH-]C(=O)C(F)(F)F,-93.0
CCCC[NH+](CCCC)CCCC.CC(C)(C)C(=O)[CH-]C(=O)C(F)(F)C(F)(F)C(F)(F)F,-65.0
CCCC[NH+](CCCC)CCCC.FC(F)(F)C(=O)[CH-]C(=O)C1=CC=CO1,-65.0
CCCC[NH+](CCCC)CCCC.FC(F)(F)C(=O)[CH-]C(=O)C1=CC=CS1,52.0
FC(F)(F)C(=O)[CH-]C(=O)C(F)(F)F.CC(C)CCCCC[NH+](CCCCCC(C)C)CCCCCC(C)C,-11.0
CC(C)(C)C(=O)[CH-]C(=O)C(F)(F)C(F)(F)C(F)(F)F.CC(C)CCCCC[NH+](CCCCCC(C)C)CCCCCC(C)C,-96.0
FC(F)(F)C(=O)[CH-]C(=O)C1=CC=CO1.CC(C)CCCCC[NH+](CCCCCC(C)C)CCCCCC(C)C,-92.0
FC(F)(F)C(=O)[CH-]C(=O)C1=CC=CS1.CC(C)CCCCC[NH+](CCCCCC(C)C)CCCCCC(C)C,-86.0
CCC[NH2+]CCC.FC(F)(F)C(=O)[CH-]C(=O)C(F)(F)F,97.0
CCC[NH2+]CCC.FC(F)(F)C(=O)[CH-]C(=O)C1=CC=CS1,103.0
[S-]C#N.CCC[NH2+]CCC,6.0
CC(C)[NH2+]C(C)C.CC(C)(C)C(=O)[CH-]C(=O)C(F)(F)C(F)(F)C(F)(F)F,91.0
CC(C)[NH2+]C(C)C.FC(F)(F)C(=O)[CH-]C(=O)C1=CC=CS1,124.0
CCCC[NH2+]CCCC.FC(F)(F)C(=O)[CH-]C(=O)C(F)(F)F,84.0
CCCC[NH2+]CCCC.FC(F)(F)C(=O)[CH-]C(=O)C1=CC=CS1,71.0
CC(C)C[NH2+]CC(C)C.CC(C)(C)C(=O)[CH-]C(=O)C(F)(F)C(F)(F)C(F)(F)F,63.0
CC(C)C[NH2+]CC(C)C.FC(F)(F)C(=O)[CH-]C(=O)C1=CC=CS1,140.0
CC[N+]12CCN(CC1)CC2.FC(F)(F)S(=O)(=O)[N-]S(=O)(=O)C(F)(F)F,76.0
CC[NH+](CC)CC.FC(F)(F)S(=O)(=O)[N-]S(=O)(=O)C(F)(F)F,3.0
CC[NH3+].FC(F)(F)S(=O)(=O)[N-]S(=O)(=O)C(F)(F)F,48.0
CC[NH3+].[O-][N+]([O-])=O,9.0
CC[NH3+].OS([O-])(=O)=O,40.0
CC[NH3+].CC([O-])=O,87.0
CC[NH3+].[O-]C=O,-15.0
C[N+](C)(C)CC#N.FC(F)(F)S(=O)(=O)[N-]S(=O)(=O)C(F)(F)F,35.0
[NH3+]CCO.[O-][N+]([O-])=O,51.0
[O-]C=O.[NH3+]CCO,-82.0
[NH3+]CCO.COS([O-])(=O)=O,99.0
[Br-].CCCCC[N+](C)(C)CCCCC,76.0
[I-].CCCCC[N+](C)(C)CCCCC,86.0
[Br-].CCCCCC[N+](C)(C)CCCCCC,54.0
[I-].CCCCCC[N+](C)(C)CCCCCC,45.0
[Br-].CCCCC[N+](CC)(CC)CCCCC,58.0
[I-].CCCCC[N+](CC)(CC)CCCCC,95.0
[Br-].CCCCCC[N+](CC)(CC)CCCCCC,75.0
[I-].CCCCCC[N+](CC)(CC)CCCCCC,73.0
[O-][N+]([O-])=O.O=C1CCCCC[NH2+]1,45.0
O=C1CCCCC[NH2+]1.[O-]C(=O)C1=CC=CC=C1,31.0
[O-]C(=O)CCl.O=C1CCCCC[NH2+]1,29.0
CCCC(=O)OCC[N+](C)(C)C.O=C1[N-]S(=O)(=O)C2=CC=CC=C12,89.0
CC1=CC(=O)[N-]S(=O)(=O)O1.CCCC(=O)OCC[N+](C)(C)C,49.0
OP(O)([O-])=O.C[N+](C)(C)CCO,119.0
[O-][N+]([O-])=O.O=C1CCC[NH2+]1,8.0
O=C1CCC[NH2+]1.[O-]C(=O)C1=CC=CC=C1,7.0
[O-]C(=O)CCl.O=C1CCC[NH2+]1,32.0
F[B-](F)(F)F.CCCCCCCCCC[N+](C)(C)CCCCCCCCCC,28.0
[O-]N=O.CCCCCCCCCC[N+](C)(C)CCCCCCCCCC,-2.0
F[B-](F)(F)F.CCCCCCCCCCCCC[N+](C)(C)CC1=CC=CC=C1,56.0
[O-][N+]([O-])=O.CCCCCCCCCCCCC[N+](C)(C)CC1=CC=CC=C1,36.0
[O-][N+]([O-])=O.CC(C)(C)CC(C)(C)C1=CC=C(OCCOCC[N+](C)(C)CC2=CC=CC=C2)C=C1,85.0
OS([O-])(=O)=O.C[N+](C)(C)CCCCS(O)(=O)=O,-11.0
C[NH3+].[O-]C=O,13.0
CCC[NH3+].[O-][N+]([O-])=O,4.0
CCC[NH3+].[O-]C(=O)C(F)(F)F,67.0
[O-]C=O.CCC[NH3+],50.0
[O-]C=O.CCCC[NH3+],2.0
[S-]C#N.CCCC[NH3+],21.0
[O-]C=O.CCCCC[NH3+],12.0
[O-]C=O.CC(C)C[NH3+],26.0
[O-]C=O.CCC(C)C[NH3+],-1.0
[O-]C=O.CC(C)CC[NH3+],47.0
OS([O-])(=O)=O.C[N+](C)(C)CCCS(O)(=O)=O,-12.0
OS([O-])(=O)=O.CC[N+](CC)(CC)CCCS(O)(=O)=O,-9.0
OS([O-])(=O)=O.CCCC[N+](CCCC)(CCCC)CCCS(O)(=O)=O,-7.0
N#C[N-]C#N.CC[N+](CC)(CC)CC1=CC=CC=C1,83.0
[O-]S(=O)(=O)C(F)(F)F.CC[N+](CC)(CC)CC1=CC=CC=C1,109.0
O=C1[N-]S(=O)(=O)C2=CC=CC=C12.CC[N+](CC)(CC)CC1=CC=CC=C1,151.0
[S-]C#N.CC[N+](CC)(CC)CC1=CC=CC=C1,88.0
N#C[N-]C#N.C[N+](C)(C)C1=CC=CC=C1,117.0
[O-]S(=O)(=O)C(F)(F)F.C[N+](C)(C)C1=CC=CC=C1,83.0
C[N+](C)(C)C1=CC=CC=C1.CC1=CC=C(C=C1)S([O-])(=O)=O,150.0
C[N+](C)(C)C1=CC=CC=C1.O=C1[N-]S(=O)(=O)C2=CC=CC=C12,194.0
[S-]C#N.C[N+](C)(C)C1=CC=CC=C1,116.0
FC(F)(F)S(=O)(=O)[N-]S(=O)(=O)C(F)(F)F.CCCCCCCCCCCC[N+](CC)(CC)CC,7.0
CC[N+](CC)(CC)COC.FC(F)(F)S(=O)(=O)[N-]S(=O)(=O)C(F)(F)F,-3.0
[Br-].C[N+](C)(CC1=CC=CC=C1)CC1=CC=CC=C1,175.0
F[B-](F)(F)F.C[N+](C)(CC1=CC=CC=C1)CC1=CC=CC=C1,166.0
F[P-](F)(F)(F)(F)F.C[N+](C)(CC1=CC=CC=C1)CC1=CC=CC=C1,218.0
F[B-](F)(F)F.CC1=CC=CC=C1C[N+](C)(C)CC1=CC=CC=C1C,231.0
F[P-](F)(F)(F)(F)F.CC1=CC=CC=C1C[N+](C)(C)CC1=CC=CC=C1C,270.0
[Cl-].CC1=CC(C[N+](C)(C)CC2=CC(C)=CC=C2)=CC=C1,149.0
F[B-](F)(F)F.CC1=CC(C[N+](C)(C)CC2=CC(C)=CC=C2)=CC=C1,163.0
F[P-](F)(F)(F)(F)F.CC1=CC(C[N+](C)(C)CC2=CC(C)=CC=C2)=CC=C1,161.0
[Br-].CC1=CC=C(C[N+](C)(C)CC2=CC=C(C)C=C2)C=C1,202.0
F[B-](F)(F)F.CC1=CC=C(C[N+](C)(C)CC2=CC=C(C)C=C2)C=C1,206.0
F[P-](F)(F)(F)(F)F.CC1=CC=C(C[N+](C)(C)CC2=CC=C(C)C=C2)C=C1,218.0
F[P-](F)(F)(F)(F)F.CCCC[N+](C)(C)CCCC,164.0
[O-][N+]([O-])=O.CCCC[N+](C)=C(N(C)C)N(C)C,72.0
O=N(=O)[N-]N(=O)=O.CCCC[N+](C)=C(N(C)C)N(C)C,75.0
[O-][N+]([O-])=O.CN1C=NN(C)C1=[N+](C)C,74.0
[O-][N+]([O-])=O.C[NH+]=C1N(C)CCN1C,3.0
[O-][Cl](=O)(=O)=O.CCC[NH+]=C1N(C)CCN1C,6.0
[O-][Cl](=O)(=O)=O.CCC[N+](C)=C1N(C)CCN1C,39.0
[O-][N+]([O-])=O.CCC[N+](C)=C1N(C)CCN1C,31.0
[O-][Cl](=O)(=O)=O.CCCC[N+](C)=C1N(C)CCN1C,28.0
[O-][N+]([O-])=O.CCCC[N+](C)=C1N(C)CCN1C,7.0
F[P-](F)(F)(F)(F)F.CCCC[N+](C)=C1N(C)CCN1C,-15.0
[O-][Cl](=O)(=O)=O.CCC[N+](C)=C1N(C)CCCN1C,128.0
[O-][N+]([O-])=O.CCC[N+](C)=C1N(C)CCCN1C,57.0
[O-][Cl](=O)(=O)=O.CCCC[N+](C)=C1N(C)CCCN1C,78.0
[O-][N+]([O-])=O.CCCC[N+](C)=C1N(C)CCCN1C,6.0
[O-][Cl](=O)(=O)=O.CCC[N+](C)=C1N(C)COCN1C,94.0
[O-][N+]([O-])=O.CCC[N+](C)=C1N(C)COCN1C,65.0
[Cl-].CCCCCCOC1=C(OCCCCCC)C=C2C(=C1)C1=CC(OCCCCCC)=C(OCCCCCC)C=C1C1=CC(OCCCCC[NH+]=C(N(C)C)N(C)C)=C(OCCCCCC)C=C21,46.0
C[P+](C)(C)C.FC(F)(F)S(=O)(=O)[N-]S(=O)(=O)C(F)(F)F,150.0
CC[P+](CC)(CC)CC.FC(F)(F)S(=O)(=O)[N-]S(=O)(=O)C(F)(F)F,118.0
CC[P+](CC)(CC)CC.FC(F)(F)C(=O)[N-]S(=O)(=O)C(F)(F)F,19.0
[Cl-].CCCCCCCCCCCCC[PH2+]C,101.0
[Br-].CCCCCCCCCCCCC[PH2+]C,95.0
[O-][N+]([O-])=O.CCCCCCCCCCCCC[PH2+]C,60.0
F[B-](F)(F)F.CCCCCCCCCCCCCC[P+](CCCCCC)(CCCCCC)CCCCCC,39.0
F[P-](F)(F)(F)(F)F.CCCCCCCCCCCCCC[P+](CCCCCC)(CCCCCC)CCCCCC,40.0
[Br-].CCCCCC[P+](CC)(CCCCCC)CCCCCC,60.0
[Br-].CCCCCC[P+](CCCCCC)(CCCCCC)CCCCCC,70.0
[O-]C(=O)C1=CC=CC=C1.CCCC[P+](C1=CC=CC=C1)(C1=CC=CC=C1)C1=CC=CC=C1,19.0
CCCCCC[P+](C)(C)C.FC(F)(F)S(=O)(=O)[N-]S(=O)(=O)C(F)(F)F,21.0
CCCCCC[P+](C)(C)C.FC(F)(F)C(=O)[N-]S(=O)(=O)C(F)(F)F,7.0
CCCCCC[P+](C)(C)C.FC(F)(F)C(F)(F)S(=O)(=O)[N-]S(=O)(=O)C(F)(F)F,40.0
[O-]S(=O)(=O)C(F)(F)F.ClS(=O)(=O)CCCC[P+](C1=CC=CC=C1)(C1=CC=CC=C1)C1=CC=CC=C1,91.0
CC[P+](C)(CC)CC.FC(F)(F)S(=O)(=O)[N-]S(=O)(=O)C(F)(F)F,97.0
CCCC[P+](CC)(CC)CC.FC(F)(F)S(=O)(=O)[N-]S(=O)(=O)C(F)(F)F,55.0
CCCCC[P+](CC)(CC)CC.FC(F)(F)S(=O)(=O)[N-]S(=O)(=O)C(F)(F)F,17.0
FC(F)(F)S(=O)(=O)[N-]S(=O)(=O)C(F)(F)F.CCCCCCCCCCCC[P+](CC)(CC)CC,13.0
CC[P+](CC)(CC)COC.FC(F)(F)S(=O)(=O)[N-]S(=O)(=O)C(F)(F)F,14.0
CC[P+](CC)(CC)CCOC.FC(F)(F)S(=O)(=O)[N-]S(=O)(=O)C(F)(F)F,10.0
[Br-].CCCCCCCCCCCCCCCC[P+](CCCC)(CCCC)CCCC,59.0
CCOC(N(C)C)=[N+](C)C.FC(F)(F)C(F)(F)[P-](F)(F)(F)(C(F)(F)C(F)(F)F)C(F)(F)C(F)(F)F,33.0
CCSC(N(C)C)=[N+](C)C.FC(F)(F)C(F)(F)[P-](F)(F)(F)(C(F)(F)C(F)(F)F)C(F)(F)C(F)(F)F,1.0
[Br-].C[N+]1(CCO)CCOCC1,150.0
C[N+]1(CCO)CCOCC1.FC(F)(F)S(=O)(=O)[N-]S(=O)(=O)C(F)(F)F,-42.0
[O-][Cl](=O)(=O)=O.CCC[N+]1(C)CCOCC1,91.0
[O-][N+]([O-])=O.CCC[N+]1(C)CCOCC1,58.0
F[P-](F)(F)(F)(F)F.CCC[N+]1(C)CCOCC1,86.0
[O-][N+]([O-])=O.C[N+]1(CCCF)CCOCC1,58.0
[O-]S(=O)(=O)C(F)(F)F.C[N+]1(CCCF)CCOCC1,68.0
F[P-](F)(F)(F)(F)F.C[N+]1(CCCF)CCOCC1,80.0
F[P-](F)(F)(F)(F)F.C[N+]1(CCOCC(F)(F)F)CCOCC1,72.0
F[P-](F)(F)(F)(F)F.C[N+]1(CCOCC1)C(OCCC(F)(F)C(F)(F)C(F)F)C(F)F,62.0
C1COCC[NH2+]1.FC(F)(F)C(=O)[CH-]C(=O)C(F)(F)F,62.0
C1COCC[NH2+]1.CC(C)(C)C(=O)[CH-]C(=O)C(F)(F)C(F)(F)C(F)(F)F,86.0
C1COCC[NH2+]1.FC(F)(F)C(=O)[CH-]C(=O)C1=CC=CO1,72.0
C1COCC[NH2+]1.FC(F)(F)C(=O)[CH-]C(=O)C1=CC=CS1,102.0
CC[N+]1(C)CCOCC1.FC(F)(F)S(=O)(=O)[N-]S(=O)(=O)C(F)(F)F,29.0
F[B-](F)(F)F.CCCC[N+]1(C)CCOCC1,66.0
CCCC[N+]1(C)CCOCC1.FC(F)(F)S(=O)(=O)[N-]S(=O)(=O)C(F)(F)F,35.0
CCCC[N+]1(C)CCOCC1.F[B-](F)(F)C(F)(F)C(F)(F)C(F)(F)F,69.0
CCCC[N+]1(C)CCOCC1.F[B-](F)(F)C(F)(F)C(F)(F)C(F)(F)C(F)(F)F,76.0
F[B-](F)(F)F.COCC[N+]1(C)CCOCC1,85.0
F[B-](F)(F)C(F)(F)F.COCC[N+]1(C)CCOCC1,1.0
COCC[N+]1(C)CCOCC1.F[B-](F)(F)C(F)(F)C(F)(F)C(F)(F)C(F)(F)F,126.0
O=N(=O)[N-]N(=O)=O.CN1N=N[N+](N)=C1N,85.0
[O-][Cl](=O)(=O)=O.CN1NN(C)C(C)=[NH+]1,133.0
[I-].CN1N=N[N+](N)=C1C,121.0
[O-][Cl](=O)(=O)=O.CN1N=N[N+](N)=C1C,51.0
[I-].CN1NN(N)[NH+]=C1C,124.0
[O-][Cl](=O)(=O)=O.CN1NN(N)[NH+]=C1C,140.0
[O-][N+]([O-])=O.CN1NN(N)[NH+]=C1C,94.0
CCC[N+]1(C)CCOC1.FC(F)(F)S(=O)(=O)[N-]S(=O)(=O)C(F)(F)F,44.0
F[P-](F)(F)(F)(F)F.CCC[N+]1(C)CCOC1,41.0
F[B-](F)(F)F.CCCC[N+]1(C)CCOC1,-12.0
CCCC[N+]1(C)CCOC1.FC(F)(F)S(=O)(=O)[N-]S(=O)(=O)C(F)(F)F,12.0
CCCC[N+]1(C)CCOC1.F[B-](F)(F)C(F)(F)C(F)(F)F,-4.0
CCCC[N+]1(C)CCOC1.F[B-](F)(F)C(F)(F)C(F)(F)C(F)(F)F,53.0
CCCC[N+]1(C)CCOC1.F[B-](F)(F)C(F)(F)C(F)(F)C(F)(F)C(F)(F)F,54.0
COCC[N+]1(C)CCOC1.F[B-](F)(F)C(F)(F)C(F)(F)F,1.0
COCC[N+]1(C)CCOC1.F[B-](F)(F)C(F)(F)C(F)(F)C(F)(F)F,10.0
COCC[N+]1(C)CCOC1.F[B-](F)(F)C(F)(F)C(F)(F)C(F)(F)C(F)(F)F,18.0
CC[N+]1(CC)CCNCC1.[O-]S(=O)(=O)OCC(F)(F)C(F)(F)C(F)(F)C(F)F,-7.0
FC(F)(F)S(=O)(=O)[N-]S(=O)(=O)C(F)(F)F.FC(F)(CC[N+]1=CC=CC=N1)C(F)(F)S(F)(F)(F)(F)F,-14.0
[Cl-].[NH3+]CC(O)=O,186.0
[NH3+]CC(O)=O.F[B-](F)(F)F,116.0
[O-][N+]([O-])=O.[NH3+]CC(O)=O,111.0
[NH3+]CC(O)=O.F[P-](F)(F)(F)(F)F,101.0
F[B-](F)(F)F.C[C@H]([NH3+])C(O)=O,78.0
[O-][N+]([O-])=O.C[C@H]([NH3+])C(O)=O,159.0
C[C@H]([NH3+])C(O)=O.[O-]C(=O)C(F)(F)F,82.0
F[B-](F)(F)F.OC(=O)[C@@H]1CCC[NH2+]1,76.0
[O-]C(=O)C(F)(F)F.OC(=O)[C@@H]1CCC[NH2+]1,78.0
[O-][N+]([O-])=O.CC(C)[C@H]([NH3+])C(O)=O,134.0
[O-][N+]([O-])=O.CC[C@H](C)[C@H]([NH3+])C(O)=O,105.0
[O-][N+]([O-])=O.COC(=O)C[NH3+],44.0
[O-][N+]([O-])=O.CCOC(=O)C[NH3+],49.0
F[B-](F)(F)F.COC(=O)C(C)[NH3+],-18.0
COC(=O)C(C)[NH3+].FC(F)(F)S(=O)(=O)[N-]S(=O)(=O)C(F)(F)F,-17.0
[O-][N+]([O-])=O.COC(=O)C(C)[NH3+],61.0
C[C@H](O)C([O-])=O.COC(=O)C(C)[NH3+],38.0
[S-]C#N.COC(=O)C(C)[NH3+],62.0
[O-][N+]([O-])=O.COC(=O)C([NH3+])CO,105.0
[O-][N+]([O-])=O.CC[NH2+]C(C)C(=O)OCC,-17.0
C[C@H](O)C([O-])=O.CC[NH2+]C(C)C(=O)OCC,-25.0
[O-][N+]([O-])=O.COC(=O)C1CCC[NH2+]1,-16.0
[O-][N+]([O-])=O.COC(=O)C([NH3+])C(C)C,74.0
[O-][N+]([O-])=O.CCOC(=O)C1CCC[NH2+]1,-17.0
[O-][N+]([O-])=O.CCC(C)C([NH3+])C(=O)OC,-14.0
[O-][N+]([O-])=O.CC(C)C[C@H]([NH3+])C(O)=O,75.0
[O-][N+]([O-])=O.COC(=O)C([NH3+])CC1=CC=CC=C1,92.0
[Br-].CCCN1C=C(C[C@@H](NC(=O)C2=CC=CC=C2)C(=O)OC)[N+](CCC)=C1,39.0
[I-].COC(=O)[C@@H](CC1=CN(C=[N+]1C(C)C)C(C)C)NC(=O)C1=CC=CC=C1,55.0
[I-].CC(C)N1C=C(C[C@@H](NC(=O)OC(C)(C)C)C(C)=O)[N+](=C1)C(C)C,55.0
CC1=CC(C)=C(N2C=C[N+](C)=C2)C(C)=C1.FC(F)(F)S(=O)(=O)[N-]S(=O)(=O)C(F)(F)F,71.0
FC(F)(F)S(=O)(=O)[N-]S(=O)(=O)C(F)(F)F.CCCC[N+]1=CN(C=C1)C1=C(C)C=C(C)C=C1C,26.0
FC(F)(F)S(=O)(=O)[N-]S(=O)(=O)C(F)(F)F.CCCCCC[N+]1=CN(C=C1)C1=C(C)C=C(C)C=C1C,40.0
FC(F)(F)S(=O)(=O)[N-]S(=O)(=O)C(F)(F)F.CCCCCCCCCCC[N+]1=CN(C=C1)C1=C(C)C=C(C)C=C1C,32.0
[O-]S(=O)(=O)C(F)(F)F.CCCC[N+]1(C)CCCC(C)C1,84.0
[O-]S(=O)(=O)C(F)(F)F.CCCCCC[N+]1(C)CCCC(C)C1,82.0
[O-]C(=O)C(F)(F)F.CCCC[N+]1(C)CCCC(C)C1,58.0
[O-]C(=O)C(F)(F)F.CCCCCC[N+]1(C)CCCC(C)C1,41.0
[I-].CCCC[N+]1(C)CCCC(C)C1,144.0
[I-].CCCCCC[N+]1(C)CCCC(C)C1,123.0
CCC[N+]1=CC=CC=C1.FC(F)(F)S(=O)(=O)[N-]S(=O)(=O)C(F)(F)F,44.0
CCCCCC[N+]1=CC=CC=C1.FC(F)(F)S(=O)(=O)[N-]S(=O)(=O)C(F)(F)F,3.0
CC1=CC=C(C=C1)S([O-])(=O)=O.CCCCC1=C[N+](=NN1C)C1=CC=CC=C1,146.0
[O-]S(=O)(=O)C(F)(F)F.CCCCC1=C[N+](=NN1C)C1=CC=CC=C1,102.0
CCCCC1=C[N+](C)=NN1C.CC1=CC=C(C=C1)S([O-])(=O)=O,106.0
CN1C=C[N+](C)=N1.CC1=CC=C(C=C1)S([O-])(=O)=O,99.0
CN1C=C[N+](C)=C1.CC1=CC=C(C=C1)S([O-])(=O)=O,95.0
CN1C=C[N+](C)=C1.[O-]S(=O)(=O)C(F)(F)F,37.0
F[P-](F)(F)(F)(F)F.CCCCCC[P+](CCCC)(CCCC)CCCC,141.0
F[P-](F)(F)(F)(F)F.CCCCCC[N+](CCCC)(CCCC)CCCC,167.0
FC(F)(F)S(=O)(=O)[N-]S(=O)(=O)C(F)(F)F.CCCCCC[N+](CCCC)(CCCC)CCCC,24.0
COS([O-])(=O)=O.C[N+]1(C)CCCC1,95.0
COS([O-])(=O)=O.C[N+]1(C)CCCCC1,99.0
CCOS([O-])(=O)=O.CC[N+]1(C)CCCCC1,-80.0
COS([O-])(=O)=O.C[N+]1(C)CCOCC1,113.0
COS([O-])(=O)=O.CC[N+]1(C)CCOCC1,45.0
CCOS([O-])(=O)=O.CC[N+]1(C)CCOCC1,-68.0
FS(=O)(=O)[N-]S(F)(=O)=O.CC[N+](CC)(CCOC)CCOC,15.0
FS(=O)(=O)[N-]S(F)(=O)=O.COCC[N+](CCOC)(CCOC)CCOC,21.0
CC[N+](CC)(CCOC)CCOC.FC(F)(F)S(=O)(=O)[N-]S(=O)(=O)C(F)(F)F,7.0
FC(F)(F)S(=O)(=O)[N-]S(=O)(=O)C(F)(F)F.COCC[N+](CCOC)(CCOC)CCOC,26.0
FC(F)(F)S(=O)(=O)[N-]S(=O)(=O)C(F)(F)F.CCC[N+](CCC)(CCC)CC(=O)OCC,68.0
F[B-](F)(F)F.CCCC[N+](CCCC)(CCCC)CC(=O)OCC,54.0
FC(F)(F)S(=O)(=O)[N-]S(=O)(=O)C(F)(F)F.CCOCC[N+](CCOC)=C(N(C)C)N(C)C,8.0
FS(=O)(=O)[N-]S(F)(=O)=O.CCCC[P+](CC)(CC)CC,-16.0
FS(=O)(=O)[N-]S(F)(=O)=O.CCCCC[P+](CC)(CC)CC,-35.0
FS(=O)(=O)[N-]S(F)(=O)=O.CC[P+](CC)(CC)COC,-14.0
FS(=O)(=O)[N-]S(F)(=O)=O.CCOC[P+](CC)(CC)CC,-18.0
CCOC(=O)C[N+](C)(C)CC=C.FC(F)(F)S(=O)(=O)[N-]S(=O)(=O)C(F)(F)F,26.0
CCCCC[N+](C)(C)CC(=O)OCC.FC(F)(F)S(=O)(=O)[N-]S(=O)(=O)C(F)(F)F,-17.0
CCOC(=O)C[N+](CC)(CC)CC=C.FC(F)(F)S(=O)(=O)[N-]S(=O)(=O)C(F)(F)F,-28.0
COS([O-])(=O)=O.CCOC(=O)C[N+](C)(C)C,38.0
CCOS([O-])(=O)=O.CCOC(=O)C[N+](C)(C)CC,21.0
COS([O-])(=O)=O.CCOC(=O)C[N+](C)(CC)CC,-31.0
CCOS([O-])(=O)=O.CCOC(=O)C[N+](CC)(CC)CC,-30.0
CCCCOS([O-])(=O)=O.CCCC[N+](CC)(CC)CC(=O)OCC,-33.0
CCC[P+](C)(C)C.FS(=O)(=O)[N-]S(F)(=O)=O,0.0
CCC[P+](C)(C)C.FC(F)(F)S(=O)(=O)[N-]S(=O)(=O)C(F)(F)F,40.0
COC[P+](C)(C)C.FS(=O)(=O)[N-]S(F)(=O)=O,-6.0
COC[P+](C)(C)C.FC(F)(F)S(=O)(=O)[N-]S(=O)(=O)C(F)(F)F,13.0
C[P+](C)(C)CC=C.FS(=O)(=O)[N-]S(F)(=O)=O,-5.0
F[B-](F)(F)F.CCCC[N+]1=CN(C)C=C1,-82.0
F[B-](F)(F)F.CCCCCC[N+]1=CN(C)C=C1,-82.0
F[B-](F)(F)F.CCCCCCCC[N+]1=CN(C)C=C1,79.0
F[P-](F)(F)(F)(F)F.CCCC[N+]1=CN(C)C=C1,10.0
F[P-](F)(F)(F)(F)F.CCCCCC[N+]1=CN(C)C=C1,-61.0
[Cl-].CCCC[N+]1=CN(C)C=C1,65.0
COS([O-])(=O)=O.CN1C=C[N+](C)=C1,35.0
[Br-].CN1C=C[N+](CC(=O)C2=CC=CC=C2)=C1C(C)=C,182.0
[Br-].CN1C=C[N+](CC(=O)C2=CC=CC=C2)=C1C(=C)C(C)(C)C,200.0
[Br-].CN1C=C[N+](CC(=O)C2=CC=CC=C2)=C1C(=C)C1=CC=CC=C1,185.0
[Br-].CCCN1C=C[N+](CCC)=C1CC(C)C,163.0
[Br-].CCCCCCCCCC[N+]1=C(C)N(CC=C)C=C1,71.0
[Br-].CCCCCCCCCC1=[N+](CC=C)C=CN1C,98.0
[Br-].CCCCCCCC1=[N+](CC2=CC=CC=C2)C=CN1C,187.0
[Br-].CCN1C=[N+](CC)C(=C1C1=CC=CC=C1)C1=CC=CC=C1,154.0
[Br-].CCCCCCCCCC1=[N+](CC2=CC=CC=C2)C=CN1C,194.0
[Br-].CCCCCCCCCCCC1=[N+](C)C=CN1CC1=CC=CC=C1,187.0
[Br-].CCCCCCCCCCCC1=[N+](CCCCC)C=CN1CC1=CC=CC=C1,117.0
[Br-].C(N1C=[N+](CC2=CC=CC=C2)C(=C1C1=CC=CC=C1)C1=CC=CC=C1)C1=CC=CC=C1,212.0
[Br-].CN1C=C[N+](C)=C1SC#N,221.0
[Br-].CN1C(Br)=C(Br)[N+](C)=C1Br,268.0
[Br-].C[N+]1=C(N(C=C1N)C1=CC=CC=C1)C1=CC=CC=C1,283.0
[Br-].CN1C=C[N+](CC(=O)C2=CC=C(Cl)C=C2)=C1C,201.0
[Br-].CC1=[N+](CC(=O)C2=CC=C(C)C=C2)C=CN1C1=CC=CC=C1,206.0
[Br-].NC1=CN(C(C2=CC=CC=C2)=[N+]1C1=CC=CC=C1)C1=CC=CC=C1,283.0
[Br-].CC(=O)NC1=CN(C(C2=CC=CC=C2)=[N+]1C)C1=CC=CC=C1,272.0
[Br-].CC1=C(CCO)[N+](CC2=CC=CC=C2)=CN1CC1=CC=CC=C1,135.0
[Br-].CC1=CC=C(C=C1)[N+]1=C(N(C=C1N)C1=CC=CC=C1)C1=CC=CC=C1,268.0
[Br-].CC1=[N+](CC(=O)C2=CC=C(Cl)C=C2)C=CN1CC1=CC=CC=C1,229.0
[Br-].COC1=CC=C(C=C1)C(=O)C[N+]1=C(C)N(CC2=CC=CC=C2)C=C1,202.0
[Br-].COC1=CC=C(CN2C=C[N+](CC(=O)C3=CC=C(C)C=C3)=C2C)C=C1,225.0
[Br-].CC[N+]1=CN(C=C)C=C1,100.0
[Br-].CCC[N+]1=CN(C=C)C=C1,155.0
[Br-].CCCCN1C=C[N+](C=C)=C1,83.0
[Br-].CN1C=C[N+](C)=C1C1=CC=CC=C1,284.0
[Br-].C[N+]1=CN(C=C1)C(=O)C1=CC=CC=C1,89.0
[Br-].ON1C=C[N+](CC(=O)C2=CC=C(Cl)C=C2)=C1,202.0
[Br-].ON1C=C[N+](CC2=CC=C(Cl)C=C2Cl)=C1,115.0
[Br-].CON1C=C[N+](CC(=O)C2=CC=C(Cl)C=C2)=C1,156.0
[Br-].CCON1C=C[N+](CC(=O)C2=CC=C(Cl)C=C2)=C1,130.0
[Br-].CCON1C=C[N+](CC2=CC=C(Cl)C=C2Cl)=C1,134.0
[Br-].CC1=[N+](CC(=O)C2=CC=C(Cl)C=C2)C=CN1O,200.0
[Br-].CCON1C=C[N+](CC2=CC=C(C=C2)N(=O)=O)=C1,120.0
[Br-].CCC1=[N+](CC(=O)C2=CC=C(Cl)C=C2)C=CN1O,199.0
[Br-].ClC1=CC=C(C[N+]2=CN(OCC=C)C=C2)C(Cl)=C1,117.0
[Br-].COC1=CC(C[N+]2=CN(O)C=C2)=CC(OC)=C1OC,190.0
[Br-].CON1C=C[N+](CC2=CC(OC)=C(OC)C(OC)=C2)=C1,138.0
[Br-].C=CCON1C=C[N+](CC2=CC=C3OCOC3=C2)=C1,137.0
[Br-].CN(C)C1=CC=C(C=C1)C(=O)C[N+]1=CN(OC2=CC=CC=C2)C=C1,141.0
[Br-].CC(C)(C)C(=O)ON1C=C[N+](CC(=O)C2=CC=C(Cl)C=C2)=C1,166.0
[Br-].ClC1=CC=C(C[N+]2=CN(OCCC3=CC=CC=C3)C=C2)C(Cl)=C1,138.0
[Br-].CCC1=[N+](CC(=O)C2=CC=C(Cl)C=C2)C=CN1OC1=CC=CC=C1,171.0
[Br-].CC1=[N+](CC(=O)C2=CC=C(Cl)C=C2)C=CN1OC(=O)C(C)(C)C,140.0
[Br-].CCC1=[N+](CC(=O)C2=CC=C(Cl)C=C2)C=CN1OC(=O)C(C)(C)C,184.0
[Br-].CC1=[N+](OCC2=CC=C(Br)C=C2)C=CN1OCC1=CC=C(Br)C=C1,174.0
[Br-].CCC1=[N+](CC2=CC=C(Cl)C=C2Cl)C=CN1OCC1=CC=CC=C1,144.0
[Br-].CCC1=[N+](OCC2=CC=C(Br)C=C2)C=CN1OCC1=CC=C(Br)C=C1,170.0
[Br-].CCC1=[N+](CC2=CC(OC)=C(OC)C(OC)=C2)C=CN1OCC1=CC=CC=C1,159.0
[Br-].CC1=[N+](CC(=O)C2=CC=C(Cl)C=C2)C=CN1OCC1=CC=C(Cl)C=C1Cl,105.0
[Br-].CCC1=[N+](OCC2=CC=C(Cl)C=C2Cl)C=CN1OCC1=CC=C(Cl)C=C1Cl,176.0
[Br-].CC1=[N+](OCC2=CC=C(Cl)C=C2Cl)C=CN1OCC1=CC=C(Cl)C=C1Cl,190.0
[Br-].CC1=[N+](OCC2=CC=C(C=C2)N(=O)=O)C=CN1OCC1=CC=C(C=C1)N(=O)=O,168.0
[Br-].CCC1=[N+](CC2=CC=C(C=C2)N(=O)=O)C=CN1OCC1=CC=C(Cl)C=C1Cl,130.0
[Br-].CCC1=[N+](OCC2=C(Cl)C=CC=C2Cl)C=CN1OCC1=C(Cl)C=CC=C1Cl,156.0
[Br-].CCC1=[N+](OCC2=CC=C(C=C2)N(=O)=O)C=CN1OCC1=CC=C(C=C1)N(=O)=O,169.0
[Br-].CN1C=[N+](CC(=O)C2=CC=CC=C2)C(C(N)=O)=C1N,250.0
[Br-].CN1C=[N+](C)C=C1Cl,196.0
[Br-].CCOC(=O)C(CN1C=C[N+](C)=C1)=NO,178.0
[Br-].CN1C=C[N+](CC2=CC=CC=C2C(=O)OC2=CC=C(C=C2)N(=O)=O)=C1C,224.0
[Br-].CC[C@H]1[C@@H](CC2=C[N+](CCO)=CN2C)COC1=O,120.0
[Br-].CC[C@H]1[C@@H](CC2=C[N+](CC3=CC=CC(C)=C3)=CN2C)COC1=O,115.0
[Br-].CC[C@H]1[C@@H](CC2=C[N+](CC3=CC=CC=C3C)=CN2C)COC1=O,115.0
[Br-].CC[C@H]1[C@@H](CC2=C[N+](CC(=O)C3=CC=CC=C3)=CN2C)COC1=O,49.0
[Br-].CC[C@H]1[C@@H](CC2=C[N+](CCOC3=CC=CC=C3)=CN2C)COC1=O,82.0
[Br-].CC[C@H]1[C@@H](CC2=C[N+](CCCOC3=CC=CC=C3)=CN2C)COC1=O,51.0
[Br-].CC[C@H]1[C@@H](CC2=C[N+](CC3=CC=CC(Cl)=C3)=CN2C)COC1=O,155.0
[Br-].CC[C@H]1[C@@H](CC2=C[N+](CC3=CC=C(C=C3)N(=O)=O)=CN2C)COC1=O,157.0
[Br-].CC[C@H]1[C@@H](CC2=C[N+](CC3=CC=CC(=C3)N(=O)=O)=CN2C)COC1=O,181.0
[Br-].CC[C@H]1[C@@H](CC2=C[N+](CC(=O)C3=CC=C(F)C=C3)=CN2C)COC1=O,91.0
[Br-].COC(=O)C=CC1=CC=C(C[N+]2=CN(C=C2)C(C)=O)C=C1,154.0
[Br-].CCOC(=O)N1C=C[N+](CC2=CC=C(C=CC(=O)OC)C=C2)=C1,129.0
[Br-].COC(=O)C=CC1=CC=C(C[N+]2=CN(C=C2)C(=O)C2=CC=CC=C2)C=C1,155.0
[Br-].CC(=O)N1C=C[N+](CC2=CC=CC=C2)=C1,126.0
[Br-].ON=CC[N+]1=C(NC=C1)C1OCCO1,134.0
[Br-].CN1C=C[N+](CC=NO)=C1C1OCCO1,194.0
[Br-].CC1=[N+](CC2=CC=CC=C2)C=CN1CC1CC(C(=O)O1)(C1=CC=CC=C1)C1=CC=CC=C1,220.0
[Br-].CC(=O)N1CCC(CC1)C1=CN(C=[N+]1CC(=O)C1=CC=CC=C1)C(C1=CC=CC=C1)(C1=CC=CC=C1)C1=CC=CC=C1,231.0
[Br-].CN1C=C[N+](CC(O)C2=CC=CC=C2)=C1,197.0
[Br-].CCCCCCCN1C=C[N+](CC(=O)C2=CC=C(NS(C)(=O)=O)C=C2)=C1,79.0
[Br-].C[N+]1=CN(CC=C)C=C1Cl,142.0
[Br-].CN1C=C[N+](=C1)C1(C=C(C(=O)C(=C1)C(C)(C)C)C(C)(C)C)C(C)(C)C,180.0
[Br-].CN1C=C[N+](CC(=O)C2=CC=CC(C)=C2)=C1,186.0
[Br-].CN1C=C[N+](CC(=O)C2=CC=CC=C2C)=C1,153.0
[Br-].CN1C=C[N+](CC(=O)C2=CC=CO2)=C1,147.0
[Br-].CN1C=C[N+](CC(=O)C2=CC=C(C)C(C)=C2)=C1,164.0
[Br-].CN1C=C[N+](CC(=O)C2=CC=C(C)C=C2C)=C1,180.0
[Br-].CN1C=C[N+](CC(=O)C2=CC=C(Cl)C=C2)=C1,149.0
[Br-].CN1C=C[N+](CC(=O)C2=CC=CC=C2F)=C1,179.0
[Br-].COC1=CC=C(C=C1)C(=O)C[N+]1=CN(C)C=C1,158.0
[Br-].CN1C=C[N+](CC(=O)C2=CC=CC(Cl)=C2)=C1,176.0
[Br-].CCOC1=CC=C(C=C1)C(=O)C[N+]1=CN(C)C=C1,145.0
[Br-].CN1C=C[N+](CC(=O)C2=CC=C(C=C2)C#N)=C1,212.0
[Br-].CN1C=C[N+](CC(=O)C2=C(C)C=C(C)C=C2C)=C1,223.0
[Br-].CN1C=C[N+](CC(=O)C2=C3C=CC=CC3=CC=C2)=C1,231.0
[Br-].CN1C=C[N+](CC(=O)C2=CC=C3C=CC=CC3=C2)=C1,239.0
[Br-].COC1=CC=CC(=C1)C(=O)C[N+]1=CN(C)C=C1,172.0
[Br-].CCOC1=CC=CC(=C1)C(=O)C[N+]1=CN(C)C=C1,138.0
[Br-].COC1=CC=CC=C1C(=O)C[N+]1=CN(C)C=C1,166.0
[Br-].CCCOC1=CC=CC(=C1)C(=O)C[N+]1=CN(C)C=C1,85.0
[Br-].COC1=CC=CC(=C1)C(=O)C[N+]1=CN(C=C1)C(C)C,178.0
[Br-].CN1C=C[N+](CC(=O)C2=CC=C(Cl)C(Cl)=C2)=C1,184.0
[Br-].CN1C=C[N+](CC(=O)C2=CC(NC(C)=O)=CC=C2)=C1,203.0
[Br-].COC1=CC(=CC(OC)=C1)C(=O)C[N+]1=CN(C)C=C1,240.0
[Br-].COC1=CC=C(C=C1OC)C(=O)C[N+]1=CN(C)C=C1,232.0
[Br-].COC1=CC=CC(=C1)C(=O)C[N+]1=CN(C=C1)C1=CC=CC=C1,147.0
[Br-].COC1=C(OC)C(=CC=C1)C(=O)C[N+]1=CN(C)C=C1,216.0
[Br-].COC1=CC=C(OC)C(=C1)C(=O)C[N+]1=CN(C)C=C1,209.0
[Br-].COC1=CC=CC(=C1)C(=O)C[N+]1=C(SC(C)C)N(C)C=C1,158.0
[Br-].CN1C=[N+](CC(=O)C2=CC=C(C)C=C2)C(=C1C1=CC=CC=C1)C1=CC=CC=C1,182.0
[Br-].CC1=[N+](CC(=O)C2=CC=C(SC3=CC=CC=C3)C=C2)C=CN1CC(=O)C1=CC=C(SC2=CC=CC=C2)C=C1,251.0
[Br-].C=CCN1C=C[N+](CCC#N)=C1,89.0
[Br-].CC1=CC(C)=C(C)C(C(=O)CN2C=C[N+](CC(=O)C3=C(C)C(C)=CC(C)=C3C)=C2)=C1C,273.0
[Br-].CN1C=C[N+](CCCCCC(O)=O)=C1,104.0
[Br-].C=CC[N+]1=CN(CCC#N)C=C1C1=CC=CC=C1,116.0
[Br-].N#CCCC[N+]1=CN(CCC#N)C=C1C1=CC=CC=C1,132.0
[Br-].N#CCCN1C=C(C2=CC=CC=C2)[N+](CC2=CC=CC=C2)=C1,174.0
[Br-].COC(=O)C1=CC=C(NC(=O)C[N+]2=CN(CCC#N)C=C2C2=CC=CC=C2)C=C1,206.0
[Br-].CC1=[N+](O)C(Br)=CN1O,154.0
[Br-].ON1C=C[N+](O)=C1Br,181.0
[Br-].CC1=C(C)[N+](O)=C(Br)N1O,152.0
[Br-].ON1C=C(Br)[N+](O)=C1C#N,161.0
[Br-].ON1C=C(Br)[N+](O)=C1C1=CC=CC=C1,158.0
[Br-].CC1=C(C)[N+](CC2=CC=C(F)C=C2)=CN1CC1=CC=C(F)C=C1,250.0
[Br-].CN1C=C[N+](CC2=CC=C(C=C2)C(=O)C2=CC=CC=C2)=C1,94.0
[Br-].CC1=[N+](CC2=CC=CC=C2C)C=CN1CCC(C(N)=O)(C1=CC=CC=C1)C1=CC=CC=C1,225.0
[Br-].CC1=[N+](CC2=CC=CC=C2)C=CN1CCCC(C(N)=O)(C1=CC=CC=C1)C1=CC=CC=C1,172.0
[Br-].CC1=[N+](CC2=CC=CC=C2Cl)C=CN1CCC(C(N)=O)(C1=CC=CC=C1)C1=CC=CC=C1,199.0
[Br-].CC1=[N+](CC2=CC(C)=CC=C2)C=CN1CCC(C(N)=O)(C1=CC=CC=C1)C1=CC=CC=C1,211.0
[Br-].CC1=[N+](CC2=CC(Cl)=CC=C2)C=CN1CCC(C(N)=O)(C1=CC=CC=C1)C1=CC=CC=C1,222.0
[Br-].CC1=[N+](CC2=CC=C(Cl)C=C2)C=CN1CCC(C(N)=O)(C1=CC=CC=C1)C1=CC=CC=C1,134.0
[Br-].CC1=[N+](CC2=CC=CC=C2)C=CN1CCCCC(C(N)=O)(C1=CC=CC=C1)C1=CC=CC=C1,156.0
[Br-].CC1=[N+](CC2=CC=C(C=C2)N(=O)=O)C=CN1CCC(C(N)=O)(C1=CC=CC=C1)C1=CC=CC=C1,216.0
[Br-].CC(C)(C)[N+]1=CN(CC2=CC=CC=N2)C=C1,65.0
[Br-].CCN(CC)C(=O)C[N+]1=CN(C=C1)C(C)(C)C,118.0
[Br-].CN1C=C[N+](CC2=CC=CC=C2)=C1SC1=CC=CC=C1,107.0
[Br-].CCN(CC)C(=O)C[N+]1=CN(C=C1)C1=C(C)C=C(C)C=C1C,175.0
[Br-].CC(C)(C)C1=CC(CN2C=C[N+](=C2)C(C)(C)C)=C(N)C(=C1)C(C)(C)C,184.0
[Br-].CC(C)(C)C1=CC(CN2C=C[N+](=C2)C(C)(C)C)=C(C(=C1)C(C)(C)C)N(=O)=O,184.0
[Br-].CC[N+]1=CN(CCC2=CC=CC=C2)C=C1,43.0
[Br-].C(N1C=C[N+](CC2=CC=CC=C2)=C1SC1=CC=CC=C1)C1=CC=CC=C1,171.0
[Br-].CN1C=C[N+](CC(C)=NO)=C1,167.0
[Br-].CC1=CC(C)=C(N2C=C[N+](=C2)C2=C(C)C=C(C)C=C2C)C(C)=C1,308.0
[Br-].CCCCCCCCCCCCCCCCN1C=C[N+](CC(C)=NO)=C1,124.0
[Br-].CCCCCCCCCCCCCCCCCCOCC(COC[N+]1=CN(C)C=C1)OCCCCCCCCCCCCCCCCCC,79.0
[Br-].CN1C=C[N+](CCCOC2=CSC=C2C)=C1C,118.0
[Br-].COC(=O)CN1C=C(C(=O)OC)[N+](CC(=O)OC)=C1,131.0
[Br-].COC(=O)CN1C=C(C(=O)NC2=CC=CC=C2)[N+](CC(=O)OC)=C1,183.0
[Br-].CCCCCCCCCCCC(=O)NCCCC[C@H](NC(=O)CCCCCCCCCC[N+]1=CN(C)C=C1)C(=O)OCC,81.0
[Br-].C[N+]1=CN(CC2=CC3=CC=C2CCC2=CC=C(CC3)C(=C2)C2=NC(C)(C)CO2)C=C1,112.0
[Br-].CCCCCCCCCCCC(=O)NCCCC[C@H](NC(=O)CCCCC)C(=O)OCCCCCCCCCCC[N+]1=CN(C)C=C1,79.0
[Br-].C=CN1C=C[N+](CC#C)=C1,158.0
[Br-].C=CCN1C=C[N+](CC#C)=C1,66.0
[Br-].CC(C)CN1C=C[N+](CC(C)C)=C1,85.0
[Br-].CCCCCCNC(=O)CN1C=C[N+](CC(=O)NCCCCCC)=C1,132.0
[Br-].CC1=CC(C)=C(C(C)=C1)[N+]1=CN(CC2=CC3=CC=C2CCC2=CC=C(CC3)C(=C2)P(C2=CC=CC=C2)C2=CC=CC=C2)C=C1,275.0
[Br-].CCC[N+]1=CN(CC=C)C=C1,30.0
[Br-].C#CCN1C=C[N+](CC#C)=C1,142.0
[Br-].CCCCC[N+]1=CN(CC=C)C=C1,21.0
[Br-].CCCCCCCCCCCCN1C=C[N+](CC[C@H](C)CCC=C(C)C)=C1,6.0
[Br-].CCCCCCCCCCCCCCCCCCN1C=C[N+](CC[C@H](C)CCC=C(C)C)=C1,41.0
[Br-].CC(=O)C1=C(C(N2C=C[N+](CC(=O)C3=CC=CC=C3)=C2)=C(NC2=CC=CC=C2)S1)C1=CC=CC=C1,199.0
[Br-].CCOC(=O)CCCN1C(C)=[N+](CC2=CC=CC=C2)C2=CC=CC=C12,231.0
[Br-].CCCCCCCCCCCC[N+]1=CN(CC)C2=CC=CC=C12,71.0
[Br-].C[N+]1=C(NC2=CC=CC=C12)C1=CC=CC=C1C(O)=O,270.0
[Br-].CCCCCCCCCN1C=[N+](CCCCCCCCC)C2=CC=CC=C12,97.0
[Br-].CCCCCCCCCCCCCCCC[N+]1=CN(CC)C2=CC=CC=C12,67.0
[Br-].CN1C2=CC=C(C=C2[N+](C)=C1C1=CC=C(C=C1)N(=O)=O)N(=O)=O,255.0
[Br-].CN1C2=CC=CC=C2[N+](C)=C1C(F)(F)F,260.0
[Br-].CCC1=[N+](C)C2=CC(=CC=C2N1C)N(=O)=O,245.0
[Br-].CCN1C(C)=[N+](CCC=O)C2=CC(Cl)=C(Cl)C=C12,280.0
[Br-].CN1C2=CC=C(Cl)C=C2[N+](C)=C1C(F)(F)F,192.0
[Br-].CN1C2=C(Br)C(Br)=C(Br)C(Br)=C2[N+](C)=C1C(F)(F)F,213.0
[Br-].CCN1C2=CC(Cl)=C(Cl)C=C2[N+](CCC(C)=O)=C1CC1=CC=CC=C1,173.0
[Br-].CCOC(=O)C[N+]1=C(N(C)C2=CC=C(C=C12)C#N)C1=CC=C(O1)C1=CC=C(Cl)C=C1,207.0
[Br-].CCOC(=O)C[N+]1=C(N(C)C2=CC=C(C=C12)C(=O)OC)C1=CC=C(O1)C1=CC=C(Cl)C=C1,209.0
[Br-].CCOC(=O)C[N+]1=C(N(C)C2=CC=C(C=C12)S(C)(=O)=O)C1=CC=C(O1)C1=CC=C(Cl)C=C1,225.0
[Br-].CCN1C(=CC=CC2=[N+](CCO)C3=CC(=CC=C3N2CCOC(C)=O)C#N)N(CC)C2=CC(=CC=C12)C#N,188.0
[Br-].CCN1C(=CC=CC2=[N+](CC)C3=C(Br)C(Br)=C(Br)C(Br)=C3N2CC)N(CC)C2=C(Br)C(Br)=C(Br)C(Br)=C12,215.0
[Br-].CCN1C(=CC=CC2=[N+](CC)C3=C(Br)C(Cl)=C(Cl)C(Br)=C3N2CC)N(CC)C2=C(Br)C(Cl)=C(Cl)C(Br)=C12,283.0
[Br-].CCN1C(=CC=CC2=[N+](CCOC(C)=O)C3=CC(=CC=C3N2CCOC(C)=O)C#N)N(CC)C2=CC(Cl)=C(Cl)C=C12,163.0
[Br-].CCNS(=O)(=O)C1=CC=C2N(CC)C(C=CC=C3OC4=CC(C)=C(C)C=C4N3CC)=[N+](CCCCS(=O)(=O)NC(C)=O)C2=C1,153.0
[Br-].CCN1C(=CC=CC2=[N+](CCOCCC(O)=O)C3=CC(Cl)=C(Cl)C=C3N2CC)N(CCOCCC(O)=O)C2=CC(Cl)=C(Cl)C=C12,225.0
[Br-].CN1C(C)=[N+](CC#N)C2=CC=CC=C12,243.0
[Br-].CCN1C(C)=[N+](CC#N)C2=CC=CC=C12,261.0
[Br-].CN1C(N)=[N+](CC(=O)C2=CC=C(C)C=C2)C2=CC=CC=C12,272.0
[Br-].CN1C(N)=[N+](CC(=O)C2=CC=CO2)C2=CC=CC=C12,259.0
[Br-].CC[N+]1=C(NC2=CC=CC=C12)C1=C2C=CC=CC2=NC(C)=C1,319.0
[Br-].COC1=CC=C2N(C)C=[N+](CC(=O)C3=CC=CC=C3)C2=C1,196.0
[Br-].CN1C=[N+](CC(=O)C2=CC=CC=C2)C2=CC(=CC=C12)N(=O)=O,224.0
[Br-].CN1C(C)=[N+](CC(=O)C2=CC=CC=C2)C2=CC(=CC=C12)N(=O)=O,265.0
[Br-].CCCCN1C(N)=[N+](CC(=O)C2=CC=CC=C2)C2=CC=CC=C12,213.0
[Br-].CCN1C=[N+](CC(=O)C2=CC=C(C=C2)N(=O)=O)C2=CC(C)=C(C)C=C12,254.0
[Br-].COC1=CC=C2N(C)C=[N+](CC(=O)C3=CC=C(C=C3)N(=O)=O)C2=C1,239.0
[Br-].CC1=[N+](CC(=O)C2=CC=C(C=C2)N(=O)=O)C2=CC=CC=C2N1C1=CC=CC=C1,227.0
[Br-].CN1C=[N+](CC(=O)C2=CC=C(C=C2)N(=O)=O)C2=CC(=CC=C12)N(=O)=O,236.0
[Br-].CCN(CC)CCN1C(C)=[N+](CC(=O)C2=CC=C(C=C2)N(=O)=O)C2=CC=CC=C12,198.0
[Br-].COC1=C2N(CC3=CC=CC=C3)C=[N+](CC(=O)C3=CC=C(C=C3)N(=O)=O)C2=C(OC)C=C1,227.0
[Br-].CC(C)(C)C(=O)C[N+]1=C(N)N(N)C2=CC=CC=C12,248.0
[Br-].NN1C(N)=[N+](CC(=O)C2=CC=CC=C2)C2=CC=CC=C12,258.0
[Br-].COC1=CC=C(C=C1)C(=O)C[N+]1=C(N)N(N)C2=CC=CC=C12,280.0
[Br-].CC(C)N1C(N)=[N+](CC(=O)C2=CC=CC=C2)C2=CC=CC=C12,208.0
[Br-].COC(=O)C[N+]1=C(N)N(C)C2=CC=CC=C12,241.0
[Br-].CCOC(=O)C[N+]1=C(N)N(C)C2=CC=CC=C12,252.0
[Br-].CCCCN1C(N)=[N+](CC(=O)OC)C2=CC=CC=C12,228.0
[Br-].NC1=[N+](CC2=CC=C(C=C2)N(=O)=O)C2=CC=CC=C2N1CC1=CC=C(C=C1)N(=O)=O,317.0
[Br-].CN1C(SCC(=O)C2=CC=CC=C2)=[N+](N)C2=CC=CC=C12,123.0
[Br-].N#CCCCN1C=[N+](CCC#N)C2=CC=CC=C12,151.0
[Br-].COC(=O)CN1C(C)=[N+](CC(C)=O)C2=CC=CC=C12,231.0
[Br-].CCOC(=O)CN1C2=CC=CC=C2[N+](CC(=O)C2=CC=CC=C2)=C1CC,235.0
[Br-].COC(=O)CN1C(C)=[N+](CC(=O)C2=CC=C(OC)C=C2)C2=CC=CC=C12,215.0
[Br-].OC(=O)CN1C2=CC=CC=C2[N+](CC(=O)C2=CC=CC=C2)=C1CC1=CC=CC=C1,176.0
[Br-].CCCCNC(=O)CN1C(C)=[N+](CC(=O)C2=CC=CC=C2)C2=CC=CC=C12,217.0
[Br-].COC(=O)CN1C(C)=[N+](CC(=O)C2=CC=C(C=C2)N(=O)=O)C2=CC=CC=C12,228.0
[Br-].CCOC(=O)CN1C2=CC=CC=C2[N+](CC(=O)C2=CC=CC=C2)=C1CC1=CC=CC=C1,212.0
[Br-].CCN1C(=CC=CC2=[N+](CCCC(O)=O)C3=CC(Cl)=C(Cl)C=C3N2CC)N(CCCC(O)=O)C2=CC(Cl)=C(Cl)C=C12,248.0
[Br-].CCCCCCCCN1C(=CC=CC2=[N+](CCCC(O)=O)C3=CC(Cl)=C(Cl)C=C3N2CCCCCCCC)N(CCCC(O)=O)C2=CC(Cl)=C(Cl)C=C12,109.0
[Br-].CCCCCCCCCCCCN1C(=CC=CC2=[N+](CCCC(O)=O)C3=CC(Cl)=C(Cl)C=C3N2CCCCCCCCCCCC)N(CCCC(O)=O)C2=CC(Cl)=C(Cl)C=C12,96.0
[Br-].CC(CC#N)N1C=[N+](CC=C)C2=C(C)C=CC=C12,181.0
[Br-].CC(CC#N)N1C=[N+](CCCC#N)C2=C(C)C=CC=C12,188.0
[Br-].CC(CC#N)N1C=[N+](CC2=CC=CC=C2)C2=C(C)C=CC=C12,215.0
[Br-].COC(=O)C1=CC=C(NC(=O)C[N+]2=CN(C(C)CC#N)C3=CC=CC(C)=C23)C=C1,142.0
[Br-].COC(=O)C[N+]1=C(N)N(NCC2=CC=CC=C2)C2=CC=CC=C12,216.0
[Br-].OCC1=[N+](CC#C)C2=CC=CC=C2N1CCC#N,187.0
[Br-].OCC1=[N+](CC=C)C2=CC=CC=C2N1CCC#N,187.0
[Br-].CCC1=[N+](CC(=O)C2=CC=CC=C2)C2=CC=CC=C2N1CCC#N,158.0
[Br-].CC1=[N+](CC(=O)C2=CC=CC=C2)C2=CC=CC=C2N1CCC#N,202.0
[Br-].CCCC1=[N+](CC(=O)C2=CC=CC=C2)C2=CC=CC=C2N1CCC#N,209.0
[Br-].OCC1=[N+](CC(=O)C2=CC=CC=C2)C2=CC=CC=C2N1CCC#N,205.0
[Br-].CC1=[N+](CC(=O)C2=CC=CC=C2)C2=CC=CC=C2N1CCC(N)=O,256.0
[Br-].CCCCC1=[N+](CC(=O)C2=CC=CC=C2)C2=CC=CC=C2N1CCC#N,173.0
[Br-].CC(O)C1=[N+](CC(=O)C2=CC=CC=C2)C2=CC=CC=C2N1CCC#N,183.0
[Br-].CC1=[N+](CC(=O)C2=CC=CC=C2)C2=CC=CC=C2N1N,230.0
[Br-].CC1=[N+](CC(=O)C2=CC=CS2)C2=CC=CC=C2N1N,222.0
[Br-].CC1=[N+](CC(=O)C2=CC=CC=C2)C2=CC=CC=C2N1N=CC1=CC=CC=C1,220.0
[Br-].CC1=[N+](CC(=O)C2=CC=CC=C2)C2=CC=CC=C2N1NCC1=CC=CC=C1,219.0
[Br-].CC1=[N+](CC(=O)C2=CC=CC=C2)C2=CC=CC=C2N1N=CC1=CC=C(C=C1)N(=O)=O,238.0
[Br-].CC1=[N+](CC(=O)C2=CC=C(C=C2)N(=O)=O)C2=CC=CC=C2N1NCC1=CC=CC=C1,229.0
[Br-].CCN1C=[N+](CC(=O)C2=CC=CC=C2)C2=CC=CC=C12,113.0
[Br-].C=CCN1C=[N+](CC(=O)C2=CC=CC=C2)C2=CC=CC=C12,106.0
[Br-].OCN1C=[N+](CC(=O)C2=CC=CC=C2)C2=CC=CC=C12,183.0
[Br-].BrC1=CC=C(C=C1)C(=O)C[N+]1=CN(CC=C)C2=CC=CC=C12,215.0
[Br-].CCN1C=[N+](CC(=O)C2=CC=C(Br)C=C2)C2=CC=CC=C12,198.0
[Br-].BrC(=C)CN1C=[N+](CC(=O)C2=CC=CC=C2)C2=CC=CC=C12,164.0
[Br-].OCN1C=[N+](CC(=O)C2=CC=C(Br)C=C2)C2=CC=CC=C12,239.0
[Br-].BrC(=C)CN1C=[N+](CC(=O)C2=CC=C(Br)C=C2)C2=CC=CC=C12,142.0
[Br-].BrC1=CC=C(C=C1)C(=O)C[N+]1=CN(CC2=CC=CC=C2)C2=CC=CC=C12,126.0
[Br-].CN1C=[N+](CCCN2C(=O)N=C3N(C4=CC=CC=C4)C4=CC=CC=C4N=C3C2=O)C2=CC=CC=C12,271.0
[Br-].CC(=O)C[N+]1=CN(CC2=CC=CC=C2)C2=CC=CC=C12,129.0
[Br-].CCOC(=O)C[N+]1=C(C)N(CC2=CC=CC=C2)C2=CC=CC=C12,242.0
[Br-].CCOC(=O)CN1C(C)=[N+](CC(=O)OCC)C2=CC=CC=C12,250.0
[Br-].CN1C=[N+](CC(C)=O)C2=CC=CC=C12,119.0
[Br-].CN1C2=CC=CC=C2[N+](CC2=CC=CC=C2)=C1SC1=CC=CC=C1,162.0
[Br-].C=CCN1C=[N+](CC=C)C2=CC=CC=C12,96.0
[Br-].CCOCCN1C=[N+](CC=CC)C2=CC=CC=C12,107.0
[Br-].C=CCN1C=[N+](CC#C)C2=CC=CC=C12,178.0
[Br-].C=CCN1C=[N+](CC2=CC=CC=C2)C2=CC=CC=C12,201.0
[Br-].CCOCCN1C=[N+](CC=CC)C2=CC(C)=CC=C12,77.0
[Br-].CCOCCN1C=[N+](CC=C)C2=CC(C)=CC=C12,128.0
[Br-].CC[N+]1=CN(CCC[Si](C)(C)C)C2=CC=CC=C12,208.0
[Br-].C[Si](C)(C)CCCN1C=[N+](CC=C)C2=CC=CC=C12,125.0
[Br-].BrC1=CC=C(C[N+]2=CN(CC=C)C3=CC=CC=C23)C=C1,179.0
[Br-].CCOCCN1C=[N+](CCC2=CC=CC=C2)C2=CC=CC=C12,86.0
[Br-].C[Si](C)(C)C#CC[N+]1=CN(CC=C)C2=CC=CC=C12,145.0
[Br-].C[Si](C)(C)CCCN1C=[N+](CC#C)C2=CC=CC=C12,166.0
[Br-].COCCN1C=[N+](CCC2=CC=CC=C2)C2=CC(C)=CC=C12,122.0
[Br-].C[Si](C)(C)CCCN1C=[N+](CC2=CC=CC=C2)C2=CC=CC=C12,129.0
[Br-].CC1=CC=C2N(CCC3=CC=CC=C3)C=[N+](CCC3=CC=CC=C3)C2=C1,123.0
[Br-].COC1=CC=CC=C1C[N+]1=CN(CCC[Si](C)(C)C)C2=CC=CC=C12,176.0
[Br-].O=N(=O)C1=CC=C2N(CCC3=CC=CC=C3)C=[N+](CCC3=CC=CC=C3)C2=C1,180.0
[Br-].C1C2CC3CC1CC(C2)(C3)N1C=[N+](C2=CC=CC=C12)C12CC3CC(CC(C3)C1)C2,298.0
[Br-].O=C(C[N+]1=CN(CC2=CC=CC=C2)C2=CC=CC=C12)C1=CC=CS1,205.0
[Br-].CCCCCCCC[N+]1=C(C)N(CC(O)=O)C2=CC(Cl)=C(Cl)C=C12,215.0
[Br-].CCCCCC[N+]1=C(C)N(CCCC(O)=O)C2=CC(Cl)=C(Cl)C=C12,253.0
[Br-].CCCCCCC[N+]1=C(C)N(CCCC(O)=O)C2=CC(Cl)=C(Cl)C=C12,247.0
[Br-].CCCCCCCC[N+]1=C(C)N(CCC(O)=O)C2=CC(Cl)=C(Cl)C=C12,201.0
[Br-].CCCCCCCC[N+]1=C(C)N(CCCCC(O)=O)C2=CC(Cl)=C(Cl)C=C12,215.0
[Br-].CCCCCCCC[N+]1=C(C)N(CCCCCC(O)=O)C2=CC(Cl)=C(Cl)C=C12,255.0
[Br-].CCCCCCCCCCC[N+]1=C(C)N(CCCC(O)=O)C2=CC(Cl)=C(Cl)C=C12,157.0
[Br-].CCCCCCN1C(=CC=CC2=[N+](CCCCCC)C3=CC(Cl)=C(Cl)C=C3N2CCCC(O)=O)N(CCCC(O)=O)C2=CC(Cl)=C(Cl)C=C12,146.0
[Br-].CCCCCCCCN1C(=CC=CC2=[N+](CCCCCCCC)C3=CC(Cl)=C(Cl)C=C3N2CCC(O)=O)N(CCC(O)=O)C2=CC(Cl)=C(Cl)C=C12,114.0
[Br-].CCCCCCCN1C(=C\C=C\C2=[N+](CCCCCCC)C3=CC(Cl)=C(Cl)C=C3N2CCCC(O)=O)N(CCCC(O)=O)C2=CC(Cl)=C(Cl)C=C12,128.0
[Br-].CCCCCCCCCCN1C(=CC=CC2=[N+](CCCCCCCCCC)C3=CC(Cl)=C(Cl)C=C3N2CCCC(O)=O)N(CCCC(O)=O)C2=CC(Cl)=C(Cl)C=C12,107.0
[Br-].CC(C)CN1C=[N+](C)C2=CC=CC=C12,186.0
[Br-].CC(C)N1C=[N+](C(C)C)C2=CC=CC=C12,125.0
[Br-].CC(C)CN1C=[N+](CC(C)C)C2=CC=CC=C12,178.0
[Br-].CCC[N+]1=C(N)N(CC2=CC=CC=C2)C2=CC=CC=C12,306.0
[Br-].NC1=[N+](CC(O)=O)C2=CC=CC=C2N1CC1=CC=CC=C1,160.0
[Br-].CNC(=O)C[N+]1=C(N)N(CC2=CC=CC=C2)C2=CC=CC=C12,272.0
[Br-].NC1=[N+](CC(=O)NC2=CC=CC=C2)C2=CC=CC=C2N1CC1=CC=CC=C1,296.0
[Br-].NC1=[N+](CCCCCCO)C2=CC=CC=C2N1CC1=CC=CC=C1,274.0
[Br-].NC1=[N+](CCCCCCCCBr)C2=CC=CC=C2N1CC1=CC=CC=C1,257.0
[Br-].CCCCCCCCCCCC[N+]1=C(N)N(CC2=CC=CC=C2)C2=CC=CC=C12,233.0
[Br-].CCCCCCCCCCCC[N+]1=C(N)N(CC2=CC=C(C)C=C2)C2=CC=CC=C12,243.0
[Br-].CCCCCCCCCCCC[N+]1=C(N)N(CC2=CC=C(OC)C=C2)C2=CC=CC=C12,263.0
[Br-].CCCCCCCCCCCC[N+]1=C(N)N(CCCC2=CC=CC=C2)C2=CC=CC=C12,228.0
[Br-].CCCCCCCCCCCC[N+]1=C(N)N(CC2=CC=C(Cl)C=C2)C2=CC=CC=C12,272.0
[Br-].NC1=[N+](CCCCCCCCCCCCBr)C2=CC=CC=C2N1CC1=CC=CC=C1,240.0
[Br-].CCCCCCCCCCCC[N+]1=C(N)N(CC2=CC=C(Cl)C(Cl)=C2)C2=CC=CC=C12,275.0
[Br-].CC(C)(C)OC(=O)NCCCCCCCCCCC[N+]1=C(N)N(CC2=CC=CC=C2)C2=CC=CC=C12,216.0
[Br-].NC1=[N+](CCCCCCCCCCCCN2C(=O)C3=C(C=CC=C3)C2=O)C2=CC=CC=C2N1CC1=CC=CC=C1,200.0
[Br-].O=C(CN1C=C[N+](CC(=O)C2=CC=CC=C2)=C1)C1=CC=CC=C1,265.0
[Br-].CN1C=[N+](C)C2=CC(Cl)=CC=C12,275.0
[Br-].CC(N1C=C[N+](=C1)C(C)C(=O)C1=CC=C(C=C1)C1=CC=CC=C1)C(=O)C1=CC=C(C=C1)C1=CC=CC=C1,225.0
[Br-].CN1C=C[N+](CC(=O)C2=CC=C(C=C2)C(N)=O)=C1,235.0
[Br-].CC1=[N+](CC2=CC=CC=C2)C=CN1CCC(C(N)=O)(C1=CC=CC=C1)C1=CC=CC=C1,231.0
[Br-].CC1=[N+](CC2=CC=C(C=C2)C2=CC=CC=C2)C=CN1CCC(C(N)=O)(C1=CC=CC=C1)C1=CC=CC=C1,249.0
[Br-].CC(=O)CN1C(C)=[N+](C)C2=CC=CC=C12,234.0
[Br-].CCOC(=O)C[N+]1=C(C)N(CC)C2=CC=CC=C12,233.0
[Br-].CN1C=[N+](CC(=O)C2=CC=CC=C2)C2=CC(Cl)=CC=C12,234.0
[Br-].CCCCCCCCCCCCCCCCN1C(C)=[N+](CCCCCCCCCCCCCCCC)C2=CC=CC=C12,239.0
[Br-].CC1=CN(C=[N+]1CC(=O)C1=CC=CC=C1)C(C1=CC=CC=C1)(C1=CC=CC=C1)C1=CC=CC=C1,206.0
[Br-].CC[C@H]1[C@@H](CC2=C[N+](CC(=O)C3=CC=C(Br)C=C3)=CN2C)COC1=O,220.0
[Br-].CCN1C=[N+](CC)C2=CC=CC=C12,206.0
[Br-].CN1C=[N+](CC(=O)C2=CC=CC=C2)C2=CC=CC=C12,211.0
[Br-].COC(=O)CN1C(C)=[N+](CC(=O)C2=CC=C(C)C=C2)C2=CC=CC=C12,217.0
[Br-].COC(=O)CN1C(C)=[N+](CC(=O)C2=CC=C(Br)C=C2)C2=CC=CC=C12,211.0
[Br-].CCCCCCCCN1C(C)=[N+](CCCC(O)=O)C2=CC(Cl)=C(Cl)C=C12,208.0
[Br-].CC1=[N+](CC(=O)C2=CC=C(Br)C=C2)C=CN1CCC1=CC=CC=C1,193.0
[Br-].CC[C@H]1[C@@H](CC2=C[N+](CCC3=CC=CC=C3)=CN2C)COC1=O,173.0
[Br-].CC[C@H]1[C@@H](CC2=C[N+](CC(=O)C3=CC=C(C=C3)C3=CC=CC=C3)=CN2C)COC1=O,179.0
[Br-].CCC1=CC=C(C=C1)C(=O)C[N+]1=CN(C)C=C1,178.0
[Br-].C[N+]1=CN(C=C1)C(C1=CC=CC=C1)C1=CC=CC=C1,174.0
[Br-].O=C(CN1C=[N+](CC(=O)C2=CC=CC=C2)C2=CC=CC=C12)C1=CC=CC=C1,178.0
[Br-].CCOC(=O)C[N+]1=CN(CC2=CC=CC=C2)C2=CC=CC=C12,167.0
[Br-].CC[C@H]1[C@@H](CC2=C[N+](CC3=CC=C(Br)C=C3)=CN2C)COC1=O,159.0
[Br-].CN1C=C[N+](CC(=O)C2=CC=C(C)C=C2)=C1,150.0
[Br-].CCCN1C=C[N+](CC(=O)C2=CC=CC=C2)=C1,149.0
[Br-].CC[N+]1=CN(C=C1)C(C1=CC=CC=C1)C1=CC=CC=C1,137.0
[Br-].CCOC(=O)C[N+]1=CN(C)C2=CC=CC=C12,157.0
[Br-].C[Si](C)(C)CCCN1C=[N+](CC2=CC=C(Br)C=C2)C2=CC=CC=C12,155.0
[Br-].CCCCCCCCCCCCCC[N+]1=C(C)N(CC2=CC=CC=C2)C=C1,103.0
[Br-].CCCC[N+]1=CN(C)C(C[C@H]2COC(=O)[C@H]2CC)=C1,111.0
[Br-].COC(=O)CN1C=C[N+](CC(=O)C2=CC=CC=C2)=C1,125.0
[Br-].CCCCCCCCN1C=[N+](CCCCCCCC)C2=CC=CC=C12,107.0
[Br-].CCCN1C=[N+](CCC#N)C2=CC=CC=C12,120.0
[Br-].CCCCCCCCCCN1C=C[N+](C)=C1C,85.0
[Br-].CC[N+]1=CN(C)C=C1,78.0
[Br-].CN1C=C[N+](CCO)=C1,97.0
[Br-].C(N1C=C[N+](CC2=CC=CC=C2)=C1)C1=CC=CC=C1,63.0
[Br-].CCC[N+]1=CN(C)C=C1,35.0
[Br-].BrC1=CC=C(C=C1)C(=O)CN1C=C[N+](CC(=O)C2=CC=C(Br)C=C2)=C1,289.0
[Br-].CCCCCCCC[N+]1=C(N)N(CC2=CC=CC=C2)C2=CC=CC=C12,278.0
[Br-].CC1=[N+](CC(=O)C2=CC=CC=C2)C=CN1CC1=CC=CC=C1,239.0
[Br-].CC(C)(N1C=C[N+](=C1)C(C)(C)C(=O)C1=CC=C(C=C1)C1=CC=CC=C1)C(=O)C1=CC=C(C=C1)C1=CC=CC=C1,241.0
[Br-].CN1C=C[N+](CC(=O)C2=CC=C(C=C2)C2=CC=CC=C2)=C1,249.0
[Br-].CC1=[N+](CC2=CC=C(C)C=C2)C=CN1CCC(C(N)=O)(C1=CC=CC=C1)C1=CC=CC=C1,241.0
[Br-].CC1=[N+](CC2=CC=CC=C2)C2=CC=CC=C2N1CCCC(O)=O,235.0
[Br-].CC(C(C)=O)[N+]1=C(C)N(C)C2=CC=CC=C12,255.0
[Br-].CN1C=[N+](CC(=O)C2=CC=CC=C2)C2=CC(C)=CC=C12,245.0
[Br-].CC1=[N+](CC(=O)C2=CC=C(C=C2)N(=O)=O)C2=CC=CC=C2N1CC1=CC=CC=C1,248.0
[Br-].CCCCCCCCCN1C(C)=[N+](CCCCCCCCC)C2=CC=CC=C12,246.0
[Br-].O=C(CN1C=C[N+](CC(=O)C2=CC=C(C=C2)N(=O)=O)=C1)C1=CC=C(C=C1)N(=O)=O,215.0
[Br-].CC1=[N+](CC2=CC=C(Br)C=C2)C=CN1CCC(C(N)=O)(C1=CC=CC=C1)C1=CC=CC=C1,220.0
[Br-].CCOC(=O)C[N+]1=C(C)N(C)C2=CC=CC=C12,215.0
[Br-].COC(=O)CN1C(C)=[N+](CC(=O)C2=CC=CC=C2)C2=CC=CC=C12,205.0
[Br-].CCOC(=O)CN1C(C)=[N+](CC(=O)C2=CC=CC=C2)C2=CC=CC=C12,215.0
[Br-].CCCCN1C(C)=[N+](CCCC(O)=O)C2=CC(Cl)=C(Cl)C=C12,217.0
[Br-].CCCCN1C(=CC=CC2=[N+](CCCC(O)=O)C3=CC(Cl)=C(Cl)C=C3N2CCCC)N(CCCC(O)=O)C2=CC(Cl)=C(Cl)C=C12,200.0
[Br-].CN1C=C[N+](CCC2=CC=C(C=C2)N(=O)=O)=C1,185.0
[Br-].CC[C@H]1[C@@H](CC2=C[N+](CC3=CC=C(C)C=C3)=CN2C)COC1=O,188.0
[Br-].CC(C(=O)C1=CC=CC=C1)[N+]1=CN(C)C=C1,169.0
[Br-].O=C(CN1C=C[N+](CCC#N)=C1)C1=CC=CC=C1,186.0
[Br-].CN1C=[N+](CC=C)C2=CC=CC=C12,163.0
[Br-].O=C(C[N+]1=CN(CC2=CC=CC=C2)C2=CC=CC=C12)C1=CC=CC=C1,180.0
[Br-].CC[N+]1=CN(CC=C)C2=CC=CC=C12,175.0
[Br-].CC[C@H]1[C@@H](CC2=C[N+](CC(=O)C3=CC=C(C=C3)N(=O)=O)=CN2C)COC1=O,140.0
[Br-].CN1C=C[N+](=C1)C(C)(C)C(=O)C1=CC=CC=C1,139.0
[Br-].CCCN1C=C[N+](CCC)=C1,135.0
[Br-].CC(C)N1C=C[N+](=C1)C(C)C,137.0
[Br-].CCCCCCCCCCCCN1C(C)=[N+](CCCC(O)=O)C2=CC(Cl)=C(Cl)C=C12,142.0
[Br-].CCCCCCCCCC[N+]1=C(C)N(CCCC(O)=O)C2=CC(Cl)=C(Cl)C=C12,157.0
[Br-].CN1C=C[N+](C)=C1,112.0
[Br-].CC[C@H]1[C@@H](CC2=C[N+](CC3=CC=CC=C3)=CN2C)COC1=O,126.0
[Br-].CCCCCCCCCCCCCCCCN1C(=CC=CC2=[N+](CCCCCCCCCCCCCCCC)C3=CC=CC=C3N2CCCCCCCCCCCCCCCC)N(CCCCCCCCCCCCCCCC)C2=CC=CC=C12,127.0
[Br-].C=CCN1C=[N+](CCC#N)C2=CC=CC=C12,114.0
[Br-].CCCCCCCCCC[N+]1=C(C)N(CC2=CC=CC=C2)C=C1,88.0
[Br-].CCCC[N+]1=CN(C)C=C1,78.0
[Br-].C[N+]1=CN(CC=C)C=C1,53.0
[Br-].CCOC(=O)C[N+](C)(C)C,159.0
[Br-].CCCCCCCCCCCCCCCC[N+](C)(C)CCCC,84.0
[Br-].CCCCCCC(=O)C[N+](CC)(CC)CC,103.0
[Br-].CCCCCCCCCCCCCCCC[N+](C)(CCO)CCO,129.0
[Br-].CCCCCCCCCCCCCCCC[N+](C)(C)C1=CC=CC=C1,117.0
[Br-].CCCCCCCC[N+](C)(C)CCO,117.0
[Br-].CCCCCCCCC[N+](C)(C)CCO,122.0
[Br-].CCCCCCCCCCCC[N+](C)(C)CCO,195.0
[Br-].CCCCCCCCCCCCCCC[N+](C)(C)CCO,204.0
[Br-].CCCCCCCCCCCCCCCCCC[N+](C)(C)CCO,204.0
[Br-].CCCCCCCCCCCCCCC(O)C[N+](C)(C)CCO,79.0
[Br-].CCCCCCCCCCCCCCCC[N+](C)(C)CC(O)CO,66.0
[Br-].CCCCCCCCCCCCCCCCCCCC[N+](C)(C)CCCCCCCCCCCCCCCCCCCC,138.0
[Br-].CC(C)CCC[N+](C)(C)C,210.0
[Br-].CC(C)[N+](C)(C)CCO,274.0
[Br-].CCCC[N+](CC)(CC)CC,208.0
[Br-].CCCC[N+](C)(C)CCCC,166.0
[Br-].CCC(C)(O)C[N+](C)(C)C,169.0
[Br-].CCC(C[N+](C)(C)C)OC,123.0
[Br-].CCOC(CC)C[N+](C)(C)C,160.0
[Br-].CCCC(C[N+](C)(C)C)OC,102.0
[Br-].CCCCCCCCC[N+](C)(C)C,212.0
[Br-].C[N+](C)(C)CCOCCO,85.0
[Br-].CCCOC(CC)C[N+](C)(C)C,148.0
[Br-].CCCCC(C[N+](C)(C)C)OC,99.0
[Br-].CCCC(C[N+](C)(C)C)OCC,148.0
[Br-].CCCCCCC[N+](CC)(CC)CC,110.0
[Br-].CC[N+](C)(CCC(C)C)CCC(C)C,127.0
[Br-].CCCC[N+](C)(CCCC)CCCC,121.0
[Br-].CCOCC[N+](CC)(CC)CC,98.0
[Br-].CC[N+](CC)(CC)CC#C,199.0
[Br-].CCCCC(C[N+](C)(C)C)OCC,149.0
[Br-].CCCCOC(CC)C[N+](C)(C)C,129.0
[Br-].CCCCOC(CCC)C[N+](C)(C)C,111.0
[Br-].C[N+](CC=C)(CC=C)CC=C,90.0
[Br-].CCCCCCCCC(CC)C[N+](C)(C)C,226.0
[Br-].CCCCCOC(CCC)C[N+](C)(C)C,106.0
[Br-].CC[N+](C)(CC)CC(C)(O)CC(C)(C)C,125.0
[Br-].CCOC(=C)[N+](C)(C)C,151.0
[Br-].CC(CC1CCCCCC1)[N+](C)(C)C,273.0
[Br-].CC[N+](CC)(CC)CCOC=C,95.0
[Br-].CC(CC1CCCCCCC1)[N+](C)(C)C,249.0
[Br-].CC(CC(C)(C)C)C[N+](C)(C)CC(C)CC(C)(C)C,210.0
[Br-].CCCCCCCCCCCC[N+](C)(C)CCCC,40.0
[Br-].C=CC[N+](CC=C)(CC=C)CC#C,103.0
[Br-].CCCC[N+](C)(C)CC(O)C=C,79.0
[Br-].C[N+](C)(CC=C)CC1=CC=CC=C1,89.0
[Br-].CCCC[N+](CC=C)(CC#C)CC#C,89.0
[Br-].CC1=CC=CC=C1C[N+](C)(C)C,201.0
[Br-].C[N+](C)(CC=C)C1=CC=CC=C1,124.0
[Br-].CCCC(=O)OCC[N+](C)(C)C,101.0
[Br-].C[N+](C)(C)CCCCC1=CC=CC=C1,180.0
[Br-].C[N+](C)(C)CCCCCC1=CC=CC=C1,163.0
[Br-].CCC[N+](C)(C)CC1=CC=CC=C1,140.0
[Br-].COC1=CC=C(C[N+](C)(C)C)C=C1,146.0
[Br-].CCCCCCCCCCCCCCCCCC[N+](CC)(CC)CC,160.0
[Br-].CCCCCCCCCCCCCCCC[N+](C)(CCCC)CCCC,51.0
[Br-].C[N+](C)(CCO)CC1=CC=CC=C1,83.0
[Br-].CC[N+](C)(CC)CC(O)C1=CC=CC=C1,155.0
[Br-].CCCCCCCCCC[N+](C)(C)CC(O)=O,153.0
[Br-].C=CC[N+](CC=C)(CC#C)C1=CC=CC=C1,138.0
[Br-].CCC[N+](CCC)(CCC)CC1=CC=CC=C1,188.0
[Br-].CC[N+](C)(CC)C(CO)C1=CC=CC=C1,153.0
[Br-].CCCCCCCCCCCCCCCC[N+](C)(C)C1CCCCC1,141.0
[Br-].CC1=CC=CC=C1C[N+](C)(C)C1=CC=CC=C1,88.0
[Br-].CC[N+](CC)(CC1=CC=CC=C1)CC1=CC=CC=C1,147.0
[Br-].CCC1=CC=C(C=C1)[N+](C)(C)CC1=CC=CC=C1,159.0
[Br-].CCCCCCCCCCCC[N+](C)(C)CCOC(C)=O,65.0
[Br-].CCC=CC1=CC=C(C=C1)[N+](C)(C)CC1=CC=CC=C1,105.0
[Br-].CCCCCC[N+](C)(C)C1=CC=CC=C1OC,182.0
[Br-].C[N+](C)(CC1CCCCC1)CC(=O)C1=CC=CC=C1,186.0
[Br-].COC1=CC=C(C=C1)[N+](C)(CC=C)CC1=CC=CC=C1,148.0
[Br-].C[N+](C)(C)C(OC(=O)C1=CC=CC=C1)C1=CC=CC=C1,137.0
[Br-].CCCCCCCCCC[N+](C)(C)CCCCCCCCCCC(O)=O,110.0
[Br-].C[N+](C)(CCCC1=CC=CC=C1)CC(=O)C1=CC=CC=C1,125.0
[Br-].CCCCCCCCCCCCCCCC[N+](C)(C)CC(=O)OCC,55.0
[Br-].CCCCCCCCCCCCCCCC[N+](C)(C)CCOC(C)=O,73.0
[Br-].CCCCCCCC1=CC=C(C=C1)[N+](C)(C)CC1=CC=CC=C1,90.0
[Br-].CCCCCCCCC1=CC=C(C=C1)[N+](C)(C)CC1=CC=CC=C1,88.0
[Br-].CCCCCCCCCCCCCC[N+](C)(C)CC1=CC=CC=C1,49.0
[Br-].COC1=CC=CC(C[N+](C)(C)CC(=O)C2=CC=CC=C2)=C1,151.0
[Br-].CCCCCCCCCCCCCCCC[N+](CC)(CC)CCOC(C)=O,71.0
[Br-].CCCCCCCCCCCCCCCC[N+](C)(C)CCCCCC(=O)OC,67.0
[Br-].CCCCCCCCCCCCCCC[N+](C)(C)CC1=CC=CC=C1,60.0
[Br-].CC[N+](CC)(CCCOC1=CC=CC=C1)CCCOC1=CC=CC=C1,78.0
[Br-].CCCCCCCCCCCCCCCC[N+](C)(C)CCCCCCCC(=O)OC,60.0
[Br-].CCCCCCCCCCCC1=CC=C(C=C1)[N+](C)(C)CC1=CC=CC=C1,87.0
[Br-].CCCCCCCCCCCCCCCC[N+](CCCC)(CCCC)CCOC(C)=O,53.0
[Br-].CCCCCCCCCCCCOC1=CC=CC=C1[N+](C)(C)CCCCCCCCCC,39.0
[Br-].CCCCCCCCCCCCOC1=CC=CC=C1[N+](C)(C)CCCCCCCCCCCC,44.0
[Br-].CCCCCCCCCCCCCC[N+](C)(C)C1=CC=CC=C1OCCCCCCCCCCCC,47.0
[Br-].C[N+](C)(C)CCC1=CC=CC=C1,234.0
[Br-].C[N+](C)(C)O,246.0
[Br-].CCCC(C)[N+](C)(C)C,227.0
[Br-].C[N+](C)(C)C1CCCC1,281.0
[Br-].CC(C)(C)[N+](C)(C)CC=C,248.0
[Br-].C[N+](C)(C)C1CCOC1,250.0
[Br-].C[N+](C)(C)C1CCCCCC1,278.0
[Br-].CC1=CC(C)=C(C)C=C1C[N+](C)(C)C,254.0
[Br-].CCCCCCCCCCCC[N+](CC)(CCO)CCO,70.0
[Br-].CC1=C2C=CC=CC2=C(C[N+](C)(C)C)C=C1,233.0
[Br-].CCCCCCCCCCCCCC[N+](C)(C)CCCCCCCCCCCCCC,51.0
[Br-].CCCCCCCCCCCCCCCCCC[N+](C)(C)CCCCCCCCCC,61.0
[Br-].CCCCC(C(=O)OC)[N+](C)(C)CC1=CC=CC=C1,147.0
[Br-].C[N+](C)(CCCCOC1=CC=CC=C1)CC1=CC=CC=C1,129.0
[Br-].CCCC(C(=O)OCC[N+](C)(CC)CC)C1=CC=CC=C1,90.0
[Br-].CCCCC(C(=O)OCC)[N+](C)(C)CC1=CC=CC=C1,118.0
[Br-].C[N+](C)(CC1=CC=CC(OC2=CC=CC=C2)=C1)C1=CC=CC=C1,127.0
[Br-].CCCCCC[N+](CCCCCC)(CCCCCC)CC1=CC=CC=C1,102.0
[Br-].C[N+](C)(CCCCCOC1=CC=CC=C1)CC1=CC=CC=C1,140.0
[Br-].CC(C)C1=CC=C(C)C(C[N+](C)(C)CC2=CC(=CC=C2C)C(C)C)=C1,226.0
[Br-].CCCCC(C(=O)OCC[N+](C)(CC)CC)C1=CC=CC=C1,78.0
[Br-].CC(C)C1=CC=C(C)C(C[N+](C)(CC2=CC=CC=C2)CC2=CC=CC=C2)=C1,207.0
[Br-].C[N+](C)(CCCCOC1=C2C=CC=CC2=CC=C1)CC1=CC=CC=C1,140.0
[Br-].C[N+](C)(CCCCOC1=CC=C2C=CC=CC2=C1)CC1=CC=CC=C1,162.0
[Br-].CCCCCCC[N+](C)(C)C,183.0
[Br-].CC(C)=C[N+](C)(C)CC=C,64.0
[Br-].CC[N+](C)(C)C1CCCCO1,84.0
[Br-].CC[N+](CC)(CC)CC#CC,117.0
[Br-].CC1=CC(C[N+](C)(C)C)=CC(C)=C1,239.0
[Br-].C[N+](C)(CC#C)CC#CC1=CC=CC=C1,172.0
[Br-].CC(C)=C[N+](C)(C)CC1=CC=CC=C1,165.0
[Br-].COC1=CC=C(CC[N+](C)(C)C)C=C1,217.0
[Br-].CCCCCCCCCCCCCCCCCC[N+](C)(C)CCCCCCCC,58.0
[Br-].C[N+](C)(CCC1=CC=CC=C1)C1=CC=CC=C1,170.0
[Br-].CC(C1=CC=CC=C1)[N+](C)(C)C1=CC=CC=C1,120.0
[Br-].CC1=C(C)C(C[N+](C)(C)CCO)=CC=C1,148.0
[Br-].CC1=CC=CC=C1C[N+](C)(C)CCCO,129.0
[Br-].CC(=O)OCC[N+](C)(C)CC1=CC=CC=C1,126.0
[Br-].CC1=C(C)C(C[N+](C)(C)CCCO)=CC=C1,170.0
[Br-].CCCCCCCCCCCCCCCCCC[N+](C)(C)CCCCCCCCCCCC,63.0
[Br-].CCOC(=O)C(C)[N+](C)(C)CC1=CC=CC=C1,118.0
[Br-].CC[N+](CC)(CC)CC1=CC=CC(OC2=CC=CC=C2)=C1,162.0
[Br-].CCCCCCCCCCCC[N+](C)(C)CC1=CC(=CC=C1C)C(C)C,154.0
[Br-].CCCCCCCCCCCC[N+](C)(C)CCC1=CC(=CC=C1C)C(C)C,114.0
[Br-].CCC(CC(C)C)(C(=O)OCC[N+](C)(CC)CC)C1=CC=CC=C1,143.0
[Br-].CCCCCCCCCCCC[N+](CC)(CC)CCC,98.0
[Br-].CCCCCCCCCCCC[N+](C)(CC)COCC,176.0
[Br-].C[N+](C)(CCC(O)=O)CC(O)=O,151.0
[Br-].CCCCCCCCCCCC[N+](C)(CC)CC(O)=O,103.0
[Br-].CCCCCCCCCCCC[N+](C)(CC)CC1=CC=CC=C1,104.0
[Br-].CCCCCCCCCCCC[N+](C)(CCCC)CC1=CC=CC=C1,78.0
[Br-].C[N+](C)(C)CC1=CC=C(O)C=C1,166.0
[Br-].CCCCCCCCCCCCCCCC[N+](C)(C)CC1=CC=C(O)C=C1,129.0
[Br-].CC(=O)C[N+](C)(C)CC1=CC=CC=C1C,123.0
[Br-].COC(=O)C[N+](C)(C)CC1=CC=C(C)C=C1,117.0
[Br-].COC(=O)C[N+](C)(C)CC1=CC=CC=C1C,132.0
[Br-].CC(C)CC(=O)C[N+](C)(C)C,134.0
[Br-].CCOC(C[N+](C)(C)C)OCC,151.0
[Br-].C[N+](C)(C)CC(O)CO,121.0
[Br-].CC[N+](CC)(CC)CC#CC1=CC=CC=C1,157.0
[Br-].CC1=CC=C(O)C(=C1)[N+](C)(C)CC=C,151.0
[Br-].COC1=CC(OC)=CC(C[N+](C)(C)C)=C1,194.0
[Br-].CC1=CC(C)=C(O)C(=C1)[N+](C)(C)CC=C,106.0
[Br-].CC(=C)C[N+](C)(C)C1=CC(C)=CC=C1O,153.0
[Br-].COC1=CC=C(C=C1)[N+](C)(C)CC1=CC=CC=C1,129.0
[Br-].C[N+](C)(CC#C)C(C(=O)C1=CC=CC=C1)C1=CC=CC=C1,151.0
[Br-].CC1=CC=C(O)C(=C1)[N+](C)(C)CC=CC1=CC=CC=C1,152.0
[Br-].COC(=O)C[N+](C)(C)CC1=C2C=CC=CC2=CC=C1,162.0
[Br-].CCCCCCCCCCCC[N+](C)(C)CC1=CC=C(C=C1)C(=O)C1=CC=CC=C1,126.0
[Br-].C[N+](C)(C)C1=CC=C(C=O)C=C1,209.0
[Br-].CC(C[N+](C)(C)CC=CC1=CC=CC=C1)=CC=C,159.0
[Br-].C[N+](C)(CC=CC1=CC=CC=C1)CC#CC1=CC=CC=C1,146.0
[Br-].C[C@@H](C1=CC=CC=C1)[N+](C)(C)CC(=O)C1=CC=CC=C1,127.0
[Br-].C[N+](C)(C)CCCCCCCCCCOC1=CC=C(C=O)C=C1,118.0
[Br-].C[N+](C)(CC#C)CC#CC1=C2C=CC=CC2=CC=C1,142.0
[Br-].CC[N+](CC)(CC#C)CC#CC1=C2C=CC=CC2=CC=C1,126.0
[Br-].CC[N+](CC)(CC)CCCO,166.0
[Br-].CCCCCCCCCC[N+](CC)(CC)CC,107.0
[Br-].C[N+](C)(C)C1=CC(O)=CC=C1,207.0
[Br-].CC(C[N+](C)(C)C)C1=CC=CC=C1,179.0
[Br-].CCCCCCCCCCCCCCCC[N+](C)(C)C(C)O,117.0
[Br-].CC(C)C(C[N+](C)(C)C)C1=CC=CC=C1,171.0
[Br-].CC(=C)C[N+](C)(C)C1=CC=CC(O)=C1,114.0
[Br-].C[N+](C)(C)CCC(=O)C1=CC=C(O)C=C1,207.0
[Br-].COC1=CC=CC(=C1)C(=O)CC[N+](C)(C)C,144.0
[Br-].CC1=CC=C(C=C1)C(C[N+](C)(C)C)C1=CC=C(C)C=C1,246.0
[Br-].CC(C1=CC=CC=C1)[N+](C)(C)C1=CC=C(C)C=C1,102.0
[Br-].COC1=CC=C(C=C1)[N+](C)(C)C(C)C1=CC=CC=C1,108.0
[Br-].CC(=C)C[N+](C)(C)C1=CC(=C(O)C(=C1)C(C)(C)C)C(C)(C)C,142.0
[Br-].CC(C)=CC[N+](C)(C)C1=CC(=C(O)C(=C1)C(C)(C)C)C(C)(C)C,136.0
[Br-].COC1=CC=C(C=C1)C(C[N+](C)(C)C)C1=CC=C(OC)C=C1,229.0
[Br-].CC(=C)C#CC[N+](C)(C)C1=CC(=C(O)C(=C1)C(C)(C)C)C(C)(C)C,150.0
[Br-].CC(C)(C)C1=CC(=CC(=C1O)C(C)(C)C)[N+](C)(C)CC1=CC=CC=C1,173.0
[Br-].CCCCCCCCCCCCCCCC[N+](C)(C)CC1=CC=CC=C1O,51.0
[Br-].CC(C)(C)C1=CC(=CC(=C1O)C(C)(C)C)[N+](C)(C)CC=CC1=CC=CC=C1,160.0
[Br-].CCCCCCCCCCCC(=O)OCC[N+](C)(CCOC(=O)CCCCCCCCCCC)CC=C,78.0
[Br-].CCCCCCCCCCCCCCCC(=O)OCC[N+](C)(CCOC(=O)CCCCCCCCCCCCCCC)CC=C,89.0
[Br-].CC[N+](C)(CC)C(C)C1=CC=CC=C1,153.0
[Br-].CC[N+](CC)(CC)C(C)C1=CC=CC=C1,149.0
[Br-].CCC[N+](CCC)(CCC)C(C)C1=CC=CC=C1,162.0
[Br-].CC(C1=CC=CC=C1)[N+](C)(C)CC1=CC=CC=C1,155.0
[Br-].CC[N+](CC)(CC1=CC=CC=C1)C(C)C1=CC=CC=C1,142.0
[Br-].C[N+](C)(CC=CCC=C)CC1=CC=CC=C1,125.0
[Br-].CC(CC=C)(C=C)[N+](C)(C)CC1=CC=CC=C1,136.0
[Br-].COCC[N+](C)(C)CC1=CC=CC=C1,125.0
[Br-].C[N+](C)(CCCO)CC1=CC=CC=C1,101.0
[Br-].CC=CC(C)[N+](C)(C)C,171.0
[Br-].CC(C[N+](C)(C)C)OC(C)=O,148.0
[Br-].CC[N+](C)(CC1=CC=CC=C1)C1=CC=CC=C1,156.0
[Br-].C[N+](C)(C)CC(O)C1=CC=C(O)C(O)=C1,196.0
[Br-].C[N+](C)(C)CCCCCC(O)=O,183.0
[Br-].CCC[N+](C)(CC)CC1=CC=CC=C1,123.0
[Br-].CC(=O)C[N+](C)(C)CC(=O)C1=CC=CC=C1,149.0
[Br-].COC1=CC=C(C=C1)C(=O)C[N+](C)(C)CC(C)=O,146.0
[Br-].CC1=CC(C[N+](C)(C)C2=CC=CC=C2)=CC(C)=C1O,132.0
[Br-].CCCCOC[N+](C)(C)C,74.0
[Br-].CCCCCCCCCC[N+]1=CC=CC(CCCCC)=C1,30.0
[Br-].CCC(=O)OCCCCCCCCCCC[N+]1=CC=CC=C1,35.0
[Br-].CCOC(=O)C1=C[N+](CC2=CC=CC=C2)=CC=C1C(C1=CC=CC=C1)C1=CC=CC=C1,35.0
[Br-].CCCCCCCC[N+]1=CC=C(CCC)C=C1,37.0
[Br-].CCCCCCCCCCCCCC[N+]1=CC=C(CCCCCC)C=C1,37.0
[Br-].CCCCCCCCCCCCCC[N+]1=CC=CC(CCCCC)=C1,39.0
[Br-].CCCCCCCCCC[N+]1=CC=C(C=C1)C(=O)OCC,41.0
[Br-].CCCCCCCCCCCC[N+]1=CC=C(CCC)C=C1,41.0
[Br-].CCCCCCCCCCC[N+]1=CC=CC=C1,42.0
[Br-].CCCCCCCC[N+]1=CC=C(CC)C=C1,43.0
[Br-].CCCCCCCCCCCC[N+]1=CC=C(CC)C=C1,44.0
[Br-].CCCCCCCCCC[N+]1=CC=CC=C1,45.0
[Br-].CCCCCCCCCCCC[N+]1=CC=CC=C1,45.0
[Br-].CCCCCC[C@@H](C)CC1=CC=CC=[N+]1CCCCCC,47.0
[Br-].CCCCC1=CC=C(C)[N+](CC(=O)OCC)=C1,51.0
[Br-].COC1=CC=C(OC)C(CC[N+]2=CC=CC=C2)=C1,54.0
[Br-].CCCCCCCCCCCCC[N+]1=CC=CC=C1,55.0
[Br-].FC1=CC=C(C[N+]2=CC=CC=C2)C=C1,58.0
[Br-].CCCCCCCCCCCCCC[N+]1=CC=CC=C1,59.0
[Br-].CCCC[N+]1=CC=C(C=C1)C(=O)OCC,60.0
[Br-].CC(C)C[N+]1=CC=CC=C1,64.0
[Br-].C[N+]1=CC(CCCO)=CC=C1,64.0
[Br-].CC1=CC=C[N+](CC2=CC=CC=C2)=C1,65.0
[Br-].CCCC[N+]1=CC=CC=C1SCC1=CC=CC=C1,65.0
[Br-].O=C(C[N+]1=CC=CC=C1)C1CCCCC1,69.0
[Br-].CCCC1=CC=CC=[N+]1C,70.0
[Br-].CCOC(=O)CC[N+]1=CC=CC=C1,71.0
[Br-].CCOC(=O)[C@H](CC)[N+]1=CC=CC=C1,73.0
[Br-].CCC[N+]1=CC=CC=C1,76.0
[Br-].CCN(CC)C(=O)C1=C[N+](CC)=CC=C1,77.0
[Br-].C(C[N+]1=CC=CC=C1)OC1=CC=CC=C1,78.0
[Br-].CC1=CC(C)=[N+](C)C(C)=C1C,79.0
[Br-].C[N+]1=CC=C(CCCO)C=C1,79.0
[Br-].CC[N+]1=C(C)C=CC=C1C,80.0
[Br-].C[N+]1=CC=CC(=C1)C1=CC=CC=N1,80.0
[Br-].CC(C)OC(=O)C[N+]1=CC=CC=C1,80.0
[Br-].CC1=CC=[N+](CN2CCOCC2)C=C1,83.0
[Br-].C[N+]1=CC=C(CC2=CC=CC=C2)C=C1,86.0
[Br-].CCOC(=O)C1=C[N+](CCF)=CC=C1,87.0
[Br-].CC1=CC=[N+](CCC2=CC=CC=C2)C=C1,90.0
[Br-].CCCC[N+]1=CC=CC(=C1)C(O)=O,91.0
[Br-].CCN(CC)C(=O)C1=C[N+](CC=C)=CC=C1,92.0
[Br-].CCOC(=O)C(C(=O)OCC)[N+]1=CC=CC=C1,94.0
[Br-].CC(=O)OCCCC[N+]1=CC=CC(O)=C1,95.0
[Br-].C(O[N+]1=CC=CC=C1)C1=CC=CC=C1,95.0
[Br-].C=CC[N+]1=CC=CC=C1,96.0
[Br-].CCOC(=O)C1=CC=C[N+](C)=C1,96.0
[Br-].CC1=C[N+](CCO)=CC=C1,97.0
[Br-].CC[N+]1=CC=CC=C1C,97.0
[Br-].CC(C)[N+]1=CC=CC=C1,97.0
[Br-].CCCC[N+]1=CC=CC=C1,98.0
[Br-].CC[N+]1=CC=C(C=C1)C1=CC=NC=C1,98.0
[Br-].OC1=C[N+](CC=C)=CC=C1,98.0
[Br-].C(C1=CC=CC=C1)[N+]1=CC=CC=C1,99.0
[Br-].CCOC(=O)CCC1=CC=[N+](C)C=C1,100.0
[Br-].CC[N+]1=CC=CC(=C1)C(C)=O,100.0
[Br-].C=CC[N+]1=CC=CC(C=O)=C1,100.0
[Br-].CC(=O)C[N+]1=C(C)C=CC=C1C,104.0
[Br-].CC[N+]1=CC=CC(O)=C1,106.0
[Br-].CCO[N+]1=CC=C(OC)C=C1,109.0
[Br-].CCCOC(=O)C[N+]1=CC=CC=C1,110.0
[Br-].OCC1=CC=CC=[N+]1CC=C,110.0
[Br-].OCC[N+]1=CC=CC=C1,110.0
[Br-].OCC1=CC=[N+](CC=C)C=C1,111.0
[Br-].C#CCCCC[N+]1=CC=CC=C1,114.0
[Br-].CC1=C[N+](CCC#N)=CC=C1,116.0
[Br-].C1=CC=[N+](C=C1)C1=CC=CC=N1,118.0
[Br-].CC(C)[N+]1=CC=C(CO)C=C1,119.0
[Br-].ClCCC[N+]1=CC=CC=C1,120.0
[Br-].CC[N+]1=CC=CC=C1,121.0
[Br-].C=CC[N+]1=CC=C(C=C1)C#N,121.0
[Br-].CC[N+]1=CC=C(C)C=C1,121.0
[Br-].CC(C)[N+]1=CC=CC=C1CO,122.0
[Br-].OCC[N+]1=CC=CC(O)=C1,123.0
[Br-].CC1=CC=[N+](CCO)C=C1C,127.0
[Br-].CC(C)=CC[N+]1=CC=C(C)C=C1,128.0
[Br-].C[C@H](C(C)=O)[N+]1=CC=CC=C1C,133.0
[Br-].CC1=CC=[N+](CCC#N)C=C1C,133.0
[Br-].CCOC(=O)C[N+]1=CC=CC=C1,137.0
[Br-].CC1=CC=[N+](CCCBr)C=C1,140.0
[Br-].CC=C(C)[C@@H](C)[N+]1=CC=CC=C1,140.0
[Br-].COC(=O)C1=CC=C[N+](C)=C1,141.0
[Br-].NC1=C[N+](CCC#N)=CC=C1,142.0
[Br-].C[C@H](C(C)=O)[N+]1=CC=CC=C1,144.0
[Br-].CC1=C[N+](CC#N)=CC(C)=C1,144.0
[Br-].CC1=CC=[N+](C)C=C1O,146.0
[Br-].CC1=CC=[N+](CCC#N)C=C1,147.0
[Br-].N#CCC[N+]1=CC=CC=C1,149.0
[Br-].C[N+]1=CC=CC=C1,150.0
[Br-].C[N+]1=CC=CC(O)=C1,154.0
[Br-].C=C[N+]1=CC=CC=C1,155.0
[Br-].C1=CC=C(C=C1)[N+]1=CC=CC=C1,155.0
[Br-].OCC=C[N+]1=CC=CC=C1,157.0
[Br-].OC(=O)C(=C)C[N+]1=CC=CC=C1,157.0
[Br-].C1CC=C[C@@H](C1)[N+]1=CC=CC=C1,160.0
[Br-].CC1=C[N+](CCC#N)=CC(C)=C1,161.0
[Br-].OC(=O)CCC[N+]1=CC=CC=C1,163.0
[Br-].COC(=O)C1=CC=[N+](C)C=C1,164.0
[Br-].CC[N+]1=CC=C(C=C1)C#N,166.0
[Br-].N#CC[N+]1=CC=CC=C1,167.0
[Br-].C[N+]1=CC=CC=C1CO,168.0
[Br-].CC1=CC=[N+](C=C)C=C1,169.0
[Br-].COC1=CC=[N+](C=C1)C(C)C,170.0
[Br-].CC1=CC=[N+](C)C=C1,173.0
[Br-].COC(=O)C[N+]1=CC=CC=C1,175.0
[Br-].CCC[N+]1=CC=CC(=C1)C(N)=O,175.0
[Br-].CC[N+]1=CC=C(C=C1)N(C)C,176.0
[Br-].CC1=CC=[N+](CC#C)C=C1,178.0
[Br-].CC1=CC=[N+](CC#N)C=C1,179.0
[Br-].FCC[N+]1=CC=CC=C1,180.0
[Br-].CC(=O)C1=CC=[N+](C)C=C1,184.0
[Br-].ON=CC1=CC=[N+](CC=C)C=C1,185.0
[Br-].NNC(=O)C[N+]1=CC=CC=C1,186.0
[Br-].CC(=O)C[N+]1=CC=CC=C1,187.0
[Br-].CC[N+]1=CC=C(C=C1)C(N)=O,188.0
[Br-].OC(=O)C=C[N+]1=CC=CC=C1,189.0
[Br-].C[C@H](C(N)=O)[N+]1=CC=CC=C1,190.0
[Br-].CC1=C[N+](C=CC(O)=O)=CC=C1,191.0
[Br-].ON=CC1=CC=CC=[N+]1CC=C,193.0
[Br-].CC(=O)C[N+]1=CC=CC=C1C,196.0
[Br-].OCC[N+]1=CC=CC=C1C=NO,199.0
[Br-].CC1=CC=[N+](CC#N)C(C)=C1,199.0
[Br-].OC(=O)C[N+]1=CC=CC=C1,199.0
[Br-].NC(=O)CC[N+]1=CC=CC=C1,199.0
[Br-].NC(=O)C[N+]1=CC=CC=C1,200.0
CCCC[N+]1(C)CCCC1.FC(F)(F)S(=O)(=O)[N-]S(=O)(=O)C(F)(F)F,-5.0
C[N+]1(CCCC(F)(F)F)CCCC1.FC(F)(F)S(=O)(=O)[N-]S(=O)(=O)C(F)(F)F,27.0
C[N+]1(CCCC(F)(F)F)CCCCC1.FC(F)(F)S(=O)(=O)[N-]S(=O)(=O)C(F)(F)F,26.0
CC[N+]1=CN(C)C=C1.CCOP([O-])(=O)OCC,20.0
OCC[NH2+]CCO.CCCCOP([O-])(=O)OCCCC,29.0
CS([O-])(=O)=O.OCC[NH2+]CCO,29.0
OCC[NH+](CCO)CCO.CCCCOP([O-])(=O)OCCCC,43.0
CC([O-])=O.OCC[NH+](CCO)CCO,48.0
[O-]C=O.OCC[NH+](CCO)CCO,63.0
CS([O-])(=O)=O.OCC[NH+](CCO)CCO,70.0
CCCC[NH2+]CCCC.CCCCOP([O-])(=O)OCCCC,63.0
CC([O-])=O.CCCC[NH2+]CCCC,45.0
[O-]C=O.CCCC[NH2+]CCCC,28.0
CS([O-])(=O)=O.CCCC[NH2+]CCCC,72.0
NS([O-])(=O)=O.CCCC[NH2+]CCCC,87.0
CCCC[NH2+]CCCC.O=C1[N-]S(=O)(=O)C2=CC=CC=C12,88.0
CS([O-])(=O)=O.CCCC[NH+](CCCC)CCCC,71.0
NCC[NH3+].CCCCOP([O-])(=O)OCCCC,-18.0
NCC[NH3+].CS([O-])(=O)=O,55.0
CS([O-])(=O)=O.CC[NH+](CC)CC,24.0
CC[NH+](CC)CC.O=C1[N-]S(=O)(=O)C2=CC=CC=C12,72.0
CC[NH2+]CC.CCCCOP([O-])(=O)OCCCC,-7.0
CC([O-])=O.CC[NH2+]CC,48.0
[O-]C=O.CC[NH2+]CC,36.0
CC[NH2+]CC.CS([O-])(=O)=O,45.0
CC[NH2+]CC.O=C1[N-]S(=O)(=O)C2=CC=CC=C12,78.0
C1CC[NH2+]C1.CCCCOP([O-])(=O)OCCCC,-4.0
CC([O-])=O.C1CC[NH2+]C1,31.0
[O-]C=O.C1CC[NH2+]C1,11.0
CS([O-])(=O)=O.C1CC[NH2+]C1,122.0
C1CC[NH2+]C1.O=C1[N-]S(=O)(=O)C2=CC=CC=C12,33.0
CSC(N)=[NH2+].COS([O-])(=O)=O,36.0
[Br-].CCSC(N)=[NH2+],87.0
CCSC(N)=[NH2+].FC(F)(F)S(=O)(=O)[N-]S(=O)(=O)C(F)(F)F,27.0
[Br-].CCSC(NC)=[NH+]C,62.0
CCOS([O-])(=O)=O.CCSC(NC)=[NH+]C,32.0
CCSC(NC)=[NH+]C.FC(F)(F)S(=O)(=O)[N-]S(=O)(=O)C(F)(F)F,19.0
[Br-].CCSC(N(C)C)=[N+](C)C,92.0
[Br-].CCNC(SCC)=[NH+]CC,40.0
[Br-].CCCCSC(N)=[NH2+],83.0
CCCCSC(N)=[NH2+].FC(F)(F)S(=O)(=O)[N-]S(=O)(=O)C(F)(F)F,49.0
[Br-].CCCCSC(NC)=[NH+]C,60.0
[Br-].CCCCSC(N(C)C)=[N+](C)C,82.0
[Br-].CCCCCCSC(N)=[NH2+],86.0
[Br-].CCCCCCSC(NC)=[NH+]C,95.0
[Br-].CCCCCCSC(N(C)C)=[N+](C)C,73.0
[Br-].CCCCCCSC(NCC)=[NH+]CC,49.0
[Br-].CCCCCCCCSC(N)=[NH2+],96.0
[Br-].CCCCCCCCSC(NC)=[NH+]C,54.0
[Cl-].CCCCCCCC[P+](C)(CCCCCCCC)CCCCCCCC,89.0
[Cl-].CCCCCCCC[P+](CC)(CCCCCCCC)CCCCCCCC,66.0
[Cl-].CCCCCCCC[P+](CCC)(CCCCCCCC)CCCCCCCC,29.0
[Cl-].CCCCCCCCCCCC[P+](CCCCCCCC)(CCCCCCCC)CCCCCCCC,-30.0
[Cl-].CCCCCCCCCCCCCC[P+](CCCCCCCC)(CCCCCCCC)CCCCCCCC,-20.0
CC1=[N+](C)C=CN1CC[Si](C)(C)C.FC(F)(F)S(=O)(=O)[N-]S(=O)(=O)C(F)(F)F,42.0
[Cl-].CCCC[P+](C)(CCCC)CCCC,20.0
[Cl-].CCCC[P+](CC)(CCCC)CCCC,70.0
[Cl-].CCCC[P+](CCC)(CCCC)CCCC,78.0
[Cl-].CCCC[P+](CCCC)(CCCC)CCCC,71.0
[Cl-].CCCCC[P+](CCCC)(CCCC)CCCC,48.0
[Cl-].CCCCCC[P+](CCCC)(CCCC)CCCC,24.0
[Cl-].CCCCCCC[P+](CCCC)(CCCC)CCCC,53.0
[Cl-].CCCCCCCC[P+](CCCC)(CCCC)CCCC,19.0
[Cl-].CCCCCCCCCCCC[P+](CCCC)(CCCC)CCCC,23.0
[Cl-].CCCCCCCCCCCCCC[P+](CCCC)(CCCC)CCCC,39.0
F[B-](F)(F)F.CC[N+]1=CN(C)C=C1,15.0
[O-]P(F)(F)=O.CC[N+]1=CN(C)C=C1,7.0
CC[N+]1=CN(C)C=C1.[O-]S(=O)(=O)C(F)(F)F,-10.0
[Br-].CC1=CC2=CC=CC=[N+]2C=C1C,237.0
CC1=CC2=CC=CC=[N+]2C=C1C.FC(F)(F)S(=O)(=O)[N-]S(=O)(=O)C(F)(F)F,61.0
F[B-](F)(F)F.CC1=CC2=CC=CC=[N+]2C=C1C,186.0
N#C[N-]C#N.CC1=CC2=CC=CC=[N+]2C=C1C,138.0
[Br-].CCC1=CC2=CC=CC=[N+]2C=C1CC,222.0
CCC1=CC2=CC=CC=[N+]2C=C1CC.FC(F)(F)S(=O)(=O)[N-]S(=O)(=O)C(F)(F)F,50.0
F[B-](F)(F)F.CCC1=CC2=CC=CC=[N+]2C=C1CC,116.0
N#C[N-]C#N.CCC1=CC2=CC=CC=[N+]2C=C1CC,68.0
F[B-](F)(F)F.CC[N+](C)(CC)CCOC,8.0
F[B-](F)(F)F.COCC[N+](C)(C)CCOC,36.0
F[B-](F)(F)F.CCOCC[N+](C)(C)CCOC,6.0
CC([O-])=O.CC[N+](C)(CC)CCOC,36.0
CC([O-])=O.COCC[N+](C)(C)CCOC,40.0
CC([O-])=O.CCOCC[N+](C)(C)CCOC,31.0
CC([O-])=O.CCOCC[N+](C)(C)CCOCC,34.0
[Br-].CCCCCCCC[N+](C)(C)C1CCCCC1,181.0
[O-]C=O.C[NH+](C)CCCCCCC1CCCCC1,23.0
[O-]C=O.CCCCCCCC[N+](C)(C)C1CCCCC1,56.0
CC([O-])=O.CCCC[N+](C)(C)C1CCCCC1,50.0
[Cl-].CCCCC(CC)C[N+](C)(C)CC(CC)CCCC,84.0
[Br-].CCCCC(CC)C[N+](C)(C)CC(CC)CCCC,90.0
[I-].CCCCC(CC)C[N+](C)(C)CC(CC)CCCC,73.0
[O-][N+]([O-])=O.CCCCC(CC)C[N+](C)(C)CC(CC)CCCC,80.0
CC1=CC=C(C=C1)S([O-])(=O)=O.CCCCC(CC)C[N+](C)(C)CC(CC)CCCC,78.0
[O-]C(=O)C1=CC=NC=C1.CCCCC(CC)C[N+](C)(C)CC(CC)CCCC,266.0
[O-]C(=O)C1=CN=CC=C1.CCCCC(CC)C[N+](C)(C)CC(CC)CCCC,224.0
C[N+](C)(C)CC(O)=O.FC(F)(F)S(=O)(=O)[N-]S(=O)(=O)C(F)(F)F,54.0
F[P-](F)(F)(F)(F)F.C[N+]1=CN(CCC(F)(F)C(F)(F)C(F)(F)C(F)(F)C(F)(F)C(F)(F)F)C=C1,66.0
F[P-](F)(F)(F)(F)F.CCCC[N+]1=CN(CCC(F)(F)C(F)(F)C(F)(F)C(F)(F)C(F)(F)C(F)(F)F)C=C1,89.0
CCCC[N+](CCCC)(CCCC)CCCC.[O-]S(=O)(=O)C(F)(F)C(F)(F)C(F)(F)C(F)(F)C(F)(F)C(F)(F)C(F)(F)C(F)(F)F,-18.0
CCCC[N+](CCCC)(CCCC)CCCC.[O-]S(=O)(=O)C(F)(F)C(F)(F)C(F)(F)C(F)(F)F,54.0
CC[N+]1=CC(C)=CC=C1.[O-]S(=O)(=O)C(F)(F)C(F)(F)C(F)(F)C(F)(F)C(F)(F)C(F)(F)C(F)(F)C(F)(F)F,5.0
CCCCCC[N+]1=CN(C)C=C1.[O-]S(=O)(=O)C(F)(F)C(F)(F)C(F)(F)C(F)(F)C(F)(F)C(F)(F)C(F)(F)C(F)(F)F,24.0
CCCCCCCC[N+]1=CN(C)C=C1.[O-]S(=O)(=O)C(F)(F)C(F)(F)C(F)(F)C(F)(F)C(F)(F)C(F)(F)C(F)(F)C(F)(F)F,35.0
[Cl-].C[N+]1(CCO)CCCC1,33.0
[Cl-].C[N+]1(CCCO)CCCC1,41.0
[Cl-].C[N+]1(CCO)CCCCC1,40.0
[Cl-].COCC[N+]1(C)CCCCC1,58.0
[Cl-].CC[N+]1(CCO)CCCCC1,88.0
C[N+]1(CCO)CCCC1.FC(F)(F)S(=O)(=O)[N-]S(=O)(=O)C(F)(F)F,-25.0
C[N+]1(CCCO)CCCC1.FC(F)(F)S(=O)(=O)[N-]S(=O)(=O)C(F)(F)F,12.0
C[N+]1(CCO)CCCCC1.FC(F)(F)S(=O)(=O)[N-]S(=O)(=O)C(F)(F)F,-23.0
CC[N+]1(CCO)CCCCC1.FC(F)(F)S(=O)(=O)[N-]S(=O)(=O)C(F)(F)F,-20.0
N1C=[C-]N=N1.CCCCCCCCCCCCCCCCCC[P+](CCCC)(CCCC)CCCC,24.0
N1C=[C-]N=N1.CCCC[P+](CCCC)(CCCC)COC,7.0
CC1=NC=C([N-]1)[N+]([O-])=O.CCCC[P+](CC)(CC)CC,17.0
[O-][N+](=O)C1=C[N-]N=C1.CCCC[P+](CC)(CC)CC,44.0
[O-][N+](=O)C1=C[N-]N=C1.CCCCCCC[P+](CC)(CC)CC,16.0
[O-][N+](=O)C1=C[N-]N=C1.CCCCCCCC[P+](CC)(CC)CC,5.0
[O-][N+](=O)C1=C[N-]N=C1.CCCCCCCCC[P+](CC)(CC)CC,16.0
[O-][N+](=O)C1=C[N-]N=C1.CCCCCCCCCC[P+](CC)(CC)CC,11.0
[O-][N+](=O)C1=C[N-]C=N1.CCCCCCCC[P+](CC)(CC)CC,-28.0
N1C=[C-]N=N1.CCCCCC[N+](CC)(CC)CC,60.0
N1C=[C-]N=N1.CC[P+](CC)(CC)COCCOC,29.0
[O-][N+](=O)C1=C[N-]N=C1.CC[P+](CC)(CC)COCCOC,-15.0
[O-][N+](=O)C1=C[N-]N=C1.CC[P+](CC)(CC)C1CCCC1,51.0
[O-][N+](=O)C1=C[N-]N=C1.CC[P+](CC)(CC)CCC=C,39.0
CC[P+](CC)(CC)CCC=C.FC(F)(F)S(=O)(=O)[N-]S(=O)(=O)C(F)(F)F,49.0
CCCC[S+]1CCCCC1.FC(F)(F)S(=O)(=O)[N-]S(=O)(=O)C(F)(F)F,-10.0
[O-][N+](=O)C1=C[N-]N=C1.CCCCCC[N+]1=CN(C)C=C1,33.0
N1C=N[C-]=N1.CCCCCC[N+]1=CN(C)C=C1,34.0
[O-][N+](=O)C1=C[N-]N=C1.CN1C=C[N+](C2CCCC2)=C1C,92.0
N1C=[C-]N=N1.COCCOC[N+]1=C(C)N(C)C=C1,58.0
[Br-].CC[N+]1=C2CCCCCN2CCC1,105.0
[Br-].CCCC[N+]1=C2CCCCCN2CCC1,82.0
[Cl-].CCCCCC[N+]1=C2CCCCCN2CCC1,44.0
[Cl-].CCCCCCCC[N+]1=C2CCCCCN2CCC1,30.0
[S-]C#N.CC[N+]1=C2CCCCCN2CCC1,40.0
[S-]C#N.CCCC[N+]1=C2CCCCCN2CCC1,50.0
[S-]C#N.CCCCCCCCCCCCCC[N+]1=C2CCCCCN2CCC1,48.0
F[B-](F)(F)F.CC[N+](CC)(CC)CC,71.0
F[P-](F)(F)(F)(F)F.CC[N+](CC)(CC)CC,77.0
F[B-](F)(F)F.CCCC[N+](CC)(CC)CC,162.0
F[P-](F)(F)(F)(F)F.CCCC[N+](CC)(CC)CC,179.0
F[B-](F)(F)F.CCCCCC[N+](CC)(CC)CC,88.0
F[P-](F)(F)(F)(F)F.CCCCCC[N+](CC)(CC)CC,162.0
F[B-](F)(F)F.CCCCCCCC[N+](CC)(CC)CC,101.0
F[P-](F)(F)(F)(F)F.CCCCCCCC[N+](CC)(CC)CC,88.0
[I-].C[N+]1=CC=C(C=C1)C1=CC=NC=C1,240.0
C[N+]1=CC=C(C=C1)C1=CC=NC=C1.FC(F)(F)S(=O)(=O)[N-]S(=O)(=O)C(F)(F)F,70.0
[I-].CCCCCC[N+]1=CC=C(C=C1)C1=CC=NC=C1,190.0
[I-].CCCCCCCCCC[N+]1=CC=C(C=C1)C1=CC=NC=C1,124.0
[Br-].CCC(=O)C[N+]1=CC=CC=C1,180.0
[Br-].CC(C)C(=O)C[N+]1=CC=CC=C1,149.0
[Br-].CC(C)COC(=O)C[N+]1=CC=CC=C1,87.0
[Br-].CCCCCCCCCCCC(=O)OCC[N+]1=CC=CC=C1,81.0
[Br-].CCCCCCCCCCCCCCCC(=O)OCC[N+]1=CC=CC=C1,80.0
[Br-].CCCCCCCCCCCCCCCCCCCC(=O)OCC[N+]1=CC=CC=C1,81.0
[Br-].CC(O)C1=[N+](C)C=CC(O)=C1O,142.0
[Br-].O=C(N1CCOC1=O)C1=CC=C[N+](CC2=CC=CC=C2)=C1,109.0
[Br-].CN(C)C(=O)C1=CC=C[N+](CC2=CC=CC=C2)=C1,159.0
[Br-].N#CCCC[N+]1=CC=CC=C1,83.0
[Br-].CC1=CC=C[N+](CC#N)=C1,183.0
[Br-].CC1=[N+](CC#N)C=CC=C1,194.0
[Br-].CC1=C[N+](CC#N)=C(C)C=C1,160.0
[Br-].CC1=CC=[N+](CCCC#N)C=C1,124.0
[Br-].CC1=[N+](CCCC#N)C=CC=C1,139.0
[Br-].CC1=C[N+](CCCC#N)=C(C)C=C1,142.0
[Br-].CCC1=CC=[N+](CC#N)C=C1,120.0
[Br-].CCC1=[N+](CC#N)C=CC=C1,173.0
[Br-].CCC1=CC=[N+](CCCC#N)C=C1,152.0
[Br-].COC(=O)C1=CC=C[N+](CCCC#N)=C1,182.0
[Br-].C[N+]1(CC#N)CCCCC1,192.0
[Br-].C[N+]1(CCCC#N)CCCCC1,137.0
[Br-].N#CC[N+]1(CC#N)CCCC1,142.0
[Br-].N#CC[N+]1(CC#N)CCCCC1,199.0
N#CC[N+]1=CC=CC=C1.FC(F)(F)S(=O)(=O)[N-]S(=O)(=O)C(F)(F)F,44.0
CC1=[N+](CC#N)C=CC=C1.FC(F)(F)S(=O)(=O)[N-]S(=O)(=O)C(F)(F)F,51.0
CCC1=CC=[N+](CC#N)C=C1.FC(F)(F)S(=O)(=O)[N-]S(=O)(=O)C(F)(F)F,48.0
N#CC[N+]1(CC#N)CCCC1.FC(F)(F)S(=O)(=O)[N-]S(=O)(=O)C(F)(F)F,58.0
N#CC[N+]1(CC#N)CCCCC1.FC(F)(F)S(=O)(=O)[N-]S(=O)(=O)C(F)(F)F,62.0
CS([O-])(=O)=O.CN1C=C[N+](C)=C1,91.0
CS([O-])(=O)=O.CC[N+]1=CN(C)C=C1,31.0
CS([O-])(=O)=O.CCC[N+]1=CN(C)C=C1,40.0
CS([O-])(=O)=O.CCCC[N+]1=CN(C)C=C1,74.0
CS([O-])(=O)=O.CCCCC[N+]1=CN(C)C=C1,77.0
CS([O-])(=O)=O.CCCCCCCC[N+]1=CN(C)C=C1,38.0
CS([O-])(=O)=O.CCCCCCCCCC[N+]1=CN(C)C=C1,57.0
CCS([O-])(=O)=O.CCC[N+]1=CN(C)C=C1,19.0
CCS([O-])(=O)=O.CCCC[N+]1=CN(C)C=C1,57.0
CCS([O-])(=O)=O.CCCCC[N+]1=CN(C)C=C1,54.0
CCS([O-])(=O)=O.CCCCCC[N+]1=CN(C)C=C1,66.0
CCCS([O-])(=O)=O.CCC[N+]1=CN(C)C=C1,32.0
CCCS([O-])(=O)=O.CCCC[N+]1=CN(C)C=C1,53.0
CCCCS([O-])(=O)=O.CCC[N+]1=CN(C)C=C1,47.0
CC[N+]1=CN(C)C=C1.CCCCCCS([O-])(=O)=O,19.0
OC(=O)C([O-])=O.C1=CN2C=CC=CC2=[NH+]1,130.0
C1=CN2C=CC=CC2=[NH+]1.OC(=O)C1=CC=CC=C1C([O-])=O,88.0
OS([O-])(=O)=O.C1=CN2C=CC=CC2=[NH+]1,62.0
ClCC[NH+]1CCOCC1.FC(F)(F)S(=O)(=O)[N-]S(=O)(=O)C(F)(F)F,23.0
ClCC[NH+]1CCCCC1.FC(F)(F)S(=O)(=O)[N-]S(=O)(=O)C(F)(F)F,34.0
ClCC[NH+]1CCCC1.FC(F)(F)S(=O)(=O)[N-]S(=O)(=O)C(F)(F)F,29.0
CC[NH+](CC)CCCl.FC(F)(F)S(=O)(=O)[N-]S(=O)(=O)C(F)(F)F,-8.5
C[NH+](C)CCCl.FC(F)(F)S(=O)(=O)[N-]S(=O)(=O)C(F)(F)F,24.0
C[NH+](C)CCCCl.FC(F)(F)S(=O)(=O)[N-]S(=O)(=O)C(F)(F)F,32.0
[O-]S(=O)(=O)C(F)(F)F.CCC[N+]1(C)CCCC1,77.0
N#C[C-](C#N)C#N.CCCC[N+]1=CC=C(C=C1)C#N,89.0
[Br-].CN1C=C[N+](CC(CBr)N=[N+]=[N-])=C1,10.0
[Br-].CN1C=C[N+](CC(Br)CN=[N+]=[N-])=C1,17.0
N#C[N-]C#N.CN1C=C[N+](CC(CBr)N=[N+]=[N-])=C1,-2.0
N#C[N-]C#N.CN1C=C[N+](CC(Br)CN=[N+]=[N-])=C1,6.0
F[P-](F)(F)(F)(F)F.CCCC[N+]1=CSC2=C1C=CC=C2,122.0
F[P-](F)(F)(F)(F)F.CCCCC[N+]1=CSC2=C1C=CC=C2,139.0
F[P-](F)(F)(F)(F)F.CCCCCC[N+]1=CSC2=C1C=CC=C2,86.0
F[P-](F)(F)(F)(F)F.CCCCCCC[N+]1=CSC2=C1C=CC=C2,86.0
F[P-](F)(F)(F)(F)F.CCCCCCCC[N+]1=CSC2=C1C=CC=C2,61.0
C[N+]1(CCCO)CCOCC1.FC(F)(F)S(=O)(=O)[N-]S(=O)(=O)C(F)(F)F,14.0
[Cl-].C1=CC=C(C=C1)[P+](C1=CC=CC=C1)(C1=CC=CC=C1)C1=CC=CC=C1,277.0
[NH4+].O=N(=O)[N-]N(=O)=O,93.0
CC(C)CCC[N+]1=CN(C)C=C1.FC(F)(F)S(=O)(=O)[N-]S(=O)(=O)C(F)(F)F,3.0
CC(C)CC[N+]1=CN(C)C=C1.FC(F)(F)S(=O)(=O)[N-]S(=O)(=O)C(F)(F)F,0.0
CC(C)CCCC[N+]1=CN(C)C=C1.FC(F)(F)S(=O)(=O)[N-]S(=O)(=O)C(F)(F)F,11.0
CC[N+]1=CN(C)N=C1.FC(F)(F)S(=O)(=O)[N-]S(=O)(=O)C(F)(F)F,50.0
CCC[N+]1=CN(C)N=C1.FC(F)(F)S(=O)(=O)[N-]S(=O)(=O)C(F)(F)F,32.0
CCCCCCCC[N+]1=CN(C)N=C1.FC(F)(F)S(=O)(=O)[N-]S(=O)(=O)C(F)(F)F,17.0
F[P-](F)(F)(F)(F)F.CCCC[N+]1=CN(C)N=C1,55.0
CC[S+](C)CC.FC(F)(F)S(=O)(=O)[N-]S(=O)(=O)C(F)(F)F,-12.0
CC[S+](CC)CC.FC(F)(F)S(=O)(=O)[N-]S(=O)(=O)C(F)(F)F,-18.0
CCC[S+](CC)CC.FC(F)(F)S(=O)(=O)[N-]S(=O)(=O)C(F)(F)F,-6.0
FC(F)(F)C1=N[N-]C=C1.CCCC[P+](CC)(CC)CC,11.0
CC1=N[N-]C(=C1)C(F)(F)F.CCCC[P+](CC)(CC)CC,21.0
[N-]1N=CC2=CC=CC=C12.CCCCCCCC[P+](CC)(CC)CC,-9.0
CCCCC[N+](C)(C)CC.FC(F)(F)S(=O)(=O)[N-]S(=O)(=O)C(F)(F)F,-8.0
CC[N+](C)(CC)CCCC(F)(F)F.FC(F)(F)S(=O)(=O)[N-]S(=O)(=O)C(F)(F)F,36.0
[N-]1C=NC2=C1C=CC=C2.CCCC[P+](CCCC)(CCCC)CCCC,71.0
BrC1=CC2=C([N-]C=N2)C=C1.CCCC[P+](CCCC)(CCCC)CCCC,69.0
CC[P+](CC)(CC)CC.[N-]1C=NC2=C1C=CC=C2,166.0
C[N+]1=CC=CC2=CC=C3C=CC=NC3=C12.FC(F)(F)S(=O)(=O)[N-]S(=O)(=O)C(F)(F)F,69.0
F[B-](F)(F)F.C1CC[NH2+]C1,74.0
C1CC[NH2+]C1.[O-]S(=O)(=O)C(F)(F)F,109.0
C1CC[NH2+]C1.[O-]S(=O)(=O)C(F)(F)C(F)(F)C(F)(F)C(F)(F)F,148.0
C1CC[NH2+]C1.[O-]S(=O)(=O)C(F)(F)C(F)(F)C(F)(F)C(F)(F)C(F)(F)C(F)(F)F,110.0
C1CC[NH2+]C1.[O-]S(=O)(=O)C(F)(F)C(F)(F)C(F)(F)C(F)(F)C(F)(F)C(F)(F)C(F)(F)C(F)(F)F,120.0
FC(F)(F)S(=O)(=O)[N-]S(=O)(=O)C(F)(F)F.CC1=[N+](CCC(F)(F)F)C=CN1CN1C=CC=N1,85.0
FC(F)(F)S(=O)(=O)[N-]S(=O)(=O)C(F)(F)F.CC1=[N+](CCCC(F)(F)F)C=CN1CN1C=CC=N1,75.0
FC(F)(F)S(=O)(=O)[N-]S(=O)(=O)C(F)(F)F.CC1=[N+](CCC(F)(F)C(F)(F)C(F)(F)C(F)(F)F)C=CN1CN1C=CC=N1,112.0
F[P-](F)(F)(F)(F)F.CC1=[N+](CCCC(F)(F)F)C=CN1CN1C=CC=N1,114.0
CC1=NN(CN2C=C[N+](C)=C2C)C(C)=C1.FC(F)(F)S(=O)(=O)[N-]S(=O)(=O)C(F)(F)F,80.0
F[P-](F)(F)(F)(F)F.CC1=NN(CN2C=C[N+](C)=C2C)C(C)=C1,163.0
CCC[N+]1(C)CCCC1.FC(F)(F)S(=O)(=O)[N-]S(=O)(=O)C(F)(F)F,7.0
CCC[N+]1(C)CCCCC1.FC(F)(F)S(=O)(=O)[N-]S(=O)(=O)C(F)(F)F,9.0
F[P-](F)(F)(F)(F)F.CCCCN1C=C(C[N+]2=C(C)N(C)C=C2)N=N1,74.0
F[P-](F)(F)(F)(F)F.CN1C=C[N+](CC2=CN(CC3=CC=CC=C3)N=N2)=C1C,114.0
F[P-](F)(F)(F)(F)F.CN1C=C[N+](CC2=CN(CC3=CC=CC=C3)N=N2)=C1,85.0
F[P-](F)(F)(F)(F)F.CCCCN1C=C[N+](CC2=CN(CC3=CC=CC=C3)N=N2)=C1,87.0
F[P-](F)(F)(F)(F)F.CCCCN1C=C[N+](CC2=CN(N=N2)C2=CC=CC=C2)=C1,113.0
F[P-](F)(F)(F)(F)F.CC1=CC(C)=C(N2C=C[N+](CC3=CN(CC4=CC=CC=C4)N=N3)=C2)C(C)=C1,48.0
FC(F)(F)C(F)(F)S(=O)(=O)[N-]S(=O)(=O)C(F)(F)C(F)(F)F.C[N+]1=CN(CCC(F)(F)C(F)(F)C(F)(F)C(F)(F)C(F)(F)C(F)(F)F)C=C1,38.0
OP([O-])=O.CC[NH+](CC)CC,43.0
CC[NH+](CC)CC.CC1=CC=C(C=C1)S([O-])(=O)=O,68.0
CC[NH+](CC)CC.[O-]C(=O)C(F)(F)F,9.0
FC(F)(F)S(=O)(=O)[N-]S(=O)(=O)C(F)(F)F.C1=CC=C(C=C1)[P+](C1=CC=CC=C1)(C1=CC=CC=C1)C1=CC=CC=C1,134.0
[O-][N+](=O)[N-]C#N.C[N+](C)(C)CCN=[N+]=[N-],28.0
N#C[N-]C#N.C[N+](C)(C)CCN=[N+]=[N-],9.0
[N-]=[N+]=[N-].C[N+](C)(C)CCN=[N+]=[N-],92.0
[O-][N+](=O)[N-]C#N.[N-]=[N+]=NCC[NH2+]CCN=[N+]=[N-],58.0
[N-]=[N+]=[N-].CC[NH+](CC)CC,80.0
[N-]=[N+]=[N-].CC(C)[NH+](C)C,75.0
N#C[N-]C#N.C[N+]1=CN(CC#C)C=C1,17.0
N#C[N-]C#N.CC#CC[N+]1=CN(C)C=C1,49.0
N#C[N-]C#N.CCC#CC[N+]1=CN(C)C=C1,59.0
CC[N+]1=CN(C)C=C1.FC(F)(F)C1=CC(=CC(=C1)[B-](C1=CC(=CC(=C1)C(F)(F)F)C(F)(F)F)(C1=CC(=CC(=C1)C(F)(F)F)C(F)(F)F)C1=CC(=CC(=C1)C(F)(F)F)C(F)(F)F)C(F)(F)F,140.0
CC[N+]1=CN(C)C2=CC=CC=C12.FC(F)(F)C1=CC(=CC(=C1)[B-](C1=CC(=CC(=C1)C(F)(F)F)C(F)(F)F)(C1=CC(=CC(=C1)C(F)(F)F)C(F)(F)F)C1=CC(=CC(=C1)C(F)(F)F)C(F)(F)F)C(F)(F)F,109.0
CC[N+]1=C(C)N(C)CC1.FC(F)(F)C1=CC(=CC(=C1)[B-](C1=CC(=CC(=C1)C(F)(F)F)C(F)(F)F)(C1=CC(=CC(=C1)C(F)(F)F)C(F)(F)F)C1=CC(=CC(=C1)C(F)(F)F)C(F)(F)F)C(F)(F)F,136.0
CC[N+]1=C2CCCN2CCC1.FC(F)(F)S(=O)(=O)[N-]S(=O)(=O)C(F)(F)F,24.0
CCC[N+]1=C2CCCN2CCC1.FC(F)(F)S(=O)(=O)[N-]S(=O)(=O)C(F)(F)F,16.0
CCCC[N+]1=C2CCCN2CCC1.FC(F)(F)S(=O)(=O)[N-]S(=O)(=O)C(F)(F)F,24.0
CC[N+]1=C2CCCCCN2CCC1.FC(F)(F)S(=O)(=O)[N-]S(=O)(=O)C(F)(F)F,29.0
[Cl-].COCCOCC[N+](C)(C)CCOCCOC,38.0
[Br-].CC[N+](CCOCCOC)(CCOCCOC)CCOCCOC,44.0
FC(F)(F)S(=O)(=O)[N-]S(=O)(=O)C(F)(F)F.C1=CC=C(C=C1)[S+](C1=CC=CC=C1)C1=CC=CC=C1,92.0
C1=CC=C(C=C1)[S+](C1=CC=CC=C1)C1=CC=CC=C1.FC(F)(F)C(F)(F)S(=O)(=O)[N-]S(=O)(=O)C(F)(F)C(F)(F)F,36.0
FC(F)(F)S(=O)(=O)[N-]S(=O)(=O)C(F)(F)F.O(C1=CC=CC=C1)C1=C(C=CC=C1)[S+](C1=CC=CC=C1)C1=CC=CC=C1,63.0
FC(F)(F)S(=O)(=O)[N-]S(=O)(=O)C(F)(F)F.O=S(=O)(C1=CC=CC=C1)C1=C(C=CC=C1)[S+](C1=CC=CC=C1)C1=CC=CC=C1,105.0
FC(F)(F)C(F)(F)S(=O)(=O)[N-]S(=O)(=O)C(F)(F)C(F)(F)F.O=S(=O)(C1=CC=CC=C1)C1=C(C=CC=C1)[S+](C1=CC=CC=C1)C1=CC=CC=C1,132.0
CC[N+](CC)(CC)CC.FC1=C(F)C(F)=C(C(F)=C1F)[B-](F)(F)F,55.0
CC[N+]1=CN(C)C=C1.FC1=C(F)C(F)=C(C(F)=C1F)[B-](F)(F)F,40.0
CCCC[N+]1=CN(C)C=C1.FC1=C(F)C(F)=C(C(F)=C1F)[B-](F)(F)F,35.0
CCCCCCCC[N+]1=CN(C)C=C1.FC1=C(F)C(F)=C(C(F)=C1F)[B-](F)(F)F,10.0
CCCC[N+]1=C(C)N(C)C=C1.FC1=C(F)C(F)=C(C(F)=C1F)[B-](F)(F)F,35.0
CCCC[N+]1=CN(C)C=C1.COC1=C(F)C(F)=C(C(F)=C1F)[B-](F)(F)F,9.0
CCCC[N+]1=CN(C)C=C1.CCCOC1=C(F)C(F)=C(C(F)=C1F)[B-](F)(F)F,-3.0
CCCC[N+]1=CN(C)C=C1.CC(C)(C)OC1=C(F)C(F)=C(C(F)=C1F)[B-](F)(F)F,33.0
CCCC[N+]1=CN(C)C=C1.FC1=C(F)C(=C(F)C(F)=C1OCC1=CC=CC=C1)[B-](F)(F)F,22.0
CCCC[N+]1=CN(C)C=C1.FC1=C(F)C(=C(F)C(F)=C1OC1=CC=CC=C1)[B-](F)(F)F,78.0
CCCC[N+]1=CN(C)C=C1.CC1(C)C2CCC1(C)C(C2)OC1=C(F)C(F)=C(C(F)=C1F)[B-](F)(F)F,70.0
CC1=CC(=O)[N-]S(=O)(=O)O1.C1CN=C2CCCCC[NH+]2C1,101.0
CCN(CC)C([O-])=O.CN(C)C(=[NH2+])N(C)C,64.0
CN(C)C(=[NH2+])N(C)C.CC(C)N(C(C)C)C([O-])=O,39.0
CN(C)C(=[NH2+])N(C)C.CC1=CC(=O)[N-]S(=O)(=O)O1,72.0
CN(C)C(=[NH2+])N(C)C.CCCCN(C)C([O-])=O,54.0
CC1=C(OCC([O-])=O)C=CC(Cl)=C1.CCCCCCCCCCCCCCCC[N+](C)(C)C,57.0
[O-]C(=O)COC1=C(Cl)C=C(Cl)C=C1.CCCCCCCCCCCCCCCC[N+](C)(C)C,74.0
COC1=C(C([O-])=O)C(Cl)=CC=C1Cl.CCCCCCCCCCCCCCCC[N+](C)(C)C,101.0
CC1=C(OCC([O-])=O)C=CC(Cl)=C1.CCCCCCCCCCCCCCCCCC[N+](C)(C)C,68.0
[O-]C(=O)COC1=C(Cl)C=C(Cl)C=C1.CCCCCCCCCCCCCCCCCC[N+](C)(C)C,55.0
COC1=C(C([O-])=O)C(Cl)=CC=C1Cl.CCCCCCCCCCCCCCCCCC[N+](C)(C)C,76.0
CC1=C(OCC([O-])=O)C=CC(Cl)=C1.CCCCCCCCCCCCCCCCCCCCCC[N+](C)(C)C,63.0
[O-]C(=O)COC1=C(Cl)C=C(Cl)C=C1.CCCCCCCCCCCCCCCCCCCCCC[N+](C)(C)C,61.0
COC1=C(C([O-])=O)C(Cl)=CC=C1Cl.CCCCCCCCCCCCCCCCCCCCCC[N+](C)(C)C,72.0
CC[N+]1=CN(C=C)C=C1.FS(=O)(=O)[N-]S(F)(=O)=O,-23.0
C[N+]1=CN(CC=C)C=C1.FS(=O)(=O)[N-]S(F)(=O)=O,-3.0
CC[N+]1=CN(C=C)C=C1.FC(F)(F)S(=O)(=O)[N-]S(=O)(=O)C(F)(F)F,4.0
NC(N)=[NH2+].[O-]S(=O)(=O)C(F)(F)C(F)(F)C(F)(F)C(F)(F)F,186.0
F[B-](F)(F)F.CCCCCCCCC[N+]1=CN=CC=C1,48.0
C[N+]1=CN=CC=C1.FC(F)(F)S(=O)(=O)[N-]S(=O)(=O)C(F)(F)F,-58.0
CC[N+]1=CN=CC=C1.FC(F)(F)S(=O)(=O)[N-]S(=O)(=O)C(F)(F)F,47.0
CCCCCCCCC[N+]1=CN=CC=C1.FC(F)(F)S(=O)(=O)[N-]S(=O)(=O)C(F)(F)F,-52.0
COC1=C(O)C=CC(C=CC([O-])=O)=C1.CCCC[P+](CCCC)(CCCC)CCCC,115.0
COC1=C(O)C=CC(C=CC([O-])=O)=C1.CCCC[N+](CCCC)(CCCC)CCCC,119.0
OC1=CC=C(C=CC([O-])=O)C=C1.CCCC[P+](CCCC)(CCCC)CCCC,145.0
OC1=CC=C(C=CC([O-])=O)C=C1.CCCC[N+](CCCC)(CCCC)CCCC,150.0
CCCC[N+]1(C)CCCC1.FC(F)(F)C(F)(F)S(=O)(=O)[N-]S(=O)(=O)C(F)(F)C(F)(F)F,9.0
CCC[N+]1(C)CCCC1.FC(F)(F)C(F)(F)S(=O)(=O)[N-]S(=O)(=O)C(F)(F)C(F)(F)F,6.0
C[N+]1(C)CCCC1.FC(F)(F)C(F)(F)S(=O)(=O)[N-]S(=O)(=O)C(F)(F)C(F)(F)F,133.0
FC(F)(F)S(=O)(=O)[N-]S(=O)(=O)C(F)(F)F.CCCCCCCCCCCCCC[P+](CCCCCC)(CCCCCC)CCCCCC,33.0
F[B-](F)(F)F.CCCC[N+]1=C(C)C=CC=C1,28.0
CC[N+]1=CN(C)C=C1.CCCCCCCCOS([O-])(=O)=O,10.0
[O-]S(=O)(=O)C(F)(F)F.CCCC[N+]1=CC(C)=CC=C1,30.0
CC[N+]1=CC(C)=CC=C1.FC(F)(F)S(=O)(=O)[N-]S(=O)(=O)C(F)(F)F,-1.0
[O-][N+]([O-])=O.C1C[NH2+]C2=C(C1)C=CC=C2,123.0
[I-].CCCCCCC[N+](CCCCCC)(CCCCCC)CCCCCCC,100.0
[O-][Cl](=O)(=O)=O.CCCCCC[N+](CCCCCC)(CCCCCC)CCCCCC,110.0
[I-].CCCCCCC[N+](CCCCCCC)(CCCCCCC)CCCCCCC,123.0
[S-]C#N.CCCCC[N+](CCCCC)(CCCCC)CCCCC,50.0
[O-][N+]([O-])=O.CCCCCCC[N+](CCCCCC)(CCCCCC)CCCCCC,72.0
[Br-].CCCC[N+](CCCC)(CCCC)CCCC,122.0
[O-][N+]([O-])=O.CCCC[N+](CCCC)(CCCC)CCCC,119.0
[Br-].CCCCC[N+](CCCCC)(CCCCC)CCCCC,103.0
[Cl-].CCCC[N+](CCCC)(CCCC)CCCC,41.0
F[B-](F)(F)F.CCCCCC[N+](CCCCCC)(CCCCCC)CCCCCC,94.0
[O-][N+]([O-])=O.CCCCCC[N+](CCCCCC)(CCCCCC)CCCCCC,72.0
[O-][Cl](=O)(=O)=O.CCCCCCC[N+](CCCCCC)(CCCCCC)CCCCCCC,105.0
[O-][Cl](=O)(=O)=O.CCCCCCC[N+](CCCCCCC)(CCCCCCC)CCCCCCC,126.0
[Br-].CCCCCC[N+](CCCCCC)(CCCCCC)CCCCCC,104.0
[I-].CCCCCCC[N+](CCCCCC)(CCCCCC)CCCCCC,98.0
[Br-].CCCCCCC[N+](CCCCCC)(CCCCCC)CCCCCC,108.0
[Br-].CCCCCCC[N+](CCCCCCC)(CCCCCCC)CCCCCCC,96.0
[Br-].CCCC[N+](CCC(C)C)(CCC(C)C)CCC(C)C,122.0
[O-][N+]([O-])=O.CCCCC[N+](CCCCC)(CCCCC)CCCCC,114.0
[O-][Cl](=O)(=O)=O.CCCCCCC[N+](CCCCCC)(CCCCCC)CCCCCC,103.0
C[NH+](C)C.FC(F)(F)S(=O)(=O)[N-]S(=O)(=O)C(F)(F)F,84.0
[Br-].CCC[N+](C)(C)CCO,99.0
[Br-].CCCC[N+](C)(C)CCO,86.0
[Br-].CCCCCC[N+](C)(C)CCO,82.0
CS([O-])(=O)=O.CCCC[P+](CCCC)(CCCC)CCCC,62.0
CC1=CC=C(C=C1)S([O-])(=O)=O.CCCCCC[N+]1=CC(C)=CC=C1,56.0
CCOS([O-])(=O)=O.CC[N+]1=CN(C)C=C1,-37.0
F[P-](F)(F)(F)(F)F.CC[N+]1=CN(C)C=C1,60.0
CC[N+]1=CN(C)C=C1.CC1=CC=C(C=C1)S([O-])(=O)=O,50.0
[Cl-].CCCCCCCC[N+]1=CN(C)C=C1,12.0
[O-]C(=O)C(F)(F)F.CCCCCCCCCC(=O)OCC[N+](C)(C)COCCCCC,7.0
N#C[N-]C#N.CCCCCCCCCCCOC[N+](C)(C)CCO,10.0
[O-][N+]([O-])=O.CCCCCCCCCC[N+](C)(C)CCCCCCCCCC,32.0
CCN1C=C[N+](CC)=C1.FC(F)(F)S(=O)(=O)[N-]S(=O)(=O)C(F)(F)F,-11.0
CCCC[N+]1=CC=C(C)C=C1.CC1=CC=C(C=C1)S([O-])(=O)=O,52.0
CCCC[N+]1=CC=C(C)C=C1.FC(F)(F)S(=O)(=O)[N-]S(=O)(=O)C(F)(F)F,18.0
CC1=CC(C)=[NH+]C(C)=C1.CC1=CC=C(C=C1)S([O-])(=O)=O,131.0
CCCC[N+]1=CC(C)=CC=C1.CC1=CC=C(C=C1)S([O-])(=O)=O,51.0
CC1=CC=[N+](C)C=C1.CC1=CC=C(C=C1)S([O-])(=O)=O,152.0
FC(F)(F)S(=O)(=O)[N-]S(=O)(=O)C(F)(F)F.CCCCCC[N+]1=C2C=CC=CC2=CC=C1,44.0
CC[N+]1(C)CCCCC1.FC(F)(F)S(=O)(=O)[N-]S(=O)(=O)C(F)(F)F,85.0
[S-]C#N.CCCC[N+]1(C)CCCCC1,31.0
[O-]S(=O)(=O)C(F)(F)F.CCCCCC[N+]1=CC(C)=CC=C1,65.0
[S-]C#N.CCCC[N+]1(C)CCCC1,22.0
[O-][Cl](=O)(=O)=O.NC1=[N+](N)N=NN1,128.0
F[P-](F)(F)(F)(F)F.C[NH+]1CN(CCCC2=CC=CC=C2)C=C1,52.0
C[NH+]1CN(CCC2=CC=CC=C2)C=C1.FC(F)(F)S(=O)(=O)[N-]S(=O)(=O)C(F)(F)F,37.0
C[NH+]1CN(CCCC2=CC=CC=C2)C=C1.FC(F)(F)S(=O)(=O)[N-]S(=O)(=O)C(F)(F)F,48.0
F[P-](F)(F)(F)(F)F.C[NH+]1CN(CCC2=CC=CC=C2)C=C1,103.0
COS([O-])(=O)=O.CCCC[N+]1=CN(C)C=C1,-4.0
[O-][N+]([O-])=O.CN1N=N[N+](N)=C1N,121.0
CCCC[N+]1(C)CCCC1.FC(F)(F)C(F)(F)[P-](F)(F)(F)(C(F)(F)C(F)(F)F)C(F)(F)C(F)(F)F,4.0
CCN1C=C[N+](C)=C1C.FC(F)(F)S(=O)(=O)[N-]S(=O)(=O)C(F)(F)F,25.0
[O-]C(=O)C(F)(F)F.CN(C)C(=[NH2+])N(C)C,42.0
CN(C)C(=[NH2+])N(C)C.[O-]S(=O)(=O)C(F)(F)F,41.0
CC(O)C([O-])=O.CN(C)C(=[NH2+])N(C)C,-50.0
CC(C)[C@H](N)C([O-])=O.CCCC[P+](CCCC)(CCCC)CCCC,26.0
COS([O-])(=O)=O.CC[N+](C)(CC)CC,33.0
CCOS([O-])(=O)=O.CCCC[N+]1(CC)CCCC1,53.0
CCOS([O-])(=O)=O.CC[N+]1(C)CCCC1,25.0
CC[NH2+]CC.OS([O-])(=O)=O,81.0
C[NH+](C)C.OS([O-])(=O)=O,129.0
C[NH+](C)C.OP(O)([O-])=O,116.0
[NH3+]CCO.OCC([O-])=O,106.0
OS([O-])(=O)=O.CCCC[N+]1=CN(C)C=C1,29.0
CCCCCCCC[N+]1=CN(C)C=C1.FC(F)(F)S(=O)(=O)[N-]S(=O)(=O)C(F)(F)F,-23.0
C[NH2+]C.F[B-](F)(F)F,102.0
[Cl-].CCCC[N+]1=C(C)N(C)C=C1,93.0
CCC[N+](C)(CCC)CCC.FC(F)(F)S(=O)(=O)[N-]S(=O)(=O)C(F)(F)F,46.0
CCC[NH+]1N(C)C(C)C=C1C.FC(F)(F)S(=O)(=O)[N-]S(=O)(=O)C(F)(F)F,17.0
[N-]=[N+]=[N-].C[NH+](C)N,38.0
N#C[B-](C#N)(C#N)C#N.CCCC[N+]1(C)CCCC1,20.0
N#C[C-](C#N)C#N.CC[NH+]1CN(C)C=C1,-9.0
N#C[C-](C#N)C#N.CCCC[N+]1(C)CCCC1,-7.0
F[Sb-](F)(F)(F)(F)F.CCCCCCCC[N+](CC)(CC)CC,74.0
CC[N+]1=CC=CC=C1.FC(F)(F)S(=O)(=O)[N-]S(=O)(=O)C(F)(F)F,30.0
CCCCC[N+]1=CC=CC=C1.FC(F)(F)S(=O)(=O)[N-]S(=O)(=O)C(F)(F)F,0.0
N#C[N-]C#N.CC[N+]1=CC=CC=C1,-33.0
N#C[N-]C#N.CCC[N+]1=CC=CC=C1,3.0
CCCCC[N+]1(C)CCCC1.FC(F)(F)S(=O)(=O)[N-]S(=O)(=O)C(F)(F)F,8.0
CCCCCC[N+]1(C)CCCC1.FC(F)(F)S(=O)(=O)[N-]S(=O)(=O)C(F)(F)F,3.0
CCCCCCCC[N+](CC)(CC)CC.FC(F)(F)S(=O)(=O)[N-]S(=O)(=O)C(F)(F)F,14.0
COCC[N+]1(C)CCCC1.FC(F)(F)C(F)(F)[P-](F)(F)(F)(C(F)(F)C(F)(F)F)C(F)(F)C(F)(F)F,0.0
CCCCCC[N+]12CCN(CC1)CC2.FC(F)(F)S(=O)(=O)[N-]S(=O)(=O)C(F)(F)F,36.0
CC[N+](C)(C)CCO.FC(F)(F)S(=O)(=O)[N-]S(=O)(=O)C(F)(F)F,6.0
CC(C)(C)C([O-])=O.C[N+](C)(C)CCO,96.0
FC(F)(F)S(=O)(=O)[N-]S(=O)(=O)C(F)(F)F.CCCCCC=CCC=CCCCCCCCCN1C[NH+](C)C=C1,-47.0
FC(F)(F)S(=O)(=O)[N-]S(=O)(=O)C(F)(F)F.CCCCCCCC\C=C\CCCCCCCCN1C[NH+](C)C=C1,16.0
FC(F)(F)S(=O)(=O)[N-]S(=O)(=O)C(F)(F)F.CCCCCCCCC=CCCCCCCCCN1C=C[N+](C)=C1,-21.0
F[P-](F)(F)(F)(F)F.CCCC1=CC=C[N+](C)=C1,38.0
F[P-](F)(F)(F)(F)F.CCC[N+]1(C)CCCC1,110.0
F[As-](F)(F)(F)(F)F.CC[N+]1=CN(C)C=C1,53.0
CC[NH+]1CN(C)C=C1.FC(F)(F)S(=O)(=O)[C-](S(=O)(=O)C(F)(F)F)S(=O)(=O)C(F)(F)F,39.0
[Cl-].CCCN1C=C[N+](C)=C1C,138.0
FC(F)(F)S(=O)(=O)[N-]S(=O)(=O)C(F)(F)F.CCCCCC[N+]1=CC=C2C=CC=CC2=C1,55.0
C[N+]1=CN(CC#N)C=C1.FC(F)(F)C1=NC(C#N)=C([N-]1)C#N,93.0
CS([O-])(=O)=O.CCN1C(C)=CC(C)=[N+]1C1=CC=CC=C1,122.0
F[B-](F)(F)F.CCCCN1C(C)=CC(C)=[N+]1C1=CC=CC=C1,68.0
CS([O-])(=O)=O.CCCN1C(C)=CC(C)=[N+]1C1=CC=CC=C1,92.0
F[B-](F)(F)F.CN1C(C)=CC(C)=[N+]1C1=CC=CC=C1,145.0
F[B-](F)(F)F.CCCN1C(C)=CC(C)=[N+]1C1=CC=CC=C1,80.0
F[B-](F)(F)F.CCN1C(C)=CC(C)=[N+]1C1=CC=CC=C1,113.0
[Br-].CCCCCCCCCC[N+](CC)(CC)CCCCCCCCCC,45.0
[Br-].CCCCCCCCCCCC[N+](C)(C)C,265.0
[Br-].CCCCCCCCCCCCCCCC[N+](C)(C)C,247.0
CCCC[N+]1=CC=C(C)C=C1.[O-]S(=O)(=O)C(F)(F)C(F)(F)C(F)(F)C(F)(F)F,70.0
[O-]S(=O)(=O)C(F)(F)F.CCCC[N+]1=CC=C(C)C=C1,38.0
CCCCCCCC[N+]1=CN(C)C=C1.[O-]S(=O)(=O)C(F)(F)C(F)(F)C(F)(F)C(F)(F)F,32.0
[O-]S(=O)(=O)C(F)(F)F.CCCCCCCC[N+]1=CN(C)C=C1,5.0
N#C[N-]C#N.CCCCCCCC[N+]1=CN(C)C=C1,-5.0
[I-].CCCCCCCC[N+]1=CC(CC)=CC=C1C,87.0
[O-]S(=O)(=O)C(F)(F)F.CCCC[N+]1=CC(C)=CC(C)=C1,91.0
[I-].CCCCCCCC[N+]1=CC(C)=CC(C)=C1,82.0
[O-]S(=O)(=O)C(F)(F)F.CCCC[N+]1=CC=CC(C)=C1C,17.0
[O-]S(=O)(=O)C(F)(F)F.CCCC[N+]1=CC(C)=CC(C)=C1C,74.0
[O-]S(=O)(=O)C(F)(F)F.CCCCCCCC[N+]1=CC(C)=CC(C)=C1,76.0
N#C[N-]C#N.CCCC[N+]1=CC(C)=CC(C)=C1,-1.0
N#C[N-]C#N.CCCCCCCC[N+]1=CC(CC)=CC=C1C,53.0
[S-]C#N.CCCC[N+]1=CC(C)=CC(C)=C1,13.0
[S-]C#N.CCCCCCCC[N+]1=CC(C)=CC(C)=C1,-38.0
[S-]C#N.CCCCCCCC[N+]1=CC(C)=CC(C)=C1C,20.0
F[B-](F)(F)F.CCCCCCCC[N+]1=CC(C)=CC(C)=C1,56.0
[Cl-].CCCCCCCCCCCC[N+]1=CC=CC(C)=C1,87.0
[Cl-].CCCCCCCC[N+]1=CC(C)=CC=C1,79.0
[Cl-].CCCC[N+]1=CC(C)=CC=C1,111.0
[Cl-].CCCCCCCCCC[N+]1=CC=CC(C)=C1,76.0
[Cl-].CCCCCCCCCCCCCCCCCC[N+]1=CC=CC(C)=C1,112.0
[Cl-].CCCCCCCCCCCCCCCC[N+]1=CC=CC(C)=C1,110.0
[Cl-].CCCCCCCCCCCCCC[N+]1=CC=CC(C)=C1,95.0
[O-]S(=O)(=O)NC1CCCCC1.CCCCCCOC[N+]1=CC=CC=C1,-35.0
[O-]S(=O)(=O)NC1CCCCC1.CCCCCCCCCCCCOC[N+]1=CC=CC=C1,33.0
[O-]S(=O)(=O)NC1CCCCC1.CCCCCCCCCCCOC[N+]1=CC=CC=C1,24.0
[O-]S(=O)(=O)NC1CCCCC1.CCCCCCCOC[N+]1=CC=CC=C1,-14.0
[O-]S(=O)(=O)NC1CCCCC1.CCCCCCCCCOC[N+]1=CC=CC=C1,9.0
[O-]S(=O)(=O)NC1CCCCC1.CCCCCCCCCCCC[N+]1=CC=CC=C1,115.0
[O-]S(=O)(=O)NC1CCCCC1.CCCCCCCCCCCCCCCC[N+]1=CC=CC=C1,105.0
[O-]S(=O)(=O)NC1CCCCC1.CCCCCCCCCC[N+](C)(C)CCCCCCCCCC,50.0
CCCC[NH+]1CN(C)C=C1.[O-]S(=O)(=O)NC1CCCCC1,72.0
COS([O-])(=O)=O.CCCC[N+](C)(CCCC)CCCC,62.0
COS([O-])(=O)=O.CCCC[P+](C)(CCCC)CCCC,38.0
[Br-].CCC[N+]1(C)CCCCC1,250.0
OS([O-])(=O)=O.CCCC[N+](CCCC)(CCCC)CCCC,172.0
[Cl-].CCCCCCC[N+]1=CC=CC(C)=C1,72.0
[Cl-].CCCCCCCCC[N+]1=CC=CC(C)=C1,64.0
[Cl-].CCCCC[N+]1=CC=CC(C)=C1,92.0
[Cl-].CCC[N+]1=CC=CC(C)=C1,92.0
[Cl-].CCCCCC[N+]1=CC(C)=CC=C1,77.0
[Cl-].CC1=C[N+](CC=C)=CC=C1,108.0
CC[N+]1(C)CCCC1.FC(F)(F)S(=O)(=O)[N-]S(=O)(=O)C(F)(F)F,91.0
F[B-](F)(F)F.CC[N+]1(C)CCCC1,66.0
[Br-].CCCC[N+]1(C)CCCC1,204.0
[I-].CCCCCCCCCCCCC1=CC=[NH+]C=C1,92.0
[Cl-].CCCCCCCCCCCCC1=CC=[NH+]C=C1,124.0
[I-].CCCCCCCCCCCCCCCCC(CCCCCCCCCCCCCCCC)C1=CC=[N+](C)C=C1,72.0
[Cl-].CCCCCCCCCCCCCCCCC(CCCCCCCCCCCCCCCC)C1=CC=[N+](C)C=C1,64.0
[Cl-].CCCCCCCCCCCCC1=CC=[N+](C)C=C1,51.0
[Cl-].CCCCCCCCCC1=CC=[NH+]C=C1,119.0
[I-].CCCCCCCCCCCCC1=CC=[N+](C)C=C1,113.0
[O-][Cl](=O)(=O)=O.CCCCCCCCCCCCC1=CC=[N+](C)C=C1,93.0
FC(F)(F)S(=O)(=O)[N-]S(=O)(=O)C(F)(F)F.C[N+]1=CN(CC2=CC=C3C=CC=CC3=C2)C=C1,45.0
FC(F)(F)S(=O)(=O)[N-]S(=O)(=O)C(F)(F)F.C(N1C=C[N+](CC2=CC=CC=C2)=C1)C1=CC=CC=C1,42.0
CCCC[N+](C)(C)C.FC(F)(F)S(=O)(=O)[N-]S(=O)(=O)C(F)(F)F,19.0
[O-]S(=O)(=O)C(F)(F)F.CCCCCCCCCC[N+]1=CN(C)C=C1,23.0
CC[N+]1=CC(C)=CC=C1.[O-]C(=O)C(F)(F)C(F)(F)C(F)(F)C(F)(F)F,2.0
CCCC[N+]1(C)CCCC1.FC(F)(F)C(F)(F)C(F)(F)C(F)(F)S(=O)(=O)[N-]S(=O)(=O)C(F)(F)C(F)(F)C(F)(F)C(F)(F)F,98.0
CC[N+]1(C)CCCC1.FC(F)(F)C(F)(F)C(F)(F)C(F)(F)S(=O)(=O)[N-]S(=O)(=O)C(F)(F)C(F)(F)C(F)(F)C(F)(F)F,155.0
C[N+](C)(C)CCO.FC(F)(F)C(F)(F)C(F)(F)C(F)(F)S(=O)(=O)[N-]S(=O)(=O)C(F)(F)C(F)(F)C(F)(F)C(F)(F)F,30.0
C[N+](C)(C)CCO.[O-]S(=O)(=O)C(F)(F)C(F)(F)C(F)(F)C(F)(F)F,163.0
F[B-](F)(F)F.CCCCCCCCCC[N+]1=CN(C)C=C1,7.0
C[N+](C)(C)CCO.FC(F)(F)S(=O)(=O)[N-]S(=O)(=O)C(F)(F)F,33.0
CS([O-])(=O)=O.CC[N+]1=CC=CC=C1,62.0
CC[N+]1=CC=CC=C1.[O-]S(=O)(=O)C(F)(F)F,32.0
[O-]C(=O)C(F)(F)F.CCCCCCCC[N+](C)(CCCCCCCC)CCCCCCCC,12.0
[O-]S(=O)(=O)C(F)(F)F.CCCC[N+]1(C)CCCC1,5.0
[I-].CCC[N+]1=CN(C)C=C1,18.0
F[B-](F)(F)F.S1C=[NH+]C2=CC=CC=C12,125.0
S1C=[NH+]C2=CC=CC=C12.CC1=CC=C(C=C1)S([O-])(=O)=O,120.0
CS([O-])(=O)=O.S1C=[NH+]C2=CC=CC=C12,105.0
[O-]S(=O)(=O)C(F)(F)F.S1C=[NH+]C2=CC=CC=C12,128.0
CCCC[N+]1=CN(C)C=C1.CCCCCCCCOS([O-])(=O)=O,34.0
[O-][N+]([O-])=O.[N-]=[N+]=NCC[NH+]1C=NC(N=[N+]=[N-])=N1,-54.0
[O-][N+]([O-])=O.CN1C=N[N+](CCN=[N+]=[N-])=C1,-57.0
[O-][Cl](=O)(=O)=O.CN1C=N[N+](CCN=[N+]=[N-])=C1,-52.0
[O-][N+]([O-])=O.C[N+]1=CN(CCN=[N+]=[N-])C=N1,-56.0
[O-][Cl](=O)(=O)=O.NN1C=N[N+](CCN=[N+]=[N-])=C1,-46.0
[I-].CN1C=[N+](C)N=C1N=[N+]=[N-],116.0
[I-].C[N+]1=CN(N)C=N1,101.0
I[I-]I.CN1C=[N+](C)C=N1,110.0
[O-][Cl](=O)(=O)=O.[N-]=[N+]=NC1=NC=C[NH2+]1,116.0
[O-][N+]([O-])=O.[N-]=[N+]=NC1=NC=C[NH2+]1,124.0
[O-][N+]([O-])=O.CN1NN(C)C(C)=[NH+]1,94.0
[O-][Cl](=O)(=O)=O.[N-]=[N+]=NC1=N[NH2+]C=N1,123.0
CC(C)C[N+]1=CN(C)C=C1.FC(F)(F)S(=O)(=O)[N-]S(=O)(=O)C(F)(F)F,-16.0
F[P-](F)(F)(F)(F)F.C[NH+]1CN(CCCCN2C[NH+](C)C=C2)C=C1,118.0
F[P-](F)(F)(F)(F)F.CC[N+]1=CC=CC=C1,103.0
CC[NH+](CC)CC=C.[O-]S(=O)(=O)C(F)(F)F,-14.0
CCC[NH+](C)C.[O-]S(=O)(=O)C(F)(F)F,20.0
CC[NH+](C)CC.[O-]S(=O)(=O)C(F)(F)F,-6.0
CCC[NH+](CC)CC.[O-]S(=O)(=O)C(F)(F)F,-14.0
C[NH+](C)CC=C.[O-]S(=O)(=O)C(F)(F)F,16.0
CCC[NH+](C)CCC.[O-]S(=O)(=O)C(F)(F)F,17.0
C[NH+](CC=C)CC=C.[O-]S(=O)(=O)C(F)(F)F,-19.0
FC(F)(F)S(=O)(=O)[N-]S(=O)(=O)C(F)(F)F.CCCCCCCC[N+]1=C2C=CC=CC2=CC=C1,48.0
[NH3+]O.[O-][Cl](=O)(=O)=O,88.0
C[N+](C)(C)CCO.[O-]C(=O)C(F)(F)F,32.0
C[N+](C)(C)CCO.[O-]C(=O)C(F)(F)C(F)(F)F,71.0
C[N+](C)(C)CCO.[O-]C(=O)C(F)(F)C(F)(F)C(F)(F)F,39.0
C[N+](C)(C)CCO.[O-]C(=O)C(F)(F)C(F)(F)C(F)(F)C(F)(F)F,23.0
C[N+](C)(C)CCO.[O-]C(=O)C(F)(F)C(F)(F)C(F)(F)C(F)(F)C(F)(F)F,47.0
C[N+](C)(C)CCO.[O-]C(=O)C(F)(F)C(F)(F)C(F)(F)C(F)(F)C(F)(F)C(F)(F)F,48.0
C[N+](C)(C)CCO.[O-]C(=O)C(F)(F)C(F)(F)C(F)(F)C(F)(F)C(F)(F)C(F)(F)C(F)(F)F,64.0
[NH4+].[F-],110.0
CC(OC1=C(C)C=C(Cl)C=C1)C([O-])=O.CCCCCCCC[P+](CCCCCCCC)(CCCCCCCC)CCCCCCCC,10.0
CCCC[N+]1=CN(C)C=C1.CC(OC1=C(C)C=C(Cl)C=C1)C([O-])=O,6.0
[O-]C(=O)COC1=C(Cl)C=C(Cl)C=C1.CCCCCCCCCCCC[N+]1=CC=CC=C1,-34.0
CC1=C(OCC([O-])=O)C=CC(Cl)=C1.CCCCCCCCCCCC[N+]1=CC=CC=C1,-31.0
CC1=C(OCC([O-])=O)C=CC(Cl)=C1.CCCCCCCCCCCCCCCC[N+]1=CC=CC=C1,6.5
[Br-].CCCCCCCCCC[N+](C)(C)CCO,156.0
[Br-].CCCCCCCCCC[N+]1(C)CCOCC1,188.0
[Br-].CCCCCCCCCCCC[N+](C)(C)CCOCCO,56.0
CC(C)[NH3+].[O-]C(=O)COC1=C(Cl)C=C(Cl)C=C1,121.0
C[NH2+]C.[O-]C(=O)COC1=C(Cl)C=C(Cl)C=C1,120.0
OCC[NH2+]CCO.[O-]C(=O)COC1=C(Cl)C=C(Cl)C=C1,83.0
OCC[NH+](CCO)CCO.[O-]C(=O)COC1=C(Cl)C=C(Cl)C=C1,143.0
CCCC[P+](CCCC)(CCCC)CC(O)=O.CCCCC(CC)COC(=O)CC(C(=O)OCC(CC)CCCC)S([O-])(=O)=O,38.0
CCCC[P+](CC)(CCCC)CCCC.CCCCCCCCCCCCCCCCCC([O-])=O,-21.0
CCCCCCCCCCCCCCCC[N+](C)(C)C.CC(C)C1=CC2=CCC3C(C)(CCCC3(C)C([O-])=O)C2CC1,79.0
CCCCCCCCCCCCCCCCCC[N+](C)(C)C.CC(C)C1=CC2=CCC3C(C)(CCCC3(C)C([O-])=O)C2CC1,-15.0
CC(C)C1=CC2=CCC3C(C)(CCCC3(C)C([O-])=O)C2CC1.CCCCCCCCCC[N+](C)(C)CCCCCCCCCC,12.0
[NH-]S(=O)(=O)C(F)(F)F.CCCC[N+]1=CN(C)C=C1,17.0
[NH-]S(=O)(=O)C(F)(F)F.CCCC[N+]1(C)CCCC1,16.0
CCCC[N+](C)(C)C.[NH-]S(=O)(=O)C(F)(F)F,56.0
[NH-]S(=O)(=O)C(F)(F)F.CCCCCCCC[N+](C)(CCCCCCCC)CCCCCCCC,11.0
[I-].C[N+]1=NN2CCCCC2=C1,134.0
[I-].CC[N+]1=NN2CCCCC2=C1,114.0
[I-].CCC[N+]1=NN2CCCCC2=C1,83.0
[I-].CCCC[N+]1=NN2CCCCC2=C1,73.0
FC(F)(F)S(=O)(=O)[N-]S(=O)(=O)C(F)(F)F.COC(=O)\C=C\C1=CC=C(OCCC[N+]2=CN(C)C=C2)C=C1,84.0
FC(F)(F)S(=O)(=O)[N-]S(=O)(=O)C(F)(F)F.CCCC(CC[N+]1=CN(C)C=C1)OC1=CC=C(\C=C\C(=O)OC)C=C1,53.0
CC(C)CC1=CC=C(C=C1)C(C)C([O-])=O.C[NH+](C)CCOC(C1=CC=CC=C1)C1=CC=CC=C1,-36.0
[O-]C(=O)COC1=C(Cl)C=C(Cl)C=C1.CCCCCCCCCCCC[N+](C)(C)CC(O)=O,64.0
CC1=C(OCC([O-])=O)C=CC(Cl)=C1.CCCCCCCCCCCC[N+](C)(C)CC(O)=O,37.0
COC1=C(C([O-])=O)C(Cl)=CC=C1Cl.CCCCCCCCCCCC[N+](C)(C)CC(O)=O,27.0
F[B-](F)(F)F.CCCCCCCN1C(C)=CC(C)=[N+]1C1=CC=CC=C1,56.0
F[P-](F)(F)(F)(F)F.CN1C(C)=CC(C)=[N+]1C1=CC=CC=C1,125.0
F[P-](F)(F)(F)(F)F.CCN1C(C)=CC(C)=[N+]1C1=CC=CC=C1,95.0
F[P-](F)(F)(F)(F)F.CCCN1C(C)=CC(C)=[N+]1C1=CC=CC=C1,102.0
F[P-](F)(F)(F)(F)F.CCCCN1C(C)=CC(C)=[N+]1C1=CC=CC=C1,61.0
F[P-](F)(F)(F)(F)F.CCCCCN1C(C)=CC(C)=[N+]1C1=CC=CC=C1,62.0
F[P-](F)(F)(F)(F)F.CCCCCCN1C(C)=CC(C)=[N+]1C1=CC=CC=C1,39.0
F[P-](F)(F)(F)(F)F.CCCCCCCN1C(C)=CC(C)=[N+]1C1=CC=CC=C1,43.0
FC(F)(F)S(=O)(=O)[N-]S(=O)(=O)C(F)(F)F.CCCCCCCC[NH+](CCCCCCCC)CCCCCCCC,4.0
[Br-].CCCCCC[P+](C1=CC=CC=C1)(C1=CC=CC=C1)C1=CC=CC=C1,202.0
FC(F)(F)S(=O)(=O)[N-]S(=O)(=O)C(F)(F)F.CCCCCC[P+](C1=CC=CC=C1)(C1=CC=CC=C1)C1=CC=CC=C1,90.0
[I-].CCCC[N+]1=CN(C)C(I)=C1I,230.0
N#C[N-]C#N.CCCC[N+]1=CN(C)C(I)=C1I,130.0
[O-]S(=O)(=O)C1=C(I)C=CC=C1.CCCC[N+]1=CN(C)C(I)=C1I,174.0
CC[N+]1(C)CCCCC1.CC1=C(OCCCC([O-])=O)C=CC(Cl)=C1,40.0
CCC[N+]1(C)CCCCC1.CC1=C(OCCCC([O-])=O)C=CC(Cl)=C1,60.0
CCCC[N+]1(C)CCCCC1.CC1=C(OCCCC([O-])=O)C=CC(Cl)=C1,64.0
CCCCC[N+]1(C)CCCCC1.CC1=C(OCCCC([O-])=O)C=CC(Cl)=C1,40.0
CCCCCCC[N+]1(C)CCCCC1.CC1=C(OCCCC([O-])=O)C=CC(Cl)=C1,20.0
CC1=C(OCCCC([O-])=O)C=CC(Cl)=C1.CCCCCCCCCC[N+]1(C)CCCCC1,19.0
CC1=C(OCCCC([O-])=O)C=CC(Cl)=C1.CCCCCCCCCCC[N+]1(C)CCCCC1,-27.0
CC1=C(OCCCC([O-])=O)C=CC(Cl)=C1.CCCCCCCCCCCC[N+]1(C)CCCCC1,37.0
CC1=C(OCCCC([O-])=O)C=CC(Cl)=C1.CCCCCCCCCCCCCC[N+]1(C)CCCCC1,60.0
CC1=C(OCCCC([O-])=O)C=CC(Cl)=C1.CCCCCCCCCCCCCCCC[N+]1(C)CCCCC1,46.0
CC1=C(OCCCC([O-])=O)C=CC(Cl)=C1.CCCCCCCCCCCCCCCCCC[N+]1(C)CCCCC1,46.0
OS([O-])(=O)=O.N1C=C[NH+]=C1,85.0
CS([O-])(=O)=O.N1C=C[NH+]=C1,188.0
N1C=C[NH+]=C1.OS(=O)(=O)C(F)(F)F,122.9
N1C=C[NH+]=C1.FC(F)(F)S(=O)(=O)[N-]S(=O)(=O)C(F)(F)F,73.0
F[B-](F)(F)F.N1C=C[NH+]=C1,131.2
OS([O-])(=O)=O.CN1C=C[NH+]=C1,20.88
CS([O-])(=O)=O.CCN1C=C[NH+]=C1,59.0
CCN1C=C[NH+]=C1.FC(F)(F)S(=O)(=O)[N-]S(=O)(=O)C(F)(F)F,5.0
CCCN1C=C[NH+]=C1.FC(F)(F)S(=O)(=O)[N-]S(=O)(=O)C(F)(F)F,7.49
C[NH3+].OS([O-])(=O)=O,73.2
C[NH3+].CS([O-])(=O)=O,91.0
C[NH3+].[O-]C(=O)C(F)(F)F,61.0
C[NH3+].F[B-](F)(F)F,77.1
C[NH3+].[O-]N(=O)=O,111.0
C[NH3+].OP(O)([O-])=O,96.8
[Br-].C[NH3+],237.0
CC[NH3+].CS([O-])(=O)=O,112.5
CC[NH3+].[O-]S(=O)(=O)C(F)(F)F,173.0
CC[NH3+].[O-]C(=O)C(F)(F)F,58.0
CC[NH3+].F[B-](F)(F)F,152.4
CC[NH3+].OP(O)([O-])=O,134.0
[Cl-].CC[NH3+],109.0
CCC[NH3+].OS([O-])(=O)=O,33.9
CCC[NH3+].[O-]S(=O)(=O)C(F)(F)F,176.0
CCC[NH3+].OP(O)([O-])=O,145.6
[Br-].CCC[NH3+],186.2
CCCC[NH3+].OS([O-])(=O)=O,33.5
CCCC[NH3+].CS([O-])(=O)=O,131.8
CCCC[NH3+].[O-]S(=O)(=O)C(F)(F)F,178.0
CCCC[NH3+].FC(F)(F)S(=O)(=O)[N-]S(=O)(=O)C(F)(F)F,20.0
CCCC[NH3+].F[B-](F)(F)F,198.2
[O-]N(=O)=O.CCCC[NH3+],30.0
CCCC[NH3+].OP(O)([O-])=O,113.3
[Br-].CCCC[NH3+],205.0
C[NH2+]C.OS([O-])(=O)=O,40.1
C[NH2+]C.CS([O-])(=O)=O,122.1
C[NH2+]C.[O-]S(=O)(=O)C(F)(F)F,114.0
C[NH2+]C.[O-]C=O,-13.0
C[NH2+]C.[O-]N(=O)=O,75.0
C[NH2+]C.OP(O)([O-])=O,117.3
CC[NH2+]CC.[O-]S(=O)(=O)C(F)(F)F,127.0
[O-]N(=O)=O.CC[NH2+]CC,96.0
CC[NH2+]CC.OP(O)([O-])=O,148.0
[Br-].CC[NH2+]CC,208.0
[Cl-].CC[NH2+]CC,220.0
CCCCCCCC[N+]1=CNC=C1.FC(F)(F)S(=O)(=O)[N-]S(=O)(=O)C(F)(F)F,-0.75
CCCCCCCCC[N+]1=CNC=C1.FC(F)(F)S(=O)(=O)[N-]S(=O)(=O)C(F)(F)F,17.55
CCCCCCCCCC[N+]1=CNC=C1.FC(F)(F)S(=O)(=O)[N-]S(=O)(=O)C(F)(F)F,6.75
[O-]S(=O)(=O)C(F)(F)F.CCCN1C=C[N+](C)=C1,5.95
[O-]S(=O)(=O)C(F)(F)F.CCCCCCCN1C=C[N+](C)=C1,-15.05
[O-]S(=O)(=O)C(F)(F)F.CCCCCCCCCN1C=C[N+](C)=C1,9.65
CS([O-])(=O)=O.CCCCCCN1C=C[N+](C)=C1,36.35
CS([O-])(=O)=O.CCCCCCCN1C=C[N+](C)=C1,37.05
[Br-].C[N+](C)(C)C12CC3CC(CC(C3)C1)C2,300.0
[Br-].CC[N+](C)(C)C12CC3CC(CC(C3)C1)C2,253.0
[Br-].CCCC[N+](C)(C)C12CC3CC(CC(C3)C1)C2,222.0
[Br-].CCCCCC[N+](C)(C)C12CC3CC(CC(C3)C1)C2,198.0
[Br-].CCCCCCCC[N+](C)(C)C12CC3CC(CC(C3)C1)C2,211.0
[Br-].CCCCCCCCCC[N+](C)(C)C12CC3CC(CC(C3)C1)C2,211.0
[Br-].CCCCCCCCCCCC[N+](C)(C)C12CC3CC(CC(C3)C1)C2,208.0
F[B-](F)(F)F.C[N+](C)(C)C12CC3CC(CC(C3)C1)C2,274.3
F[B-](F)(F)F.CC[N+](C)(C)C12CC3CC(CC(C3)C1)C2,239.2
F[B-](F)(F)F.CCCC[N+](C)(C)C12CC3CC(CC(C3)C1)C2,169.8
F[B-](F)(F)F.CCCCCC[N+](C)(C)C12CC3CC(CC(C3)C1)C2,158.6
F[B-](F)(F)F.CCCCCCCC[N+](C)(C)C12CC3CC(CC(C3)C1)C2,139.2
F[B-](F)(F)F.CCCCCCCCCC[N+](C)(C)C12CC3CC(CC(C3)C1)C2,177.6
F[B-](F)(F)F.CCCCCCCCCCCC[N+](C)(C)C12CC3CC(CC(C3)C1)C2,190.5
F[P-](F)(F)(F)(F)F.C[N+](C)(C)C12CC3CC(CC(C3)C1)C2,289.0
F[P-](F)(F)(F)(F)F.CC[N+](C)(C)C12CC3CC(CC(C3)C1)C2,247.0
F[P-](F)(F)(F)(F)F.CCCC[N+](C)(C)C12CC3CC(CC(C3)C1)C2,197.1
F[P-](F)(F)(F)(F)F.CCCCCC[N+](C)(C)C12CC3CC(CC(C3)C1)C2,189.0
F[P-](F)(F)(F)(F)F.CCCCCCCC[N+](C)(C)C12CC3CC(CC(C3)C1)C2,162.3
F[P-](F)(F)(F)(F)F.CCCCCCCCCC[N+](C)(C)C12CC3CC(CC(C3)C1)C2,188.0
F[P-](F)(F)(F)(F)F.CCCCCCCCCCCC[N+](C)(C)C12CC3CC(CC(C3)C1)C2,195.0
[O-]S(=O)(=O)C(F)(F)F.C[N+](C)(C)C12CC3CC(CC(C3)C1)C2,240.0
[O-]S(=O)(=O)C(F)(F)F.CC[N+](C)(C)C12CC3CC(CC(C3)C1)C2,182.0
[O-]S(=O)(=O)C(F)(F)F.CCCC[N+](C)(C)C12CC3CC(CC(C3)C1)C2,101.9
[O-]S(=O)(=O)C(F)(F)F.CCCCCC[N+](C)(C)C12CC3CC(CC(C3)C1)C2,123.2
[O-]S(=O)(=O)C(F)(F)F.CCCCCCCC[N+](C)(C)C12CC3CC(CC(C3)C1)C2,151.3
[O-]S(=O)(=O)C(F)(F)F.CCCCCCCCCC[N+](C)(C)C12CC3CC(CC(C3)C1)C2,104.3
[O-]S(=O)(=O)C(F)(F)F.CCCCCCCCCCCC[N+](C)(C)C12CC3CC(CC(C3)C1)C2,102.7
FS(=O)(=O)[N-]S(F)(=O)=O.C[N+](C)(C)C12CC3CC(CC(C3)C1)C2,78.3
FS(=O)(=O)[N-]S(F)(=O)=O.CC[N+](C)(C)C12CC3CC(CC(C3)C1)C2,123.7
FS(=O)(=O)[N-]S(F)(=O)=O.CCCC[N+](C)(C)C12CC3CC(CC(C3)C1)C2,65.2
FS(=O)(=O)[N-]S(F)(=O)=O.CCCCCC[N+](C)(C)C12CC3CC(CC(C3)C1)C2,67.6
FS(=O)(=O)[N-]S(F)(=O)=O.CCCCCCCC[N+](C)(C)C12CC3CC(CC(C3)C1)C2,76.3
FS(=O)(=O)[N-]S(F)(=O)=O.CCCCCCCCCC[N+](C)(C)C12CC3CC(CC(C3)C1)C2,92.7
FS(=O)(=O)[N-]S(F)(=O)=O.CCCCCCCCCCCC[N+](C)(C)C12CC3CC(CC(C3)C1)C2,102.3
C[N+](C)(C)C12CC3CC(CC(C3)C1)C2.FC(F)(F)S(=O)(=O)[N-]S(=O)(=O)C(F)(F)F,97.2
CC[N+](C)(C)C12CC3CC(CC(C3)C1)C2.FC(F)(F)S(=O)(=O)[N-]S(=O)(=O)C(F)(F)F,117.7
FC(F)(F)S(=O)(=O)[N-]S(=O)(=O)C(F)(F)F.CCCC[N+](C)(C)C12CC3CC(CC(C3)C1)C2,53.6
FC(F)(F)S(=O)(=O)[N-]S(=O)(=O)C(F)(F)F.CCCCCC[N+](C)(C)C12CC3CC(CC(C3)C1)C2,30.6
FC(F)(F)S(=O)(=O)[N-]S(=O)(=O)C(F)(F)F.CCCCCCCC[N+](C)(C)C12CC3CC(CC(C3)C1)C2,38.7
FC(F)(F)S(=O)(=O)[N-]S(=O)(=O)C(F)(F)F.CCCCCCCCCC[N+](C)(C)C12CC3CC(CC(C3)C1)C2,51.2
FC(F)(F)S(=O)(=O)[N-]S(=O)(=O)C(F)(F)F.CCCCCCCCCCCC[N+](C)(C)C12CC3CC(CC(C3)C1)C2,46.2
F[B-](F)(F)F.CCCC[N+](C)(C)C,188.8
F[B-](F)(F)F.CCCCCCCC[N+](C)(C)C,133.4
F[B-](F)(F)F.CCCCCCCCCC[N+](C)(C)C,125.8
F[P-](F)(F)(F)(F)F.CCCC[N+](C)(C)C,169.3
F[P-](F)(F)(F)(F)F.CCCCCC[N+](C)(C)C,225.4
F[P-](F)(F)(F)(F)F.CCCCCCCC[N+](C)(C)C,143.9
F[P-](F)(F)(F)(F)F.CCCCCCCCCC[N+](C)(C)C,175.7
CCCC[N+](C)(C)C.[O-]S(=O)(=O)C(F)(F)F,79.9
[O-]S(=O)(=O)C(F)(F)F.CCCCCC[N+](C)(C)C,139.5
[O-]S(=O)(=O)C(F)(F)F.CCCCCCCC[N+](C)(C)C,140.8
[O-]S(=O)(=O)C(F)(F)F.CCCCCCCCCC[N+](C)(C)C,150.2
CCCC[N+](C)(C)C.FS(=O)(=O)[N-]S(F)(=O)=O,17.9
FS(=O)(=O)[N-]S(F)(=O)=O.CCCCCC[N+](C)(C)C,46.7
FS(=O)(=O)[N-]S(F)(=O)=O.CCCCCCCC[N+](C)(C)C,7.18
FS(=O)(=O)[N-]S(F)(=O)=O.CCCCCCCCCC[N+](C)(C)C,0.0
[Br-].CCCC[N+](C)(C)C,212.5
[Br-].CCCCCC[N+](C)(C)C,186.8
[Br-].CCCCCCCC[N+](C)(C)C,215.9
[Br-].CCCCCCCCCC[N+](C)(C)C,235.6
[Br-].CC[N+]1(C)CCC(O)CC1,293.5
[Br-].CCCC[N+]1(C)CCC(O)CC1,150.5
[Br-].CCCCCC[N+]1(C)CCC(O)CC1,81.0
[Br-].CCCCCCCC[N+]1(C)CCC(O)CC1,102.5
[Br-].CCCCCCCCCC[N+]1(C)CCC(O)CC1,146.5
[Br-].CCCCCCCCCCCC[N+]1(C)CCC(O)CC1,205.0
[Br-].CCCCCCCCCCCCCC[N+]1(C)CCC(O)CC1,209.5
[Br-].CCCCCCCCCCCCCCCC[N+]1(C)CCC(O)CC1,212.5
CCC[NH2+]CCC.[O-]S(=O)(=O)C(F)(F)F,136.0
[O-]C=O.CCC[NH2+]CCC,-28.0
CC([O-])=O.CCC[NH2+]CCC,13.0
[Br-].CCC[NH2+]CCC,265.0
OS([O-])(=O)=O.CCCC[NH2+]CCCC,130.9
[O-]S(=O)(=O)C(F)(F)F.CCCC[NH2+]CCCC,140.0
CCCC[NH2+]CCCC.FC(F)(F)S(=O)(=O)[N-]S(=O)(=O)C(F)(F)F,42.6
F[B-](F)(F)F.CCCC[NH2+]CCCC,212.8
OP(O)([O-])=O.CCCC[NH2+]CCCC,98.0
[Br-].CCCC[NH2+]CCCC,290.0
C[NH+](C)C.[O-]S(=O)(=O)C(F)(F)F,150.0
C[NH+](C)C.[O-]N(=O)=O,155.0
OS([O-])(=O)=O.CC[NH+](CC)CC,84.2
CC[NH+](CC)CC.[O-]S(=O)(=O)C(F)(F)F,32.0
CC([O-])=O.CC[NH+](CC)CC,-18.0
F[B-](F)(F)F.CC[NH+](CC)CC,104.3
[O-]N(=O)=O.CC[NH+](CC)CC,115.0
[Br-].CC[NH+](CC)CC,239.0
[Cl-].CC[NH+](CC)CC,244.0
OS([O-])(=O)=O.CCC[NH+](CCC)CCC,92.0
[O-]S(=O)(=O)C(F)(F)F.CCC[NH+](CCC)CCC,160.0
CCC[NH+](CCC)CCC.FC(F)(F)S(=O)(=O)[N-]S(=O)(=O)C(F)(F)F,49.0
F[B-](F)(F)F.CCC[NH+](CCC)CCC,25.0
[O-]S(=O)(=O)C(F)(F)F.CCCC[NH+](CCCC)CCCC,128.0
CCCC[NH+](CCCC)CCCC.FC(F)(F)S(=O)(=O)[N-]S(=O)(=O)C(F)(F)F,40.0
[F-].OCC[NH+](CCO)CCO,67.0
OC(=O)CC([O-])=O.OCC[NH+](CCO)CCO,85.0
OS([O-])(=O)=O.OCC[NH+](CCO)CCO,53.0
[Br-].OCC[NH+](CCO)CCO,180.0
[I-].OCC[NH+](CCO)CCO,125.0
[N-]1C=CN=N1.CCCC[N+]1=CN(C)C=C1,-70.0
F[P-](F)(F)(F)(F)F.CCC1(C=CC=CC1C1=C(F)C=C(F)C=C1)[N+]1=CC=CC=C1,145.0
C[Si](C)(C)CCS([O-])(=O)=O.CCCCCCCCCCCCCCCC[P+](CCCC)(CCCC)CCCC,5.0
[I-].CC[N+]1=C(C=CC=C1)C1=CC=CC=C1,70.0
O[N+](=O)C1=C[N-]C=N1.C1CN=C2CCCCC[NH+]2C1,50.0
C[Si](C)(C)CCS([O-])(=O)=O.CCCCCCCCCCCC[P+](CCCC)(CCCC)CCCC,-6.0
[N-]1C=NC=N1.CCCC[N+]1=CN(C)C=C1,-68.0
CN1C=C[N+](CCN2CCCCC2)=C1.FC(F)(F)S(=O)(=O)[N-]S(=O)(=O)C(F)(F)F,-67.0
O[N+](=O)C1=NC=C[N-]1.C1CN=C2CCCCC[NH+]2C1,100.0
F[P-](F)(F)(F)(F)F.CC1(C=CC=CC1C1=C(F)C=C(F)C=C1)[N+]1=CC=CC=C1,225.0
CCN(CC)CC[N+]1=CN(C)C=C1.FC(F)(F)S(=O)(=O)[N-]S(=O)(=O)C(F)(F)F,-84.0
[I-].C[N+]1=C(C=CC=C1)C1=CC=CC=C1,150.0
C[Si](C)(C)CCCS([O-])(=O)=O.CCCCCCCCCCCCCCCC[P+](CCCC)(CCCC)CCCC,-5.0
C[Si](C)(C)CCCS([O-])(=O)=O.CCCCCCCCCCCC[P+](CCCC)(CCCC)CCCC,2.0
[I-].CCC1(C=CC=CC1C1=C(F)C=C(F)C=C1)[N+]1=CC=CC=C1,130.0
[N-]1C=NC=N1.CCCC[N+]1(C)CCCC1,-68.0
F[P-](F)(F)(F)(F)F.C[N+]1=C(C=CC=C1)C1=CC=CC=C1,170.0
F[P-](F)(F)(F)(F)F.CC[N+]1=C(C=CC=C1)C1=CC=CC=C1,130.0
[I-].C[N+]1=C(C=CC=C1)C1=C(F)C=C(F)C=C1,195.0
N#C[N-]C#N.CC[P+](CC)(CC)COC,-11.0
CCOCC[N+]1(C)CCCC1.F[B-](F)(F)C(F)(F)C(F)(F)F,-6.0
[O-]N(=O)=O.CCCCCCCCCCCCCC[P+](CCCCCC)(CCCCCC)CCCCCC,6.0
CC[N+](CC)(CC)CC.FC(F)(F)C(F)(F)S(=O)(=O)[N-]S(F)(=O)=O,6.0
CCCCC1=CC=C(C=C1)[N+]#N.FC(F)(F)S(=O)(=O)[N-]S(=O)(=O)C(F)(F)F,7.2
F[B-](F)(F)F.CC[N+](C)(C)CCOC,7.8
CC[N+](CC)(CC)CC.FC(F)(F)S(=O)(=O)[N-]S(F)(=O)=O,8.5
CC[N+]1=C(CCC1)OC.FS(=O)(=O)[N-]S(F)(=O)=O,9.0
CC[N+](C)(C)COC.F[B-](F)(F)C(F)(F)C(F)(F)F,11.0
F[P](F)(F)(F)(F)F.CCCC[N+]1=CN(C)C=C1,12.64
CCCCCC[N+]1=CSC=C1.FC(F)(F)S(=O)(=O)[N-]S(=O)(=O)C(F)(F)F,16.0
CCC([O-])=O.CCCC[N+](CCCC)(CCCC)CCCC,17.0
FC(F)(F)S(=O)(=O)[N-]S(=O)(=O)C(F)(F)F.CCCCCCCCCCCC[N+]1=CNC=C1,17.74
F[B-](F)(F)F.CCCCCCCCCCCN1C=C[N+](C)=C1,21.4
CCOS([O-])(=O)=O.CC[N+]1=CC=C(C=C1)C#N,25.0
CCCC[N+]1=CC=CC(=C1)C#N.FC(F)(F)S(=O)(=O)[N-]S(=O)(=O)C(F)(F)F,25.0
N[C@@H](CCCNC(N)=N)C([O-])=O.CCCC[P+](CCCC)(CCCC)CCCC,30.7
[N-]1C=CC=N1.CCCCCCCCCCCCCC[N+](C)(C)CC,31.0
CC(C)N(CC[N+]1=CN(C)C=C1)C(C)C.FC(F)(F)S(=O)(=O)[N-]S(=O)(=O)C(F)(F)F,33.0
CC[N+]1=C(C)NC=C1.[O-]S(=O)(=O)OC(C(F)(F)F)C(F)(F)F,33.0
FS(=O)(=O)[N-]S(F)(=O)=O.CCCCCCCC[N+]1=CC2=CC=CC=C2C=C1,33.84
CC(C)C([O-])=O.C[N+](C)(C)CCO,35.0
[Br-].CCCCCCCCCCCC[N+]1=C(C)N(CCCC)C=C1,35.3
C[N+](C)(C)C.[O-]S(=O)(=O)CCCN1CCOCC1,36.4
[N-]1C=NN=C1.CCCCCCCCCCCCCCCC[N+](C)(C)C,36.6
[O-]C(=O)C1=CC=CC=N1.CCCC[N+](CCCC)(CCCC)CCCC,37.5
F[B-](F)(F)F.CCCCCCCCCCCCCCN1C=C[N+](C)=C1,38.0
[O-]N(=O)=O.CC[NH+]1C=NC(=C1)N(=O)=O,40.0
[O-]S(=O)(=O)C(F)(F)F.CC[N+](CC)=C(C)OC,41.0
CCC[N+](C)(C)C.FS(=O)(=O)[N-]S(F)(=O)=O,42.0
CCC[N+]1=CN(C=C1)C1=CC=C(C)C=C1.FC(F)(F)S(=O)(=O)[N-]S(=O)(=O)C(F)(F)F,42.0
F[P-](F)(F)(F)(F)F.CCCC[N+]1=CC=C(C)C=C1,43.0
[O-]S(=O)(=O)C(F)(F)F.CCCCCCCCCCN1C=[N+](CCF)C=N1,46.0
[Br-].C[N+]1(CCCCCC#N)CCCC1,46.0
C[N+](C)(C)CCO.[O-]C(=O)C1=CC=CC=C1,47.0
F[B-](F)(F)F.CCC[N+](CCC)(CCC)CCOCC,50.3
CC[N+](C)(C)CCCC(F)(F)F.FC(F)(F)S(=O)(=O)[N-]S(=O)(=O)C(F)(F)F,51.0
[Cl-].C[N+]1=CN(CC=C)C=C1,52.0
CC([O-])=O.CC[NH+](CC)CCOC(=O)C1=CC=C(N)C=C1,52.0
[I-].CCCCCCCCCCCCCCCC[N+]1=CN(C=C1)C1=C(C)C=CC=C1,52.0
[Br-].CCCCCCCC[N+]1=CN(CC2=CC(CN3C=C[N+](CCCCCCCC)=C3)=CC(CN3C=CN=C3)=C2)C=C1,53.1
[N-]1C=CN=C1.CCCCCCCCCCCCCC[N+](C)(C)CC,54.0
[O-]S(=O)(=O)C(F)(F)F.CCCC[N+]1(C)CCCCCC1,55.0
FC(F)(F)S(=O)(=O)[N-]S(=O)(=O)C(F)(F)F.CCCCCC[N+]1=CC=C(C=C1)C1=CC=NC=C1,56.0
C[N+]1(C)CCCC1.O=N(=O)C1=C[N-]N=N1,57.0
CC1=CC=C(C=C1)S([O-])(=O)=O.CCCCCCCC[N+](CCCCCCCC)(CCCCCCCC)CCCCCCCC,57.5
CCN1C=[N+](C)C(C)=C1C.FC(F)(F)S(=O)(=O)[N-]S(=O)(=O)C(F)(F)F,58.0
F[B-](F)(F)F.CC(C)[N+]1=CN(C)C(=C1)P(=O)(C1=CC=CC=C1)C1=CC=CC=C1,59.0
[I-].CCCC[N+]1(CCCC#N)CCCC1,60.0
[O-]S(=O)(=O)C(F)(F)F.C(C1=CC=CC=C1)[N+]1=CC=CC=C1,61.0
N#C[N-]C#N.CCCCCCCCCCCCCCOC(=O)C[N+](C)(C)C,61.0
CC(=O)OC1=CC=CC=C1C([O-])=O.CCCCCCCCCCCCCCCC[N+]1=CC=CC=C1,61.31
[Cl-].CCCCCCCCCCCCN1C=C[N+](CC2=CC=CC=C2)=C1C,62.0
N#C[N-]C#N.CCCC[P+](CCCC)(CCCC)CCCC,62.0
[Br-].CCC[N+]1=CN(C=C1)C1=C(C)C=C(C)C=C1,62.0
[Br-].CC[N+](CCO)(CCO)CCO,62.8
F[P](F)(F)(F)(F)F.CCCCC[N+]1=C(CC)OC[C@@H]1C(C)C,63.0
[O-]N(=O)=O.CN1C=C[N+](CC#C)=C1,63.0
N#C[N-]C#N.CCCCCCCCCCCCCCCCOC(=O)C[N+](C)(C)C,63.0
F[P](F)(F)(F)(F)F.CCCCCCCCCCCCCC[N+]1=CN(C)C=C1,65.1
FS(=O)(=O)[N-]S(F)(=O)=O.CCCCCCCCCCCCCCCCCCN1C=C[N+](C)=C1,65.7
FC(F)(F)S(=O)(=O)[N-]S(=O)(=O)C(F)(F)F.CCCCCCCCCCCCCCCCCCCCCCN1C=C[N+](C)=C1,65.9
CCCCC1=CC=C(C=C1)[B-](F)(F)F.CCCC[N+](CCCC)(CCCC)CCCC,66.0
N#C[N-]C#N.C[N+]1=CN(CC#N)C=C1,67.0
[Cl-].OC(COC1CCCCC1)C[N+]1=CC=CC=C1,67.93
COC1=C(\C=C\C([O-])=O)C=CC=C1.CCCCCCCCCCCC[N+]1=CN(C)C=C1,68.0
[Cl-].CC(C)(C)OC(=O)NCCN1C=C[N+](=C1)C(C1=CC=CC=C1)(C1=CC=CC=C1)C1=CC=CC=C1,68.0
FC(F)(F)S(=O)(=O)[N-]S(=O)(=O)C(F)(F)F.CCCCN1C=[N+](CCC(F)(F)C(F)(F)C(F)(F)C(F)(F)F)C=N1,69.0
FC(F)(F)S(=O)(=O)[N-]S(=O)(=O)C(F)(F)F.CCCCCCCCCCCCCCCCCC[N+]1(C)CCCC1,72.0
OP(O)([O-])=O.CCCC[N+]1=CN(C)C=C1,73.0
[Br-].CCCCCCCCCCCCCCCCCC[N+]1=CC=CC=C1,74.0
[Br-].CCCCCC[N+]1(C)CCCC1,74.0
[I-].CCCC[N+]1=CN(C=C1)C1=CC=C(CC)C=C1,75.6
COC1=CC=CC(=C1)[B-](F)(F)F.CCCC[N+](CCCC)(CCCC)CCCC,75.7
CS([O-])(=O)=O.CN1C(C)=CC(C)=[N+]1C1=CC=C(Br)C=C1,76.3
CCC[N+](C)(C)C.F[B-](F)(F)C1=CC=CC=C1,76.84
[Br-].CCCCCCCCCCCCCCOC1=CC=[N+](CCCCCCCCCCCCCC)C=C1,76.9
[Br-].CCCCCCCCCCCCCC[N+]1=CC=C(C)C=C1,77.0
CN1C=C[N+](CCON(=O)=O)=C1.[O-]C1=C(C=C(C=C1N(=O)=O)N(=O)=O)N(=O)=O,81.0
[Br-].CCCC[N+](CCCC)(CCCC)CC(=O)OCC,83.0
[O-][I](=O)(=O)=O.CO[N+]1(C)CCOCC1,83.5
[Br-].CC[N+](C)(CC)CCOC,85.0
[Br-].CC[N+]1=CN(C=C)N=C1,85.0
[I-].CCN1C=[N+](CC)C=N1,85.0
CS([O-])(=O)=O.CCCCCCCCCCCCCCCCN1C=C[N+](CCCS(O)(=O)=O)=C1,85.0
[Br-].CCCCCCCCCC[N+]1=CC=CC2=CC=CC=C12,86.6
F[P](F)(F)(F)(F)F.CCCCCCCC[N+](CC)(CC)CC,88.3
[I-].C[N+](C)(C)CCN=[N]#N,89.0
[Cl-].C[N+]1(C)CCOCC1,90.0
[I-].CCCCCCN1C=C[N+](CCC(F)(F)C(F)(F)C(F)(F)C(F)(F)C(F)(F)C(F)(F)C(F)(F)C(F)(F)F)=C1,90.0
[I-].CCCCCCCCCCCC[N+]1=CSC2=C1C=CC=C2,90.5
CCCC[N+](CCCC)(CCCC)CCCC.FC(F)(F)C1=CC(=CC(=C1)[B-](C1=CC(=CC(=C1)C(F)(F)F)C(F)(F)F)(C1=CC(=CC(=C1)C(F)(F)F)C(F)(F)F)C1=CC(=CC(=C1)C(F)(F)F)C(F)(F)F)C(F)(F)F,92.0
[O-]S(=O)(=O)C(F)(F)F.CCN1C=C([N+](C)=C1)N(=O)=O,92.0
CS([O-])(=O)=O.CCCCCC[N+]1=C(C)C=C(C)N1C,92.0
CC[N+](C)(CC)CC.F[B-](C#N)(C#N)C#N,93.0
[O-]C(=O)C([O-])=O.CCCC[P+](CCCC)(CCCC)CCCC,93.0
[NH3+]C(=O)C1=CC=CN=C1.CC(C)CC1=CC=C(C=C1)C(C)C([O-])=O,93.8
[I-].CN1C=C[N+](CCC(F)(F)C(F)(F)C(F)(F)C(F)(F)C(F)(F)C(F)(F)F)=C1,94.0
[Br-].CCC[N+]1=CN(C=C1)C1=CC=CC=C1,94.0
CC1=CC=C(C=C1)S([O-])(=O)=O.CCCCCCCCCCCCCCCCCCCCCC[N+]1=CC=C(C=C1)C1=CC=CC=C1,94.0
[Br-].CCCCCCN1C=CC=[N+]1CCCCCC,94.2
F[P](F)(F)(F)(F)F.N#CCCC[N+]1=CC=CC=C1,95.0
F[B-](F)(F)F.CCCCCCCCCCCCCCOC(=O)C[N+](C)(C)C,96.0
[Br-].CCCCCCCCCCCC[N+]1=CN(C=C1)C1=CC=C(C=C1)N(=O)=O,96.0
[Br-].C[N+]1(CC#N)CCCC1,99.0
[Cl-].N#CCCCN1C=C[N+](CCCC#N)=C1,100.0
[S-]C#N.CCCC[N+](C)(CCCC)CCCC,100.0
[Br-].CC[N+](C)(C)CCOC(=O)C(C)=C,103.0
[Br-].CCCCCCCN1C=C[N+](=C1)C1=C(OC)C=CC=C1,106.0
COS([O-])(=O)=O.CSC(=O)C1=CC=CC2=C1SN=[N+]2C,108.0
[Br-].CCN1C(C)=C(C)[N+](CC=C)=C1C(C)C,109.0
[Br-].CCCC[N+]1(C)CCOC1,110.0
[I-].CC[N+]1=CC=C(C=C1)C(=O)OC,111.0
[Br-].CC[N+]1=CN(C=C1)C1=CC=CC=C1,111.0
[Br-].CCCCCC[N+]1=CN(C=C1)C1=C(C)C=C(C)C=C1C,114.0
[Br-].CCCCC[N+]1=CN(C=C1)C1=CC=CC=C1,116.0
[I-].CCCCN1C=C[N+](=C1)C1=CC=C(Br)C=C1,118.6
[Br-].CCCCCCCCCCC[N+]1=CN(C=C1)C1=C(C)C=CC=C1,119.0
[Br-].CCCCCC[N+]1=CN(C=N1)C1=CC=CC=C1,120.9
[I-].CCCCCC[N+]1=CN(CC2=CC=C(\C=C\C3=CC=CC=C3)C=C2)C=C1,124.2
[Cl-].C(C1=CC=CC=C1)[N+]1=CC=CC=C1,125.0
[I-].C[N+]1(CCC#N)CCCC1,126.0
[I-].CCCCCC[N+]1=CSC2=CC=CC=C12,126.7
F[P](F)(F)(F)(F)F.CCCC[N+]1=CN(C=C1)C1=C(C)C=C(C)C=C1C,127.0
[Br-].CC(C#N)[N+]1=CN(C)C=C1,131.0
[BH4-].CC(C)C[N+]1(C)CCCC1,131.0
[O-]N(=O)=O.N#CCN1C=[N+](CC#N)C=N1,133.0
[I-].CCCCCCCCCCCC[N+]1=CN(C=C1)C1=C2C=CC=CC2=CC2=CC=CC=C12,133.6
[I-].CCN1C(C)=C(C)[N+](C)=C1C,134.0
F[B-](F)(F)F.CCCC[P+](C)(CCCC)CCCC,140.0
[I-].C[N+]1=CN=CC=C1,142.0
FC(F)(F)S(=O)(=O)[N-]S(=O)(=O)C(F)(F)F.O=S(=O)(C1=CC=CC=C1)C1=CC=C(C=C1)[P+](C1=CC=CC=C1)(C1=CC=CC=C1)C1=CC=CC=C1,143.0
F[P](F)(F)(F)(F)F.CCCCCCCCCCCC[N+]1=CC=C(C=C1)C#N,146.0
[Br-].C[N+](C)(CC=C)C1=CC=C(Br)C=C1,148.0
[Cl-].CC(=O)OCC[N+](C)(C)C,151.0
[I-].CC1=[N+](C)C=CC=C1,155.0
[Br-].CCC[N+]1=CN(C=C1)C1=CC=C(Br)C=C1,155.0
C[N+](C)(C)CCO.[O-]C(=O)CSC1=CNC2=CC=CC=C12,155.0
[I-].CCCCCCCC[N+]1=CN(C=C1)C1=CC2=C(C=C1)C1=C(C2)C=CC=C1,160.2
[Br-].CC(C)(C)C1=CC=[N+](CC2=CC=CC=C2)C=C1,163.0
F[B-](F)(F)F.CN1C(C)=CC(C)=[N+]1C1=CC=C(C=C1)N(=O)=O,166.5
[Br-].CC1=C(C)N=C(S1)N1N=C(N=[N+]1C1=CC=CC=C1)C1=CC=CC=C1,171.0
F[B-](F)(F)F.CC1=CC(C)=C(C(C)=C1)[N+]1=CN(C=C1)C1CCCCCCC1,175.0
[I-].CC[N+](CC)(CC)CC,182.0
[Br-].CCCCCCCCCCCC[N+]1(C)CCCC1,186.0
[Br-].CC[N+]1=CN(C=N1)C1=CC=CC=C1,187.0
[I-].CCCCCCCCCCCCCCCCCC[N+]1=CC=C(\C=C\C2=CC=CC=C2)C=C1,189.0
[I-].CC[N+]1(CCCC#N)CCCC1,190.0
[Br-].CC[N+]1=CN(C=C1)C1=C(C)C=C(C)C=C1C,191.0
[Br-].CC[N+](CC)(CC)CC1=CC=CC=C1,195.0
[Cl-].OC(=O)C[N+]1=CC=CC2=CC=CC=C12,196.0
[I-].CC1=CC=C(C=C1)[N+](C)(C)CC=C,197.0
[Cl-].CN1C=C[N+](C)=C1P(C1=CC=CC=C1)C1=CC=CC=C1,200.0
[Br-].BrCCC[P+](C1=CC=CC=C1)(C1=CC=CC=C1)C1=CC=CC=C1,217.0
[Cl-].C(C1=CC=CC=C1)[P+](C1=CC=CC=C1)(C1=CC=CC=C1)C1=CC=CC=C1,228.0
[Br-].CC1=CC=C(C[P+](C2=CC=CC=C2)(C2=CC=CC=C2)C2=CC=CC=C2)C=C1,238.0
[Br-].CCCC[N+]1(C)CCCCC1,240.66
NC(N)=[NH2+].OS([O-])(=O)=O,101.0
F[P](F)(F)(F)(F)F.CC(C)[C@@H]1CC[C@@H](C)C[C@H]1OC(=O)C[N+]1=CN(C)C2=CC=CC=C12,103.0
[Br-].CCCCCCCCCCCCCCCCCCCC[N+]12CCN(CC1)CC2,103.5
[Br-].CCCCCCCOC(=O)C[N+](C)(C)C,104.0
[Br-].CCCCCCCCCCOC(=O)C[N+](C)(C)C,104.0
[Br-].CCCCCCCCCCN1C=C[N+](=C1)C1=C(C)C=C(C)C=C1C,105.5
F[B-](F)(F)F.CC1=CC=C(C=C1)[N+]#N,105.0
[Br-].CCCCCCCCCCOC(=O)[C@H](CC1=CC=CC=C1)NC(=O)C[N+]1=CC=CC=C1,106.0
[Br-].CN1C=C[N+](CCOC2=CC=CC=C2C=O)=C1,107.0
[Cl-].CC(C)[C@@H]1CC[C@@H](C)C[C@H]1OC[N+]1=CC=C(C)C=C1,107.0
CC1=CC=C(C=C1)S([O-])(=O)=O.C([NH+]1C=CN=C1)C1=CC=CC=C1,106.0
F[B-](F)(F)F.CC[S+](CC)CC,110.0
[Br-].CC[N+](CC)(CC)CCCCBr,115.0
CC1=CC=C(C=C1)S([O-])(=O)=O.CCCC[N+]1(CCCC)CCCCC1,111.5
[I-].CCCC[N+](C)(C)C(C)CC(F)(F)F,112.5
F[B-](F)(F)F.N#[N+]C1=CC=CC=C1OC1=CC=CC=C1,112.0
OP(O)([O-])=O.CC(C)(C)C(O)(CCC1=CC=C(Cl)C=C1)C[NH+]1C=NC=N1,112.0
[Br-].CCCCCCCCCCNC(=O)CCCCC[N+]1=CC=CC=C1,113.5
CC1=CC=C(C=C1)S([O-])(=O)=O.CCCCC[N+]1(CCCCC)CCCCC1,114.5
[H][P-](F)(F)(C(F)(F)C(F)(F)F)(C(F)(F)C(F)(F)F)C(F)(F)C(F)(F)F.C1=CC=C(C=C1)[P+](C1=CC=CC=C1)(C1=CC=CC=C1)C1=CC=CC=C1,115.0
[Cl-].CC1=CC=C(C=C1)[N+]1=CC=CC=C1,116.1
F[B-](F)(F)F.CCCCCCCCCCCC[N+]1=CN(CCCCC(=O)O[C@H]2CN[C@@H](C2)C(O)=O)C=C1,118.0
[Br-].CCOC(=O)CCC[N+]1(C)CCCC1,118.5
[Br-].CCCCCCCCCCCCNC(=O)CCCCC[N+]1=CC=CC=C1,118.5
[Br-].COCCN(CCOC)C(=O)C[N+]1=C(C)N(C)C=C1,119.5
C[N+](C)(C)C.FC(F)(F)[N-]C(F)(F)F,122.5
F[B-](F)(F)F.CN1C=C[N+](CC2=CC(=O)C=C(O2)C2=CC=CC=C2)=C1,123.5
[Br-].CCCCCCC[N+]1=CC=C(C=C1)C1=CC=NC=C1,124.25
CC1=CC=C(C=C1)S([O-])(=O)=O.CC[N+](CC)(CC)CC1=CC=CC=C1,124.25
[O-]N(=O)=O.C[N+](C)(N)N,125.5
F[B-](F)(F)F.IC1=CC=C(C[N+]2=CC=CC=C2)C=C1,127.3
[I-].CC1=CSC=[N+]1C,128.5
F[B-](F)(F)F.FC1=CC=C(C=C1)N=CC1=CC=C[N+](CC(=O)C2=CC=C(C=C2)N(=O)=O)=C1,129.0
[Br-].CCOC(=O)C[N+]1=C(C)N(C)C=C1,130.5
[Br-].C[NH2+]C,133.0
[I-].CN1[N+]N(CC2=CC=CC=C2)C=C1C1=CC=CC=C1,134.0
F[P-](F)(F)(F)(F)F.C(N1C=C[N+](CN2N=NC3=CC=CC=C23)=C1)C1=CC=CC=N1,135.0
[Br-].CC[N+]1=C2CCCN2C=C1,136.5
[I-].CCCC[N+]1=CC=CC(=C1)C#N,137.75
F[P](F)(F)(F)(F)F.CC1=N[N+](C)=C(C)N1N,144.5
[Br-].C[N+](C)(C)CCCCCBr,145.0
[I-].CSC1=[N+](C)C=CS1,145.5
[I-].CC[N+]1=CSC2=C1C=CC=C2,146.0
F[B-](F)(F)F.CC1=CC(C)=C(N2CC[N+](=C2C(F)=C(F)F)C2=C(C)C=C(C)C=C2C)C(C)=C1,149.5
F[B-](F)(F)F.COC1=CC=C(C(C)[P+](C2=CC=CC=C2)(C2=CC=CC=C2)C2=CC=CC=C2)C(OC)=C1,152.0
[I-].CN1C=CC=[N+]1C,155.0
[Br-].FC1=C(F)C(F)=C(C[N+]2=CC=CC=C2)C(F)=C1F,162.5
[Cl-].C[N+](C)(C)CCl,165.5
[Br-].OC(=O)CC[N+]1=CN(CC2=CC(C#N)=C(C=C2N(=O)=O)C#N)C2=CC=CC=C12,167.5
[I-].CC[P+](C1=CC=CC=C1)(C1=CC=CC=C1)C1=CC=CC=C1,169.5
F[P-](F)(F)(F)(F)F.COC1=C(O)C=CC(C=NCCN2C=C[N+](C)=C2)=C1,179.0
[Br-].CCCCCCCCCCCCCCCC[N+](C)(C)CC,182.0
CCCC[N+]1=C(C)N(C)C=C1.CCCCCCCC\C=C/CCCCCCCCOCCOCCOS([O-])(=O)=O,-16.5
F[B-](F)(F)F.CCCC[N+](C)(C)C,191.0
[Br-].C[N+]1(C)CCC(C1)OC(=O)C(O)(C1CCCC1)C1=CC=CC=C1,192.5
[I-].C=CCSC1=C(N=C(O1)C1=CC=CC=C1)[P+](C1=CC=CC=C1)(C1=CC=CC=C1)C1=CC=CC=C1,199.0
[Cl-].COC[P+](C1=CC=CC=C1)(C1=CC=CC=C1)C1=CC=CC=C1,200.5
[Cl-].CC1=CC(C)=C(CN2C=C[N+]3=C2C(C2=CC=CC=C2)=C(C2=CC=CC=C2)C2=C3C=CC(Cl)=C2)C(C)=C1,209.5
[I-].CCSC1=C(N=C(O1)C1=CC=C(Cl)C=C1)[P+](C1=CC=CC=C1)(C1=CC=CC=C1)C1=CC=CC=C1,210.0
[Br-].CCCCCCCCCCCCCCCCCC[N+](C)(C)C,219.0
[I-].CCCCN1C=[N+](CC2=CC(=O)C=C(O2)C2=CC=CC=C2)C2=CC=CC=C12,219.0
[Cl-].CC[P+](C1=CC=CC=C1)(C1=CC=CC=C1)C1=CC=CC=C1,227.5
[Br-].CCCCCCCCCCCCCC[N+](C)(C)C,228.0
[O-]S([O-])(=O)=O.CCCCCCCCCCCCCC[P+](CCCCCC)(CCCCCC)CCCCCC,31.0
CC[N+]1=CC=CC(=C1)C(F)(F)F.FC(F)(F)S(=O)(=O)[N-]S(=O)(=O)C(F)(F)F,29.5
CCCC[N+]1=C(C)N(C)C(C)=C1C.FC(F)(F)S(=O)(=O)[N-]S(=O)(=O)C(F)(F)F,30.5
COP([O-])(=O)SC.CCC[N+]1(C)CCCC1,33.0
CC1=CC(=O)[N-]S(=O)(=O)O1.CCCCCCCCCCCCCCOC[N+](C)(C)CCO,31.25
FC(F)(F)S(=O)(=O)[N-]S(=O)(=O)C(F)(F)F.FC(F)(F)C(F)(F)C(F)(F)C(F)(F)CC[N+]1=CC=CC=C1,35.0
F[P](F)(F)(F)(F)F.CCCCOCN1C=C[N+](COCCC)=C1CC,38.0
F[B-](F)(F)F.CCCCCCCOCN1C=C[N+](COCCCCCCC)=C1,39.0
CCC[N+]1(C)CCCCC1.CC1=CC(Cl)=CC=C1OCC([O-])=O,39.0
COP([O-])(=O)[Se]C.CCC[N+]1(C)CCCC1,40.0
[O-][Cl](=O)(=O)=O.CCCCCCCCCC[P+](C)(CCCCCCCCCC)CCCCCCCCCC,40.3
CC[NH+](CC)CC.FC(F)(F)C(F)(F)C(F)(F)C(F)(F)S(=O)(=O)[N-]S(=O)(=O)C(F)(F)C(F)(F)C(F)(F)C(F)(F)F,42.0
[O-]S(=O)(=O)C(F)(F)F.COC(=O)CCSC(SC)=[N+]1CCCCC1,42.0
OS([O-])(=O)=O.CCCCCC[N+]1=CC(=CC=C1)C(O)=O,44.0
F[B-](F)(F)F.CCCCCCCCCCCCSC[N+]1=CN(C)C=C1,44.0
FC(F)(F)S(=O)(=O)[N-]S(=O)(=O)C(F)(F)F.CCOC(=O)[C@@H](OC(=O)C[N+]1=CN(C)C=C1)C1=CC=CC=C1,45.0
[Br-].OCC[N+]1=CN(C=C)C=C1,46.0
CS([O-])(=O)=O.CCCC[NH+]1C[Si](C)(C)O[Si](C)(C)C1,48.0
FC(F)(F)S(=O)(=O)[N-]S(=O)(=O)C(F)(F)F.C(ON1C=C[N+](OCC2=CC=CC=C2)=C1)C1=CC=CC=C1,50.0
C[NH+](C)CC1=CC=CC=C1.FC(F)(F)S(=O)(=O)[N-]S(=O)(=O)C(F)(F)F,51.0
[Cl-].C[N+](C)(N)CC=C,52.0
FC(F)(F)S(=O)(=O)[N-]S(=O)(=O)C(F)(F)F.CCCCCCCCCCCC[N+]12CCN(CC1)CC2,53.8
F[B-](F)(F)F.CCCCCCCCCOCN1C=C[N+](COCCCCCCCCC)=C1,55.0
[Cl-].CCCCCCCCCCCCCCCC[N+](C)(C)CC1=CC=CC=C1,55.0
[Br-].CN1C=C[N+](CCCO)=C1C,58.0
F[P](F)(F)(F)(F)F.CCN1C=C[N+](CC)=C1,59.5
O=N(=O)C1=C[N-]N=N1.CCCC[N+](CCCC)(CCCC)CCCC,60.0
CC1=CC=[N+](CC(F)(F)F)C=C1.FC(F)(F)S(=O)(=O)[N-]S(=O)(=O)C(F)(F)F,60.7
F[B-](F)(F)F.CN(C)C1=CC=[N+](CCO)C=C1,62.0
FC(F)(F)S(=O)(=O)[N-]S(=O)(=O)C(F)(F)F.CCCCCCCCCCCCCC[N+]12CCN(CC1)CC2,66.0
[Br-].CCCCCCCCCCCCCCCC[N+]1=CN(CCCNC(=O)CP(=O)(C2=CC=CC=C2)C2=CC=CC=C2)C=C1,67.0
CC1=CC=C(C=C1)S([O-])(=O)=O.CCCCCCCC[P+](C1=CC=CC=C1)(C1=CC=CC=C1)C1=CC=CC=C1,70.0
O=C1O[B-]2(OC1=O)OC(=O)C(=O)O2.CCCC[N+](CCCC)(CCCC)CCCC,73.0
FC(F)(F)S(=O)(=O)[N-]S(=O)(=O)C(F)(F)F.COC(=O)C(OC(=O)C[N+]1=CN(C)C=C1)C1=CC=CC=C1,74.0
[O-]C(=O)C(F)(F)F.CN1C=CC(=[N+]1C)C(F)(F)F,77.0
[Br-].COCCCNC(=O)C[N+]1=CN(C)C=C1,75.0
[O-]S(=O)(=O)C1=CC=CC=C1.CCCC[N+](CCCC)(CCCC)CCCC,75.0
F[B-](F)(F)F.CC(C1=CC=CC=C1)[N+]1=CC=CC=C1,75.0
F[P](F)(F)(F)(F)F.CN1C=C[N+](CCCCCCCCCCC(O)=O)=C1,78.0
CCCC[N+]1(C)CCOCC1.CC1=CC(Cl)=CC=C1OCC([O-])=O,77.0
[I-].CC[N+]1=C(C)N(OCC=C)C=C1,78.0
C1=C[NH+]=CC=N1.[O-]S(=O)(=O)C(F)(F)F,78.0
CCCCN1C=C[NH+]=C1.[O-]C1=C(C=C(C=C1N(=O)=O)N(=O)=O)N(=O)=O,80.0
[Br-].CCCCCCCCCCCCCCCC[N+](C)(C)CCN(C)C,84.75
[Cl-].[NH3+]CCO,82.0
C1=CC=[NH+]C=C1.[O-]C(=O)C(F)(F)F,82.0
[I-].CCCCCCCCCCCCCCCC[N+]1=CC=C(C)C=C1,82.0
F[P-](F)(F)(F)(F)F.C[N+]1=CN(OCC2=CC=CC=C2)C=C1,83.0
F[P](F)(F)(F)(F)F.CN1C=C[N+](CCOC(=O)C2=CC=C(C=C2)C(N)=NOC(=O)C2=CC=CO2)=C1,84.0
[Br-].CCC[N+]1=C2CCCN2C=C1,83.0
[Br-].CCCCCCCC[N+]12CCN(CC1)CC2,84.0
F[P-](F)(F)(F)(F)F.CCON1C=C[N+](OCC)=C1Br,84.0
F[P](F)(F)(F)(F)F.CN1C=C[N+](CC(=O)N2[C@@H](CC3=CC=CC=C3)COC2=O)=C1,85.0
[Br-].CON1C=C[N+](CC#C)=C1,85.0
F[P](F)(F)(F)(F)F.CCCCN1C=[N+](CCCC)C2=CC(C)=C(C)C=C12,85.5
[Br-].CCCCCCCCCCCCCCCC[N+](CCC)(CCC)CCC,85.0
[I-].CCCCCCCC[N+]1=C(C)N(C)C=C1,86.0
F[P](F)(F)(F)(F)F.CCCCCC1=C[N+](=NN1C)[C@@H]1CN[C@@H](C1)C(O)(C1=CC=CC=C1)C1=CC=CC=C1,87.0
F[P](F)(F)(F)(F)F.CCCC[N+]1=CN(CC(OCC2=C(Cl)C=C(Cl)C=C2)C2=C(Cl)C=C(Cl)C=C2)C=C1,87.5
CCCC[N+]1(CCCC)CCCC1.CC1=CC(C)=C(C(C)=C1)S([O-])(=O)=O,87.0
F[P](F)(F)(F)(F)F.CCCCN1C=C[N+](CC2=CC=C(C=C)C=C2)=C1,87.75
F[P](F)(F)(F)(F)F.O=C(C[N+]1=CC=CC=C1)N1[C@@H](CC2=CC=CC=C2)COC1=O,88.5
CCCN1C=C[N+](C)=C1.[O-]S(=O)(=O)C1=CC(=CC=C1)P(C1=CC=CC=C1)C1=CC=CC=C1,88.0
F[B-](F)(F)F.C[N+]1(CC2=CC=CC=C2)CCOCC1,88.0
[Br-].CCCC[N+]1=CN(C[C@@H](O)CC)N=C1,89.0
CCCC[NH3+].[O-]C(=O)\C=C\C1=CC=CC=C1,89.0
CC(=O)OCC[N+](C)(C)C.CC1=C(OCC([O-])=O)C=CC(Cl)=C1,90.0
[O-]S(=O)(=O)C1=CC=C(C=C1)N(=O)=O.CCCC[N+](CCCC)(CCCC)CCCC,90.0
[I-].CC[N+](C)(C)CCOC(=O)C(C)=C,91.25
[Cl-].CN1C=C[N+](CCC2=CC=CC=C2)=C1,91.0
F[B-](F)(F)F.CN1C=C[N+](CC2=CC=C(C=C2)C2=CC(=O)C=C(C)O2)=C1,91.0
CCOC(=O)C[N+](C)(C)C.COC(=O)C1=CC=C(I)C=C1S(=O)(=O)[N-]C(=O)NC1=NC(OC)=NC(C)=N1,91.0
[Br-].CCCCCCCCCCCCCCCCCC[N+]1=CC=CC2=CC=CC=C12,92.0
[Br-].CCCCCCCCCOC(=O)C[N+](C)(C)C,92.0
F[B-](F)(F)F.CCC[N+]12CCN(CC1)CC2,93.0
[I-].CC[N+]1=CN(C=C1)C(F)(F)C(F)Cl,94.0
[Br-].CCCCCCCCCCCCOC(=O)[C@H](CC1=CC=CC=C1)NC(=O)C[N+]1=CN(C)C=C1,94.0
C[N+](C)(C)CCCl.CC1=CC(Cl)=CC=C1OCC([O-])=O,95.0
F[P](F)(F)(F)(F)F.CN1C=C[N+](CC(=O)N2[C@H](COC2=O)C2=CC=CC=C2)=C1,95.0
F[P-](F)(F)(F)(F)F.CCCC[N+](CCCC)(CCCC)CC1=CC(C=O)=C(O)C(Cl)=C1,95.0
F[B-](F)(F)F.C[N+]1=CN(CCOC(=O)C2=C(O)C=CC=C2)C=C1,97.0
[I-].CC[N+]1=CN(C=C1)C(C)=O,97.0
[Br-].CCCCCCCCOC(=O)[C@H](CC1=CC=CC=C1)NC(=O)C[N+]1=CC=CC=C1,98.0
[Br-].CCCCCCCCCCCCOC(=O)C[N+](C)(C)C,99.0
[Br-].CC[N+]1=CN(C=C1)[C@H](CO)C(C)C,12.0
[Br-].CC[N+]1=CN(C=C1)[C@H](CO)CC(C)C,16.0
[Br-].CC[N+]1=CN(C=C1)[C@@H](C)CO,6.0
Cl[Al-](Cl)(Cl)Cl.CC[N+]1=CN(C)C=C1,9.0
Cl[Al-](Cl)(Cl)Cl.CCCC[N+]1=CN(C)C=C1,-10.0
CC[N+]1=CN(C)C=C1.FC(F)(F)C(O[Al-](OC(C(F)(F)F)(C(F)(F)F)C(F)(F)F)(OC(C(F)(F)F)(C(F)(F)F)C(F)(F)F)OC(C(F)(F)F)(C(F)(F)F)C(F)(F)F)(C(F)(F)F)C(F)(F)F,175.0
CCCCCC[N+]1=CN(C)C=C1.FC(F)(F)C(O[Al-](OC(C(F)(F)F)(C(F)(F)F)C(F)(F)F)(OC(C(F)(F)F)(C(F)(F)F)C(F)(F)F)OC(C(F)(F)F)(C(F)(F)F)C(F)(F)F)(C(F)(F)F)C(F)(F)F,68.0
CC[N+]1=CN(C)C2=CC=CC=C12.FC(F)(F)C(O[Al-](OC(C(F)(F)F)(C(F)(F)F)C(F)(F)F)(OC(C(F)(F)F)(C(F)(F)F)C(F)(F)F)OC(C(F)(F)F)(C(F)(F)F)C(F)(F)F)(C(F)(F)F)C(F)(F)F,215.0
CC[N+]1=C(C)N(C)CC1.FC(F)(F)C(O[Al-](OC(C(F)(F)F)(C(F)(F)F)C(F)(F)F)(OC(C(F)(F)F)(C(F)(F)F)C(F)(F)F)OC(C(F)(F)F)(C(F)(F)F)C(F)(F)F)(C(F)(F)F)C(F)(F)F,216.0
Br[Al-](Br)(Br)Br.CCC[N+](C)(C)CC,17.0
Br[Al-](Br)(Br)Br.CCCC[N+](C)(C)CCC,65.0
Br[Al-](Br)(Br)Br.CCCC[N+](C)(CC)CC,91.0
Br[Al-](Br)(Br)Br.CCCCC[N+](CC)(CC)CC,47.0
Br[Al-](Br)(Br)Br.CCCCC[P+](CC)(CC)CC,35.0
Cl[Al-](Cl)(Cl)Cl.CC[NH+]1CN(C)C=C1,6.0
