entry_id,smiles,cation_family,anion_family,value
AFGIv,CCCC[N+]1(C)CCCC1.N#C[N-]C#N,pyrrolidinium,amides,1.5544891600038189
AHPDw,CCCCn1cc[n+](C)c1.CC(N)C(=O)[O-],imidazolium,carboxylates,1.8937617620579434
AIgQV,CCCC[n+]1ccn(C)c1.N#C[N-]C#N,imidazolium,amides,1.4842998393467859
AMRAa,CCn1cc[n+](C)c1.CC(=O)CCC(=O)[O-],imidazolium,carboxylates,2.2314695904306814
APbkE,CCCC[n+]1ccn(C)c1.O=S(=O)([N-]S(=O)(=O)C(F)(F)F)C(F)(F)F,imidazolium,bistriflamides,1.6963563887333322
ASTsl,CCCCCC[N+]1(C)CCOCC1.CC(=O)NC(C)C(=O)[O-],morpholinium,carboxylates,4.173186268412274
ATucN,CCC[n+]1ccn(C)c1.O=C([O-])O,imidazolium,carboxylates,1.6304278750250238
AUazg,CCCCCC[n+]1ccn(C)c1.F[P-](F)(F)(F)(F)F,imidazolium,phosphates,2.7481880270062002
AWaXB,CCCCC[N+](C)(C)CCO.O=S(=O)([N-]S(=O)(=O)C(F)(F)F)C(F)(F)F,ammonium,bistriflamides,2.2518814545525276
AWgZI,CC[N+](C)(C)CCOC.O=S(=O)([N-]S(=O)(=O)C(F)(F)F)C(F)(F)F,ammonium,bistriflamides,1.7737864449811935
AXdBX,CN(C)C(=[NH2+])N(C)C.CCCCCCC(=O)[O-],guanidinium,carboxylates,3.058426024457005
AaVyQ,C[N+](C)(C)CCO.O=C([O-])C1CCCN1,ammonium,carboxylates,4.02530586526477
Aboan,CCCCCCCCC=CCCCCCCCCn1cc[n+](C)c1.O=S(=O)([N-]S(=O)(=O)C(F)(F)F)C(F)(F)F,imidazolium,bistriflamides,2.437750562820388
AdNln,CCn1cc[n+](C)c1.FC(F)(F)C(F)(F)[P-](F)(F)(F)(C(F)(F)C(F)(F)F)C(F)(F)C(F)(F)F,imidazolium,phosphates,1.7781512503836436
AeUNZ,CCCC[n+]1ccn(C)c1.O=S(=O)([N-]S(=O)(=O)C(F)(F)C(F)(F)F)C(F)(F)C(F)(F)F,imidazolium,bistriflamides,2.0086001717619175
Ahanj,Cn1cc[n+](C)c1.O=S(=O)([N-]S(=O)(=O)C(F)(F)F)C(F)(F)F,imidazolium,bistriflamides,1.5804687839510017
AhepV,CC[n+]1ccn(C)c1.CCOS(=O)(=O)[O-],imidazolium,sulfates,1.9818186071706636
AhpHo,CC[NH3+].O=[N+]([O-])[O-],ammonium,inorganics,1.5740312677277188
AkZDy,CCCCCC[n+]1ccn(C)c1.O=[N+]([O-])c1cn[n-]c1,imidazolium,cyclic amides,2.60959440922522
AktrI,CCCC[P+](CC)(CC)CC.O=[N+]([O-])c1cn[n-]c1,phosphonium,cyclic amides,2.2764618041732443
AlWqc,CC[N+](CCO)(CCO)CCO.O=S(=O)([N-]S(=O)(=O)C(F)(F)F)C(F)(F)F,ammonium,bistriflamides,2.924795995797912
AnFbL,CCCC[n+]1ccn(C)c1.COP(=O)([O-])OC,imidazolium,organic phosphates,2.4914737553706714
AoTfN,CCCCCCn1cc[n+](C)c1.N#C[C-](C#N)C#N,imidazolium,methanides,1.6227319651647192
AqDpj,CCCCCCCCCCCCCC[P+](CCCCCC)(CCCCCC)CCCCCC.Cc1ncc([N+](=O)[O-])[n-]1,phosphonium,cyclic amides,3.0453229787866576
AqKLe,CCCCCC[n+]1cn(CCCCS(=O)(=O)O)cn1.O=S(=O)([O-])C(F)(F)F,triazolium,sulfonates,2.09282587292398
AvWGU,C=Cn1cc[n+](CC(CBr)N=[N+]=[N-])c1.N#C[N-]C#N,imidazolium,amides,1.4778438751567529
AwQoT,CCCC[n+]1ccn(C)c1.O=S(=O)([O-])C(F)(F)F,imidazolium,sulfonates,1.9444826721501687
Ayids,CC[n+]1ccn(C)c1.CCOS(=O)(=O)[O-],imidazolium,sulfates,2.0
Azrwn,C=C[n+]1ccn(CC)c1.O=S(=O)([N-]S(=O)(=O)C(F)(F)F)C(F)(F)F,imidazolium,bistriflamides,1.7558748556724915
BArmj,CC(C)CCn1c[n+](CCCCS(=O)(=O)O)cn1.O=S(=O)([O-])C(F)(F)F,triazolium,sulfonates,2.1350371915496176
BBoao,CCn1cc[n+](C)c1.CCCCCCOS(=O)(=O)[O-],imidazolium,sulfates,2.4927603890268375
BDtbI,COCCOCCn1cc[n+](C)c1.CS(=O)(=O)[O-],imidazolium,sulfonates,2.6422666189026733
BJNHF,CCCC[n+]1ccccc1.O=S(=O)(F)[N-]S(=O)(=O)F,pyridinium,bistriflamides,1.6020599913279623
BJzqA,CCCC[n+]1ccn(C)c1.N#C[S-],imidazolium,inorganics,1.752202153176521
BLwJk,CCCC[n+]1ccn(C)c1.F[P-](F)(F)(F)(F)F,imidazolium,phosphates,2.326335860928751
BONxA,CCCCCCCCC[N+]1(C)CCOCC1.N#C[N-]C#N,morpholinium,amides,2.859138297294531
BOfyI,CCCC[n+]1ccn(C)c1.O=C([O-])C(F)(F)F,imidazolium,carboxylates,1.885926339801431
BPuhZ,CCCCCCCC[P+](CC)(CC)CC.O=[N+]([O-])c1cn[n-]c1,phosphonium,cyclic amides,2.376576957056512
BQBym,CC[N+](C)(C)CCCO.O=S(=O)([N-]S(=O)(=O)C(F)(F)F)C(F)(F)F,ammonium,bistriflamides,2.220108088040055
BSTYM,CCCC[NH3+].CC(=O)[O-],ammonium,carboxylates,2.7371926427047373
BXTFP,Cn1cc[n+](C)c1.COP(=O)([O-])OC,imidazolium,organic phosphates,2.3483048630481607
BZVHR,CCCCCCCCCCCCn1c[n+](C)cn1.O=S(=O)([N-]S(=O)(=O)C(F)(F)F)C(F)(F)F,triazolium,bistriflamides,2.48572142648158
Barru,CCCC[N+]1(C)CCCCC1.O=S(=O)([N-]S(=O)(=O)C(F)(F)F)C(F)(F)F,piperidinium,bistriflamides,2.255754786643044
BdDlM,C[N+](C)(C)CCO.NC(Cc1ccccc1)C(=O)[O-],ammonium,carboxylates,4.136435170458382
BleMB,CCCCCC[n+]1ccn(C)c1.O=S(=O)([N-]S(=O)(=O)C(F)(F)F)C(F)(F)F,imidazolium,bistriflamides,1.8479426388452236
BmqmN,CCCC[n+]1ccn(C)c1C.O=S(=O)([O-])O,imidazolium,sulfates,2.550228353055094
BnImu,CCCC[n+]1ccn(C)c1.O=S(=O)([N-]S(=O)(=O)C(F)(F)F)C(F)(F)F,imidazolium,bistriflamides,1.6989700043360187
BniVa,CCCC[n+]1ccn(C)c1.CCCCCCOC(=O)CC(C(=O)OCCCCCC)C(C(=O)OCCCCCC)S(=O)(=O)[O-],imidazolium,sulfonates,3.5609820555862353
BonVt,CCCCCCCC[NH+](CCCCCCCC)CCCCCCCC.O=C([O-])CCCCCCCCC(=O)O,ammonium,carboxylates,3.5268559871258747
BrlGd,CCCCCC[NH+](CCCCCC)CCCCCC.CCCCCCCC(=O)[O-],ammonium,carboxylates,1.143014800254095
BuhIB,CCCC[n+]1ccn(C)c1.F[P-](F)(F)(F)(F)F,imidazolium,phosphates,2.3979400086720375
BvazU,CCCCCCCC[n+]1ccn(C)c1.F[P-](F)(F)(F)(F)F,imidazolium,phosphates,2.8521001127866046
BwADN,CCn1cc[n+](C)c1.CC(O)C(=O)[O-],imidazolium,carboxylates,2.2278867046136734
BxtjV,CCCCn1cc[n+](C)c1.CO[PH](=O)[O-],imidazolium,organic phosphates,2.27415784926368
ByHWg,CC[NH+]=C(N(C)C)N(C)C.CCOS(=O)(=O)[O-],guanidinium,sulfates,2.6434526764861874
ByNed,CCCC[N+]1(C)CCCC1.O=S(=O)(F)[N-]S(=O)(=O)F,pyrrolidinium,bistriflamides,1.725911632295048
BywOU,CCCC[n+]1ccn(C)c1.F[P-](F)(F)(F)(F)F,imidazolium,phosphates,2.4099331233312946
BzQsV,CN(C)C(=[NH2+])N(C)C.CCCCCCCC(=O)[O-],guanidinium,carboxylates,2.8692317197309762
CAdpW,CCCC[P+](CCCC)(CCCC)CCCC.N#C[N-]C#N,phosphonium,amides,2.0453229787866576
CFpet,CCn1cc[nH+]c1.O=S(=O)([N-]S(=O)(=O)C(F)(F)F)C(F)(F)F,imidazolium,bistriflamides,1.7781512503836436
CGurp,CC[n+]1ccccc1.CCOS(=O)(=O)[O-],pyridinium,sulfates,2.1367205671564067
CGzow,CC[n+]1cccc(C)c1.O=C([O-])C(F)(F)C(F)(F)C(F)(F)C(F)(F)F,pyridinium,carboxylates,2.16761267272753
CHWqm,CC[n+]1ccn(C)c1.O=C([O-])C(F)(F)F,imidazolium,carboxylates,1.5171958979499742
CLNPW,CCCC[n+]1ccc(C)cc1.O=S(=O)([N-]S(=O)(=O)C(F)(F)F)C(F)(F)F,pyridinium,bistriflamides,1.73559889969818
CLSxm,CC[n+]1ccn(C)c1.CC(=O)[O-],imidazolium,carboxylates,2.141136090120739
CLlEA,CCCCCC[n+]1ccc(N(C)C)c(C)c1.O=S(=O)([N-]S(=O)(=O)C(F)(F)F)C(F)(F)F,pyridinium,bistriflamides,2.0492180226701815
CNZRb,COCC[n+]1ccccc1.N#C[S-],pyridinium,inorganics,2.147985320683805
CNaXC,CC[n+]1ccn(C)c1.CCOP(=O)([O-])OCC,imidazolium,organic phosphates,2.506505032404872
CONRH,CCCCCCCCCCCC[n+]1ccn(C)c1.O=S(=O)([N-]S(=O)(=O)C(F)(F)F)C(F)(F)F,imidazolium,bistriflamides,2.0969100130080562
CPlio,CCCCCCCC[n+]1ccn(C)c1.F[P-](F)(F)(F)(F)F,imidazolium,phosphates,2.7788744720027396
CPrzw,Cn1cc[n+](Cc2ccccc2)c1.O=S(=O)([N-]S(=O)(=O)C(F)(F)F)C(F)(F)F,imidazolium,bistriflamides,2.0530784434834195
CRNLU,CCCC[n+]1ccn(C)c1.O=S(=O)([N-]S(=O)(=O)C(F)(F)F)C(F)(F)F,imidazolium,bistriflamides,1.6434526764861874
CVjlm,CCCC[n+]1ccn(C)c1.O=S(=O)([N-]S(=O)(=O)C(F)(F)F)C(F)(F)F,imidazolium,bistriflamides,1.7094395741324109
CXYfP,CCCC[n+]1ccn(C)c1.CCCCCCCCOS(=O)(=O)[O-],imidazolium,sulfates,2.9489017609702137
CYmjK,CCCCCC[n+]1ccn(C)c1.O=S(=O)([N-]S(=O)(=O)C(F)(F)F)C(F)(F)F,imidazolium,bistriflamides,1.85081476646512
CZSzO,CC[n+]1ccccc1.O=S(=O)([O-])C(F)(F)F,pyridinium,sulfonates,1.7824726241662863
CdPpk,CCCCCCCC[n+]1ccn(C)c1.F[P-](F)(F)(F)(F)F,imidazolium,phosphates,2.8394780473741985
ChObi,CC[NH+](CC)CC.CC(=O)[O-],ammonium,carboxylates,1.3827372657613304
ChZcH,CC[n+]1ccn(C)c1.O=S(=O)(F)[N-]S(=O)(=O)F,imidazolium,bistriflamides,1.2855573090077739
Cihak,OCC[NH2+]c1ccccc1.CCCCCC(=O)[O-],ammonium,carboxylates,1.598790506763115
CkjrF,CCCCCCCCCCCCCC[P+](CCCCCC)(CCCCCC)CCCCCC.[Cl-],phosphonium,inorganics,3.4360035356698964
ClQDm,CCCC[n+]1ccn(C)c1.COS(=O)(=O)[O-],imidazolium,sulfates,2.3201462861110542
CliUo,CC[n+]1c(C)cc(C)n1C.O=S(=O)([N-]S(=O)(=O)C(F)(F)F)C(F)(F)F,pyrazolium,bistriflamides,1.941511432634403
CmefK,CCC[N+]1(C)CCCC1.O=S(=O)(F)[N-]S(=O)(=O)F,pyrrolidinium,bistriflamides,1.608526033577194
CnFwF,CC[n+]1ccn(C)c1.O=S(=O)([N-]S(=O)(=O)C(F)(F)F)C(F)(F)F,imidazolium,bistriflamides,1.5117497113449827
CpfTP,CCCC[n+]1ccn(C)c1.NC(CCC(=O)O)C(=O)[O-],imidazolium,carboxylates,1.919078092376074
CrDVD,CC[NH2+]CC.CC(=O)[O-],ammonium,carboxylates,1.7686381012476144
CsiOd,CCCCCCn1cc[n+](C)c1.CO[PH](=O)[O-],imidazolium,organic phosphates,2.8129133566428557
CvVIY,CC[n+]1ccn(C)c1.O=S(=O)([N-]S(=O)(=O)C(F)(F)F)C(F)(F)F,imidazolium,bistriflamides,1.3979400086720377
CykTP,CCCCCC[n+]1ccn(C)c1.O=[N+]([O-])[O-],imidazolium,inorganics,2.7363965022766426
CznMY,CCCCCC[n+]1ccn(C)c1C.O=S(=O)([N-]S(=O)(=O)C(F)(F)F)C(F)(F)F,imidazolium,bistriflamides,2.1172712956557644
DAmBZ,CCC[n+]1cccc(C)c1.O=S(=O)([N-]S(=O)(=O)C(F)(F)F)C(F)(F)F,pyridinium,bistriflamides,1.734799829588847
DBkmP,CCCCC(CC)C[NH2+]CCN.O=S(=O)([O-])C(F)(F)F,ammonium,sulfonates,2.9439888750737717
DBoDP,CCCC[n+]1ccn(C)c1.CC(=O)CCC(=O)[O-],imidazolium,carboxylates,2.4265112613645754
DFaOV,CCC[n+]1cccc(C)c1.O=S(=O)([N-]S(=O)(=O)C(F)(F)F)C(F)(F)F,pyridinium,bistriflamides,1.7398886550845432
DGoVs,CC[NH3+].O=[N+]([O-])[O-],ammonium,inorganics,1.5772619535858148
DHurB,CCOC[N+](C)(C)CCOC(C)=O.O=S(=O)([N-]S(=O)(=O)C(F)(F)F)C(F)(F)F,ammonium,bistriflamides,2.230448921378274
DIqrZ,CCCCc1cccc[n+]1CC.O=S(=O)([N-]S(=O)(=O)C(F)(F)F)C(F)(F)F,pyridinium,bistriflamides,2.040602340114073
DKzfb,CCCC[P+](CCCC)(CCCC)CCCC.O=S(=O)([O-])CCN(CCO)CCO,phosphonium,sulfonates,4.14921911265538
DLyLU,CCCCCCCCn1cc[n+](C)c1.O=S(=O)([N-]S(=O)(=O)C(F)(F)F)C(F)(F)F,imidazolium,bistriflamides,1.955687750313506
DNfuh,CC[n+]1ccn(C)c1C.O=S(=O)([N-]S(=O)(=O)C(F)(F)F)C(F)(F)F,imidazolium,bistriflamides,1.8438554226231612
DOczg,CCCCC[n+]1ccccc1.N#C[N-]C#N,pyridinium,amides,1.6954816764901974
DPYWz,[NH3+]C(Cc1ccccc1)C(=O)OCc1ccccc1.O=S(=O)([N-]S(=O)(=O)C(F)(F)F)C(F)(F)F,ammonium,bistriflamides,4.303196057420489
DQOCW,CCCCCCCCCC[n+]1ccn(C)c1.O=S(=O)([N-]S(=O)(=O)C(F)(F)F)C(F)(F)F,imidazolium,bistriflamides,2.0038911662369103
DQWla,CCCCCCCC[N+](C)(CCCCCCCC)CCCCCCCC.O=S(=O)([N-]S(=O)(=O)C(F)(F)F)C(F)(F)F,ammonium,bistriflamides,2.806179973983887
DTOGt,CCCCCCCCn1cc[n+](C)c1.[Cl-],imidazolium,inorganics,4.320146286111054
DWOTU,CCCCCCCCn1cc[n+](C)c1.O=S(=O)([N-]S(=O)(=O)C(F)(F)F)C(F)(F)F,imidazolium,bistriflamides,1.9661417327390327
DZDmE,CCCCCC[n+]1ccn(C)c1C.O=[N+]([O-])c1cn[n-]c1,imidazolium,cyclic amides,3.0453229787866576
DavZk,CC[N+]1(C)CCCCC1.CC(=O)CCC(=O)[O-],piperidinium,carboxylates,2.6232492903979003
DbDpt,CCCC[n+]1cccc(C)c1.O=S(=O)([N-]S(=O)(=O)C(F)(F)F)C(F)(F)F,pyridinium,bistriflamides,1.7993405494535817
DbhuX,CCCC[n+]1ccn(C)c1.O=S(=O)([O-])C(F)(F)F,imidazolium,sulfonates,1.9375178920173466
DdUIy,CCCCCC[n+]1ccn(C)c1.O=S(=O)([N-]S(=O)(=O)C(F)(F)F)C(F)(F)F,imidazolium,bistriflamides,1.8401060944567578
DhLXA,CC[n+]1ccn(C)c1.O=C([O-])C1CCCN1,imidazolium,carboxylates,3.0773679052841563
DkUnX,C[NH2+]CCO.CC(C)C(=O)[O-],ammonium,carboxylates,2.2121876044039577
DlISO,CCCC[P+](C)(CCCC)CCCC.COS(=O)(=O)[O-],phosphonium,sulfates,2.7168377232995247
DlrkV,CCCC[N+]1(C)CCCC1.O=S(=O)(F)[N-]S(=O)(=O)F,pyrrolidinium,bistriflamides,1.7275412570285564
DnnKa,CCCCCC[N+]1(C)CCCC1.O=S(=O)([N-]S(=O)(=O)C(F)(F)F)C(F)(F)F,pyrrolidinium,bistriflamides,1.9912260756924949
DodDn,CCCCCCCCCCCCCC[P+](CCCCCC)(CCCCCC)CCCCCC.O=[N+]([O-])c1c[n-]cn1,phosphonium,cyclic amides,2.8662873390841948
Dopfo,CCCc1cccc[n+]1CC.O=S(=O)([N-]S(=O)(=O)C(F)(F)F)C(F)(F)F,pyridinium,bistriflamides,2.0211892990699383
DuFps,CCCC[S+]1CCCC1.N#C[N-]C#N,cyclic sulfonium,amides,1.7965743332104296
DuYBs,CCCCCCCCCCCC[N+](CC)(CC)CC.O=S(=O)([N-]S(=O)(=O)C(F)(F)F)C(F)(F)F,ammonium,bistriflamides,2.494154594018443
DxEup,CCCC[N+](C)(C)C.O=S(=O)([N-]S(=O)(=O)C(F)(F)F)C(F)(F)F,ammonium,bistriflamides,1.9912260756924949
DxURS,CCCCCCCCCCCCCC[P+](CCCCCC)(CCCCCC)CCCCCC.N#C[N-]C#N,phosphonium,amides,2.5599066250361124
DyLVe,CCCCCCC[n+]1ccn(C)c1.F[P-](F)(F)(F)(F)F,imidazolium,phosphates,2.754348335711019
EAGWS,C=C[n+]1ccn(CCC)c1.O=S(=O)([N-]S(=O)(=O)C(F)(F)F)C(F)(F)F,imidazolium,bistriflamides,1.9030899869919435
EAXgU,COCC[N+]1(C)CCCCC1.O=S(=O)([N-]S(=O)(=O)C(F)(F)F)C(F)(F)F,piperidinium,bistriflamides,1.8444771757456815
EAsil,CCCCCCCC[N+](C)(CCCCCCCC)CCCCCCCC.CCCCCCCCC=CCCCCCCCC(=O)[O-],ammonium,carboxylates,3.2946866242794433
EBlAm,CCCC[n+]1ccn(C)c1.F[P-](F)(F)(F)(F)F,imidazolium,phosphates,2.4313637641589874
ECYiM,CCCCCCCCCCCCCC[N+](CC)(CC)CC.O=S(=O)([N-]S(=O)(=O)C(F)(F)F)C(F)(F)F,ammonium,bistriflamides,2.603144372620182
EDhZC,CC[NH2+]CC.O=S(=O)([O-])O,ammonium,sulfates,1.5327543789924978
EDsFU,Cn1cc[n+](CC(CBr)N=[N+]=[N-])c1.N#C[N-]C#N,imidazolium,amides,1.723058084677307
EEQjN,CCCCn1cc[n+](C2CCCC2)c1.O=S(=O)([N-]S(=O)(=O)C(F)(F)F)C(F)(F)F,imidazolium,bistriflamides,1.9299295600845878
EEmfb,CCCC[N+]1(C)CCCC1.O=S(=O)([N-]S(=O)(=O)C(F)(F)F)C(F)(F)F,pyrrolidinium,bistriflamides,1.890979596989689
EGMZQ,CCCCCCCC[N+]1(C)CCOCC1.CCCCCCCCO[PH](=O)[O-],morpholinium,organic phosphates,1.761927838420529
EISRN,CC[n+]1ccn(C)c1.O=S(=O)([N-]S(=O)(=O)C(F)(F)C(F)(F)F)C(F)(F)C(F)(F)F,imidazolium,bistriflamides,1.8344207036815325
ELVKe,CCCCC[P+](CC)(CC)CC.O=S(=O)([N-]S(=O)(=O)C(F)(F)F)C(F)(F)F,phosphonium,bistriflamides,1.930949031167523
EMMEF,CCCCCC[NH+](CCCCCC)CCCCCC.CCCC(=O)[O-],ammonium,carboxylates,1.0374264979406236
ENCEm,CCCC[n+]1ccn(C)c1.O=S(=O)([C-](S(=O)(=O)C(F)(F)F)S(=O)(=O)C(F)(F)F)C(F)(F)F,imidazolium,methanides,2.4345689040341987
EQfRm,CC[N+](C)(C)CCOC.FC(F)(F)C(F)(F)[P-](F)(F)(F)(C(F)(F)C(F)(F)F)C(F)(F)C(F)(F)F,ammonium,phosphates,2.115943176939055
ERXWT,CCCCCC[n+]1ccn(C)c1.O=S(=O)([N-]S(=O)(=O)C(F)(F)F)C(F)(F)F,imidazolium,bistriflamides,1.9068735347220704
ESGgh,CC1(C)OCC(C[N+]2(C)CCCC2)O1.O=S(=O)([N-]S(=O)(=O)C(F)(F)F)C(F)(F)F,pyrrolidinium,bistriflamides,2.459392487759231
ESIwb,CCCCCCCC[P+](CC)(CC)CC.Ic1cc[n-]n1,phosphonium,cyclic amides,2.343353876091346
ETwGk,CCCCCCCC[n+]1ccccc1.O=S(=O)([N-]S(=O)(=O)C(F)(F)F)C(F)(F)F,pyridinium,bistriflamides,2.017450729510536
EViwc,CCCCCCCCCCCCCC[N+](C)(CCOCCOCCOCCOCCOCCO)CCOCCOCCOCCOCCOCCO.COS(=O)(=O)[O-],ammonium,sulfates,3.4456042032735974
EWUon,CCCCCC[N+]1(C)CCOCC1.CC(=O)NC(C(=O)[O-])C(C)C,morpholinium,carboxylates,4.110589710299249
EXaHw,CCCCn1cc[n+](CCC#N)c1.CCCCCCCCCCCCOS(=O)(=O)[O-],imidazolium,sulfates,3.8976270912904414
EYudz,CCCC[N+]1(C)CCCC1.O=S(=O)([N-]S(=O)(=O)C(F)(F)F)C(F)(F)F,pyrrolidinium,bistriflamides,1.8744818176994664
EZBNa,CCCC[n+]1ccn(C)c1.O=S(=O)([N-]S(=O)(=O)C(F)(F)F)C(F)(F)F,imidazolium,bistriflamides,1.7032913781186614
EZwyv,CCCCCCCn1cc[n+](CCCCCCC)c1.O=S(=O)([N-]S(=O)(=O)C(F)(F)F)C(F)(F)F,imidazolium,bistriflamides,2.1319392952104246
Ecjdg,CC[n+]1ccn(C)c1.COS(=O)(=O)[O-],imidazolium,sulfates,1.9242792860618816
EcjfU,CCCCC[P+](CC)(CC)CC.O=S(=O)(F)[N-]S(=O)(=O)F,phosphonium,bistriflamides,1.841234295506041
EddsX,Cn1cc[n+](C)c1.COS(=O)(=O)[O-],imidazolium,sulfates,1.8904210188009143
EeCRP,CCCC[P+](CCCC)(CCCC)CCCC.NCCS(=O)(=O)[O-],phosphonium,sulfonates,3.0081741840064264
EgElt,CCCC[N+]1(C)CCCC1.N#C[C-](C#N)C#N,pyrrolidinium,methanides,1.4653828514484182
EiTDn,CC[NH3+].O=[N+]([O-])[O-],ammonium,inorganics,1.522373725431684
EqTPM,CCCCCCCC[NH+](CCCCCCCC)CCCCCCCC.O=C([O-])c1ccccc1C(=O)O,ammonium,carboxylates,2.8656960599160706
ErRdl,CCCCCCCC[n+]1ccc2ccccc2c1.O=S(=O)([N-]S(=O)(=O)C(F)(F)F)C(F)(F)F,quinlolinium,bistriflamides,2.56702636615906
Eyjgv,CCCC[N+]1(C)CCCCC1.N#C[N-]C#N,piperidinium,amides,2.089905111439398
Ezrtn,CCCC[n+]1ccn(C)c1.O=S(=O)([N-]S(=O)(=O)C(F)(F)F)C(F)(F)F,imidazolium,bistriflamides,1.6232492903979006
FBOTA,C[N+]1(CCO)CCCC1.COP(=O)([O-])OC,pyrrolidinium,organic phosphates,2.9916690073799486
FGTPq,CC[n+]1ccn(C)c1.CC(=O)[O-],imidazolium,carboxylates,2.126780577012009
FJKRh,CC[n+]1ccn(C)c1.N#C[S-],imidazolium,inorganics,1.3463529744506386
FMJbY,CCCCC[P+](CC)(CC)CC.O=S(=O)([N-]S(=O)(=O)C(F)(F)C(F)(F)F)C(F)(F)C(F)(F)F,phosphonium,bistriflamides,2.3161800988934527
FMqnA,CCCC[n+]1ccn(C)c1.O=C([O-])c1ccccc1O,imidazolium,carboxylates,2.890979596989689
FPfXF,CC[n+]1ccn(C)c1.CCOS(=O)(=O)[O-],imidazolium,sulfates,1.9777236052888478
FPxiP,CCCC[n+]1ccn(C)c1.O=S(=O)([N-]S(=O)(=O)C(F)(F)F)C(F)(F)F,imidazolium,bistriflamides,1.7007037171450194
FTIFb,Cn1cc[n+](Cc2ccccc2)c1.[Cl-],imidazolium,inorganics,3.5711262770843115
FZIdm,Cn1cc[n+](CCO)c1.O=S(=O)([N-]S(=O)(=O)C(F)(F)F)C(F)(F)F,imidazolium,bistriflamides,1.9390197764486665
FbluL,COCC[N+]1(C)CCCC1.O=S(=O)(F)[N-]S(=O)(=O)F,pyrrolidinium,bistriflamides,1.5965970956264601
FbzTA,CCCC[n+]1ccccc1.O=C([O-])C(F)(F)F,pyridinium,carboxylates,1.9474337218870508
FdEfW,CCC[n+]1ccn(C)c1C.O=S(=O)([O-])O,imidazolium,sulfates,2.4216039268698313
FdQAW,CCCC[n+]1ccn(C)c1.N#C[C-](C#N)C#N,imidazolium,methanides,1.4329692908744056
FdgiM,CC[n+]1ccn(C)c1.CCCCCCCCCCOS(=O)(=O)[O-],imidazolium,sulfates,2.9116901587538613
FeAOO,CC[n+]1cccc(C)c1.CCOS(=O)(=O)[O-],pyridinium,sulfates,2.131297796597623
FeGOB,CCC[N+]1(C)CCOCC1.CC(=O)NC(CC(C)C)C(=O)[O-],morpholinium,carboxylates,4.209515014542631
FeWPg,CCCC[n+]1ccn(C)c1.F[P-](F)(F)(F)(F)F,imidazolium,phosphates,2.4913616938342726
FhHZM,CCCC[NH3+].CC(=O)[O-],ammonium,carboxylates,2.7371926427047373
FkNGD,CC[NH2+]CC.CC(=O)[O-],ammonium,carboxylates,1.2137832993353042
FkPkI,CCCC[n+]1ccn(C)c1.CCOS(=O)(=O)[O-],imidazolium,sulfates,2.578639209968072
Fnvyg,CC[NH+](CC)CC.O=P([O-])(O)O,ammonium,organic phosphates,1.808210972924222
FoIAG,CC[n+]1ccn(C)c1.O=S(=O)([O-])C(F)(F)F,imidazolium,sulfonates,1.606381365110605
FpevR,CCCC[n+]1ccn(C)c1.F[P-](F)(F)(F)(F)F,imidazolium,phosphates,2.313023110323238
FrcMG,CC(C)C[NH3+].O=C[O-],ammonium,carboxylates,2.3521825181113627
Fuphn,CCCCCCCC[P+](CC)(CC)CC.N#Cc1ccc2cn[n-]c2c1,phosphonium,cyclic amides,2.9822712330395684
FxXpY,CCCCCC[n+]1ccn(C)c1.N#C[N-]C#N,imidazolium,amides,1.6988831367525903
FxafG,CCCCCCCC[N+](CCCCCCCC)(CCCCCCCC)CCCCCCCC.CCCCCCCCC=CCCCCCCCC(=O)[O-],ammonium,carboxylates,3.0619799470748785
FyOSk,CC[P+](CC)(CC)COCCOC.Cc1ncc([N+](=O)[O-])[n-]1,phosphonium,cyclic amides,2.146128035678238
GEIZL,CC[n+]1ccn(C)c1.CS(=O)(=O)[O-],imidazolium,sulfonates,2.22219604630172
GFkhS,CCCC[n+]1ccn(C)c1.F[P-](F)(F)(F)(F)F,imidazolium,phosphates,2.423245873936808
GFxvX,CCCCCCCC[N+]1(C)CCOCC1.CC(=O)NC(C(=O)[O-])C(C)C,morpholinium,carboxylates,4.432969290874405
GGLOg,CCCCn1cc[n+](CCCC)c1.O=S(=O)([N-]S(=O)(=O)C(F)(F)F)C(F)(F)F,imidazolium,bistriflamides,1.8369567370595505
GGQYB,CCC[n+]1ccccc1C.O=S(=O)([N-]S(=O)(=O)C(F)(F)F)C(F)(F)F,pyridinium,bistriflamides,1.9242792860618816
GGegL,CC[P+](CC)(CC)CCOC.O=S(=O)([N-]S(=O)(=O)C(F)(F)F)C(F)(F)F,phosphonium,bistriflamides,1.6825060859390113
GHfaV,CCCCCC[n+]1ccn(C)c1.[Cl-],imidazolium,inorganics,4.2576785748691846
GJqol,CCCC[N+]1(C)CCCC1.N#C[N-]C#N,pyrrolidinium,amides,1.5390760987927767
GMEVe,CC[n+]1ccn(C)c1.CC(N)C(=O)[O-],imidazolium,carboxylates,2.2335037603411343
GOfNv,CC[n+]1ccccc1C.O=S(=O)([N-]S(=O)(=O)C(F)(F)F)C(F)(F)F,pyridinium,bistriflamides,1.887054378050957
GPAas,CC[N+](C)(CC)CCOC.O=S(=O)([N-]S(=O)(=O)C(F)(F)F)C(F)(F)F,ammonium,bistriflamides,1.8388490907372552
GPOcl,CC(C)(C)OC(=O)C([NH3+])Cc1ccccc1.O=S(=O)([N-]S(=O)(=O)C(F)(F)F)C(F)(F)F,ammonium,bistriflamides,4.204119982655925
GRWqh,N#CCCn1cc[n+](CCO)c1.N#C[S-],imidazolium,inorganics,3.149157506231856
GSBmw,CCC[N+]1(C)CCCC1.O=S(=O)([N-]S(=O)(=O)C(F)(F)F)C(F)(F)F,pyrrolidinium,bistriflamides,1.7723217067229198
GTZOh,CCCC[n+]1ccn(C)c1.N#C[C-](C#N)C#N,imidazolium,methanides,1.4446692309385245
GWoHD,CCCC[P+](CCCC)(CCCC)CCCC.NC(CS)C(=O)[O-],phosphonium,carboxylates,3.469232742506612
GWsBv,COCC[n+]1ccccc1.N#C[N-]C#N,pyridinium,amides,1.568201724066995
GYMAT,COC[n+]1ccn(C)c1.O=S(=O)([N-]S(=O)(=O)C(F)(F)F)C(F)(F)F,imidazolium,bistriflamides,1.7641761323903307
GZHpz,CCCCn1c[n+](C)cn1.O=S(=O)([N-]S(=O)(=O)C(F)(F)F)C(F)(F)F,triazolium,bistriflamides,2.0232524596337114
GanWP,CCC=C[n+]1ccn(C)c1C.O=[N+]([O-])c1cn[n-]c1,imidazolium,cyclic amides,2.7708520116421442
GbbjD,CCCC[n+]1ccn(C)c1.O=[N+]([O-])[O-],imidazolium,inorganics,2.193958978019187
GbtQX,CC[S+](CC)CC.O=S(=O)([N-]S(=O)(=O)C(F)(F)F)C(F)(F)F,sulfonium,bistriflamides,1.510545010206612
GclTO,CC(C)(C)OC(=O)C([NH3+])Cc1ccccc1.O=S(=O)([N-]S(=O)(=O)C(F)(F)C(F)(F)F)C(F)(F)C(F)(F)F,ammonium,bistriflamides,4.819543935541868
GeQWQ,CC[n+]1ccn(C)c1.O=S(=O)([N-]S(=O)(=O)C(F)(F)F)C(F)(F)F,imidazolium,bistriflamides,1.513217600067939
GeUKR,CCCC[n+]1ccn(C)c1.O=S(=O)([N-]S(=O)(=O)C(F)(F)F)C(F)(F)F,imidazolium,bistriflamides,1.7126497016272113
GfcsC,CC(O)C[NH3+].O=C[O-],ammonium,carboxylates,2.931457870689005
GgDxL,Cn1cc[n+](CCO)c1.N#C[N-]C#N,imidazolium,amides,1.826722520168992
GhaZZ,CC[N+](C)(CC)CCOC.O=S(=O)([N-]S(=O)(=O)C(F)(F)F)C(F)(F)F,ammonium,bistriflamides,2.076276255404218
Ghwny,CC[n+]1ccn(C)c1.CCOS(=O)(=O)[O-],imidazolium,sulfates,2.0017337128090005
GjrXK,CC[n+]1ccn(C)c1.O=S(=O)([N-]S(=O)(=O)C(F)(F)F)C(F)(F)F,imidazolium,bistriflamides,1.512550992904211
GkUkM,CC[n+]1ccn(C)c1.N#C[C-](C#N)C#N,imidazolium,methanides,1.146128035678238
GmYmf,CCCCCCCC[n+]1ccccc1.O=S(=O)([N-]S(=O)(=O)C(F)(F)F)C(F)(F)F,pyridinium,bistriflamides,2.0580462303952816
GoIyv,C[N+](C)(C)CCO.O=S(=O)([N-]S(=O)(=O)C(F)(F)F)C(F)(F)F,ammonium,bistriflamides,2.0737183503461227
GogER,CCCC[N+]1(C)CCCC1.O=S(=O)([O-])C(F)(F)F,pyrrolidinium,sulfonates,2.225050696138049
GpfUN,CCCCCC[n+]1ccn(C)c1C.O=S(=O)([N-]S(=O)(=O)C(F)(F)F)C(F)(F)F,imidazolium,bistriflamides,2.1172712956557644
GqbKZ,CCCCCn1cc[n+](CCCCC)c1.O=S(=O)([N-]S(=O)(=O)C(F)(F)F)C(F)(F)F,imidazolium,bistriflamides,1.9777236052888478
GrPaT,CCCC[N+]1(C)CCCC1.O=S(=O)([O-])C(F)(F)F,pyrrolidinium,sulfonates,2.214843848047698
GsAjb,CCCCCCCC[P+](CC)(CC)CC.Cc1ncc([N+](=O)[O-])[n-]1,phosphonium,cyclic amides,2.7944880466591697
GsOxp,CCC[n+]1cccc(C)c1.O=S(=O)([N-]S(=O)(=O)C(F)(F)F)C(F)(F)F,pyridinium,bistriflamides,1.730782275666389
Gspsj,CCCC[n+]1ccn(C)c1.F[P-](F)(F)(F)(F)F,imidazolium,phosphates,2.3645961686748174
Gugcm,CCC[N+]1(C)CCOCC1.CC(=O)NC(C(=O)[O-])C(C)C,morpholinium,carboxylates,3.761927838420529
GuhCD,C[N+]1(CCO)CCCC1.O=S(=O)([N-]S(=O)(=O)C(F)(F)F)C(F)(F)F,pyrrolidinium,bistriflamides,1.9030899869919435
Gunst,CCCCCC[N+](C)(C)C.O=S(=O)([N-]S(=O)(=O)C(F)(F)F)C(F)(F)F,ammonium,bistriflamides,2.184691430817599
GvRfY,CC[n+]1ccn(C)c1.O=S(=O)([N-]S(=O)(=O)C(F)(F)F)C(F)(F)F,imidazolium,bistriflamides,1.5145477526602862
HAwyf,CC[n+]1ccn(C)c1.CCOS(=O)(=O)[O-],imidazolium,sulfates,1.9903388547876015
HCQEL,CCCCO[n+]1ccn(CCCC)c1.O=S(=O)([O-])C(F)(F)F,imidazolium,sulfonates,1.9294189257142926
HChCX,CCCCCC[n+]1ccn(C)c1.O=S(=O)([N-]S(=O)(=O)C(F)(F)F)C(F)(F)F,imidazolium,bistriflamides,1.8457180179666586
HFjHB,CCCC[n+]1ccn(C)c1.O=S(=O)([N-]S(=O)(=O)C(F)(F)F)C(F)(F)F,imidazolium,bistriflamides,1.6901960800285136
HFyjJ,CCCC[n+]1ccn(C)c1.[I-],imidazolium,inorganics,2.7708520116421442
HGHkE,CCCC[n+]1ccn(C)c1.O=S(=O)([N-]S(=O)(=O)C(F)(F)F)C(F)(F)F,imidazolium,bistriflamides,1.711807229041191
HIabK,CCCC[N+]1(C)CCCC1.FC(F)(F)C(F)(F)[P-](F)(F)(F)(C(F)(F)C(F)(F)F)C(F)(F)C(F)(F)F,pyrrolidinium,phosphates,2.328583449714202
HKIhj,CC[NH+](CC)CC.CC(=O)[O-],ammonium,carboxylates,1.1522883443830565
HOPQI,Cn1cc[n+](CC(CBr)N=[N+]=[N-])c1.N#C[N-]C#N,imidazolium,amides,1.7204007721663628
HOdnr,CCCCCC[N+](C)(C)C(C)C.O=S(=O)([N-]S(=O)(=O)C(F)(F)F)C(F)(F)F,ammonium,bistriflamides,2.167317334748176
HQzhK,Cn1cc[n+](CCO)c1.O=C([O-])C(F)(F)C(F)(F)C(F)(F)C(F)(F)F,imidazolium,carboxylates,2.8530895298518657
HUGgB,CCCC[n+]1ccn(C)c1.CC(=O)[O-],imidazolium,carboxylates,2.6434526764861874
HcvNg,CCCC[n+]1ccn(C)c1C.NCC(=O)[O-],imidazolium,carboxylates,2.3384564936046046
HecxT,CCCC[N+](C)(C)C.O=S(=O)([N-]S(=O)(=O)C(F)(F)F)C(F)(F)F,ammonium,bistriflamides,2.0170333392987803
HfEec,COCCOCC[n+]1ccccc1.O=S(=O)([N-]S(=O)(=O)C(F)(F)F)C(F)(F)F,pyridinium,bistriflamides,1.8041394323353506
Hhosm,CCCn1cc[n+](C)c1C.O=[N+]([O-])c1cn[n-]c1,imidazolium,cyclic amides,2.858537197569639
HiKtp,CCCC[n+]1ccn(C)c1.N#C[C-](C#N)C#N,imidazolium,methanides,1.4517864355242902
HkqPf,CCOCCn1cc[n+](C)c1.CC(=O)[O-],imidazolium,carboxylates,1.4772659954248526
Hloib,CCCC[n+]1ccn(C)c1.CC(=O)[O-],imidazolium,carboxylates,2.6444385894678386
HnHuH,CCCCCCCC[n+]1ccn(C)c1.F[P-](F)(F)(F)(F)F,imidazolium,phosphates,2.8394780473741985
HnbRf,CC[n+]1ccn(C)c1.CCOS(=O)(=O)[O-],imidazolium,sulfates,1.9929950984313416
HoZxZ,CCCCCC=CCC=CCCCCCCCCn1cc[n+](C)c1.O=S(=O)([N-]S(=O)(=O)C(F)(F)F)C(F)(F)F,imidazolium,bistriflamides,2.3944516808262164
HocGo,CCOC(=O)c1ccc[n+](CC)c1.CCOS(=O)(=O)[O-],pyridinium,sulfates,3.5010592622177517
HoqZM,CC[n+]1ccn(C)c1.O=S(=O)([N-]S(=O)(=O)C(F)(F)F)C(F)(F)F,imidazolium,bistriflamides,1.4833019523581672
HpVoQ,CCCC[N+]1(C)CCCC1.O=S(=O)([N-]S(=O)(=O)C(F)(F)F)C(F)(F)F,pyrrolidinium,bistriflamides,1.8692317197309762
HqFwc,CCCn1cc[n+](CCC)c1.O=S(=O)([N-]S(=O)(=O)C(F)(F)F)C(F)(F)F,imidazolium,bistriflamides,1.7411515988517852
HqpWg,CCCCn1cc[n+](C)c1C.O=S(=O)([N-]S(=O)(=O)C(F)(F)F)C(F)(F)F,imidazolium,bistriflamides,2.009450895798694
HsZrS,CCCCCC[n+]1ccn(C)c1.O=S(=O)([O-])C(F)(F)F,imidazolium,sulfonates,2.1789769472931693
HyFEt,CC(C)[n+]1ccn(C)c1.O=S(=O)([N-]S(=O)(=O)C(F)(F)C(F)(F)F)C(F)(F)C(F)(F)F,imidazolium,bistriflamides,2.0827853703164503
HzYsU,CCn1cc[n+](C)c1.CCCCCCOS(=O)(=O)[O-],imidazolium,sulfates,2.4533183400470375
ICTlD,CCCC[n+]1ccn(C)c1.COS(=O)(=O)[O-],imidazolium,sulfates,2.3483048630481607
IDlZF,CCCC[N+]1(C)CCCC1.O=S(=O)([O-])C(F)(F)F,pyrrolidinium,sulfonates,2.215637563435062
IEMYk,CCC[n+]1cn(C)cn1.CS(=O)(=O)[O-],triazolium,sulfonates,2.6954816764901977
IFhcB,C=C[n+]1ccn(CC(N)=O)c1.O=S(=O)([N-]S(=O)(=O)C(F)(F)F)C(F)(F)F,imidazolium,bistriflamides,2.44870631990508
IGtvW,CCCCCC[n+]1ccn(C)c1.F[P-](F)(F)(F)(F)F,imidazolium,phosphates,2.682506085939011
IIvAn,CCCC[n+]1cccc(C)c1.N#C[N-]C#N,pyridinium,amides,1.5770319856260315
IPflK,CCCC[n+]1ccc(C)cc1.O=S(=O)([N-]S(=O)(=O)C(F)(F)F)C(F)(F)F,pyridinium,bistriflamides,1.7411515988517852
IPoaz,C=C[n+]1ccn(CCCCCCC)c1.O=S(=O)([N-]S(=O)(=O)C(F)(F)F)C(F)(F)F,imidazolium,bistriflamides,2.1172712956557644
IRutt,CCCCCCC[n+]1ccccc1.O=S(=O)([N-]S(=O)(=O)C(F)(F)F)C(F)(F)F,pyridinium,bistriflamides,1.9978230807457256
ISAFF,C=CC[N+](C)(C)CC.O=C([O-])C(F)(F)F,ammonium,carboxylates,1.884795363948981
ISOto,CCCC[N+](CCCC)(CCCC)CCCC.O=C([O-])C1CCCN1,ammonium,carboxylates,3.1774499209718248
ISYnU,CCCC[n+]1ccn(C)c1.F[P-](F)(F)(F)(F)F,imidazolium,phosphates,2.4149733479708178
ISgfj,CCCC[n+]1ccn(C)c1.F[P-](F)(F)(F)(F)F,imidazolium,phosphates,2.436162647040756
IUNtZ,CCCCCCCCCC[n+]1ccn(C)c1.O=S(=O)([N-]S(=O)(=O)C(F)(F)F)C(F)(F)F,imidazolium,bistriflamides,2.079904467666721
IUXDD,CCCCCCCCCCCCCC[P+](CCCCCC)(CCCCCC)CCCCCC.CC(CC(C)(C)C)CP(=O)([O-])CC(C)CC(C)(C)C,phosphonium,organic phosphates,2.929418925714293
IUytv,CCCCCC[n+]1ccn(C)c1.COS(=O)(=O)[O-],imidazolium,sulfates,2.583198773968623
IVXdi,CCCCCC[n+]1ccn(C)c1.O=S(=O)([N-]S(=O)(=O)C(F)(F)F)C(F)(F)F,imidazolium,bistriflamides,1.8325089127062364
Ianwi,CCCC[n+]1ccn(C)c1.O=S(=O)([N-]S(=O)(=O)C(F)(F)F)C(F)(F)F,imidazolium,bistriflamides,1.7084209001347128
IcFyi,CCn1cc[nH+]c1.O=S(=O)([N-]S(=O)(=O)C(F)(F)F)C(F)(F)F,imidazolium,bistriflamides,1.739572344450092
IdWnm,C[NH2+]CCO.CCC(=O)[O-],ammonium,carboxylates,2.3324384599156054
IfiUu,CCCCCCCCn1cc[n+](C)c1.O=S(=O)([N-]S(=O)(=O)C(F)(F)F)C(F)(F)F,imidazolium,bistriflamides,1.9689496809813427
IgWGw,CCCCCCCCCCCC[n+]1cc[nH]c1.O=S(=O)([N-]S(=O)(=O)C(F)(F)F)C(F)(F)F,imidazolium,bistriflamides,2.3679147387937527
IjJxG,CC[NH3+].O=C[O-],ammonium,carboxylates,1.505149978319906
IjfSC,CCCCn1cc[n+](C)c1C.O=S(=O)([N-]S(=O)(=O)C(F)(F)F)C(F)(F)F,imidazolium,bistriflamides,2.0056094453602804
IkIcV,CCC[N+]1(C)CCCC1.O=S(=O)([N-]S(=O)(=O)C(F)(F)F)C(F)(F)F,pyrrolidinium,bistriflamides,1.69284691927723
IklJu,C[N+](C)(C)CCO.NC(CO)C(=O)[O-],ammonium,carboxylates,4.060697840353612
IlBzi,CCn1cc[nH+]c1.CC(=O)[O-],imidazolium,carboxylates,0.6989700043360189
IlojE,CCCn1cc[n+](C)c1.O=S(=O)([N-]S(=O)(=O)C(F)(F)F)C(F)(F)F,imidazolium,bistriflamides,1.5954962218255742
ImZlo,C[N+](C)(C)CCO.CCCCCC(=O)[O-],ammonium,carboxylates,2.851869600729766
ImoXC,CC[n+]1ccn(C)c1.O=S(=O)([N-]S(=O)(=O)C(F)(F)F)C(F)(F)F,imidazolium,bistriflamides,1.5117497113449827
InJJr,CCC[N+]1(C)CCCC1.O=S(=O)([N-]S(=O)(=O)C(F)(F)F)C(F)(F)F,pyrrolidinium,bistriflamides,1.7853298350107671
IoirZ,CC[n+]1ccn(C)c1.NCCS(=O)(=O)[O-],imidazolium,sulfonates,2.711807229041191
IpByz,CCCCCC[n+]1ccc(N2CCC(C)CC2)cc1.O=S(=O)([N-]S(=O)(=O)C(F)(F)F)C(F)(F)F,pyridinium,bistriflamides,2.0453229787866576
IrwIO,CC[n+]1ccn(C)c1.c1c[n-]nn1,imidazolium,cyclic amides,1.904348501305749
IsJof,CC[n+]1ccn(C)c1.O=C([O-])C(F)(F)F,imidazolium,carboxylates,1.505149978319906
IxKdt,CC[n+]1ccn(C)c1.O=S(=O)([O-])C(F)(F)F,imidazolium,sulfonates,1.6328620401002298
Ixptc,C[NH+](C)C.CC(=O)[O-],ammonium,carboxylates,0.4409090820652177
JDpSa,CCCC[N+]1(C)CCCC1.O=S(=O)([N-]S(=O)(=O)C(F)(F)F)C(F)(F)F,pyrrolidinium,bistriflamides,1.8802417758954804
JEtCQ,CCCC[N+]1(C)CCCCC1.N#C[C-](C#N)C#N,piperidinium,methanides,1.761927838420529
JFECZ,CCCCCC[n+]1ccn(C)c1.O=S(=O)([N-]S(=O)(=O)C(F)(F)F)C(F)(F)F,imidazolium,bistriflamides,1.8475726591421122
JFmkQ,CCCCCCCCn1cc[n+](C)c1.O=[N+]([O-])[O-],imidazolium,inorganics,2.8195439355418688
JIDxk,CC[N+]1(C)CCCCC1.CCO[PH](=O)[O-],piperidinium,organic phosphates,1.9637878273455553
JLHnN,CCCC[n+]1ccccc1.O=S(=O)([N-]S(=O)(=O)C(F)(F)F)C(F)(F)F,pyridinium,bistriflamides,1.7881683711411678
JUfnD,CC[n+]1ccccc1.O=S(=O)([N-]S(=O)(=O)C(F)(F)F)C(F)(F)F,pyridinium,bistriflamides,1.6129956560323475
JWFZx,CC[n+]1ccc(C)cc1.O=S(=O)([N-]S(=O)(=O)C(F)(F)F)C(F)(F)F,pyridinium,bistriflamides,1.51627088272934
JXBpk,CCCCCC[N+]1(C)CCOCC1.O=S(=O)([N-]S(=O)(=O)C(F)(F)F)C(F)(F)F,morpholinium,bistriflamides,2.699837725867246
JXWIw,CCCCCCCC[n+]1ccn(C)c1.O=S(=O)([O-])C(F)(F)F,imidazolium,sulfonates,2.1903316981702914
JXvYB,CCCC[N+]1(C)CCCCC1.N#C[N-]C#N,piperidinium,amides,2.048053173115609
JYUrI,CCOCCn1cc[n+](C)c1.CCC(=O)[O-],imidazolium,carboxylates,1.7454651686707272
JbLki,CC[NH+](CC)CC.CC(=O)[O-],ammonium,carboxylates,1.3823773034681137
Jcdnj,CCCCCCCCCCCCCC[P+](CCCCCC)(CCCCCC)CCCCCC.[Br-],phosphonium,inorganics,3.475380593143361
JdJUY,CCCC[N+]1(C)CCCCC1.N#C[C-](C#N)C#N,piperidinium,methanides,1.7634279935629373
JeDEQ,COCCn1cc[n+](C)c1.N#C[S-],imidazolium,inorganics,1.724275869600789
JeOPQ,CCCCCCC[N+](CCCC)(CCCC)CCCC.O=S(=O)([N-]S(=O)(=O)C(F)(F)F)C(F)(F)F,ammonium,bistriflamides,2.782472624166286
JjfQB,CCCCCCCCCCCCCC[P+](CCCCCC)(CCCCCC)CCCCCC.N#C[N-]C#N,phosphonium,amides,2.621176281775035
JkLZr,OCC[NH2+]CCO.O=C[O-],ammonium,carboxylates,2.7267272090265724
Jliym,CCCCCCCC[n+]1ccn(CCC#N)c1.O=S(=O)([O-])c1ccccc1,imidazolium,sulfonates,3.9190780923760737
JmOtw,CCCC[N+]1(C)CCCCC1.O=S(=O)([N-]S(=O)(=O)C(F)(F)F)C(F)(F)F,piperidinium,bistriflamides,2.27669152884504
JnFPo,CCCC[P+](CCCC)(CCCC)CCOCC.O=S(=O)([O-])C(F)(F)F,phosphonium,sulfonates,2.6127838567197355
JoIwl,CCCCCC[N+](CC)(CC)CC.O=S(=O)([N-]S(=O)(=O)C(F)(F)F)C(F)(F)F,ammonium,bistriflamides,2.271841606536499
JuUWT,CC[NH+](CC)CC.O=S(=O)([O-])O,ammonium,sulfates,2.3710678622717363
KAWQe,CC[P+](CC)(CC)CCOC.O=S(=O)([N-]S(=O)(=O)C(F)(F)F)C(F)(F)F,phosphonium,bistriflamides,1.6434526764861874
KCAob,CCCC[N+]1(C)CCCC1.O=S(=O)([N-]S(=O)(=O)C(F)(F)F)C(F)(F)F,pyrrolidinium,bistriflamides,1.900913067737669
KCiyi,CCCC[N+]1(C)CCCC1.O=S(=O)([N-]S(=O)(=O)C(F)(F)F)C(F)(F)F,pyrrolidinium,bistriflamides,1.8808135922807914
KEXOP,CCCCCCCC[P+](CC)(CC)CC.O=[N+]([O-])c1cn[n-]c1,phosphonium,cyclic amides,2.450249108319361
KEYjc,C=CC[n+]1ccn(C)c1.[Cl-],imidazolium,inorganics,2.9138138523837167
KKqeN,CCCCCCCCSC(N(C)C)=[N+](C)C.O=S(=O)([N-]S(=O)(=O)C(F)(F)F)C(F)(F)F,amidium,bistriflamides,2.03342375548695
KLhxe,CC[n+]1ccn(C)c1.N#Cc1ccc[n-]1,imidazolium,cyclic amides,1.8230361209412602
KMzfW,CCCCCC[NH+](CCCCCC)CCCCCC.CCCCCCCC(=O)[O-],ammonium,carboxylates,1.2013971243204515
KNfXQ,CCCCCC[n+]1ccn(CCC#N)c1.CCCCCCCCCCCCOS(=O)(=O)[O-],imidazolium,sulfates,4.139879086401237
KSbsd,CC[n+]1ccn(C)c1.O=S(=O)([N-]S(=O)(=O)C(F)(F)F)C(F)(F)F,imidazolium,bistriflamides,1.5120169694961267
KStgM,CCCC[n+]1ccn(CCC#N)c1.[Br-],imidazolium,inorganics,4.281033367247727
KUmxw,CCCn1cc[n+](C)c1.NC(CO)C(=O)[O-],imidazolium,carboxylates,3.4763968267253302
KVOVd,CCCC[N+](C)(C)C.O=S(=O)([N-]S(=O)(=O)C(F)(F)F)C(F)(F)F,ammonium,bistriflamides,2.02201573981772
KVcym,C=C[n+]1ccn(CCCCC)c1.O=S(=O)([N-]S(=O)(=O)C(F)(F)F)C(F)(F)F,imidazolium,bistriflamides,2.0211892990699383
KVkMm,CCCC[n+]1ccn(C)c1.O=S(=O)([N-]S(=O)(=O)C(F)(F)F)C(F)(F)F,imidazolium,bistriflamides,1.6848453616444126
KVkiD,CCCCCCCCC[P+](CC)(CC)CC.O=[N+]([O-])c1cn[n-]c1,phosphonium,cyclic amides,2.4638929889859074
KWgNp,CCCC[n+]1ccn(C)c1.O=C([O-])C(F)(F)F,imidazolium,carboxylates,1.845098040014257
KWgiO,CCCCCC[N+](CC)(CC)CC.O=S(=O)([N-]S(=O)(=O)C(F)(F)F)C(F)(F)F,ammonium,bistriflamides,2.2730012720637376
KYqOS,CCCC[n+]1cccc(C)c1.FC(F)(F)C(F)(F)[P-](F)(F)(F)(C(F)(F)C(F)(F)F)C(F)(F)C(F)(F)F,pyridinium,phosphates,2.0253058652647704
KbUcb,CCCCCCCCCCCC[n+]1ccn(C)c1.O=S(=O)([N-]S(=O)(=O)C(F)(F)F)C(F)(F)F,imidazolium,bistriflamides,2.1548150837129496
KbpZf,CCCC[n+]1ccc(C)cc1.O=S(=O)([N-]S(=O)(=O)C(F)(F)F)C(F)(F)F,pyridinium,bistriflamides,1.745855195173729
KcGIy,CCCC[n+]1ccn(C)c1.COS(=O)(=O)[O-],imidazolium,sulfates,2.2600713879850747
KeIBf,CCCCCCCC[n+]1cccc(C#N)c1.O=S(=O)([N-]S(=O)(=O)C(F)(F)F)C(F)(F)F,pyridinium,bistriflamides,3.1838390370564214
KfcBe,CCCCCC[n+]1ccn(C)c1.N#C[S-],imidazolium,inorganics,1.9712758487381052
Kgbhd,CCCC[n+]1ccn(C)c1.O=S(=O)([N-]S(=O)(=O)C(F)(F)F)C(F)(F)F,imidazolium,bistriflamides,1.6414741105040995
KieTU,CCCC[N+]1(C)CCOCC1.CC(=O)NC(CC(C)C)C(=O)[O-],morpholinium,carboxylates,4.383815365980431
KjYoT,CCCC[P+](CC)(CCCC)CCCC.CC(=O)[O-],phosphonium,carboxylates,2.2405492482826
Kjtak,CCCn1cc[n+](C)c1.N#C[N-]C#N,imidazolium,amides,1.312811826212088
KkgHR,CC[NH+](CC)CC.CC(=O)[O-],ammonium,carboxylates,1.1846914308175989
KoFHJ,CCCCCCCCCCCCCC[P+](CCCCCC)(CCCCCC)CCCCCC.CCCCCC(=O)[O-],phosphonium,carboxylates,2.5352941200427703
KodWG,CCCC[NH3+].O=[N+]([O-])[O-],ammonium,inorganics,2.0056094453602804
KrWSk,CC[n+]1ccn(C)c1.O=S(=O)([N-]S(=O)(=O)C(F)(F)F)C(F)(F)F,imidazolium,bistriflamides,1.511348515490213
KtBkV,CC[n+]1ccn(C)c1.N#C[N-]C#N,imidazolium,amides,1.2065560440990295
KuRXo,CCCC[n+]1ccn(C)c1.N#C[C-](C#N)C#N,imidazolium,methanides,1.436480695009495
KzdoJ,CC[n+]1cccc(C)c1.CCOS(=O)(=O)[O-],pyridinium,sulfates,2.1760912590556813
LARJY,CCCCCCCCn1cc[n+](C)c1.O=S(=O)([N-]S(=O)(=O)C(F)(F)F)C(F)(F)F,imidazolium,bistriflamides,1.9661417327390327
LIUHi,CC[n+]1ccn(C)c1.O=S(=O)([N-]S(=O)(=O)C(F)(F)F)C(F)(F)F,imidazolium,bistriflamides,1.525304009958239
LOuqX,CC[S+](CC)CC.O=S(=O)([N-]S(=O)(=O)C(F)(F)F)C(F)(F)F,sulfonium,bistriflamides,1.530199698203082
LQGHi,CCCC[N+]1(C)CCCCC1.O=S(=O)([N-]S(=O)(=O)C(F)(F)F)C(F)(F)F,piperidinium,bistriflamides,2.251638220448212
LQwma,CCCC[N+]1(C)CCCC1.O=S(=O)(F)[N-]S(=O)(=O)F,pyrrolidinium,bistriflamides,1.7262380468026375
LTZCS,CCCC[n+]1ccn(C)c1.F[P-](F)(F)(F)(F)F,imidazolium,phosphates,2.404833716619938
LblKg,CCCC[n+]1ccn(C)c1.O=S(=O)([N-]S(=O)(=O)C(F)(F)F)C(F)(F)F,imidazolium,bistriflamides,1.705007959333336
LcNLB,CC[NH3+].CCCC(=O)[O-],ammonium,carboxylates,2.3180633349627615
LfrPo,CCCCCCCCCCCCCC[P+](CCCCCC)(CCCCCC)CCCCCC.[Cl-],phosphonium,inorganics,3.273209683400331
LltqC,CCOC(=O)C[n+]1ccn(C)c1.[Cl-],imidazolium,inorganics,2.5428254269591797
LnTJY,CCCCCn1cc[n+](C)c1.O=P([O-])(O)O,imidazolium,organic phosphates,2.311753861055754
LqNxr,CCCC[n+]1ccn(C)c1.O=P([O-])(O)O,imidazolium,organic phosphates,2.0989896394011773
LsOiR,CC[N+]1(C)CCOCC1.N#C[N-]C#N,morpholinium,amides,2.24551266781415
LskgT,CCCCCCCCCCCCOC[N+](C)(C)CCO.O=S(=O)([N-]S(=O)(=O)C(F)(F)F)C(F)(F)F,ammonium,bistriflamides,2.3654879848909
LuXiX,CCCC[n+]1cccc(C)c1.O=S(=O)([N-]S(=O)(=O)C(F)(F)F)C(F)(F)F,pyridinium,bistriflamides,1.8149131812750738
Luwkl,CCCC[NH+](C)C.O=S(=O)([N-]S(=O)(=O)C(F)(F)F)C(F)(F)F,ammonium,bistriflamides,1.739572344450092
LvRsa,CCCC[n+]1cccc(C)c1.O=S(=O)([N-]S(=O)(=O)C(F)(F)F)C(F)(F)F,pyridinium,bistriflamides,1.8169038393756602
LvfQP,CCC[n+]1ccccc1.O=S(=O)([O-])C(F)(F)F,pyridinium,sulfonates,2.0145205387579237
LxCIR,CCCCCCCC[P+](CC)(CC)CC.Brc1c[n-]cn1,phosphonium,cyclic amides,2.7682665960791595
LzGwJ,CCCCC[N+]1(C)CCOCC1.N#C[N-]C#N,morpholinium,amides,2.7067177823367587
MCKxq,CCCCCCn1cc[n+](C)c1.CC1=CC(=O)[N-]S(=O)(=O)O1,imidazolium,bistriflamides,2.8965262174895554
MEkSy,CCCCCCCCCCCCCC[P+](CCCCCC)(CCCCCC)CCCCCC.CCCCCCCCCC(=O)[O-],phosphonium,carboxylates,2.6127838567197355
MEvtG,C[N+](C)(C)CCO.CC(O)C(=O)[O-],ammonium,carboxylates,2.747411807886423
MHGfw,CCCCCCCCCCCCCC[P+](CCCCCC)(CCCCCC)CCCCCC.N#C[N-]C#N,phosphonium,amides,2.4539295920577286
MHRhC,CC(C)C[P+](C)(CC(C)C)CC(C)C.Cc1ccc(S(=O)(=O)[O-])cc1,phosphonium,sulfonates,3.5577477416414682
MINNE,C[NH2+]CCO.CCCC(=O)[O-],ammonium,carboxylates,2.4756711883244296
MJtbx,CCCC[n+]1ccccc1.N#C[N-]C#N,pyridinium,amides,1.549248556854056
MLUUH,CC[S+]1CCCC1.N#C[N-]C#N,cyclic sulfonium,amides,1.534026106056135
MLVBk,CCCCCCCCCCCCCC[P+](CCCCCC)(CCCCCC)CCCCCC.O=C([O-])C(F)(F)C(F)(F)C(F)(F)C(F)(F)F,phosphonium,carboxylates,2.4533183400470375
MLmQo,C[n+]1ccn(CCCC#N)c1.O=S(=O)([N-]S(=O)(=O)C(F)(F)F)C(F)(F)F,imidazolium,bistriflamides,2.3180633349627615
MNmsE,CCCCCCCCn1cc[n+](CCC#N)c1.O=S(=O)([O-])C(F)(F)F,imidazolium,sulfonates,3.6164755138885654
MRlPh,CCCC[n+]1ccn(C)c1.N#C[N-]C#N,imidazolium,amides,1.4712694043392696
MSAif,CC(C)C[n+]1ccn(C)c1.O=S(=O)([N-]S(=O)(=O)C(F)(F)F)C(F)(F)F,imidazolium,bistriflamides,1.9106244048892012
MTQZa,CC[n+]1ccn(C)c1.O=S(=O)([N-]S(=O)(=O)C(F)(F)F)C(F)(F)F,imidazolium,bistriflamides,1.509202522331103
MWxHK,CCCn1c[n+](C)cn1.O=S(=O)([N-]S(=O)(=O)C(F)(F)F)C(F)(F)F,triazolium,bistriflamides,1.9454685851318196
Mbjws,CCCCn1cc[n+](C)c1.FC(F)(F)C(F)(F)[P-](F)(F)(F)(C(F)(F)C(F)(F)F)C(F)(F)C(F)(F)F,imidazolium,phosphates,1.8756399370041683
McJYt,C[NH2+]CCO.CCCCC(=O)[O-],ammonium,carboxylates,2.369215857410143
MccER,CCC(C)C[NH3+].O=C[O-],ammonium,carboxylates,2.359835482339888
MfUtf,CC[n+]1ccn(C)c1.O=S(=O)([N-]S(=O)(=O)C(F)(F)F)C(F)(F)F,imidazolium,bistriflamides,1.505149978319906
MhMZs,C[N+](C)(C)CCO.O=S(=O)([O-])CCN(CCO)CCO,ammonium,sulfonates,4.311753861055754
MhZxO,CCCCCC[N+]1(C)CCOCC1.N#C[C-](C#N)C#N,morpholinium,methanides,2.4913616938342726
MkEow,CCCCCCCC[P+](CCCC)(CCCC)CCCC.FC(F)(F)C(F)(F)[P-](F)(F)(F)(C(F)(F)C(F)(F)F)C(F)(F)C(F)(F)F,phosphonium,phosphates,2.5118833609788744
MkSAv,CCCCCCCCCCCCCC[P+](CCCCCC)(CCCCCC)CCCCCC.CC(CC(C)(C)C)CP(=O)([O-])CC(C)CC(C)(C)C,phosphonium,organic phosphates,3.0
Mkter,CCCCCCCCn1cc[n+](C)c1.O=S(=O)([N-]S(=O)(=O)C(F)(F)F)C(F)(F)F,imidazolium,bistriflamides,1.954242509439325
MnYlp,CCCC[n+]1ccn(C)c1.N#C[N-]C#N,imidazolium,amides,1.4429498695778618
MoMWe,CC[n+]1ccn(C)c1.N#C[N-]C#N,imidazolium,amides,1.2405492482825997
MoNze,Cc1ccc[n+](CC(C)C)c1.O=S(=O)([N-]S(=O)(=O)C(F)(F)F)C(F)(F)F,pyridinium,bistriflamides,2.000434077479319
MpCeA,CCCC[n+]1ccn(C)c1.N#C[C-](C#N)C#N,imidazolium,methanides,1.4393326938302626
MrOTq,CCCCCCCC[n+]1ccn(C)c1.F[P-](F)(F)(F)(F)F,imidazolium,phosphates,2.8524799936368566
MrYIe,CCCCCC[n+]1ccn(CCC#N)c1.CCCCC(CC)COC(=O)CC(C(=O)OCC(CC)CCCC)S(=O)(=O)[O-],imidazolium,sulfonates,4.298853076409706
MwBTo,CCCCCCCC[n+]1ccn(C)c1.F[P-](F)(F)(F)(F)F,imidazolium,phosphates,2.833784374656479
MwegR,COCCCC[n+]1ccn(C)c1.NCC(=O)[O-],imidazolium,carboxylates,1.9876662649262746
Mxuvf,C=CC[n+]1ccn(C=C)c1.N#C[N-]C#N,imidazolium,amides,1.4727564493172123
MyLfe,CCCCCCCCCCCCCC[P+](CCCCCC)(CCCCCC)CCCCCC.O=S(=O)([N-]S(=O)(=O)C(F)(F)F)C(F)(F)F,phosphonium,bistriflamides,2.4927603890268375
MzKGy,CCCCCCCCCCOC[N+](C)(C)CCO.O=S(=O)([N-]S(=O)(=O)C(F)(F)F)C(F)(F)F,ammonium,bistriflamides,2.271841606536499
NDzOj,C[N+]1(CCCO)CCOCC1.O=S(=O)([N-]S(=O)(=O)C(F)(F)F)C(F)(F)F,morpholinium,bistriflamides,3.0729847446279304
NGrqm,CC[n+]1ccn(C)c1.CC(=O)[O-],imidazolium,carboxylates,2.093421685162235
NHOpl,CCCCCCCCCC[n+]1ccccc1.O=S(=O)([N-]S(=O)(=O)C(F)(F)F)C(F)(F)F,pyridinium,bistriflamides,2.1956229435869368
NIDln,COCC[N+]1(C)CCCC1.O=S(=O)([N-]S(=O)(=O)C(F)(F)F)C(F)(F)F,pyrrolidinium,bistriflamides,1.7411515988517852
NImfh,CCCCCCC[N+]1(C)CCOCC1.N#C[N-]C#N,morpholinium,amides,2.776701183988411
NJGye,CCCCCc1c(C)cc(C)c[n+]1CCCC.O=S(=O)([N-]S(=O)(=O)C(F)(F)F)C(F)(F)F,pyridinium,bistriflamides,2.403120521175818
NMeqO,CC(C)n1cc[n+](C)c1.O=S(=O)([N-]S(=O)(=O)C(F)(F)F)C(F)(F)F,imidazolium,bistriflamides,1.6812412373755872
NOrTO,CCCCCC[n+]1ccccc1.N#C[N-]C#N,pyridinium,amides,1.7860412102425542
NPfgs,COCC[n+]1ccn(C)c1.O=S(=O)([N-]S(=O)(=O)C(F)(F)F)C(F)(F)F,imidazolium,bistriflamides,1.6683859166900001
NPtQS,CCCCCCCC[NH+](CCCCCCCC)CCCCCCCC.O=C([O-])CCCCC(=O)O,ammonium,carboxylates,3.5268559871258747
NSSRv,CCCC[N+]1(C)CCCC1.O=S(=O)([O-])C(F)(F)F,pyrrolidinium,sulfonates,2.2329961103921536
NTAGs,CCCCCCCC[P+](CCCCCCCC)(CCCCCCCC)CCCCCCCC.O=S(=O)([N-]S(=O)(=O)C(F)(F)F)C(F)(F)F,phosphonium,bistriflamides,2.649334858712142
NUlcO,CCCCCCCC[P+](C)(CCCCCCCC)CCCCCCCC.CC(=O)CCC(=O)[O-],phosphonium,carboxylates,2.5634810853944106
NZslI,CCCCCc1c(C)cc(C)c[n+]1CC.O=S(=O)([N-]S(=O)(=O)C(F)(F)F)C(F)(F)F,pyridinium,bistriflamides,2.4149733479708178
NaZFE,CCCC[n+]1ccn(C)c1.F[P-](F)(F)(F)(F)F,imidazolium,phosphates,2.505149978319906
Nazdw,CCCC[n+]1ccn(C)c1.CCOS(=O)(=O)[O-],imidazolium,sulfates,2.4068806700491248
NdtoE,CCCC[N+]1(C)CCCC1.N#C[C-](C#N)C#N,pyrrolidinium,methanides,1.4393326938302626
NfEin,CCCCCCCCCn1cc[n+](C)c1.O=S(=O)([N-]S(=O)(=O)C(F)(F)F)C(F)(F)F,imidazolium,bistriflamides,2.0269416279590295
NfdHt,CC[n+]1ccn(C)c1.N#C[C-](C#N)C#N,imidazolium,methanides,1.146128035678238
NfuQA,CCCC[n+]1ccn(C)c1.O=S(=O)([O-])C(F)(F)F,imidazolium,sulfonates,1.9263424466256551
NgsTy,Cc1n(CCCC#N)cc[n+]1C.N#C[N-]C#N,imidazolium,amides,2.568201724066995
NhOUc,CCCCCCCCCC[n+]1ccn(C)c1.O=S(=O)([N-]S(=O)(=O)C(F)(F)F)C(F)(F)F,imidazolium,bistriflamides,2.0569048513364727
NiCTA,CCCCOC[N+](C)(C)CCO.O=S(=O)([N-]S(=O)(=O)C(F)(F)F)C(F)(F)F,ammonium,bistriflamides,1.954242509439325
NiIPC,Cn1cc[n+](CCO)c1.O=S(=O)([O-])C(F)(F)C(F)(F)C(F)(F)C(F)(F)F,imidazolium,sulfonates,2.920123326290724
NoYTc,Cn1cc[n+](C)c1.COP(=O)([O-])OC,imidazolium,organic phosphates,2.5276299008713385
NoYnx,CCCC[N+]1(C)CCCC1.O=S(=O)([N-]S(=O)(=O)C(F)(F)F)C(F)(F)F,pyrrolidinium,bistriflamides,1.885926339801431
NqYxf,CCCCCCCCCC[N+](CC)(CC)CC.O=S(=O)([N-]S(=O)(=O)C(F)(F)F)C(F)(F)F,ammonium,bistriflamides,2.450249108319361
NqsfO,C[N+]1=C(O)CCC1.CCCC(=O)[O-],amidium,carboxylates,0.5472823079633032
NsYaW,CCCCOC[N+](C)(C)CCOC(C)=O.O=S(=O)([N-]S(=O)(=O)C(F)(F)F)C(F)(F)F,ammonium,bistriflamides,2.2624510897304293
Nylbq,CCCCCCCCCCCCCC[P+](CCCCCC)(CCCCCC)CCCCCC.N#C[N-]C#N,phosphonium,amides,2.6414741105040997
OBIJG,CCCCCCCC[N+]1(C)CCCC1.O=S(=O)([N-]S(=O)(=O)C(F)(F)F)C(F)(F)F,pyrrolidinium,bistriflamides,2.1405080430381798
OBVym,CCCC[n+]1ccn(C)c1.COP(=O)([O-])OC,imidazolium,organic phosphates,2.784617292632875
OByiP,CCCC[n+]1ccn(C)c1.O=S(=O)([N-]S(=O)(=O)C(F)(F)F)C(F)(F)F,imidazolium,bistriflamides,1.7085219459169838
OCZDB,CCCCCCCCCCCCCC[P+](CCCCCC)(CCCCCC)CCCCCC.c1nnn[n-]1,phosphonium,cyclic amides,2.7781512503836434
OCphM,COCC[N+]1=C2CCCCCN2CCC1.O=S(=O)([N-]S(=O)(=O)C(F)(F)F)C(F)(F)F,amidium,bistriflamides,2.322219294733919
ODTBK,CCCC[n+]1ccn(CCC#N)c1.O=S(=O)([O-])C(F)(F)F,imidazolium,sulfonates,2.8573324964312685
ODciU,CCCCO[n+]1ccn(CCCC)c1.Cc1ccc(S(=O)(=O)[O-])cc1,imidazolium,sulfonates,1.863322860120456
ODeph,[NH3+]CCO.CC(O)C(=O)[O-],ammonium,carboxylates,2.404833716619938
OIxbv,CCCC[N+]1(C)CCCC1.O=S(=O)(F)[N-]S(=O)(=O)C(F)(F)F,pyrrolidinium,bistriflamides,1.7075701760979363
OJwNY,CCCC[N+]1(C)CCCC1.O=S(=O)([N-]S(=O)(=O)C(F)(F)F)C(F)(F)F,pyrrolidinium,bistriflamides,1.8904210188009143
OKgUN,CCCCCCCCn1cc[n+](C)c1.O=S(=O)([N-]S(=O)(=O)C(F)(F)F)C(F)(F)F,imidazolium,bistriflamides,1.9661417327390327
OPifE,CCCC[n+]1ccn(C)c1.O=S(=O)([N-]S(=O)(=O)C(F)(F)F)C(F)(F)F,imidazolium,bistriflamides,1.6989700043360187
OPvAO,CCCC[n+]1ccn(C)c1.O=S(=O)([N-]S(=O)(=O)C(F)(F)F)C(F)(F)F,imidazolium,bistriflamides,1.7160033436347992
ORJCW,CCc1cccc[n+]1CC.O=S(=O)([N-]S(=O)(=O)C(F)(F)F)C(F)(F)F,pyridinium,bistriflamides,1.8373990243420224
OUKmO,CC[NH+](CC)CC.CC(=O)[O-],ammonium,carboxylates,1.3820170425748683
OVVVg,CC[n+]1ccn(C)c1.O=S(=O)([N-]S(=O)(=O)C(F)(F)F)C(F)(F)F,imidazolium,bistriflamides,1.4927603890268375
OYtWE,CCCCCCCC[n+]1ccn(C)c1.O=P([O-])(O)OP(=O)(O)O,imidazolium,organic phosphates,4.371067862271736
OaCLz,CCCC[n+]1ccn(C)c1.COS(=O)(=O)[O-],imidazolium,sulfates,2.3483048630481607
ObPZJ,CCCC[n+]1ccn(C)c1.O=S(=O)([O-])C(F)(F)F,imidazolium,sulfonates,1.9675479762188621
ObxBC,CCCC[n+]1ccc(N(C)C)cc1.O=S(=O)([N-]S(=O)(=O)C(F)(F)F)C(F)(F)F,pyridinium,bistriflamides,1.919078092376074
OcTgJ,COCC[n+]1ccccc1.O=S(=O)([N-]S(=O)(=O)C(F)(F)F)C(F)(F)F,pyridinium,bistriflamides,1.7693773260761385
OchWi,CCn1cc[n+](C)c1.NCCC(=O)[O-],imidazolium,carboxylates,2.9014583213961123
OdkUi,CCCCCC[NH+](CCCCCC)CCCCCC.CCCCCC(=O)[O-],ammonium,carboxylates,1.0569048513364727
OePMo,CC[n+]1ccn(C)c1.O=S(=O)([N-]S(=O)(=O)C(F)(F)F)C(F)(F)F,imidazolium,bistriflamides,1.5237464668115646
OflKV,CCCCCCn1cc[n+](C)c1.FC(F)(F)C(F)(F)[P-](F)(F)(F)(C(F)(F)C(F)(F)F)C(F)(F)C(F)(F)F,imidazolium,phosphates,1.9454685851318196
OiMQM,Cn1cc[n+](C)c1.COP(=O)([O-])OC,imidazolium,organic phosphates,2.4344092075875
OkDnt,CCCCCCCC[N+](C)(CCCCCCCC)CCCCCCCC.O=C([O-])C(F)(F)F,ammonium,carboxylates,3.232487866352986
OnqXH,CCCCNC(=O)Cn1cc[n+](CC)c1.O=S(=O)([N-]S(=O)(=O)C(F)(F)F)C(F)(F)F,imidazolium,bistriflamides,2.890421018800914
OqaPy,CCCC[n+]1ccn(C)c1.[I-],imidazolium,inorganics,2.6020599913279625
OrlUE,CCCCCC[n+]1ccn(C)c1.O=S(=O)([N-]S(=O)(=O)C(F)(F)F)C(F)(F)F,imidazolium,bistriflamides,1.8518696007297664
OsoyK,CCCC[n+]1ccn(C)c1.N#C[N-]C#N,imidazolium,amides,1.4792873164761702
OtKiB,CCCC[n+]1ccn(C)c1.COP(=O)([O-])OC,imidazolium,organic phosphates,2.807535028068853
PCzCy,CC[n+]1ccn(C)c1.COS(=O)(=O)[O-],imidazolium,sulfates,1.8965262174895554
PENNR,C=Cc1ccc(C[N+](C)(C)CCCCCCCCCC)cc1.O=S(=O)([N-]S(=O)(=O)C(F)(F)F)C(F)(F)F,ammonium,bistriflamides,3.1065308538223815
PEeQW,C[n+]1ccn(CCCC#N)c1.O=S(=O)(F)[N-]S(=O)(=O)F,imidazolium,bistriflamides,2.3324384599156054
PElZk,CCCCCC[n+]1ccn(C)c1.O=S(=O)([N-]S(=O)(=O)C(F)(F)F)C(F)(F)F,imidazolium,bistriflamides,1.8481891169913987
PFJoe,CCCC[n+]1ccn(CCC#N)c1.[Cl-],imidazolium,inorganics,4.294466226161593
PLKdp,CC[N+]1(C)CCCCC1.CCOS(=O)(=O)[O-],piperidinium,sulfates,3.26030994579492
PMIAd,CCCCCCCCCCCCCC[P+](CCCCCC)(CCCCCC)CCCCCC.N#C[N-]C#N,phosphonium,amides,2.6434526764861874
PNLOX,CCCC[n+]1ccn(C)c1.O=S(=O)([N-]S(=O)(=O)C(F)(F)F)C(F)(F)F,imidazolium,bistriflamides,1.675778341674085
PPPwX,CCCC[P+](CCCC)(CCCC)COC.c1c[n-]nn1,phosphonium,cyclic amides,2.374748346010104
PQmYu,C[NH+](C)C.O=S(=O)([O-])O,ammonium,sulfates,0.7075701760979364
PRgOP,Cn1cc[n+](C)c1.CC(=O)[O-],imidazolium,carboxylates,1.9395192526186185
PSQPj,CCCCC[n+]1ccccc1.O=S(=O)([N-]S(=O)(=O)C(F)(F)F)C(F)(F)F,pyridinium,bistriflamides,1.8567288903828827
PSUhc,CCCC[n+]1ccn(C)c1.N#C[N-]C#N,imidazolium,amides,1.4778444763387584
PShus,CCCCCCCCn1cc[n+](C)c1.O=S(=O)([N-]S(=O)(=O)C(F)(F)F)C(F)(F)F,imidazolium,bistriflamides,1.9590413923210936
PUIQf,CCn1c[n+](C)cn1.O=S(=O)([N-]S(=O)(=O)C(F)(F)F)C(F)(F)F,triazolium,bistriflamides,1.8363241157067516
PWFRc,COCC[N+]1(C)CCCC1.F[P-](F)(F)(F)(F)F,pyrrolidinium,phosphates,2.7403626894942437
PWVcD,CCCCCCCCCCCCCC[P+](CCCCCC)(CCCCCC)CCCCCC.O=S(=O)([N-]S(=O)(=O)C(F)(F)F)C(F)(F)F,phosphonium,bistriflamides,2.4785664955938436
PaJHN,CCCC[n+]1ccn(C)c1.O=S(=O)([N-]S(=O)(=O)C(F)(F)F)C(F)(F)F,imidazolium,bistriflamides,1.7007037171450194
PaoGp,CC[n+]1ccn(C)c1.CCOS(=O)(=O)[O-],imidazolium,sulfates,1.968482948553935
PbzIW,COC(=O)C([NH3+])Cc1ccccc1.O=S(=O)([N-]S(=O)(=O)C(F)(F)F)C(F)(F)F,ammonium,bistriflamides,3.2329961103921536
PecjJ,COCC[N+]1(C)CCCC1.O=S(=O)([N-]S(=O)(=O)C(F)(F)F)C(F)(F)F,pyrrolidinium,bistriflamides,1.717670503002262
PgXYj,OCCC[n+]1ccccc1.N#C[N-]C#N,pyridinium,amides,2.060697840353612
PgjIg,CCCC[n+]1ccccc1.N#C[N-]C#N,pyridinium,amides,1.5220528008688226
PjsJE,CC[n+]1ccn(CCCCCCO)c1.[Cl-],imidazolium,inorganics,2.934498451243568
PkdJY,CCn1cc[n+](CC)c1.O=S(=O)([N-]S(=O)(=O)C(F)(F)F)C(F)(F)F,imidazolium,bistriflamides,1.4882686154954599
PonIy,CCCCCC[N+]1(C)CCOCC1.N#C[N-]C#N,morpholinium,amides,2.7168377232995247
PonbR,CCCCCC[N+](CCCCCC)=C(N(C)C)N(C)C.N#C[N-]C#N,guanidinium,amides,2.346352974450639
PpitK,CC[NH3+].CC(O)C(=O)[O-],ammonium,carboxylates,2.904715545278681
PrkdK,C[n+]1ccn(CCc2ccccc2)c1.O=S(=O)([N-]S(=O)(=O)C(F)(F)F)C(F)(F)F,imidazolium,bistriflamides,2.271841606536499
PwPeE,CCCC[N+](CCCC)(CCCC)CCCC.CCCCC(CC)COP(=O)([O-])OCC(CC)CCCC,ammonium,organic phosphates,3.295127085252191
PxHgx,CCCCCCCCCC[n+]1cc[nH]c1.O=S(=O)([N-]S(=O)(=O)C(F)(F)F)C(F)(F)F,imidazolium,bistriflamides,2.2555137128195333
QASHU,CCCCn1cc[n+](C)c1C.O=S(=O)([N-]S(=O)(=O)C(F)(F)F)C(F)(F)F,imidazolium,bistriflamides,2.00774777800074
QCitT,CC[n+]1ccn(C)c1.CCOP(=O)([O-])OCC,imidazolium,organic phosphates,2.598790506763115
QDJVK,CC[n+]1ccn(C)c1.c1nnn[n-]1,imidazolium,cyclic amides,1.641698110116073
QFHEG,CCCCCCCCCCCCCC[P+](CCCCCC)(CCCCCC)CCCCCC.O=[N+]([O-])c1cn[n-]c1,phosphonium,cyclic amides,2.8512583487190755
QGvRU,CCCCCc1cccc[n+]1CC.O=S(=O)([N-]S(=O)(=O)C(F)(F)F)C(F)(F)F,pyridinium,bistriflamides,2.036628895362161
QHlJa,CCn1cc[n+](C)c1.O=C([N-]S(=O)(=O)C(F)(F)F)C(F)(F)F,imidazolium,bistriflamides,1.403120521175818
QIDGo,CCCn1cc[n+](C)c1.O=S(=O)([N-]S(=O)(=O)C(F)(F)F)C(F)(F)F,imidazolium,bistriflamides,1.6599162000698502
QKSUz,CC[n+]1ccn(C)c1.CC(=O)[O-],imidazolium,carboxylates,2.1089031276673134
QMJQn,CCCC[N+](C)(C)CCO.O=S(=O)([N-]S(=O)(=O)C(F)(F)F)C(F)(F)F,ammonium,bistriflamides,2.17376882313665
QPbQA,C[N+]1=C(O)CCC1.CCCCCC(=O)[O-],amidium,carboxylates,0.6579159368299552
QPuDD,CC[n+]1ccn(C)c1.O=S(=O)([N-]S(=O)(=O)C(F)(F)F)C(F)(F)F,imidazolium,bistriflamides,1.5327543789924978
QRgrN,CCOCC[n+]1ccccc1.O=S(=O)([N-]S(=O)(=O)C(F)(F)F)C(F)(F)F,pyridinium,bistriflamides,1.7218106152125465
QScHF,CCC[n+]1ccccc1.N#C[N-]C#N,pyridinium,amides,1.4487063199050798
QXfTb,CCCCCCCC[N+](C)(CCCCCCCC)CCCCCCCC.CCCCC(CC)CCC(=O)[O-],ammonium,carboxylates,3.5720579899263045
QYFBr,CC(C)CC[n+]1ccn(C)c1.O=S(=O)([N-]S(=O)(=O)C(F)(F)F)C(F)(F)F,imidazolium,bistriflamides,1.8388490907372552
QcyPU,CCCC[S+]1CCCCC1.O=S(=O)([N-]S(=O)(=O)C(F)(F)F)C(F)(F)F,cyclic sulfonium,bistriflamides,2.0492180226701815
QfRHI,CC[n+]1ccn(C)c1.COS(=O)(=O)[O-],imidazolium,sulfates,1.9258275746247424
QfvwY,CC[n+]1ccn(C)c1.N#C[C-](C#N)C#N,imidazolium,methanides,1.160768561861128
QgBQT,CCCCCCCCCOC[N+](C)(C)CCO.O=S(=O)([N-]S(=O)(=O)C(F)(F)F)C(F)(F)F,ammonium,bistriflamides,2.220108088040055
QiNSN,CCCCCC[n+]1cccc(C)c1.O=S(=O)([N-]S(=O)(=O)C(F)(F)F)C(F)(F)F,pyridinium,bistriflamides,1.9294189257142926
QkVvd,CC[n+]1ccn(C)c1.CC(=O)[O-],imidazolium,carboxylates,2.146128035678238
QmlWl,CCCCCCCC[n+]1ccn(CCC#N)c1.CCCCCCCCCCOS(=O)(=O)[O-],imidazolium,sulfates,4.334453751150931
QnedH,CCCC[N+]1(C)CCCC1.O=S(=O)([N-]S(=O)(=O)C(F)(F)F)C(F)(F)F,pyrrolidinium,bistriflamides,1.8457180179666586
QssoT,C[N+](C)(CCO)CCO.CS(=O)(=O)[O-],ammonium,sulfonates,3.1746411926604483
QtCZW,CCCCCC[n+]1ccn(C)c1.COP(=O)([O-])OC,imidazolium,organic phosphates,2.60959440922522
QwWYf,C=CC[N+](C)(C)CC.N#C[N-]C#N,ammonium,amides,1.3003780648707026
QxEXj,CCCCCCCC[N+](CCCC)(CCCC)CCCC.O=S(=O)([O-])C(F)(F)F,ammonium,sulfonates,3.307496037913213
QysCr,CCn1cc[n+](C)c1.CCCCCCOS(=O)(=O)[O-],imidazolium,sulfates,2.5010592622177517
RBtvi,CCCC[n+]1ccn(C)c1.N#C[N-]C#N,imidazolium,amides,1.4913616938342726
RDDmH,CCCC[n+]1ccn(C)c1.N#C[S-],imidazolium,inorganics,1.7767011839884108
RDUwt,CCCCCCCC[N+]1(C)CCOCC1.N#C[N-]C#N,morpholinium,amides,2.824776462475546
REqMu,CCCOCC[N+]1(C)CCCC1.O=S(=O)([N-]S(=O)(=O)C(F)(F)F)C(F)(F)F,pyrrolidinium,bistriflamides,1.8394780473741983
RExez,CCCC[n+]1ccn(C)c1.O=C([O-])C(F)(F)F,imidazolium,carboxylates,1.8481891169913987
RGmFO,CCCCCCCCC=CCCCCCCCC[n+]1ccn(C)c1.O=S(=O)([N-]S(=O)(=O)C(F)(F)F)C(F)(F)F,imidazolium,bistriflamides,2.4216039268698313
RHEEF,CCCC[P+](CCCC)(CCCC)CCOCC.CS(=O)(=O)[O-],phosphonium,sulfonates,2.886490725172482
RHtkV,CCCCCC[N+](CC)(CC)CC.O=S(=O)([N-]S(=O)(=O)C(F)(F)F)C(F)(F)F,ammonium,bistriflamides,2.271841606536499
RJvYf,C=CC[N+](C)(C)CC.O=S(=O)([N-]S(=O)(=O)C(F)(F)F)C(F)(F)F,ammonium,bistriflamides,1.7671558660821804
RKetR,CCCCCC[n+]1ccc(C#N)cc1.O=S(=O)([N-]S(=O)(=O)C(F)(F)F)C(F)(F)F,pyridinium,bistriflamides,2.847572659142112
RKxjU,CC[n+]1ccn(C)c1.N#C[N-]C#N,imidazolium,amides,1.1708482036433094
RLvUh,OCC[NH2+]CCO.O=C[O-],ammonium,carboxylates,2.9777236052888476
RPnaH,CCCC[n+]1ccsc1.O=S(=O)([N-]S(=O)(=O)C(F)(F)F)C(F)(F)F,thiazolium,bistriflamides,1.954724790979063
RRHpY,CCCCCCCCCCCCCC[P+](CCCCCC)(CCCCCC)CCCCCC.O=S(=O)([N-]S(=O)(=O)C(F)(F)F)C(F)(F)F,phosphonium,bistriflamides,2.471144965160633
RVatR,CCCC[n+]1ccn(C)c1.O=S(=O)([N-]S(=O)(=O)C(F)(F)F)C(F)(F)F,imidazolium,bistriflamides,1.69284691927723
RfbyY,CCCC[n+]1ccn(C)c1.COCCOCCOS(=O)(=O)[O-],imidazolium,sulfates,3.0141003215196207
RkvIY,CCOCn1cc[n+](C)c1.O=S(=O)([N-]S(=O)(=O)C(F)(F)F)C(F)(F)F,imidazolium,bistriflamides,1.7558748556724915
RnbND,C[N+](C)(C)CCO.NCCC(=O)[O-],ammonium,carboxylates,3.706888394981618
Rtluj,Cn1cc[n+](CCO)c1.CC(=O)[O-],imidazolium,carboxylates,2.017450729510536
SAUcS,CC[n+]1ccn(C)c1.N#C[N-]C#N,imidazolium,amides,1.1172712956557642
SAzrJ,CC[n+]1ccn(CCOC)c1.O=S(=O)([N-]S(=O)(=O)C(F)(F)F)C(F)(F)F,imidazolium,bistriflamides,1.5501059993475927
SHbzK,CCCCC[P+](CC)(CC)CC.O=S(=O)([N-]S(=O)(=O)C(F)(F)F)C(F)(F)F,phosphonium,bistriflamides,1.9360107957152095
SItzc,CC[n+]1ccn(C)c1.CC(=O)[O-],imidazolium,carboxylates,2.084576277934331
SLQJl,CC[n+]1ccn(C)c1.N#C[S-],imidazolium,inorganics,1.3637999454791092
SPRVD,Cn1cc[n+](C)c1.COP(=O)([O-])OC,imidazolium,organic phosphates,2.367355921026019
SUJac,CCCCC[P+](CC)(CC)CC.O=S(=O)([N-]S(=O)(=O)C(F)(F)F)C(F)(F)F,phosphonium,bistriflamides,1.8920946026904804
SUnVi,CC[n+]1cccc(C)c1.CCOS(=O)(=O)[O-],pyridinium,sulfates,2.126239399860449
SVNCY,CCCn1cc[n+](C)c1.O=S(=O)(F)[N-]S(=O)(=O)F,imidazolium,bistriflamides,1.4756711883244296
SWJxY,CCCCCCCCn1cc[n+](C)c1.O=S(=O)([N-]S(=O)(=O)C(F)(F)F)C(F)(F)F,imidazolium,bistriflamides,1.9474337218870508
SXGeQ,COC[n+]1ccccc1.O=S(=O)([N-]S(=O)(=O)C(F)(F)F)C(F)(F)F,pyridinium,bistriflamides,1.765668554759014
SZRhC,CCCC[n+]1ccn(C)c1.O=S(=O)([N-]S(=O)(=O)C(F)(F)F)C(F)(F)F,imidazolium,bistriflamides,1.7137424784090824
SdpBx,CCCC[n+]1cccn1C.O=S(=O)([N-]S(=O)(=O)C(F)(F)F)C(F)(F)F,pyrazolium,bistriflamides,1.845098040014257
SeLaG,CCC[N+]1(C)CCCCC1.O=S(=O)(F)[N-]S(=O)(=O)F,piperidinium,bistriflamides,1.7075701760979363
SfBAl,CC[n+]1ccn(C)c1.O=S(=O)([N-]S(=O)(=O)C(F)(F)F)C(F)(F)F,imidazolium,bistriflamides,1.5351674851149442
SfKXC,CCCCCC[n+]1ccsc1.O=S(=O)([N-]S(=O)(=O)C(F)(F)F)C(F)(F)F,thiazolium,bistriflamides,2.2600713879850747
SfVvA,CCCC[n+]1ccccc1.O=S(=O)([N-]S(=O)(=O)C(F)(F)F)C(F)(F)F,pyridinium,bistriflamides,1.78710609303657
SgQrl,CCCC[P+](CCCC)(CCCC)CCC(F)(F)C(F)(F)F.N#C[N-]C#N,phosphonium,amides,2.8260748027008264
SiuMk,CCCC[N+]1(C)CCCC1.O=S(=O)([N-]S(=O)(=O)C(F)(F)C(F)(F)F)C(F)(F)C(F)(F)F,pyrrolidinium,bistriflamides,2.3979400086720375
SjSWO,CCCC[n+]1ccn(C)c1.O=S(=O)([O-])C(F)(F)F,imidazolium,sulfonates,1.8808135922807914
SkjiW,CCCCCC[n+]1ccn(C)c1.O=S(=O)([N-]S(=O)(=O)C(F)(F)F)C(F)(F)F,imidazolium,bistriflamides,1.8488047010518038
Slyri,CCCCC[n+]1ccn(C)c1.O=C([O-])O,imidazolium,carboxylates,2.035829825252828
SmYXt,CCOC[N+]1(C)CCCC1.O=S(=O)([N-]S(=O)(=O)C(F)(F)F)C(F)(F)F,pyrrolidinium,bistriflamides,1.5809249756756194
Sqqry,CCCC[n+]1cccc(C)c1.N#C[N-]C#N,pyridinium,amides,1.506505032404872
StlUb,CCCC[n+]1ccn(C)c1.O=S(=O)([N-]S(=O)(=O)C(F)(F)C(F)(F)F)C(F)(F)C(F)(F)F,imidazolium,bistriflamides,2.0170333392987803
SyDAq,Cn1cc[n+](CC#N)c1.O=S(=O)([N-]S(=O)(=O)C(F)(F)F)C(F)(F)F,imidazolium,bistriflamides,2.499687082618404
TAOYa,CC[n+]1ccn(C)c1.CCOS(=O)(=O)[O-],imidazolium,sulfates,1.9818186071706636
TBzCO,CCCn1cc[n+](C)c1C.O=S(=O)([N-]S(=O)(=O)C(F)(F)F)C(F)(F)F,imidazolium,bistriflamides,1.954724790979063
TCzhN,CCCCCCCCn1cc[n+](C)c1.O=S(=O)([N-]S(=O)(=O)C(F)(F)F)C(F)(F)F,imidazolium,bistriflamides,1.9576072870600953
TEJcS,CCCC[n+]1ccn(C)c1.O=S(=O)([N-]S(=O)(=O)C(F)(F)F)C(F)(F)F,imidazolium,bistriflamides,1.6910814921229684
THIBH,CCCC[n+]1ccn(C)c1.CC(=O)[O-],imidazolium,carboxylates,2.593286067020457
TIsTD,CCCCCCCC[N+]1(C)CCOCC1.N#C[N-]C#N,morpholinium,amides,2.824125833916549
TKQxW,CCCC[n+]1ccn(C)c1.O=S(=O)([O-])C(F)(F)F,imidazolium,sulfonates,1.9138138523837167
TOZMR,CCCCCC[n+]1ccn(C)c1.N#Cc1ccc[n-]1,imidazolium,cyclic amides,2.3783979009481375
TOwXc,C[N+](C)(C)CCO.CC(N)C(=O)[O-],ammonium,carboxylates,3.3171836295143864
TSEna,CC[n+]1ccn(C)c1.CC(=O)[O-],imidazolium,carboxylates,2.1903316981702914
TUGhX,CC[n+]1ccn(C)c1.CCOS(=O)(=O)[O-],imidazolium,sulfates,1.9876662649262746
TXAGu,CCC[N+]1(C)CCOCC1.CC(=O)NC(C)C(=O)[O-],morpholinium,carboxylates,3.549738731264899
TaAMC,COCCC[N+]1(C)CCCC1.O=S(=O)([N-]S(=O)(=O)C(F)(F)F)C(F)(F)F,pyrrolidinium,bistriflamides,1.8893017025063104
TbIdS,CCn1cc[n+](C)c1.NC(CO)C(=O)[O-],imidazolium,carboxylates,2.6138418218760693
TfYJw,CCCCCCn1c[n+](C)cn1.O=S(=O)([N-]S(=O)(=O)C(F)(F)F)C(F)(F)F,triazolium,bistriflamides,2.090963076595732
TigLo,N#CCCn1cc[n+](Cc2ccccc2)c1.N#C[S-],imidazolium,inorganics,3.346352974450639
TioDY,CCCC[NH3+].O=[N+]([O-])[O-],ammonium,inorganics,2.0354297381845483
TmGjX,COCC[N+]1(C)CCCCC1.O=S(=O)([N-]S(=O)(=O)C(F)(F)F)C(F)(F)F,piperidinium,bistriflamides,2.0111473607757975
TmILN,COCCn1cc[n+](C)c1.CCC(=O)[O-],imidazolium,carboxylates,1.8457799671118893
ToWxE,CC[n+]1ccn(C)c1.O=S(=O)([N-]S(=O)(=O)C(F)(F)F)C(F)(F)F,imidazolium,bistriflamides,1.4833019523581672
ToxWC,CCCCCC[n+]1ccn(C)c1.O=S(=O)([N-]S(=O)(=O)C(F)(F)F)C(F)(F)F,imidazolium,bistriflamides,1.8325089127062364
TplJL,CCCC[n+]1ccn(C)c1.COS(=O)(=O)[O-],imidazolium,sulfates,2.3287872003545345
TrHQV,CCCCn1cc[n+](C)c1.COP(C)(=O)[O-],imidazolium,organic phosphates,2.8808135922807914
TtGUh,CC[n+]1ccn(C)c1.O=C([O-])C(F)(F)C(F)(F)C(F)(F)C(F)(F)F,imidazolium,carboxylates,2.031408464251624
TvPlY,CCOC(=O)c1ccc[n+](CC)c1.CCOS(=O)(=O)[O-],pyridinium,sulfates,3.501470072100412
TvqhJ,CCCCCCCC[n+]1ccsc1.O=S(=O)([N-]S(=O)(=O)C(F)(F)F)C(F)(F)F,thiazolium,bistriflamides,2.3502480183341627
TwADk,CCC[N+]1(C)CCCC1.O=S(=O)([N-]S(=O)(=O)C(F)(F)F)C(F)(F)F,pyrrolidinium,bistriflamides,1.7528164311882715
TwMWw,CCCCC(CC)C[NH2+]CCN.O=C([O-])C(F)(F)F,ammonium,carboxylates,2.761927838420529
TxqkI,CCCCCC[N+]1(C)CCOCC1.CCCCCCO[PH](=O)[O-],morpholinium,organic phosphates,2.429752280002408
UBZOu,Cn1cc[n+](C)c1.O=S(=O)([N-]S(=O)(=O)C(F)(F)F)C(F)(F)F,imidazolium,bistriflamides,1.5954962218255742
UByar,CCCCCCn1cc[n+](C)c1.FC(F)(F)C(F)(F)[P-](F)(F)(F)(C(F)(F)C(F)(F)F)C(F)(F)C(F)(F)F,imidazolium,phosphates,1.9523080096621253
UGAeB,CCCCCC[P+](CCCC)(CCCC)CCCC.N#C[N-]C#N,phosphonium,amides,2.0863598306747484
UGYHh,COCC[N+]1(C)CCOCC1.O=S(=O)([N-]S(=O)(=O)C(F)(F)F)C(F)(F)F,morpholinium,bistriflamides,2.41161970596323
UHPeT,CCCOC[N+](C)(C)CCOC(C)=O.O=S(=O)([N-]S(=O)(=O)C(F)(F)F)C(F)(F)F,ammonium,bistriflamides,2.2528530309798933
UHoRA,CCOCC[N+]1(C)CCCC1.O=S(=O)([N-]S(=O)(=O)C(F)(F)F)C(F)(F)F,pyrrolidinium,bistriflamides,1.705007959333336
UJMRb,COCCCC[n+]1ccn(C)c1.CC(O)C(N)C(=O)[O-],imidazolium,carboxylates,2.6273658565927325
UKeow,CCCC[N+]1(C)CCCC1.N#C[N-]C#N,pyrrolidinium,amides,1.5434471800817002
ULFaT,CC[n+]1ccn(C)c1.N#C[N-]C#N,imidazolium,amides,1.162564406523019
ULRqG,CCCC[N+]1(C)CCCC1.CC(=O)[O-],pyrrolidinium,carboxylates,2.0293837776852097
ULYap,CCCCCOC[N+](C)(C)CCOC(C)=O.O=S(=O)([N-]S(=O)(=O)C(F)(F)F)C(F)(F)F,ammonium,bistriflamides,2.271841606536499
UPHkz,CCCC[n+]1cccc(C)c1.O=S(=O)([N-]S(=O)(=O)C(F)(F)F)C(F)(F)F,pyridinium,bistriflamides,1.8007170782823851
USgPr,CCCC[n+]1ccn(C)c1.N#C[S-],imidazolium,inorganics,1.7075701760979363
USkdg,COCCC[n+]1ccccc1.O=S(=O)([N-]S(=O)(=O)C(F)(F)F)C(F)(F)F,pyridinium,bistriflamides,1.8027737252919758
UTbxI,CCCCCC[n+]1ccn(C)c1.F[P-](F)(F)(F)(F)F,imidazolium,phosphates,2.7671558660821804
UUszf,CC[N+](C)(C)CCOC.O=S(=O)([N-]S(=O)(=O)C(F)(F)F)C(F)(F)F,ammonium,bistriflamides,1.7888751157754168
UYLuH,Cc1cccc[nH+]1.O=S(=O)([N-]S(=O)(=O)C(F)(F)F)C(F)(F)F,pyridinium,bistriflamides,1.7535830588929067
UhGaI,C[N+]1(CCO)CCCC1.O=S(=O)([N-]S(=O)(=O)C(F)(F)F)C(F)(F)F,pyrrolidinium,bistriflamides,1.9934362304976116
UhoWh,CCCC[n+]1ccn(C)c1.N#C[S-],imidazolium,inorganics,1.7239479764316434
UkGzD,N#CCCC[n+]1ccccc1.O=S(=O)([N-]S(=O)(=O)C(F)(F)F)C(F)(F)F,pyridinium,bistriflamides,2.611723308007342
Ulfvb,CCCC[n+]1ccn(C)c1.F[P-](F)(F)(F)(F)F,imidazolium,phosphates,2.292256071356476
Unhab,CCCC[NH3+].O=C[O-],ammonium,carboxylates,2.0827853703164503
Uozyw,CCCn1cc[n+](C)c1C.O=S(=O)([N-]S(=O)(=O)C(F)(F)F)C(F)(F)F,imidazolium,bistriflamides,1.9675479762188621
UzYIP,CCCCCCCCCCOC[N+](C)(C)CCOC(C)=O.O=S(=O)([N-]S(=O)(=O)C(F)(F)F)C(F)(F)F,ammonium,bistriflamides,2.399673721481038
VBDee,CCCC[n+]1ccn(C(CC)CC)c1.O=S(=O)([N-]S(=O)(=O)C(F)(F)F)C(F)(F)F,imidazolium,bistriflamides,2.0726174765452368
VDTOY,CCCCn1c[n+](CCCCS(=O)(=O)O)cn1.O=S(=O)([O-])C(F)(F)F,triazolium,sulfonates,1.9962489145691322
VJoKl,CCCC[n+]1ccn(C)c1.O=S(=O)([N-]S(=O)(=O)C(F)(F)F)C(F)(F)F,imidazolium,bistriflamides,1.6989700043360187
VKFQz,CCCCCCCCCCCOC[N+](C)(C)CCO.O=S(=O)([N-]S(=O)(=O)C(F)(F)F)C(F)(F)F,ammonium,bistriflamides,2.3010299956639813
VLXgY,C[n+]1ccn(CCC(F)(F)C(F)(F)F)c1.O=S(=O)([N-]S(=O)(=O)C(F)(F)F)C(F)(F)F,imidazolium,bistriflamides,2.6009728956867484
VLiox,CCCC[n+]1cscc1C.O=S(=O)([N-]S(=O)(=O)C(F)(F)F)C(F)(F)F,thiazolium,bistriflamides,2.0437551269686796
VNibq,CC[S+](C)CC.O=S(=O)([N-]S(=O)(=O)C(F)(F)F)C(F)(F)F,sulfonium,bistriflamides,1.6097011023793995
VSZDf,CC[n+]1ccn(C)c1.CCOS(=O)(=O)[O-],imidazolium,sulfates,2.0017337128090005
Vgrek,CCCC[n+]1ccc(C)cc1.N#C[S-],pyridinium,inorganics,1.9344984512435677
VkqxO,CC[N+]1(C)CCCC1.CC(=O)[O-],pyrrolidinium,carboxylates,2.380211241711606
VlGxl,CCCC[N+]1(C)CCCC1.N#C[S-],pyrrolidinium,inorganics,2.0394141191761372
VmCVd,CCC[n+]1cn(C)cn1.O=[N+]([O-])[O-],triazolium,inorganics,2.3483048630481607
VmYft,CCCC[N+]1(C)CCCC1.O=S(=O)([N-]S(=O)(=O)C(F)(F)F)C(F)(F)F,pyrrolidinium,bistriflamides,1.8331471119127851
VmYpX,Cn1cc[n+](CCCCC#N)c1.[Cl-],imidazolium,inorganics,3.716003343634799
VnLml,CCCC[P+](CC)(CCCC)CCCC.CCCC(=O)[O-],phosphonium,carboxylates,2.1903316981702914
VoIFj,CCCCCCCC[n+]1ccn(C)c1.F[P-](F)(F)(F)(F)F,imidazolium,phosphates,2.8512583487190755
VoryF,CCCCC[S+]1CCCC1.O=S(=O)([N-]S(=O)(=O)C(F)(F)F)C(F)(F)F,cyclic sulfonium,bistriflamides,1.9595183769729982
VqhIu,COCC[N+]1(C)CCCC1.O=S(=O)([N-]S(=O)(=O)C(F)(F)F)C(F)(F)F,pyrrolidinium,bistriflamides,1.7363965022766426
VuOYD,CC[NH3+].O=[N+]([O-])[O-],ammonium,inorganics,1.5376931943673908
VuazU,CCCOCC[n+]1ccccc1.O=S(=O)([N-]S(=O)(=O)C(F)(F)F)C(F)(F)F,pyridinium,bistriflamides,1.792391689498254
VxBlp,CCC[N+]1(C)CCCC1.O=S(=O)([N-]S(=O)(=O)C(F)(F)F)C(F)(F)F,pyrrolidinium,bistriflamides,1.8444771757456815
VyeiQ,CCCCCCCC[P+](CC)(CC)CC.Brc1cccc2[n-]ncc12,phosphonium,cyclic amides,3.003509780882299
VzvKT,CCCC[n+]1ccn(C)c1.O=S(=O)([O-])O,imidazolium,sulfates,2.550228353055094
WAREM,COCC[n+]1ccn(C)c1.CC(O)C(N)C(=O)[O-],imidazolium,carboxylates,2.9542425094393248
WCKGi,C[n+]1ccn(CCO)c1.FC(F)(F)C(F)(F)[P-](F)(F)(F)(C(F)(F)C(F)(F)F)C(F)(F)C(F)(F)F,imidazolium,phosphates,2.311753861055754
WELMu,CC[n+]1ccn(C)c1.CCOP(=O)([O-])OCC,imidazolium,organic phosphates,2.6127838567197355
WGNyB,CCCC[N+]1(C)CCCCC1.CCCCO[PH](=O)[O-],piperidinium,organic phosphates,2.0530784434834195
WGOOR,CC[n+]1ccn(C)c1.N#C[N-]C#N,imidazolium,amides,1.123524980942732
WGnXE,CCC[N+]1(C)CCCC1.O=S(=O)([N-]S(=O)(=O)C(F)(F)F)C(F)(F)F,pyrrolidinium,bistriflamides,1.7323937598229686
WLUeu,CCCn1cc[n+](C)c1C.O=S(=O)([N-]S(=O)(=O)C(F)(F)F)C(F)(F)F,imidazolium,bistriflamides,1.7781512503836436
WLgAI,CCCC[n+]1ccn(C)c1.O=C([O-])C(F)(F)F,imidazolium,carboxylates,2.621176281775035
WTJmN,CCCCCCCCn1cc[n+](CCC#N)c1.O=C([O-])c1cccc(S(=O)(=O)O)c1,imidazolium,carboxylates,4.158362492095249
WUdsh,C[N+](C)(C)CCCC(=O)O.O=S(=O)([N-]S(=O)(=O)C(F)(F)F)C(F)(F)F,ammonium,bistriflamides,3.2430380486862944
WUgRj,CCCC[N+]1(C)CCCC1.O=S(=O)([N-]S(=O)(=O)C(F)(F)F)C(F)(F)F,pyrrolidinium,bistriflamides,1.845098040014257
WYcVG,CCCC[N+]1(C)CCCC1.FC(F)(F)C(F)(F)[P-](F)(F)(F)(C(F)(F)C(F)(F)F)C(F)(F)C(F)(F)F,pyrrolidinium,phosphates,2.3443922736851106
WdAns,CCCCCCCCCCCCCC[P+](CCCCCC)(CCCCCC)CCCCCC.CS(=O)(=O)[O-],phosphonium,sulfonates,3.1396902216529226
WdeXv,CC[n+]1ccn(C)c1.N#C[S-],imidazolium,inorganics,1.3729120029701065
WeZho,CN(C)C(=[NH2+])N(C)C.O=S(=O)([N-]S(=O)(=O)C(F)(F)C(F)(F)F)C(F)(F)C(F)(F)F,guanidinium,bistriflamides,2.380211241711606
WgJNs,Cn1cc[n+](C(C)(C)C)c1.O=S(=O)([N-]S(=O)(=O)C(F)(F)F)C(F)(F)F,imidazolium,bistriflamides,2.0827853703164503
WiZHH,CCCC[n+]1ccccc1.O=S(=O)([O-])C(F)(F)F,pyridinium,sulfonates,2.103803720955957
WjFxG,CC[n+]1ccn(C)c1.O=S(=O)([O-])C(F)(F)F,imidazolium,sulfonates,1.6414741105040995
WkFgU,C[N+](C)(C)CCO.CCCC(=O)[O-],ammonium,carboxylates,2.8000293592441343
WkhOP,CCCCCCCCn1cc[n+](C)c1.N#C[C-](C#N)C#N,imidazolium,methanides,1.7781512503836436
WlsAm,CCCCCCCC[N+]1(C)CCOCC1.CC(=O)NC(C)C(=O)[O-],morpholinium,carboxylates,4.396199347095736
Wmyqh,C[N+]1=C(O)CCC1.O=C[O-],amidium,carboxylates,0.3457656931144881
WnomS,C[n+]1ccn(CCC(F)(F)C(F)(F)C(F)(F)C(F)(F)C(F)(F)C(F)(F)F)c1.CC(=O)[O-],imidazolium,carboxylates,3.863322860120456
WoJZF,CCCCCC[n+]1ccn(C)c1.N#C[N-]C#N,imidazolium,amides,1.6609602917760835
WokEQ,CCCCCC[n+]1ccn(C)c1.F[P-](F)(F)(F)(F)F,imidazolium,phosphates,2.785329835010767
WonvK,CCCC[n+]1ccn(C)c1.CC(=O)[O-],imidazolium,carboxylates,2.651278013998144
Wriwa,CC[n+]1ccn(C)c1.O=S(=O)([N-]S(=O)(=O)C(F)(F)F)C(F)(F)F,imidazolium,bistriflamides,1.4871383754771865
XBPff,CCCC[n+]1ccn(C)c1.F[P-](F)(F)(F)(F)F,imidazolium,phosphates,2.3944516808262164
XBkxl,CCCCCC[n+]1ccn(C)c1.O=S(=O)([N-]S(=O)(=O)C(F)(F)F)C(F)(F)F,imidazolium,bistriflamides,1.8463366714932412
XEktX,COCC[N+]1(C)CCCCC1.FC(F)(F)C(F)(F)[P-](F)(F)(F)(C(F)(F)C(F)(F)F)C(F)(F)C(F)(F)F,piperidinium,phosphates,2.287577809078705
XIGoh,CC[NH3+].CCC(=O)[O-],ammonium,carboxylates,1.8750612633917
XNdDC,CC[n+]1cccc(C)c1.O=S(=O)([N-]S(=O)(=O)C(F)(F)F)C(F)(F)F,pyridinium,bistriflamides,1.5919545550467356
XQIUN,CCCC[n+]1ccn(CCC#N)c1.O=S(=O)([O-])c1ccccc1,imidazolium,sulfonates,3.4396484295634737
XRhDX,CC[n+]1ccn(C)c1.CCOS(=O)(=O)[O-],imidazolium,sulfates,1.9945610113855967
XSnMr,CCCCCC[n+]1ccn(CCC#N)c1.O=C([O-])c1cccc(S(=O)(=O)O)c1,imidazolium,carboxylates,4.060697840353612
XTmOx,CC[NH+]=C(N(C)C)N(C)C.O=S(=O)([N-]S(=O)(=O)C(F)(F)F)C(F)(F)F,guanidinium,bistriflamides,1.7701152947871017
XXhss,CCCCCCCCCCCCCC[P+](CCCCCC)(CCCCCC)CCCCCC.O=S(=O)([N-]S(=O)(=O)C(F)(F)F)C(F)(F)F,phosphonium,bistriflamides,2.526339277389844
XcuNT,CCCCO[n+]1ccn(CCCC)c1.[Br-],imidazolium,inorganics,2.7403626894942437
XeyQp,CCCCCCCCn1cc[n+](C)c1.O=S(=O)([N-]S(=O)(=O)C(F)(F)F)C(F)(F)F,imidazolium,bistriflamides,1.9561684304753633
XgOdq,CCC[N+]1(C)CCCC1.N#C[N-]C#N,pyrrolidinium,amides,1.4771212547196624
XhCru,C1CC[NH2+]C1.O=[N+]([O-])[O-],pyrrolidinium,inorganics,0.7160033436347992
XhJUU,CC(C)n1cc[n+](C)c1.O=S(=O)(F)[N-]S(=O)(=O)F,imidazolium,bistriflamides,1.421603926869831
XlsGS,CC[n+]1ccn(C)c1.CCOS(=O)(=O)[O-],imidazolium,sulfates,1.9876662649262746
XmjuV,CC[NH+](CC)CC.COc1cc(C=CC(=O)[O-])ccc1O,ammonium,carboxylates,-0.36653154442041347
XqUkR,CCCC[N+]1(C)CCCC1.N#C[C-](C#N)C#N,pyrrolidinium,methanides,1.462397997898956
XqvAw,CCCCCCCC[P+](CCCC)(CCCC)CCCC.CC(=O)C=C(C)[O-],phosphonium,carboanions,2.60959440922522
XrVum,CC(C(O)c1ccccc1)[N+](C)(C)C.O=S(=O)([N-]S(=O)(=O)C(F)(F)F)C(F)(F)F,ammonium,bistriflamides,2.6830470382388496
XrXRk,Cn1cc[n+](CCCC#N)c1.N#C[N-]C#N,imidazolium,amides,2.2013971243204513
XxMSJ,CCCCCn1cc[n+](CCCC)c1.O=S(=O)([N-]S(=O)(=O)C(F)(F)F)C(F)(F)F,imidazolium,bistriflamides,1.8802417758954804
XzzaF,CCCCCCCC[N+](CC)(CC)CC.O=S(=O)([N-]S(=O)(=O)C(F)(F)F)C(F)(F)F,ammonium,bistriflamides,2.3443922736851106
YAYAq,CN(C)C(=[NH2+])N(C)C.CCCCCC(=O)[O-],guanidinium,carboxylates,3.000434077479319
YAlGY,CCCCCCC[N+](CC)(CC)CC.O=S(=O)([N-]S(=O)(=O)C(F)(F)F)C(F)(F)F,ammonium,bistriflamides,1.8779469516291882
YCmBY,C[N+]1=C(O)CCC1.CCCCC(=O)[O-],amidium,carboxylates,0.5921767573958668
YGGtS,CCCCC[n+]1ccn(C)c1.N#C[S-],imidazolium,inorganics,1.972665592266111
YJkxk,CCC[N+]1(C)CCCCC1.O=S(=O)([N-]S(=O)(=O)C(F)(F)F)C(F)(F)F,piperidinium,bistriflamides,2.1684974835230326
YKFGW,CCCCCCC[N+](CC)(C(C)C)C(C)C.O=S(=O)([N-]S(=O)(=O)C(F)(F)F)C(F)(F)F,ammonium,bistriflamides,2.558708570533166
YMUNu,CCCCCCC[n+]1ccn(C)c1.O=S(=O)([N-]S(=O)(=O)C(F)(F)F)C(F)(F)F,imidazolium,bistriflamides,1.9138138523837167
YNEpO,CC[NH3+].O=[N+]([O-])[O-],ammonium,inorganics,1.5998830720736879
YQDXi,CCCC[n+]1ccn(C)c1.N#C[N-]C#N,imidazolium,amides,1.5024271199844328
YQFuW,Cn1cc[n+](Cc2ccccc2)c1.O=S(=O)([N-]S(=O)(=O)C(F)(F)F)C(F)(F)F,imidazolium,bistriflamides,2.089905111439398
YRIUw,CCCCCC[NH+](CCCCCC)CCCCCC.CCCC(=O)[O-],ammonium,carboxylates,1.0606978403536116
YRIeE,CCCC[n+]1ccn(C)c1.CC(=O)[O-],imidazolium,carboxylates,2.574031267727719
YUOpp,C[N+](CCO)(CCO)CCO.O=S(=O)([N-]S(=O)(=O)C(F)(F)F)C(F)(F)F,ammonium,bistriflamides,2.7551122663950713
YXgaf,CCCCCC[N+]1(C)CCOCC1.O=S(=O)(F)[N-]S(=O)(=O)F,morpholinium,bistriflamides,2.568201724066995
YYhmA,CCCC[N+]1(C)CCCC1.N#C[N-]S(=O)(=O)C(F)(F)F,pyrrolidinium,bistriflamides,1.6618126855372612
YZjnK,C[N+](C)(C)CCO.CC(N)C(=O)[O-],ammonium,carboxylates,2.8543060418010806
Ygfbr,CCCCCC[n+]1ccn(C)c1.O=S(=O)([N-]S(=O)(=O)C(F)(F)F)C(F)(F)F,imidazolium,bistriflamides,1.8325089127062364
YihQc,C[n+]1ccn(CCO)c1.CCC(=O)[O-],imidazolium,carboxylates,2.1878026387184195
YjLmQ,CCCCn1cc[n+](CCC#N)c1.N#C[S-],imidazolium,inorganics,2.4171394097273255
YjnWI,CC[n+]1ccn(C)c1.O=S(=O)([N-]S(=O)(=O)C(F)(F)F)C(F)(F)F,imidazolium,bistriflamides,1.5185139398778875
YluOJ,CCCCCCCCCCCCCC[P+](CCCCCC)(CCCCCC)CCCCCC.O=C([O-])C(F)(F)C(F)(F)C(F)(F)C(F)(F)C(F)(F)C(F)(F)C(F)(F)C(F)(F)F,phosphonium,carboxylates,2.7371926427047373
YmaEu,CCCC[n+]1ccn(C)c1C.CC(N)C(=O)[O-],imidazolium,carboxylates,2.428134794028789
YsjwZ,CCCC[n+]1ccn(C)c1.N#C[S-],imidazolium,inorganics,1.7965743332104296
YvgJQ,CCC(O)=[N+](C)C.O=S(=O)([N-]S(=O)(=O)C(F)(F)F)C(F)(F)F,amidium,bistriflamides,2.0707764628434346
YwcTs,CCCCCCC[n+]1ccn(C)c1.N#C[C-](C#N)C#N,imidazolium,methanides,1.6894864483642478
ZDCBc,CCCCCCCC[n+]1ccn(C)c1.F[P-](F)(F)(F)(F)F,imidazolium,phosphates,2.780317312140151
ZFIlj,CCCCCCCCn1cc[n+](C)c1.O=S(=O)([N-]S(=O)(=O)C(F)(F)F)C(F)(F)F,imidazolium,bistriflamides,2.0
ZKcyT,CCCC[P+](CCCC)(CCCC)CCCC.NCCCCC(N)C(=O)[O-],phosphonium,carboxylates,2.8692317197309762
ZLqYx,CCCC[P+](CCCC)(CCCC)CCCC.O=C([O-])c1ccco1,phosphonium,carboxylates,2.9822712330395684
ZMOAl,CCCCn1cc[n+](C)c1C.FC(F)(F)C(F)(F)[P-](F)(F)(F)(C(F)(F)C(F)(F)F)C(F)(F)C(F)(F)F,imidazolium,phosphates,2.1878026387184195
ZMiZY,CCCCCCCCCCCCCC[P+](CCCCCC)(CCCCCC)CCCCCC.O=S(=O)([O-])C(F)(F)C(F)(F)C(F)(F)C(F)(F)C(F)(F)C(F)(F)C(F)(F)C(F)(F)F,phosphonium,sulfonates,3.3031960574204886
ZNbmi,CCCC[P+](CC)(CCCC)CCCC.O=C[O-],phosphonium,carboxylates,2.3138672203691533
ZOQFg,CCOCC[n+]1ccn(C)c1.O=S(=O)([N-]S(=O)(=O)C(F)(F)F)C(F)(F)F,imidazolium,bistriflamides,1.6665179805548809
ZQMrk,CC[N+]1(C)CCOCC1.CC(=O)NC(C)C(=O)[O-],morpholinium,carboxylates,3.496514518697745
ZRbTk,COCC[N+]1(C)CCCC1.O=S(=O)([N-]S(=O)(=O)C(F)(F)F)C(F)(F)F,pyrrolidinium,bistriflamides,1.7299742856995555
ZZBRL,CCCCCCCC[N+](CC)(CC)CC.O=S(=O)([N-]S(=O)(=O)C(F)(F)F)C(F)(F)F,ammonium,bistriflamides,2.305351369446624
ZdOqH,OCC[NH2+]c1ccccc1.CCC(=O)[O-],ammonium,carboxylates,1.3404441148401183
ZdXjD,CC[n+]1ccn(C)c1.O=S(=O)(F)[N-]S(=O)(=O)F,imidazolium,bistriflamides,1.2833012287035497
ZebHp,CCCCCC[N+](CC)(CC)CC.O=S(=O)([N-]S(=O)(=O)C(F)(F)F)C(F)(F)F,ammonium,bistriflamides,2.2227164711475833
ZeqMz,CCCCCC[n+]1cccc(C)c1.O=S(=O)([N-]S(=O)(=O)C(F)(F)F)C(F)(F)F,pyridinium,bistriflamides,1.9375178920173466
ZhQWZ,CCCCn1cc[n+](C)c1.FC(F)(F)C(F)(F)[P-](F)(F)(F)(C(F)(F)C(F)(F)F)C(F)(F)C(F)(F)F,imidazolium,phosphates,1.8912960798685603
ZoUqS,CC[n+]1ccn(C)c1.O=S(=O)([O-])C(F)(F)F,imidazolium,sulfonates,1.606381365110605
ZqWev,CCCC[N+](C)(C)C.O=S(=O)([N-]S(=O)(=O)C(F)(F)F)C(F)(F)F,ammonium,bistriflamides,2.009450895798694
ZtIol,CCCCCn1cc[n+](C)c1.FC(F)(F)C(F)(F)[P-](F)(F)(F)(C(F)(F)C(F)(F)F)C(F)(F)C(F)(F)F,imidazolium,phosphates,2.123851640967086
ZvIWX,CCCC[N+](C)(CCCC)CCCC.CC(O)C(N)C(=O)[O-],ammonium,carboxylates,3.9242792860618816
ZvyVa,CCCC[N+]1(C)CCCC1.O=S(=O)(F)[N-]S(=O)(=O)F,pyrrolidinium,bistriflamides,1.9344984512435677
ZwQpB,CCCC[P+](CC)(CCCC)CCCC.CCCCCC(=O)[O-],phosphonium,carboxylates,2.2764618041732443
ZyLDz,CCCC[n+]1ccn(C)c1.N#C[N-]C#N,imidazolium,amides,1.4548448600085102
aANgb,CCCC[N+](C)(C)C.O=S(=O)([N-]S(=O)(=O)C(F)(F)F)C(F)(F)F,ammonium,bistriflamides,2.0170333392987803
aGwja,CCCn1cc[n+](C)c1.O=S(=O)([N-]S(=O)(=O)C(F)(F)F)C(F)(F)F,imidazolium,bistriflamides,1.640481436970422
aHvpY,CCCCCCCCCCCCCC[P+](CCCCCC)(CCCCCC)CCCCCC.CCCCCCCCCC(=O)[O-],phosphonium,carboxylates,2.673941998634088
aIZjX,C[NH2+]CCO.CC(=O)[O-],ammonium,carboxylates,2.0257153839013404
aJKpQ,COC(=O)C([NH3+])Cc1ccccc1.O=S(=O)([N-]S(=O)(=O)C(F)(F)C(F)(F)F)C(F)(F)C(F)(F)F,ammonium,bistriflamides,4.217483944213907
aJQVm,CCCC[n+]1ccn(C)c1.N#C[S-],imidazolium,inorganics,1.7937903846908188
aMAYh,CC[n+]1ccn(C)c1.O=S(=O)([N-]S(=O)(=O)C(F)(F)F)C(F)(F)F,imidazolium,bistriflamides,1.513217600067939
aMtQP,CCCCCC[n+]1ccn(C)c1.c1nnn[n-]1,imidazolium,cyclic amides,2.584331224367531
aQDXE,CCCCCOC[N+](C)(C)CCO.O=S(=O)([N-]S(=O)(=O)C(F)(F)F)C(F)(F)F,ammonium,bistriflamides,2.0
aViFG,OCCC[n+]1ccccc1.N#C[C-](C#N)C#N,pyridinium,methanides,1.9661417327390327
aZvQA,CCCCCC[n+]1cc(C)cc(C)c1C.O=S(=O)([N-]S(=O)(=O)C(F)(F)F)C(F)(F)F,pyridinium,bistriflamides,2.2405492482826
abwlv,CCCCCCCC[P+](CCCC)(CCCC)CCCC.O=S(=O)([N-]S(=O)(=O)C(F)(F)F)C(F)(F)F,phosphonium,bistriflamides,2.424881636631067
aiCBP,Cn1cc[n+](C)c1.COS(=O)(=O)[O-],imidazolium,sulfates,1.8555191556678001
ajafs,C[N+]1=C(O)CCC1.CC(=O)[O-],amidium,carboxylates,0.4186326873540655
alyvC,CCCC[n+]1ccn(C)c1.O=S(=O)([O-])C(F)(F)F,imidazolium,sulfonates,1.9527924430440922
aowsV,CC[NH+](C)C.CC(=O)[O-],ammonium,carboxylates,1.146128035678238
apATL,CC[n+]1ccn(C)c1.N#C[N-]C#N,imidazolium,amides,1.173186268412274
areEO,CCCCCCCCCCCn1cc[n+](C)c1.O=S(=O)([N-]S(=O)(=O)C(F)(F)F)C(F)(F)F,imidazolium,bistriflamides,2.1398790864012365
asayg,CCCC[n+]1ccn(C)c1.O=S(=O)([N-]S(=O)(=O)C(F)(F)F)C(F)(F)F,imidazolium,bistriflamides,1.705007959333336
astaW,CC[n+]1ccn(C)c1.O=S(=O)([N-]S(=O)(=O)C(F)(F)F)C(F)(F)F,imidazolium,bistriflamides,1.5622928644564746
avMjl,CCCC[N+]1(C)CCCC1.FC(F)(F)C(F)(F)[P-](F)(F)(F)(C(F)(F)C(F)(F)F)C(F)(F)C(F)(F)F,pyrrolidinium,phosphates,2.45178643552429
aymBc,CCCCCCCC[NH+](CCCCCCCC)CCCCCCCC.O=C([O-])CCCCCCCCC(=O)O,ammonium,carboxylates,3.3930484664167784
bBmvW,CCCC[n+]1ccn(C)c1.[I-],imidazolium,inorganics,2.6020599913279625
bBxSW,CCCCCC[n+]1ccc2ccccc2c1.N#C[S-],quinlolinium,inorganics,2.8750612633917
bCeGH,CC[NH+](CC)CC.O=P([O-])(O)O,ammonium,organic phosphates,1.808210972924222
bDEDE,C[NH+](C)C.O=P([O-])(O)O,ammonium,organic phosphates,0.8830933585756899
bEUyY,CCCC[P+](CC)(CCCC)CCCC.CCCCCCCCCCCCCCCCC(=O)[O-],phosphonium,carboxylates,2.499687082618404
bHjCs,CCCC[n+]1ccn(C)c1.F[P-](F)(F)(F)(F)F,imidazolium,phosphates,2.5943925503754266
bLsmR,CCCCCCCCCCCCOC[N+](C)(C)CCOC(C)=O.O=S(=O)([N-]S(=O)(=O)C(F)(F)F)C(F)(F)F,ammonium,bistriflamides,2.4668676203541096
bMnHQ,CC[n+]1ccn(C)c1.O=S(=O)([N-]S(=O)(=O)C(F)(F)F)C(F)(F)F,imidazolium,bistriflamides,1.513217600067939
bOGDU,CN1CCCN2CCC[NH+]=C12.O=S(=O)([N-]S(=O)(=O)C(F)(F)C(F)(F)F)C(F)(F)C(F)(F)F,guanidinium,bistriflamides,2.5599066250361124
bPCBu,CCCCCCCC[N+]1(C)CCCCC1.CCCCCCCCO[PH](=O)[O-],piperidinium,organic phosphates,1.5763413502057928
bRjMz,CCCC[N+](C)(C)C.O=S(=O)([N-]S(=O)(=O)C(F)(F)F)C(F)(F)F,ammonium,bistriflamides,2.0228406108765276
bSCQw,CCCC[n+]1ccn(C)c1.O=S(=O)([N-]S(=O)(=O)C(F)(F)F)C(F)(F)F,imidazolium,bistriflamides,1.665580991017953
bSluP,COCC[N+]1(C)CCCC1.FC(F)(F)C(F)(F)[P-](F)(F)(F)(C(F)(F)C(F)(F)F)C(F)(F)C(F)(F)F,pyrrolidinium,phosphates,2.044147620878723
bTSwl,CCC=C[P+](CC)(CC)CC.O=[N+]([O-])c1cn[n-]c1,phosphonium,cyclic amides,2.1271047983648077
bTahk,CCCCCn1cc[n+](C)c1.O=S(=O)([N-]S(=O)(=O)C(F)(F)F)C(F)(F)F,imidazolium,bistriflamides,1.795184589682424
bTnBx,C[NH+](C)C.O=S(=O)([O-])O,ammonium,sulfates,0.7075701760979364
bTpgd,CCCC[n+]1ccn(C)c1.O=S(=O)([N-]S(=O)(=O)C(F)(F)F)C(F)(F)F,imidazolium,bistriflamides,1.6608654780038692
bUkUm,COCCCCn1cc[n+](C)c1.CC(N)C(=O)[O-],imidazolium,carboxylates,2.256717745977487
bWZwC,CCCCCCCC[N+](CC)(CC)CC.O=S(=O)([N-]S(=O)(=O)C(F)(F)F)C(F)(F)F,ammonium,bistriflamides,2.3778524190067545
bWaIs,CCCCCC[n+]1cc[nH]c1.O=S(=O)([N-]S(=O)(=O)C(F)(F)F)C(F)(F)F,imidazolium,bistriflamides,2.037426497940624
bYRkG,CCCC[n+]1ccn(C)c1.O=C([O-])C(F)(F)F,imidazolium,carboxylates,1.723455672035186
bZbaG,CCCCOC(=O)c1ccc[n+](CCCC)c1.O=S(=O)([N-]S(=O)(=O)C(F)(F)F)C(F)(F)F,pyridinium,bistriflamides,2.725094521081469
bZscC,Cn1cc[n+](CCCCC#N)c1.F[P-](F)(F)(F)(F)F,imidazolium,phosphates,3.342422680822206
beDIV,CC[n+]1ccn(C)c1C.O=S(=O)([O-])O,imidazolium,sulfates,2.2695129442179165
bgANN,C[NH+](C)C.CC(=O)[O-],ammonium,carboxylates,0.4409090820652177
bhOSw,Cn1cc[n+](C)c1.COP(=O)([O-])OC,imidazolium,organic phosphates,2.423245873936808
bhmRV,CC[P+](CC)(CC)COCCOC.O=[N+]([O-])c1cn[n-]c1,phosphonium,cyclic amides,1.9444826721501687
bjcEQ,CC[n+]1ccn(C)c1.CCCCCCCCOS(=O)(=O)[O-],imidazolium,sulfates,2.7641761323903307
bmENk,CCCC[n+]1ccn(C)c1.NC(CO)C(=O)[O-],imidazolium,carboxylates,3.733598460961339
bmxtm,CC[n+]1ccn(C)c1.N#C[N-]C#N,imidazolium,amides,1.1702617153949575
brROg,CCCC[N+]1(C)CCCC1.O=S(=O)(F)[N-]S(=O)(=O)F,pyrrolidinium,bistriflamides,1.7134905430939424
briYN,CCCCCCC[N+](C)(C)CC.O=S(=O)([N-]S(=O)(=O)C(F)(F)F)C(F)(F)F,ammonium,bistriflamides,2.2245330626060857
btINo,CCCCCCCCn1cc[n+](C)c1.O=S(=O)([N-]S(=O)(=O)C(F)(F)F)C(F)(F)F,imidazolium,bistriflamides,1.9777236052888478
btrXE,CCCC[n+]1ccccc1.O=S(=O)([N-]S(=O)(=O)C(F)(F)F)C(F)(F)F,pyridinium,bistriflamides,1.7781512503836436
bwzFI,CC[n+]1ccn(C)c1.O=S(=O)([N-]S(=O)(=O)C(F)(F)C(F)(F)F)C(F)(F)C(F)(F)F,imidazolium,bistriflamides,1.9211660506377388
byXBF,CCCC[n+]1ccn(C)c1.F[P-](F)(F)(F)(F)F,imidazolium,phosphates,2.2380461031287955
byypk,CC[N+]1(C)CCOCC1.CCOP(=O)([O-])OCC,morpholinium,organic phosphates,3.824776462475546
bzJPY,CCCCCCCCn1cc[n+](Cc2ccc(C)cc2)c1.O=S(=O)([N-]S(=O)(=O)C(F)(F)F)C(F)(F)F,imidazolium,bistriflamides,2.444044795918076
cBphe,CCCC[N+]1(C)CCCC1.N#C[C-](C#N)C#N,pyrrolidinium,methanides,1.4683473304121573
cCteE,CCCC[n+]1ccn(C)c1.N#C[C-](C#N)C#N,imidazolium,methanides,1.462397997898956
cDPpe,CC[n+]1ccn(C)c1.CCOS(=O)(=O)[O-],imidazolium,sulfates,2.0060379549973173
cDciL,CC[n+]1ccn(C)c1.N#C[N-]C#N,imidazolium,amides,1.2065560440990295
cDubM,CCCCCC[n+]1ccn(C)c1.[Br-],imidazolium,inorganics,3.6020599913279625
cDxhd,Cn1cc[nH+]c1.CC(=O)[O-],imidazolium,carboxylates,0.7937903846908186
cKISf,CC[n+]1ccn(C)c1.N#C[S-],imidazolium,inorganics,1.398634324538392
cLrpZ,CC[NH+](CC)CC.O=S(=O)([O-])O,ammonium,sulfates,2.3710678622717363
cNBtU,CCCCCCCCCCCCCC[P+](CCCCCC)(CCCCCC)CCCCCC.FC(F)(F)C(F)(F)[P-](F)(F)(F)(C(F)(F)C(F)(F)F)C(F)(F)C(F)(F)F,phosphonium,phosphates,2.526984589130591
cRIGI,CCCC[n+]1ccc(C)cc1.O=S(=O)([N-]S(=O)(=O)C(F)(F)F)C(F)(F)F,pyridinium,bistriflamides,1.7489628612561614
cajET,CCCC[n+]1ccn(C)c1.N#C[C-](C#N)C#N,imidazolium,methanides,1.4471580313422192
ceNxw,CCCCCCCOC[N+](C)(C)CCOC(C)=O.O=S(=O)([N-]S(=O)(=O)C(F)(F)F)C(F)(F)F,ammonium,bistriflamides,2.3010299956639813
cekKt,CCCC[n+]1ccn(C)c1.O=S(=O)([N-]S(=O)(=O)C(F)(F)C(F)(F)F)C(F)(F)C(F)(F)F,imidazolium,bistriflamides,2.064083435963596
ciPad,C[n+]1ccn(CCCCCCO)c1.[Cl-],imidazolium,inorganics,2.832508912706236
cirPD,CCCCCCCCCCCC[N+](CC)(CC)CC.O=S(=O)([N-]S(=O)(=O)C(F)(F)F)C(F)(F)F,ammonium,bistriflamides,2.507855871695831
cmeUt,CCCCCCn1cc[n+](C)c1.N#C[C-](C#N)C#N,imidazolium,methanides,1.6127838567197355
cpHMy,CCCCCCCCC[n+]1ccn(C)c1.F[P-](F)(F)(F)(F)F,imidazolium,phosphates,2.9508514588885464
csemi,CCCC[N+]1(C)CCCC1.O=S(=O)([N-]S(=O)(=O)C(F)(F)F)C(F)(F)F,pyrrolidinium,bistriflamides,1.9294189257142926
cyPhl,CC[n+]1ccn(C)c1.O=S(=O)(F)[N-]S(=O)(=O)F,imidazolium,bistriflamides,1.276461804173244
dBZDA,CC[N+](C)(CC)CCOC.O=S(=O)([N-]S(=O)(=O)C(F)(F)F)C(F)(F)F,ammonium,bistriflamides,1.8512583487190752
dFuMn,CC[n+]1ccn(C)c1.O=S(=O)([O-])C(F)(F)F,imidazolium,sulfonates,1.6127838567197355
dGarE,CCCC[n+]1ccn(C)c1.N#C[N-]C#N,imidazolium,amides,1.4593924877592308
dGnJE,CCCCCC[NH2+]CCN.O=C([O-])C(F)(F)F,ammonium,carboxylates,2.5728716022004803
dHBUe,CCCC[P+](C)(CCCC)CCCC.COS(=O)(=O)[O-],phosphonium,sulfates,2.716003343634799
dHdam,CCCCCCCC[N+](C)(CCCCCCCC)CCCCCCCC.CC(=O)CCC(=O)[O-],ammonium,carboxylates,3.0081741840064264
dHkdF,CCCC[N+]1(C)CCCC1.O=S(=O)([N-]S(=O)(=O)C(F)(F)F)C(F)(F)F,pyrrolidinium,bistriflamides,1.8898617212581885
dISqn,CC[N+](C)(CCO)CCO.O=S(=O)([N-]S(=O)(=O)C(F)(F)F)C(F)(F)F,ammonium,bistriflamides,2.428134794028789
dLQji,CCCCCn1cc[n+](C)c1.O=S(=O)([N-]S(=O)(=O)C(F)(F)F)C(F)(F)F,imidazolium,bistriflamides,1.761927838420529
dPgDF,CCCCCCCC[P+](CC)(CC)CC.O=S(=O)([N-]S(=O)(=O)C(F)(F)F)C(F)(F)F,phosphonium,bistriflamides,2.0453229787866576
dQccx,Cn1cc[n+](C(C)(C)C)c1.O=S(=O)([N-]S(=O)(=O)C(F)(F)C(F)(F)F)C(F)(F)C(F)(F)F,imidazolium,bistriflamides,2.5646660642520893
dRblP,CCCC[n+]1ccn(C)c1.CC(=O)[O-],imidazolium,carboxylates,2.6857417386022635
dUKFK,CC[P+](CC)(CC)COCCOC.c1c[n-]nn1,phosphonium,cyclic amides,1.9030899869919435
dWcFk,CCC[N+]1(C)CCOCC1.N#C[N-]C#N,morpholinium,amides,2.6138418218760693
dWnXO,COCC[n+]1ccccc1.O=S(=O)([N-]S(=O)(=O)C(F)(F)F)C(F)(F)F,pyridinium,bistriflamides,1.7708520116421442
dYbPo,CCCCCCCC[n+]1ccn(C)c1.O=S(=O)([O-])C(F)(F)C(F)F,imidazolium,sulfonates,2.4456042032735974
dZgOP,CC[NH3+].O=S(=O)([O-])O,ammonium,sulfates,2.1072099696478683
dZvfE,CCn1cc[n+](Cc2ccc(C)cc2)c1.O=S(=O)([N-]S(=O)(=O)C(F)(F)F)C(F)(F)F,imidazolium,bistriflamides,2.153814864344529
dacYp,CCCCCCCCn1cc[n+](CCCCCCCC)c1.O=S(=O)([N-]S(=O)(=O)C(F)(F)F)C(F)(F)F,imidazolium,bistriflamides,2.2089785172762535
dbPuL,CCCC[P+](CCCC)(CCCC)CCCC.CC(O)C(N)C(=O)[O-],phosphonium,carboxylates,2.8692317197309762
dcCxT,CC[N+](CC)(CC)CCOC.O=S(=O)([N-]S(=O)(=O)C(F)(F)F)C(F)(F)F,ammonium,bistriflamides,1.9294189257142926
dcNrA,CCCCCC[n+]1ccn(C)c1.O=S(=O)([N-]S(=O)(=O)C(F)(F)F)C(F)(F)F,imidazolium,bistriflamides,1.8356905714924256
ddGVy,CCCC[n+]1ccn(C)c1.[O-][Cl+3]([O-])([O-])[O-],imidazolium,inorganics,2.255995726722402
dfcEB,CCCCC[N+](CC)(CC)CC.O=S(=O)([N-]S(=O)(=O)C(F)(F)F)C(F)(F)F,ammonium,bistriflamides,2.2278867046136734
dgCdt,CCCC[P+](CCCC)(CCCC)CCCC.O=S(=O)([O-])CC(O)CNC1CCCCC1,phosphonium,sulfonates,4.004321373782642
dhLoC,Cn1cc[n+](C)c1.CS(=O)(=O)[O-],imidazolium,sulfonates,1.5171958979499742
diqmL,CCCCCCCC[NH+](CCCCCCCC)CCCCCCCC.CCCC(=O)[O-],ammonium,carboxylates,1.1643528557844371
dllcq,CCn1cc[n+](C)c1.FC(F)(F)C(F)(F)[P-](F)(F)(F)(C(F)(F)C(F)(F)F)C(F)(F)C(F)(F)F,imidazolium,phosphates,1.7779420851634322
dmAeH,C[N+](C)(C)CCO.NCC(=O)[O-],ammonium,carboxylates,2.2600713879850747
dnGyh,CCOC(=O)C([NH3+])Cc1ccccc1.O=S(=O)([N-]S(=O)(=O)C(F)(F)C(F)(F)F)C(F)(F)C(F)(F)F,ammonium,bistriflamides,3.9912260756924947
dpOIE,CCCC[n+]1ccn(CCC(C)C)c1.O=S(=O)([N-]S(=O)(=O)C(F)(F)F)C(F)(F)F,imidazolium,bistriflamides,1.968482948553935
dtiSn,CCC[N+]1(C)CCCC1.O=S(=O)([N-]S(=O)(=O)C(F)(F)F)C(F)(F)F,pyrrolidinium,bistriflamides,1.7888751157754168
dvPaB,[NH3+]CCO.O=[N+]([O-])[O-],ammonium,inorganics,2.0530784434834195
eAqAf,CCCCC[N+](C)(C)CC.O=S(=O)([N-]S(=O)(=O)C(F)(F)F)C(F)(F)F,ammonium,bistriflamides,2.1058506743851435
eEjmy,C=CCn1cc[n+](CCC#N)c1.[Cl-],imidazolium,inorganics,4.243038048686294
eEuZf,CCCCCCCCCn1cc[n+](CCCCCCCCC)c1.O=S(=O)([N-]S(=O)(=O)C(F)(F)F)C(F)(F)F,imidazolium,bistriflamides,2.268343913951065
eFdOZ,CC[n+]1ccn(C)c1.NCC(=O)[O-],imidazolium,carboxylates,2.2355284469075487
eGrXR,CCCCCCCC[P+](CC)(CC)CC.O=S(=O)([N-]S(=O)(=O)C(F)(F)F)C(F)(F)F,phosphonium,bistriflamides,2.0755469613925306
eHoUF,CCCCCCCCCCCC[P+](CCCC)(CCCC)CCCC.c1c[n-]nn1,phosphonium,cyclic amides,2.6848453616444123
eHpYP,CCCC[N+]1(C)CCCC1.N#C[N-]C#N,pyrrolidinium,amides,1.6209684356442897
eIlwM,CC[n+]1ccn(C)c1.NCC(=O)[O-],imidazolium,carboxylates,2.4345689040341987
eKaws,CC[n+]1ccn(C)c1.CC(=O)[O-],imidazolium,carboxylates,2.143014800254095
eMcYk,CCCCCCCCCC[n+]1ccn(C)c1.O=S(=O)([N-]S(=O)(=O)C(F)(F)F)C(F)(F)F,imidazolium,bistriflamides,2.0461047872460387
eOKLZ,CC[n+]1ccn(C)c1.N#C[N-]C#N,imidazolium,amides,1.1538547961241978
eOaAY,CCCCOC(=O)c1ccc[n+](CCCC)c1.O=S(=O)([N-]S(=O)(=O)C(F)(F)F)C(F)(F)F,pyridinium,bistriflamides,2.725094521081469
ePfTp,CC[n+]1ccn(C)c1.CCOS(=O)(=O)[O-],imidazolium,sulfates,1.9973863843973134
eRLNu,CC[N+](C)(CC)CCOC.O=S(=O)([N-]S(=O)(=O)C(F)(F)F)C(F)(F)F,ammonium,bistriflamides,1.8561244442423004
eUJTs,CCCCCCCCCn1cc[n+](C)c1.O=S(=O)([N-]S(=O)(=O)C(F)(F)F)C(F)(F)F,imidazolium,bistriflamides,1.983175072037813
eWRki,CCCCCCCC[NH+](CCCCCCCC)CCCCCCCC.CCCCCC(=O)[O-],ammonium,carboxylates,1.3138672203691535
eWiqO,CC[N+](C)(C)CCOC(C)=O.O=S(=O)([N-]S(=O)(=O)C(F)(F)F)C(F)(F)F,ammonium,bistriflamides,2.3170181010481117
ecOqy,CC[n+]1ccn(C)c1.O=S(=O)([N-]S(=O)(=O)C(F)(F)C(F)(F)F)C(F)(F)C(F)(F)F,imidazolium,bistriflamides,1.7853298350107671
efdMW,CCCCCCCC[N+]1(C)CCCC1.CCCCCCCCO[PH](=O)[O-],pyrrolidinium,organic phosphates,1.92272545799326
efvGr,CCCC[n+]1ccn(C)c1.O=S(=O)([N-]S(=O)(=O)C(F)(F)F)C(F)(F)F,imidazolium,bistriflamides,1.6989700043360187
ehKkO,C=CC[n+]1ccn(C)c1.O=S(=O)([N-]S(=O)(=O)C(F)(F)F)C(F)(F)F,imidazolium,bistriflamides,1.503790683057181
ekIqT,CCC[N+]1(C)CCOCC1.N#C[N-]C#N,morpholinium,amides,2.603144372620182
enZKg,CCn1cc[n+](C)c1.CCCCOS(=O)(=O)[O-],imidazolium,sulfates,2.1492191126553797
esARE,CCCC[n+]1ccn(C)c1.CC(=O)[O-],imidazolium,carboxylates,2.4771212547196626
ewcWe,CC[n+]1ccn(C)c1.CCOS(=O)(=O)[O-],imidazolium,sulfates,1.990112164027651
exHwY,Cn1cc[n+](CCO)c1.O=S(=O)([N-]S(=O)(=O)C(F)(F)F)C(F)(F)F,imidazolium,bistriflamides,1.9263424466256551
ezlkW,Cn1cc[n+](CCCl)c1.N#C[N-]C#N,imidazolium,amides,2.0863598306747484
ezpiy,CCCCCCCCCCn1c[n+](C)cn1.O=S(=O)([N-]S(=O)(=O)C(F)(F)F)C(F)(F)F,triazolium,bistriflamides,2.3283796034387376
fArdR,CCn1cc[n+](C)c1.FC(F)(F)C(F)(F)[P-](F)(F)(F)(C(F)(F)C(F)(F)F)C(F)(F)C(F)(F)F,imidazolium,phosphates,1.7609499514108973
fFWsv,CCCn1cc[n+](C)c1C.O=S(=O)([N-]S(=O)(=O)C(F)(F)F)C(F)(F)F,imidazolium,bistriflamides,1.9294189257142926
fFsIf,CC[n+]1ccn(CCOC)c1.N#C[S-],imidazolium,inorganics,1.7466341989375789
fIIsJ,CC[N+]1(C)CCCC1.O=C([O-])CO,pyrrolidinium,carboxylates,2.537819095073274
fLxsI,CCCCCCCCn1cc[n+](C)c1.[Br-],imidazolium,inorganics,3.7048366062114035
fMDqr,CCCC[n+]1ccn(C)c1.F[P-](F)(F)(F)(F)F,imidazolium,phosphates,2.4471580313422194
fMkmC,CCCCCCCC[NH+](CCCCCCCC)CCCCCCCC.O=C([O-])CCCCC(=O)O,ammonium,carboxylates,3.5276299008713385
fOeBS,CCCC[P+](CCCC)(CCCC)CCCN.CC(C)C(N)C(=O)[O-],phosphonium,carboxylates,2.9057958803678687
fQyCw,CCCC[n+]1ccn(C)c1.F[P-](F)(F)(F)(F)F,imidazolium,phosphates,2.595496221825574
fREbE,C=Cc1ccc(C[N+]2(C)CCCC2)cc1.O=S(=O)([N-]S(=O)(=O)C(F)(F)F)C(F)(F)F,pyrrolidinium,bistriflamides,2.537819095073274
fRgBF,CCC[NH3+].O=C[O-],ammonium,carboxylates,1.8954225460394079
fRsPZ,CCCCn1cc[n+](C)c1C.O=S(=O)([N-]S(=O)(=O)C(F)(F)F)C(F)(F)F,imidazolium,bistriflamides,2.004751155591001
fSHbn,CCCC[N+](CCCC)(CCCC)CCCC.CCCCC(CC)COC(=O)CC(C(=O)OCC(CC)CCCC)S(=O)(=O)[O-],ammonium,sulfonates,4.08278537031645
fWQLm,CCCC[n+]1ccn(C)c1.O=S(=O)([N-]S(=O)(=O)C(F)(F)F)C(F)(F)F,imidazolium,bistriflamides,1.8388490907372552
fYhPx,CC[n+]1ccn(C)c1.CCOS(=O)(=O)[O-],imidazolium,sulfates,2.0025979807199086
fcVDa,CC[n+]1ccn(C)c1.COS(=O)(=O)[O-],imidazolium,sulfates,1.9106244048892012
fdZJR,CC[n+]1ccn(C)c1.CS(=O)(=O)[O-],imidazolium,sulfonates,2.1903316981702914
fdnnb,CCCC[n+]1ccn(C)c1.O=[N+]([O-])[O-],imidazolium,inorganics,2.3236645356081
fhbZG,CCCC[n+]1ccn(C)c1.O=S(=O)([N-]S(=O)(=O)C(F)(F)F)C(F)(F)F,imidazolium,bistriflamides,1.7102866477028908
fiiwx,CCCC[N+]1(C)CCCC1.O=S(=O)([N-]S(=O)(=O)C(F)(F)F)C(F)(F)F,pyrrolidinium,bistriflamides,1.877371345869774
floPM,CC[n+]1ccn(C)c1.N#C[S-],imidazolium,inorganics,1.3763944420372662
fnENO,CC[n+]1ccn(C)c1.O=S(=O)([N-]S(=O)(=O)C(F)(F)F)C(F)(F)F,imidazolium,bistriflamides,1.52244423350632
fqDRF,CC[NH+](C(C)C)C(C)C.O=C[O-],ammonium,carboxylates,1.255272505103306
fqSpz,C[N+](CCO)(CCO)CCO.COS(=O)(=O)[O-],ammonium,sulfates,2.8920946026904804
frZMW,CCCC[n+]1ccsc1.O=S(=O)([N-]S(=O)(=O)C(F)(F)F)C(F)(F)F,thiazolium,bistriflamides,1.975431808509263
fshAL,C[n+]1ccn(CCCc2ccccc2)c1.F[P-](F)(F)(F)(F)F,imidazolium,phosphates,3.7634279935629373
fuLxE,C=CC[n+]1ccn(CCC#N)c1.N#C[S-],imidazolium,inorganics,2.971275848738105
fwBCZ,CC[n+]1ccn(C)c1.N#C[C-](C#N)C#N,imidazolium,methanides,1.151982395457474
fxTAC,C[n+]1ccn(CCC(F)(F)C(F)(F)C(F)(F)C(F)(F)C(F)(F)C(F)(F)F)c1.O=S(=O)([N-]S(=O)(=O)C(F)(F)F)C(F)(F)F,imidazolium,bistriflamides,3.083860800866573
gADOB,OCC[n+]1ccccc1.N#C[C-](C#N)C#N,pyridinium,methanides,1.9867717342662448
gAGRW,CCCCCC[n+]1ccn(C)c1.O=S(=O)([N-]S(=O)(=O)C(F)(F)F)C(F)(F)F,imidazolium,bistriflamides,1.8543060418010806
gHDpf,CCCCn1cc[n+](C)c1C.O=S(=O)([N-]S(=O)(=O)C(F)(F)F)C(F)(F)F,imidazolium,bistriflamides,2.0253058652647704
gHWXR,Cc1cccc[nH+]1.CC(=O)[O-],pyridinium,carboxylates,0.38810120157051664
gIxYc,CCCC[P+](CCCC)(CCCC)CCCC.O=C([O-])C1CCCN1,phosphonium,carboxylates,3.229169702539101
gMNnT,CCCCCn1cc[n+](C)c1.F[P-](F)(F)(F)(F)F,imidazolium,phosphates,2.57978359661681
gNMhk,CCCCCC[n+]1ccn(C)c1.O=S(=O)([N-]S(=O)(=O)C(F)(F)F)C(F)(F)F,imidazolium,bistriflamides,1.8481891169913987
gNZYD,CCCC[n+]1cccc(C#N)c1.O=S(=O)([N-]S(=O)(=O)C(F)(F)F)C(F)(F)F,pyridinium,bistriflamides,2.9912260756924947
gQNbl,C[n+]1ccn(CCC(F)(F)C(F)(F)C(F)(F)C(F)(F)C(F)(F)C(F)(F)F)c1.O=S(=O)([N-]S(=O)(=O)C(F)(F)F)C(F)(F)F,imidazolium,bistriflamides,3.271609301378832
gRjvA,CC[n+]1ccn(C)c1.COP(=O)([O-])OC,imidazolium,organic phosphates,2.4313637641589874
gUZXY,CC[n+]1cccc(C)c1.CCOS(=O)(=O)[O-],pyridinium,sulfates,2.1262937603468943
gVEkk,CCCOC[N+](C)(C)CCO.O=S(=O)([N-]S(=O)(=O)C(F)(F)F)C(F)(F)F,ammonium,bistriflamides,1.9242792860618816
gVxgS,CCCCCC[n+]1ccn(C)c1.F[P-](F)(F)(F)(F)F,imidazolium,phosphates,2.677606952720493
gWUgW,CC[n+]1ccn(C)c1.N#C[S-],imidazolium,inorganics,1.380211241711606
gWzgv,CCCC[N+](C)(C)C(C)C.O=S(=O)([N-]S(=O)(=O)C(F)(F)F)C(F)(F)F,ammonium,bistriflamides,2.1367205671564067
gXHWc,CC[n+]1ccn(C)c1.O=C([O-])C1CCCN1,imidazolium,carboxylates,2.629409599102719
gXSUo,C[NH+](C)C.CC(=O)[O-],ammonium,carboxylates,0.4409090820652177
gZucK,CCCCCC[n+]1ccccc1.O=S(=O)([N-]S(=O)(=O)C(F)(F)F)C(F)(F)F,pyridinium,bistriflamides,1.9268567089496924
gcdYp,CCCCCCCC[P+](CC)(CC)CC.O=[N+]([O-])c1c[n-]cn1,phosphonium,cyclic amides,2.4409090820652177
ggOFg,CCCCCCCCCCCCCC[P+](CCCCCC)(CCCCCC)CCCCCC.O=S(=O)([N-]S(=O)(=O)C(F)(F)F)C(F)(F)F,phosphonium,bistriflamides,2.5024271199844326
gkiHg,CN(C)C(=[NH2+])N(C)C.c1c[n-]cn1,guanidinium,cyclic amides,0.8627275283179746
gnadZ,CC[n+]1ccccc1.N#C[N-]C#N,pyridinium,amides,1.2769211320657738
gnkBy,CCCCC[P+](CC)(CC)CC.O=S(=O)([N-]S(=O)(=O)C(F)(F)F)C(F)(F)F,phosphonium,bistriflamides,1.990782691803138
grDwi,CCCCCCC[n+]1ccn(C)c1.O=S(=O)([N-]S(=O)(=O)C(F)(F)F)C(F)(F)F,imidazolium,bistriflamides,1.8836614351536176
gsfhi,Cn1cc[n+](Cc2ccccc2)c1.COS(=O)(=O)[O-],imidazolium,sulfates,3.654850090561394
guBfm,Cn1cc[n+](CCCSCCC(F)(F)C(F)(F)C(F)(F)C(F)(F)C(F)(F)C(F)(F)C(F)(F)C(F)(F)F)c1.O=S(=O)([N-]S(=O)(=O)C(F)(F)F)C(F)(F)F,imidazolium,bistriflamides,3.158060793936605
gvJKJ,CC[n+]1ccn(C)c1.CCOS(=O)(=O)[O-],imidazolium,sulfates,1.9849771264154934
gvfwk,C[n+]1ccn(CCO)c1.FC(F)(F)C(F)(F)[P-](F)(F)(F)(C(F)(F)C(F)(F)F)C(F)(F)C(F)(F)F,imidazolium,phosphates,2.3100557377508912
gxxlU,CCCCCCn1cc[n+](C)c1.CC(=O)[O-],imidazolium,carboxylates,3.103803720955957
gyYDq,OCC[NH2+]c1ccccc1.CCCCC(=O)[O-],ammonium,carboxylates,1.530199698203082
gzJXI,CCC[N+]1(C)CCCC1.O=S(=O)([N-]S(=O)(=O)C(F)(F)F)C(F)(F)F,pyrrolidinium,bistriflamides,1.7888751157754168
hBIvD,CCCCCCCC[n+]1cccc(C)c1.O=S(=O)([N-]S(=O)(=O)C(F)(F)F)C(F)(F)F,pyridinium,bistriflamides,2.0492180226701815
hBmIj,CCCCn1cc[n+](CCCC)c1.[Br-],imidazolium,inorganics,2.787460474518415
hGHDS,CC[NH3+].O=[N+]([O-])[O-],ammonium,inorganics,1.5740312677277188
hKFAV,CCCn1cc[n+](C)c1.O=S(=O)([N-]S(=O)(=O)C(F)(F)F)C(F)(F)F,imidazolium,bistriflamides,1.598790506763115
hKNcf,C[N+]1=C(O)CCC1.CCC(=O)[O-],amidium,carboxylates,0.44731310882356823
hKSHs,CC[n+]1ccn(C)c1.CS(=O)(=O)[O-],imidazolium,sulfonates,2.2041199826559246
hKjyi,CCCCCCCCCCCCCC[P+](CCCCCC)(CCCCCC)CCCCCC.N#C[N-]C#N,phosphonium,amides,2.645422269349092
hPFpb,CCCC[n+]1ccn(C)c1.F[P-](F)(F)(F)(F)F,imidazolium,phosphates,2.2600713879850747
hSPuL,CCCCCC[n+]1cc(C)cc(C)c1.O=S(=O)([N-]S(=O)(=O)C(F)(F)F)C(F)(F)F,pyridinium,bistriflamides,2.0170333392987803
hTnOr,CC[NH3+].O=[N+]([O-])[O-],ammonium,inorganics,1.458788881710845
hXMYu,CC[NH3+].O=[N+]([O-])[O-],ammonium,inorganics,1.5852350633657752
hcQhX,CCCn1cc[n+](C)c1.O=P([O-])(O)O,imidazolium,organic phosphates,1.7916906490201179
hcaDI,Cc1cccc[nH+]1.O=C([O-])C(F)(F)F,pyridinium,carboxylates,1.4043204672217307
heWKa,C[n+]1ccccc1.COS(=O)(=O)[O-],pyridinium,sulfates,2.065206128054312
hfIlq,CC[NH2+]CC.O=S(=O)([O-])O,ammonium,sulfates,1.5327543789924978
hfJsM,CCCCn1cc[nH+]c1.O=S(=O)([N-]S(=O)(=O)C(F)(F)F)C(F)(F)F,imidazolium,bistriflamides,1.8325089127062364
hfcOS,CCCCC[n+]1ccn(C)c1.N#C[N-]C#N,imidazolium,amides,1.5612206789339438
hgpOz,CCCCCCCC[NH+](CCCCCCCC)CCCCCCCC.CCCCCCCC(=O)[O-],ammonium,carboxylates,1.3996737214810382
higgb,CCC[N+]1(C)CCCCC1.O=S(=O)([N-]S(=O)(=O)C(F)(F)F)C(F)(F)F,piperidinium,bistriflamides,2.1631613749770184
hjUaj,CCCC[n+]1ccn(C)c1.O=C([O-])c1ccccc1O,imidazolium,carboxylates,2.6127838567197355
hmiBh,CCCCCC[n+]1cc(CC)cc(CC)c1CCC.O=S(=O)([N-]S(=O)(=O)C(F)(F)F)C(F)(F)F,pyridinium,bistriflamides,2.3138672203691533
hoqBr,CCCC[n+]1ccn(C)c1.F[P-](F)(F)(F)(F)F,imidazolium,phosphates,2.3928727454020793
hqjtd,CCCCCC[n+]1ccn(C)c1.F[P-](F)(F)(F)(F)F,imidazolium,phosphates,2.6148972160331345
hsiZB,CCCC[N+]1(C)CCCC1.O=S(=O)([O-])C(F)(F)F,pyrrolidinium,sulfonates,2.2234959409623944
hwCHU,CCCC[n+]1ccn(C)c1.O=S(=O)([N-]S(=O)(=O)C(F)(F)F)C(F)(F)F,imidazolium,bistriflamides,1.6893088591236203
hxUhH,CCCCCCCCCC[n+]1ccn(C)c1.O=S(=O)([N-]S(=O)(=O)C(F)(F)F)C(F)(F)F,imidazolium,bistriflamides,2.079904467666721
iCrOb,CCCCCC[n+]1ccn(C)c1.O=[N+]([O-])[O-],imidazolium,inorganics,2.7363965022766426
iDTto,CCC[N+]1(C)CCCC1.O=S(=O)([N-]S(=O)(=O)C(F)(F)F)C(F)(F)F,pyrrolidinium,bistriflamides,1.7824726241662863
iEiGQ,CC[n+]1ccn(C)c1.O=S(=O)([N-]S(=O)(=O)C(F)(F)F)C(F)(F)F,imidazolium,bistriflamides,1.505421327583281
iEyYz,CCCCCC[NH+](CCCCCC)CCCCCC.CCCCCC(=O)[O-],ammonium,carboxylates,1.0969100130080565
iFhoO,CC[n+]1ccn(C)c1.CCOS(=O)(=O)[O-],imidazolium,sulfates,1.9628426812012425
iGNai,CCCC[n+]1ccn(C)c1.F[P-](F)(F)(F)(F)F,imidazolium,phosphates,2.407900540142635
iKDsy,CCCCCC[n+]1ccccc1.O=S(=O)([N-]S(=O)(=O)C(F)(F)F)C(F)(F)F,pyridinium,bistriflamides,1.9030899869919435
iOYQB,CCCC[n+]1ccn(C)c1.O=S(=O)([N-]S(=O)(=O)C(F)(F)F)C(F)(F)F,imidazolium,bistriflamides,1.7075701760979363
iPxuj,CCCC[N+]1(C)CCCC1.O=S(=O)([N-]S(=O)(=O)C(F)(F)F)C(F)(F)F,pyrrolidinium,bistriflamides,1.884795363948981
iQPBS,CCCCCC[n+]1ccn(C)c1.F[P-](F)(F)(F)(F)F,imidazolium,phosphates,2.649334858712142
iQyVG,CCCC[N+]1(C)CCCCC1.O=S(=O)([N-]S(=O)(=O)C(F)(F)F)C(F)(F)F,piperidinium,bistriflamides,2.2762319579218335
iSsbC,CC(C)[N+](C)(C)CCO.O=S(=O)([N-]S(=O)(=O)C(F)(F)F)C(F)(F)F,ammonium,bistriflamides,2.3242824552976926
iVfal,CCCC[P+](CC)(CCCC)CCCC.O=S(=O)([N-]S(=O)(=O)C(F)(F)F)C(F)(F)F,phosphonium,bistriflamides,2.214843848047698
iZleN,CC[N+]1(C)CCOCC1.CCO[PH](=O)[O-],morpholinium,organic phosphates,2.2095150145426308
idqdg,CCCC[n+]1ccn(C)c1.F[P-](F)(F)(F)(F)F,imidazolium,phosphates,2.437750562820388
iiAPc,CCCCCCCC[P+](CC)(CC)CC.Cc1n[n-]cc1Br,phosphonium,cyclic amides,2.4471580313422194
iioDK,CCCC[n+]1ccn(C)c1.N#C[N-]C#N,imidazolium,amides,1.4778444763387584
ijNSQ,CC[n+]1ccn(C)c1.O=S(=O)([N-]S(=O)(=O)C(F)(F)F)C(F)(F)F,imidazolium,bistriflamides,1.5211380837040362
iloHA,CCC[NH3+].CC(=O)[O-],ammonium,carboxylates,2.7972675408307164
imMJQ,CCCC[N+](C)(C)C.O=S(=O)([N-]S(=O)(=O)C(F)(F)F)C(F)(F)F,ammonium,bistriflamides,2.020775488193558
imYHI,CC[N+]1(C)CCCC1.CC(=O)CCC(=O)[O-],pyrrolidinium,carboxylates,2.1427022457376155
imcbf,CCCC[n+]1cccc(C)c1.O=S(=O)([O-])C(F)(F)F,pyridinium,sulfonates,2.103803720955957
imuhK,CCCCCCCCCCn1cc[n+](C)c1.N#C[S-],imidazolium,inorganics,2.8055008581584002
inbVS,CCCn1cc[n+](CC)c1.O=S(=O)([N-]S(=O)(=O)C(F)(F)F)C(F)(F)F,imidazolium,bistriflamides,1.6201360549737576
irLBR,C[n+]1ccn(CCC(F)(F)C(F)(F)C(F)(F)C(F)(F)F)c1.O=S(=O)([N-]S(=O)(=O)C(F)(F)F)C(F)(F)F,imidazolium,bistriflamides,2.864511081058392
iubjJ,CCCC[n+]1cccc(C)c1.O=S(=O)([N-]S(=O)(=O)C(F)(F)F)C(F)(F)F,pyridinium,bistriflamides,1.8109042806687004
iwhwI,CCCC[n+]1cccc(C)c1.N#C[N-]C#N,pyridinium,amides,1.5460488664017342
ixJbO,CCCCCCCCCCCC[P+](CCCC)(CCCC)CCCC.N#C[N-]C#N,phosphonium,amides,2.342422680822206
izdet,CCCC[n+]1ccn(C)c1.CC(=O)[O-],imidazolium,carboxylates,2.7664128471123997
jESTo,CCCC[n+]1ccn(C)c1.O=S(=O)([O-])C(F)(F)F,imidazolium,sulfonates,1.9159272116971158
jIUsu,CCCC[N+]1(C)CCCC1.O=S(=O)([N-]S(=O)(=O)C(F)(F)F)C(F)(F)F,pyrrolidinium,bistriflamides,1.8325089127062364
jIvpn,C=Cc1ccc(Cn2cc[n+](C)c2C)cc1.O=S(=O)([N-]S(=O)(=O)C(F)(F)F)C(F)(F)F,imidazolium,bistriflamides,2.785329835010767
jOjRk,COCC[N+]1(C)CCCC1.O=S(=O)([N-]S(=O)(=O)C(F)(F)F)C(F)(F)F,pyrrolidinium,bistriflamides,1.711807229041191
jOvdg,CC[n+]1ccn(C)c1.CCOS(=O)(=O)[O-],imidazolium,sulfates,1.960470777534299
jQvwB,CCCCCCCCCC[P+](CCCC)(CCCC)CCCC.O=S(=O)([N-]S(=O)(=O)C(F)(F)F)C(F)(F)F,phosphonium,bistriflamides,2.4785664955938436
jTCdW,CCCCCCc1cccc[n+]1CC.O=S(=O)([N-]S(=O)(=O)C(F)(F)F)C(F)(F)F,pyridinium,bistriflamides,2.0770043267933502
jXCYo,CC[n+]1ccn(C)c1.CC(=O)[O-],imidazolium,carboxylates,2.1571544399062814
jXPBS,CC[n+]1ccn(C)c1.N#C[C-](C#N)C#N,imidazolium,methanides,1.1766699326681496
jXwGB,C=CC[n+]1ccn(C)c1.O=S(=O)([N-]S(=O)(=O)C(F)(F)F)C(F)(F)F,imidazolium,bistriflamides,1.5352941200427705
jYRPk,CCCC[N+]1(C)CCOCC1.CC(=O)NC(C)C(=O)[O-],morpholinium,carboxylates,4.060697840353612
jajNw,CCCCCCCCCCCCCC[P+](CCCCCC)(CCCCCC)CCCCCC.CC(CC(C)(C)C)CP(=O)([O-])CC(C)CC(C)(C)C,phosphonium,organic phosphates,3.0
jbGks,CCCC[P+](CC)(CC)CC.Cc1ncc([N+](=O)[O-])[n-]1,phosphonium,cyclic amides,2.5921767573958667
jcLLs,CC[n+]1ccn(C)c1.CC(N)C(=O)[O-],imidazolium,carboxylates,2.711807229041191
jcYXP,CCCC[n+]1ccn(C)c1.F[P-](F)(F)(F)(F)F,imidazolium,phosphates,2.437750562820388
jcneG,CCCCCCCCCCCCCC[P+](CCCCCC)(CCCCCC)CCCCCC.CCCC(=O)[O-],phosphonium,carboxylates,2.399673721481038
jdanh,CC[N+](C)(C)CCO.CCOS(=O)(=O)[O-],ammonium,sulfates,3.208710019906401
jecxe,CCCCCCCC[P+](CC)(CC)CC.Brc1ccc2cn[n-]c2c1,phosphonium,cyclic amides,2.9984177605263875
jenWt,C[N+]1(CC(O)CO)CCCC1.O=S(=O)([N-]S(=O)(=O)C(F)(F)F)C(F)(F)F,pyrrolidinium,bistriflamides,3.1760912590556813
jhWrt,CCCCCC[N+](CCCCCC)(CCCCCC)CCCCCC.CCCCCCCCC=CCCCCCCCC(=O)[O-],ammonium,carboxylates,3.2105860249051563
jiJbD,CC[n+]1cccc(C)c1.O=S(=O)([N-]S(=O)(=O)C(F)(F)F)C(F)(F)F,pyridinium,bistriflamides,1.5908418347816027
jiUXx,CCCCCCCC[NH+](CCCCCCCC)CCCCCCCC.CCCC(=O)[O-],ammonium,carboxylates,1.2041199826559248
jiyxG,CCCC[n+]1ccn(C)c1.N#C[S-],imidazolium,inorganics,1.7168377232995244
jpKCS,CCC[N+](C)(CC)CC.O=S(=O)([N-]S(=O)(=O)C(F)(F)F)C(F)(F)F,ammonium,bistriflamides,1.9731278535996986
jqrGf,CC[n+]1ccc(C)cc1.O=S(=O)([N-]S(=O)(=O)C(F)(F)F)C(F)(F)F,pyridinium,bistriflamides,1.515211304327802
jrVbV,CCCC[P+](CCCC)(CCCC)CCCN.CC(C)CC(N)C(=O)[O-],phosphonium,carboxylates,3.089198366805149
jrzyK,CCCC[n+]1ccn(C)c1.O=S(=O)([N-]S(=O)(=O)C(F)(F)F)C(F)(F)F,imidazolium,bistriflamides,1.7092699609758308
jvuha,CCCC[n+]1ccn(CC)c1.O=S(=O)([N-]S(=O)(=O)C(F)(F)F)C(F)(F)F,imidazolium,bistriflamides,1.6454222693490919
jyMNc,CCCCCC[n+]1ccn(C)c1.O=S(=O)([N-]S(=O)(=O)C(F)(F)F)C(F)(F)F,imidazolium,bistriflamides,1.8407332346118068
kAfsR,CCCCCCOC[N+](C)(C)CCOC(C)=O.O=S(=O)([N-]S(=O)(=O)C(F)(F)F)C(F)(F)F,ammonium,bistriflamides,2.285557309007774
kAgYc,CCCCCCCCCC[P+](CC)(CC)CC.O=[N+]([O-])c1cn[n-]c1,phosphonium,cyclic amides,2.5118833609788744
kArgl,CCCCCC[N+](CCCC)(CCCC)CCCC.O=S(=O)([N-]S(=O)(=O)C(F)(F)F)C(F)(F)F,ammonium,bistriflamides,2.7745169657285498
kFfCG,CCCC[n+]1ccn(C)c1.O=S(=O)([N-]S(=O)(=O)C(F)(F)F)C(F)(F)F,imidazolium,bistriflamides,1.705007959333336
kGOIY,CCCC[n+]1cccc(C)c1.N#C[N-]C#N,pyridinium,amides,1.546542663478131
kGSiF,CCCCCC[P+](CCCC)(CCCC)CCCC.O=S(=O)([N-]S(=O)(=O)C(F)(F)F)C(F)(F)F,phosphonium,bistriflamides,2.4099331233312946
kGwSZ,CCCC[N+]1(C)CCCC1.FC(F)(F)C(F)(F)[P-](F)(F)(F)(C(F)(F)C(F)(F)F)C(F)(F)C(F)(F)F,pyrrolidinium,phosphates,2.322219294733919
kHZwv,CCCCCn1cc[n+](C)c1.O=S(=O)([N-]S(=O)(=O)C(F)(F)F)C(F)(F)F,imidazolium,bistriflamides,1.7701152947871017
kIPAn,CC[n+]1ccn(C)c1.CC(=O)[O-],imidazolium,carboxylates,2.2227164711475833
kKjof,CCCC[n+]1ccn(C)c1.CCCCC(CC)COC(=O)CC(C(=O)OCC(CC)CCCC)S(=O)(=O)[O-],imidazolium,sulfonates,3.5928426831311002
kLRrb,CCCCCCCOC[N+](C)(C)CCO.O=S(=O)([N-]S(=O)(=O)C(F)(F)F)C(F)(F)F,ammonium,bistriflamides,2.1271047983648077
kNnVb,CCCC[n+]1ccn(C)c1.COS(=O)(=O)[O-],imidazolium,sulfates,2.27415784926368
kNnzo,CCCC[n+]1ccn(C)c1.O=C([O-])C(F)(F)F,imidazolium,carboxylates,2.436162647040756
kOzeV,CCCC[N+]1(C)CCCC1.N#C[N-]C#N,pyrrolidinium,amides,1.5403294747908738
kRzYH,CCCC[P+](CCCC)(CCCC)CCCC.O=C([O-])C1CCCO1,phosphonium,carboxylates,2.611723308007342
kSGMB,CCCC[N+]1(C)CCCC1.O=S(=O)([N-]S(=O)(=O)C(F)(F)F)C(F)(F)F,pyrrolidinium,bistriflamides,1.8842287696326039
kSGOb,CCCCCCCCCCCCCC[P+](CCCCCC)(CCCCCC)CCCCCC.CC(CC(C)(C)C)CP(=O)([O-])CC(C)CC(C)(C)C,phosphonium,organic phosphates,3.0269416279590295
kSdxW,CCCCn1cc[n+](C)c1.FC(F)(F)C(F)(F)[P-](F)(F)(F)(C(F)(F)C(F)(F)F)C(F)(F)C(F)(F)F,imidazolium,phosphates,1.8920946026904804
kXGvj,CC[n+]1ccn(C)c1.O=S(=O)([O-])O,imidazolium,sulfates,3.211761093707362
kXkFp,CCCC[n+]1ccn(C)c1.N#C[S-],imidazolium,inorganics,1.7134905430939424
kZklM,CCCCCCCC[P+](CCCC)(CCCC)CCCC.O=C(C=C([O-])c1ccccc1)c1ccccc1,phosphonium,carboanions,2.444044795918076
kZuHY,COCCOCCOCC[n+]1ccccc1.O=S(=O)([N-]S(=O)(=O)C(F)(F)F)C(F)(F)F,pyridinium,bistriflamides,1.9561684304753633
kacjx,CC[n+]1ccn(C)c1.c1nc[n-]n1,imidazolium,cyclic amides,1.9414329598608147
kbqcW,CCCC[P+](CCCC)(CCCC)CCCC.O=C([O-])C1CCCN1,phosphonium,carboxylates,3.010723865391773
kdWMc,CCC[N+](C)(C)C(C)C.O=S(=O)([N-]S(=O)(=O)C(F)(F)F)C(F)(F)F,ammonium,bistriflamides,2.0530784434834195
kepte,C=CC[n+]1ccn(C)c1.[Cl-],imidazolium,inorganics,2.406540180433955
kgjBG,CCCCCC[n+]1ccn(C)c1.O=S(=O)([N-]S(=O)(=O)C(F)(F)F)C(F)(F)F,imidazolium,bistriflamides,1.9036325160842378
kkvbI,CCCC[P+](CCCC)(CCCC)CCCN.CC(N)C(=O)[O-],phosphonium,carboxylates,2.8305886686851442
kmRlJ,CC[n+]1cccc(C)c1.CCOS(=O)(=O)[O-],pyridinium,sulfates,2.2068258760318495
knXCl,CC[S+](CC)CC.O=S(=O)([N-]S(=O)(=O)C(F)(F)F)C(F)(F)F,sulfonium,bistriflamides,1.523226041965701
kycTx,CCCC[P+](CCCC)(CCCC)CCC(F)(F)C(F)(F)C(F)(F)C(F)(F)C(F)(F)C(F)(F)F.N#C[N-]C#N,phosphonium,amides,3.053462604925455
lAGSo,CCCCn1cc[n+](C)c1C.O=S(=O)([N-]S(=O)(=O)C(F)(F)F)C(F)(F)F,imidazolium,bistriflamides,2.0
lBECh,CCC[N+](C)(C)CCO.O=S(=O)([N-]S(=O)(=O)C(F)(F)F)C(F)(F)F,ammonium,bistriflamides,2.074816440645175
lEHeC,CCCCCCC[P+](CC)(CC)CC.O=[N+]([O-])c1cn[n-]c1,phosphonium,cyclic amides,2.3483048630481607
lGuAJ,CC[N+]1(C)CCCC1.CCOP(=O)([O-])OCC,pyrrolidinium,organic phosphates,2.4871383754771865
lHrcZ,CCCC[n+]1ccn(C)c1.O=S(=O)([N-]S(=O)(=O)C(F)(F)F)C(F)(F)F,imidazolium,bistriflamides,1.7015679850559273
lIusV,OCC[NH2+]c1ccccc1.CCCC(=O)[O-],ammonium,carboxylates,1.380211241711606
lJcLk,CCCCCC[n+]1ccn(C)c1.O=S(=O)([N-]S(=O)(=O)C(F)(F)F)C(F)(F)F,imidazolium,bistriflamides,1.8506462351830666
lJhjv,CCCCCCCCCC[n+]1ccccc1.O=S(=O)([N-]S(=O)(=O)C(F)(F)F)C(F)(F)F,pyridinium,bistriflamides,2.1815577738627865
lQzcC,CCCC[N+]1(C)CCOCC1.CCCCO[PH](=O)[O-],morpholinium,organic phosphates,2.3384564936046046
lTMdl,CCCCCCCCCCCC[N+](C)(C)Cc1ccccc1.O=S(=O)([N-]S(=O)(=O)C(F)(F)F)C(F)(F)F,ammonium,bistriflamides,3.153814864344529
lTajv,CCCC[N+]1(C)CCCCC1.O=S(=O)([N-]S(=O)(=O)C(F)(F)F)C(F)(F)F,piperidinium,bistriflamides,2.2380461031287955
lUgSC,C[N+](C)(C)CCO.CC(O)C(=O)[O-],ammonium,carboxylates,3.3636119798921444
lVPLD,CCCC[N+](C)(C)CC.O=S(=O)([N-]S(=O)(=O)C(F)(F)F)C(F)(F)F,ammonium,bistriflamides,2.002166061756508
lVuKE,CCCCCC[N+]1(C)CCOCC1.N#C[N-]C#N,morpholinium,amides,2.714329759745233
lXtKO,CCCC[n+]1ccn(C)c1.N#C[C-](C#N)C#N,imidazolium,methanides,1.445759836488631
lasdL,CC[NH3+].O=[N+]([O-])[O-],ammonium,inorganics,1.500785172917456
ldmQV,CCCC[P+](CCCC)(CCCC)CCCC.NC(CO)C(=O)[O-],phosphonium,carboxylates,3.0580462303952816
lfXcB,COCCCCn1cc[n+](C)c1.FC(F)(F)C(F)(F)[P-](F)(F)(F)(C(F)(F)C(F)(F)F)C(F)(F)C(F)(F)F,imidazolium,phosphates,2.089905111439398
lgnWN,C[n+]1ccn(CCCC#N)c1.O=S(=O)([O-])C(F)(F)F,imidazolium,sulfonates,2.7641761323903307
lhzhy,C=C[n+]1ccn(CCCCCC)c1.O=S(=O)([N-]S(=O)(=O)C(F)(F)F)C(F)(F)F,imidazolium,bistriflamides,2.0569048513364727
liPnn,CC[n+]1ccn(C)c1.O=S(=O)([O-])C(F)(F)F,imidazolium,sulfonates,1.6304278750250238
ljYlW,CCCC[N+](C)(CCCC)CCCC.NCCS(=O)(=O)[O-],ammonium,sulfonates,3.8260748027008264
llMsh,CC[n+]1ccn(C)c1.O=S(=O)([N-]S(=O)(=O)C(F)(F)F)C(F)(F)F,imidazolium,bistriflamides,1.3637470621504149
lohmX,CCCCCCCCCCCCCC[P+](CCCCCC)(CCCCCC)CCCCCC.O=S(=O)([N-]S(=O)(=O)C(F)(F)F)C(F)(F)F,phosphonium,bistriflamides,2.5272431163880884
lpIsi,CC[n+]1ccn(C)c1.O=S(=O)([N-]S(=O)(=O)C(F)(F)F)C(F)(F)F,imidazolium,bistriflamides,1.5599066250361124
lpVAo,CCCC[S+]1CCCC1.O=S(=O)([N-]S(=O)(=O)C(F)(F)F)C(F)(F)F,cyclic sulfonium,bistriflamides,2.0203612826477078
lrave,CC[n+]1ccn(C)c1.O=S(=O)([N-]S(=O)(=O)C(F)(F)F)C(F)(F)F,imidazolium,bistriflamides,1.530199698203082
lrwNU,CC[n+]1ccn(C)c1.O=S(=O)([O-])C(F)(F)F,imidazolium,sulfonates,1.654369090975286
lujik,CC[n+]1ccn(C)c1.O=S(=O)([N-]S(=O)(=O)C(F)(F)F)C(F)(F)F,imidazolium,bistriflamides,1.5024271199844328
lxGDq,CC[N+](CC)=C(N(C)C)N(C)C.O=S(=O)([N-]S(=O)(=O)C(F)(F)F)C(F)(F)F,guanidinium,bistriflamides,1.8129133566428555
mAOOP,CCCC[n+]1cccc(C)c1.O=S(=O)([N-]S(=O)(=O)C(F)(F)F)C(F)(F)F,pyridinium,bistriflamides,1.8258793490266936
mBGEi,CCCC[N+]1(C)CCCCC1.O=S(=O)([N-]S(=O)(=O)C(F)(F)F)C(F)(F)F,piperidinium,bistriflamides,2.255272505103306
mBYVH,CCCCCCCCCCCCCC[P+](CCCCCC)(CCCCCC)CCCCCC.CC(CC(C)(C)C)CP(=O)([O-])CC(C)CC(C)(C)C,phosphonium,organic phosphates,3.0017337128090005
mDFns,CCCCCCCCCn1cc[n+](C)c1.O=S(=O)([N-]S(=O)(=O)C(F)(F)F)C(F)(F)F,imidazolium,bistriflamides,2.0330214446829107
mDREI,CCCCCCCCn1cc[n+](C)c1.[Cl-],imidazolium,inorganics,4.123851640967086
mEgET,CCCCCCCCCOC[N+](C)(C)CCOC(C)=O.O=S(=O)([N-]S(=O)(=O)C(F)(F)F)C(F)(F)F,ammonium,bistriflamides,2.3654879848909
mKHsq,CCCC[N+]1(C)CCCC1.FC(F)(F)C(F)(F)[P-](F)(F)(F)(C(F)(F)C(F)(F)F)C(F)(F)C(F)(F)F,pyrrolidinium,phosphates,2.3201462861110542
mLQBR,C[N+]1(CC(O)CO)CCCC1.O=S(=O)([N-]S(=O)(=O)C(F)(F)F)C(F)(F)F,pyrrolidinium,bistriflamides,2.7267272090265724
mLvnc,CCCCn1cc[n+](C)c1C.CC(O)C(N)C(=O)[O-],imidazolium,carboxylates,2.785329835010767
mMsAR,CCCC[N+]1(C)CCOCC1.CC(=O)NC(C(=O)[O-])C(C)C,morpholinium,carboxylates,4.0
mNKNr,CCCC[n+]1ccn(C)c1.CC(=O)[O-],imidazolium,carboxylates,2.7745169657285498
mVTMT,CCCC[n+]1ccn(C)c1.CC(=O)[O-],imidazolium,carboxylates,2.6434526764861874
mZLGb,CCCCCCCCCCCC[n+]1ccn(C)c1.O=S(=O)([N-]S(=O)(=O)C(F)(F)F)C(F)(F)F,imidazolium,bistriflamides,2.1172712956557644
mZmIo,CCCC[N+](C)(CCCC)CCCC.NCCCCC(N)C(=O)[O-],ammonium,carboxylates,3.4138025167693513
mbJQV,CCCCCCCCCCCCCC[P+](CCCCCC)(CCCCCC)CCCCCC.CC(CC(C)(C)C)CP(=O)([O-])CC(C)CC(C)(C)C,phosphonium,organic phosphates,3.00987563371216
mgOnL,C[N+](C)(C)CCO.NC(CO)C(=O)[O-],ammonium,carboxylates,3.5561492642942594
mhkAV,CC[NH+](CC)CC.O=S(=O)([N-]S(=O)(=O)C(F)(F)F)C(F)(F)F,ammonium,bistriflamides,1.6879725641929568
mifKp,CCCCCCCC[n+]1ccc2ccccc2c1.N#C[S-],quinlolinium,inorganics,3.3780343224573315
mjCGE,CCCC[n+]1ccn(C)c1.N#C[S-],imidazolium,inorganics,1.7138264243805246
mkdSM,CC[n+]1ccn(C)c1.O=S(=O)([N-]S(=O)(=O)C(F)(F)F)C(F)(F)F,imidazolium,bistriflamides,1.5185139398778875
mkqmj,CCCCCC[NH2+]CCN.O=S(=O)([N-]S(=O)(=O)C(F)(F)F)C(F)(F)F,ammonium,bistriflamides,2.5327543789924976
mksyT,CC(C)n1cc[n+](C)c1.O=S(=O)([N-]S(=O)(=O)C(F)(F)F)C(F)(F)F,imidazolium,bistriflamides,1.6580113966571124
mlIVx,CCn1cc[n+](C)c1.CCCCOS(=O)(=O)[O-],imidazolium,sulfates,2.2571984261393445
mlJER,Cn1cc[n+](C)c1.COP(C)(=O)[O-],imidazolium,organic phosphates,2.5634810853944106
mnDcq,CC[N+]1(C)CCCC1.COP(=O)([O-])OC,pyrrolidinium,organic phosphates,2.2278867046136734
mqIAC,CCCCCCCC[n+]1ccn(C)c1.F[P-](F)(F)(F)(F)F,imidazolium,phosphates,2.832508912706236
mrIRV,CCCCCCCCCCCCCC[P+](CCCCCC)(CCCCCC)CCCCCC.[Cl-],phosphonium,inorganics,3.226084115975824
mszvt,CCCCCCCCCCn1cc[n+](CCCCCCCCCC)c1.O=S(=O)([N-]S(=O)(=O)C(F)(F)F)C(F)(F)F,imidazolium,bistriflamides,2.325515663363148
mvrCn,COCC[N+]1(C)CCCC1.O=S1(=O)[N-]S(=O)(=O)C(F)(F)C(F)(F)C1(F)F,pyrrolidinium,bistriflamides,2.357934847000454
mxLUq,CCCC[n+]1ccccc1.O=S(=O)([N-]S(=O)(=O)C(F)(F)F)C(F)(F)F,pyridinium,bistriflamides,1.765668554759014
nARnR,N#CCCC[n+]1ccccc1.N#C[N-]C#N,pyridinium,amides,2.1818435879447726
nBhNe,CCCCCCCCn1c[n+](C)cn1.O=S(=O)([N-]S(=O)(=O)C(F)(F)F)C(F)(F)F,triazolium,bistriflamides,2.2380461031287955
nHmJk,CC[n+]1ccn(C)c1.COS(=O)(=O)[O-],imidazolium,sulfates,1.826722520168992
nJlpm,CC[n+]1ccn(C)c1.CCOS(=O)(=O)[O-],imidazolium,sulfates,1.8750612633917
nKpvg,CCCC[n+]1ccn(C)c1.CC(=O)[O-],imidazolium,carboxylates,2.4668676203541096
nKrwh,CC[n+]1ccccc1.O=S(=O)([N-]S(=O)(=O)C(F)(F)F)C(F)(F)F,pyridinium,bistriflamides,1.5998830720736879
nMSlf,CC[n+]1ccn(C)c1.CCCCCCCCOS(=O)(=O)[O-],imidazolium,sulfates,2.7795964912578244
nMdQF,CCCCCC[n+]1ccn(C)c1.N#C[N-]C#N,imidazolium,amides,1.6803355134145632
nOOzG,CCCC[n+]1ccn(C)c1.O=S(=O)([N-]S(=O)(=O)C(F)(F)F)C(F)(F)F,imidazolium,bistriflamides,1.7126497016272113
nPIBl,Cn1cc[n+](C)c1.COS(=O)(=O)[O-],imidazolium,sulfates,1.8627275283179747
nRueM,CCCCn1cc[n+](C)c1.FC(F)(F)C(F)(F)[P-](F)(F)(F)(C(F)(F)C(F)(F)F)C(F)(F)C(F)(F)F,imidazolium,phosphates,1.8041394323353506
nSGKL,CCCCCC[n+]1ccccc1.O=S(=O)([N-]S(=O)(=O)C(F)(F)F)C(F)(F)F,pyridinium,bistriflamides,1.983175072037813
nTKBX,CC[n+]1ccccc1.O=S(=O)([N-]S(=O)(=O)C(F)(F)F)C(F)(F)F,pyridinium,bistriflamides,1.5954962218255742
nVFGn,CCCC[n+]1ccn(C)c1.N#C[C-](C#N)C#N,imidazolium,methanides,1.4440447959180762
nYcqi,CC[NH3+].O=C([O-])CO,ammonium,carboxylates,3.0791812460476247
naDln,CC[n+]1ccn(C)c1.O=S(=O)([N-]S(=O)(=O)C(F)(F)F)C(F)(F)F,imidazolium,bistriflamides,1.5108130105124962
nbpoC,CCCCCCCCn1cc[n+](C)c1.O=S(=O)([N-]S(=O)(=O)C(F)(F)F)C(F)(F)F,imidazolium,bistriflamides,1.9777236052888478
ndYMo,CCOC[N+](C)(C)CCO.O=S(=O)([N-]S(=O)(=O)C(F)(F)F)C(F)(F)F,ammonium,bistriflamides,1.863322860120456
neQGF,CCCCCCCC[P+](CC)(CC)CC.O=S(=O)([N-]S(=O)(=O)C(F)(F)C(F)(F)F)C(F)(F)C(F)(F)F,phosphonium,bistriflamides,2.342422680822206
ngBMS,[NH3+]CCO.CC(O)C(=O)[O-],ammonium,carboxylates,3.121887985103681
njFkd,CC[n+]1ccn(C)c1.CS(=O)(=O)[O-],imidazolium,sulfonates,2.2350252853746033
njmED,C[N+](C)(C)CCO.NCC(=O)[O-],ammonium,carboxylates,2.699837725867246
nmJlQ,CCCCCCCC[N+](CC)(CC)CC.O=S(=O)(F)[N-]S(=O)(=O)F,ammonium,bistriflamides,2.2895889525425965
nnGvY,Cc1ccc[n+](C)c1.COS(=O)(=O)[O-],pyridinium,sulfates,2.109240968588203
npNrV,CCCCCC[N+]1(C)CCCC1.CCCCCCO[PH](=O)[O-],pyrrolidinium,organic phosphates,2.5352941200427703
nqFqB,CCCC[P+](CC)(CCCC)CCCC.CCOP(=O)([O-])OCC,phosphonium,organic phosphates,2.500785172917456
nuVCU,CCCC[N+](CCO)(CCO)CCO.O=S(=O)([N-]S(=O)(=O)C(F)(F)F)C(F)(F)F,ammonium,bistriflamides,3.030194785356751
nvfgr,CCCC[n+]1ccn(C)c1.O=C([O-])C(F)(F)F,imidazolium,carboxylates,1.8518696007297664
nvvtc,CC[n+]1ccn(C)c1.O=S(=O)([O-])C(F)(F)F,imidazolium,sulfonates,1.6618126855372612
nxLgW,CCCCCC[n+]1ccn(C)c1.O=S(=O)([N-]S(=O)(=O)C(F)(F)F)C(F)(F)F,imidazolium,bistriflamides,1.8432327780980093
nxXEl,CCCn1cc[n+](C)c1.O=S(=O)([N-]S(=O)(=O)C(F)(F)F)C(F)(F)F,imidazolium,bistriflamides,1.6428600525844914
nyefJ,CCCCCC[n+]1cccc(C#N)c1.O=S(=O)([N-]S(=O)(=O)C(F)(F)F)C(F)(F)F,pyridinium,bistriflamides,3.04766419460156
nzGbv,CCCC[n+]1ccn(C)c1.N#C[S-],imidazolium,inorganics,1.7134905430939424
oADPq,CCCCCCCC[P+](CC)(CC)CC.O=S(=O)([N-]S(=O)(=O)C(F)(F)F)C(F)(F)F,phosphonium,bistriflamides,2.065206128054312
oCnPc,CC[n+]1ccn(C)c1.N#C[N-]C#N,imidazolium,amides,1.1169396465507557
oDrYL,CCCCC[N+]1(C)CCOCC1.N#C[N-]C#N,morpholinium,amides,2.7101173651118162
oETzg,CCCCCC[n+]1ccn(C)c1.O=S(=O)([N-]S(=O)(=O)C(F)(F)F)C(F)(F)F,imidazolium,bistriflamides,1.8739015978644615
oFinH,CCCC[P+](CCCC)(CCCC)CCCC.CCCCC(CC)COP(=O)([O-])OCC(CC)CCCC,phosphonium,organic phosphates,3.09968064110925
oIiWr,CC[n+]1ccn(C)c1.O=S(=O)([N-]S(=O)(=O)C(F)(F)F)C(F)(F)F,imidazolium,bistriflamides,1.4727564493172123
oKEPf,CCCCCCCC[NH+](CCCCCCCC)CCCCCCCC.CCCCCC(=O)[O-],ammonium,carboxylates,1.2227164711475833
oKtqQ,CCCC[n+]1ccn(C)c1.O=S(=O)([N-]S(=O)(=O)C(F)(F)F)C(F)(F)F,imidazolium,bistriflamides,1.6324572921847242
oQXpV,CCCC[n+]1ccn(C)c1.O=S(=O)([N-]S(=O)(=O)C(F)(F)F)C(F)(F)F,imidazolium,bistriflamides,1.6875289612146342
oRMpw,C[n+]1ccn(CCCc2ccccc2)c1.O=S(=O)([N-]S(=O)(=O)C(F)(F)F)C(F)(F)F,imidazolium,bistriflamides,2.292256071356476
oTYXC,CC[n+]1ccn(C)c1.O=S(=O)([N-]S(=O)(=O)C(F)(F)F)C(F)(F)F,imidazolium,bistriflamides,1.54282542695918
oXWrf,CCCC[n+]1ccn(C)c1.N#C[S-],imidazolium,inorganics,1.7138264243805246
oXZIn,CCCCCCCCCCCC[n+]1ccccc1.O=S(=O)([N-]S(=O)(=O)C(F)(F)F)C(F)(F)F,pyridinium,bistriflamides,2.301897717195208
oYmfG,CCCC[N+]1(C)CCCC1.O=S(=O)(F)[N-]S(=O)(=O)F,pyrrolidinium,bistriflamides,1.724275869600789
oZnci,CCCC[n+]1ccccc1.O=S(=O)([N-]S(=O)(=O)C(F)(F)F)C(F)(F)F,pyridinium,bistriflamides,1.7810369386211318
oaifh,COCCCn1cc[n+](C)c1.O=S(=O)([N-]S(=O)(=O)C(F)(F)F)C(F)(F)F,imidazolium,bistriflamides,1.7442929831226763
obDBv,COCC[N+]1(C)CCOCC1.O=S(=O)([N-]S(=O)(=O)C(F)(F)F)C(F)(F)F,morpholinium,bistriflamides,2.48572142648158
ocsEH,CC[n+]1ccn(C)c1.CS(=O)(=O)[O-],imidazolium,sulfonates,2.1734776434529945
ofSls,CCCCCCCCCCCC[n+]1ccn(C)c1.O=S(=O)([N-]S(=O)(=O)C(F)(F)F)C(F)(F)F,imidazolium,bistriflamides,2.188365926063148
ogOwS,CCCC[N+](C)(C)CC.CCOS(=O)(=O)[O-],ammonium,sulfates,2.5224442335063197
ohNpM,CCCCCCCC[P+](CC)(CC)CC.O=[N+]([O-])c1c[n-]cn1,phosphonium,cyclic amides,2.456366033129043
ohyyx,CCCC[n+]1ccn(C)c1.O=S(=O)([N-]S(=O)(=O)C(F)(F)F)C(F)(F)F,imidazolium,bistriflamides,1.69810054562339
oiEvr,CC[n+]1ccn(C)c1.CC(N)C(=O)[O-],imidazolium,carboxylates,2.4216039268698313
onclL,CCCC[n+]1ccn(C)c1.COP(=O)([O-])OC,imidazolium,organic phosphates,2.7671558660821804
onpwc,CCCCn1cc[n+](C)c1C.O=S(=O)([N-]S(=O)(=O)C(F)(F)F)C(F)(F)F,imidazolium,bistriflamides,1.9982593384236986
opHSF,CCCCC[P+](CC)(CC)CC.O=S(=O)([N-]S(=O)(=O)C(F)(F)F)C(F)(F)F,phosphonium,bistriflamides,1.9395192526186185
opnSD,CCCC[N+]1(C)CCCC1.CCCCO[PH](=O)[O-],pyrrolidinium,organic phosphates,2.506505032404872
oqdVr,CCCCCCCCCC[N+]1(C)CCCC1.O=S(=O)([N-]S(=O)(=O)C(F)(F)F)C(F)(F)F,pyrrolidinium,bistriflamides,2.1760912590556813
orTIR,CCCC[S+]1CCCC1.O=S(=O)([N-]S(=O)(=O)C(F)(F)F)C(F)(F)F,cyclic sulfonium,bistriflamides,1.9052560487484513
orzVI,CCCCCCCCn1cc[n+](C)c1.N#C[C-](C#N)C#N,imidazolium,methanides,1.7678976160180906
oshTd,Cn1cc[n+](CCO)c1.O=S(=O)([N-]S(=O)(=O)C(F)(F)F)C(F)(F)F,imidazolium,bistriflamides,1.9813655090785445
ouDdO,CCCCCC[n+]1ccn(C)c1.c1c[n-]nn1,imidazolium,cyclic amides,2.622214022966295
ovaPh,CCCC[N+](C)(CCCC)CCCC.O=S(=O)([N-]S(=O)(=O)C(F)(F)F)C(F)(F)F,ammonium,bistriflamides,2.7315887651867388
oxTXd,CCCCCCCCCCCCCC[P+](CCCC)(CCCC)CCCC.CCCCCCCCCCCCc1ccc(S(=O)(=O)[O-])cc1,phosphonium,sulfonates,3.624488362513449
pAXbD,C[N+](C)(C)CCO.O=S(=O)([N-]S(=O)(=O)C(F)(F)F)C(F)(F)F,ammonium,bistriflamides,2.1607685618611283
pApta,CC[n+]1ccn(C)c1.CC(=O)[O-],imidazolium,carboxylates,2.1085650237328344
pDJkw,CCCC[P+](CCCC)(CCCC)CCCN.CC(C)C(N)C(=O)[O-],phosphonium,carboxylates,3.0064660422492318
pDlLC,CCCCCCn1cc[n+](C)c1.COP(C)(=O)[O-],imidazolium,organic phosphates,2.963787827345555
pHRjA,CCCCn1cc[n+](C)c1.O=S(=O)(F)[N-]S(=O)(=O)F,imidazolium,bistriflamides,1.5171958979499742
pIGYY,C[n+]1ccn(CCCS(=O)(=O)O)c1.CC(=O)[O-],imidazolium,carboxylates,2.5998830720736876
pJLBJ,CCCC[P+](CCCC)(CCCC)CCOCC.O=C([O-])C(F)(F)F,phosphonium,carboxylates,2.315970345456918
pMLcf,CCCCCCCC[N+](C)(CCCCCCCC)CCCCCCCC.O=S(=O)([N-]S(=O)(=O)C(F)(F)F)C(F)(F)F,ammonium,bistriflamides,2.7788744720027396
pMwxB,Cn1cc[n+](C)c1.COS(=O)(=O)[O-],imidazolium,sulfates,1.8582965245338854
pPxnd,CCCC[n+]1ccc(C)cc1.N#C[C-](C#N)C#N,pyridinium,methanides,1.5646660642520893
pTEpp,CCCC[P+](C)(CCCC)CCCC.COS(=O)(=O)[O-],phosphonium,sulfates,2.7067177823367587
pTfmD,C[N+](C)(C)CCO.CC(O)C(=O)[O-],ammonium,carboxylates,3.594282028811806
pUaam,CCCCCCCC[N+](C)(CCCCCCCC)CCCCCCCC.[Cl-],ammonium,inorganics,3.378579576115775
pUpzi,CC[NH+]1CCNCC1.CCC(=O)[O-],piperazinium,carboxylates,2.386498965550653
pXgGD,CCCCn1cc[n+](CCC#N)c1.CCCCCCCCOC(=O)CC(C(=O)OCCCCCCCC)S(=O)(=O)[O-],imidazolium,sulfonates,4.079181246047625
pZlfn,CC[n+]1ccn(C)c1.O=S(=O)([O-])C(F)(F)F,imidazolium,sulfonates,1.6596310116070006
pbfDN,CC[n+]1ccn(C)c1.CC(=O)[O-],imidazolium,carboxylates,2.2095150145426308
pcbdg,C[NH+](C)C.O=S(=O)([O-])O,ammonium,sulfates,0.7075701760979364
pekRe,CC[n+]1ccn(C)c1.N#C[C-](C#N)C#N,imidazolium,methanides,1.1646502159342969
pgkua,CCC[N+]1(C)CCCC1.O=S(=O)(F)[N-]S(=O)(=O)F,pyrrolidinium,bistriflamides,1.5998830720736879
phmMZ,CCCC[P+](CC)(CCCC)CCCC.CCOP(=O)([O-])OCC,phosphonium,organic phosphates,2.6578204560156973
piGBP,CCCCCC[n+]1ccn(C)c1.O=S(=O)([N-]S(=O)(=O)C(F)(F)F)C(F)(F)F,imidazolium,bistriflamides,1.8325089127062364
pkmdb,CC[P+](CC)(CC)CCOC.O=S(=O)([N-]S(=O)(=O)C(F)(F)F)C(F)(F)F,phosphonium,bistriflamides,1.649334858712142
pktdK,CCCC[n+]1cccc(C)c1.O=S(=O)([N-]S(=O)(=O)C(F)(F)F)C(F)(F)F,pyridinium,bistriflamides,1.8109042806687004
pmFes,CCC[n+]1cccc(C)c1.O=S(=O)([N-]S(=O)(=O)C(F)(F)F)C(F)(F)F,pyridinium,bistriflamides,1.7331972651065695
poNRE,CCc1cccc[n+]1C.COS(=O)(=O)[O-],pyridinium,sulfates,3.6588695922019623
pqicG,C[N+](CCO)(CCO)CCO.COS(=O)(=O)[O-],ammonium,sulfates,3.092018470752797
prKPp,CC[n+]1ccn(C)c1C.O=S(=O)([N-]S(=O)(=O)C(F)(F)F)C(F)(F)F,imidazolium,bistriflamides,1.8533331050023352
puKmj,CCCC[P+](CCCC)(CCCC)CCC(F)(F)C(F)(F)C(F)(F)C(F)(F)F.N#C[N-]C#N,phosphonium,amides,3.022840610876528
puYRp,CCCC[n+]1ccn(C)c1.[Br-],imidazolium,inorganics,3.161667412437736
pueaK,CCCCCCCCCC[n+]1ccn(C)c1.O=S(=O)([N-]S(=O)(=O)C(F)(F)F)C(F)(F)F,imidazolium,bistriflamides,2.0043213737826426
pvcTa,CC[n+]1ccn(C)c1.O=S(=O)([O-])C(F)(F)F,imidazolium,sulfonates,1.6379883430222748
pxOih,CCn1cc[n+](C)c1.O=C([O-])CO,imidazolium,carboxylates,2.4913616938342726
pzhPq,CC[n+]1ccn(C)c1.CCOS(=O)(=O)[O-],imidazolium,sulfates,1.989449817666692
pzktl,CCCCC[n+]1ccn(C)c1C.O=S(=O)([O-])O,imidazolium,sulfates,2.6655809910179533
pztJM,CCCCCCCC[N+](C)(C)C.O=S(=O)([N-]S(=O)(=O)C(F)(F)F)C(F)(F)F,ammonium,bistriflamides,2.2576785748691846
qEPaP,CCCC[n+]1ccn(CC)c1.[Br-],imidazolium,inorganics,1.480868923687168
qEqcC,C[N+]1(CCCO)CCOCC1.N#C[C-](C#N)C#N,morpholinium,methanides,3.0507663112330423
qGTgM,CCCC[n+]1ccn(C)c1.O=S(=O)([N-]S(=O)(=O)C(F)(F)F)C(F)(F)F,imidazolium,bistriflamides,1.6954816764901974
qGmQu,CCC[N+]1(C)CCCCC1.O=S(=O)([N-]S(=O)(=O)C(F)(F)F)C(F)(F)F,piperidinium,bistriflamides,2.167317334748176
qJiwp,CCCC[n+]1ccn(C)c1.N#C[N-]C#N,imidazolium,amides,1.4792873164761702
qKccx,CCCCCCCC[P+](CC)(CC)CC.Brc1ccc2[n-]ncc2c1,phosphonium,cyclic amides,2.9990598918201976
qOhRm,CCCCCC[N+]1(C)CCCC1.O=S(=O)([N-]S(=O)(=O)C(F)(F)F)C(F)(F)F,pyrrolidinium,bistriflamides,1.9822712330395684
qUvfc,CCCCCCn1cc[n+](Cc2ccc(C)cc2)c1.O=S(=O)([N-]S(=O)(=O)C(F)(F)F)C(F)(F)F,imidazolium,bistriflamides,2.41161970596323
qYOCn,CCCCCCOC[N+](C)(C)CCO.O=S(=O)([N-]S(=O)(=O)C(F)(F)F)C(F)(F)F,ammonium,bistriflamides,2.0569048513364727
qYcio,CCCC[N+](C)(CC)CC.O=S(=O)([N-]S(=O)(=O)C(F)(F)F)C(F)(F)F,ammonium,bistriflamides,2.0791812460476247
qZXqE,CCC[n+]1cn(C)cn1.Cc1ccc(S(=O)(=O)[O-])cc1,triazolium,sulfonates,3.727866449467489
qbLDr,CCCC[n+]1ccn(C)c1C.N#C[S-],imidazolium,inorganics,2.3384564936046046
qeuUK,CC(C)C[n+]1ccn(C)c1.O=S(=O)([N-]S(=O)(=O)C(F)(F)F)C(F)(F)F,imidazolium,bistriflamides,1.8976270912904414
qgPOq,CCCC[P+](CC)(CCCC)CCCC.CCCCCCCCCCC(=O)[O-],phosphonium,carboxylates,2.428134794028789
qlIYW,CC[n+]1ccn(C)c1.CC(=O)[O-],imidazolium,carboxylates,2.143014800254095
qmILK,CCCCCC[N+](CCCCCC)=C(N(C)C)N(C)C.N#C[C-](C#N)C#N,guanidinium,methanides,2.093421685162235
qoShb,CCCC[n+]1ccn(C)c1.NCCS(=O)(=O)[O-],imidazolium,sulfonates,3.067888806685399
qoiQg,CCCCCCCCCCCCCC[P+](CCCCCC)(CCCCCC)CCCCCC.N#C[N-]C#N,phosphonium,amides,2.5774917998372255
qojGr,CCCC[n+]1ccn(C)c1.N#C[N-]C#N,imidazolium,amides,1.4367985102318035
qpNIv,CCCCCCCCCCCCCC[P+](CCCCCC)(CCCCCC)CCCCCC.CC(CC(C)(C)C)CP(=O)([O-])CC(C)CC(C)(C)C,phosphonium,organic phosphates,2.963787827345555
qqqhe,CCCC[n+]1ccn(C)c1.F[P-](F)(F)(F)(F)F,imidazolium,phosphates,2.429752280002408
qrGdv,CCC[N+](C)(C)C.O=S(=O)([N-]S(=O)(=O)C(F)(F)F)C(F)(F)F,ammonium,bistriflamides,1.9020028913507294
rAqGH,CC[n+]1ccn(C)c1.CS(=O)(=O)[O-],imidazolium,sulfonates,2.2216749970707688
rAvXO,CCCCCCCC[N+](CCCC)(CCCC)CCCC.O=S(=O)([N-]S(=O)(=O)C(F)(F)F)C(F)(F)F,ammonium,bistriflamides,2.7589118923979736
rBNSL,CC[n+]1ccn(C)c1.N#C[N-]C#N,imidazolium,amides,1.1640552918934517
rCpFm,CCCOCCn1cc[n+](C)c1.O=S(=O)([N-]S(=O)(=O)C(F)(F)F)C(F)(F)F,imidazolium,bistriflamides,1.7007037171450194
rJKmz,CC[n+]1ccn(C)c1.COP(=O)([O-])OC,imidazolium,organic phosphates,2.425371166438941
rLghh,CCCCCCCC[NH+](CCCCCCCC)CCCCCCCC.CCCCCCCC(=O)[O-],ammonium,carboxylates,1.3074960379132128
rLnui,CCCCCCCCCCCCCC[P+](CCCCCC)(CCCCCC)CCCCCC.FC(F)(F)C(F)(F)[P-](F)(F)(F)(C(F)(F)C(F)(F)F)C(F)(F)C(F)(F)F,phosphonium,phosphates,2.591064607026499
rMWmh,COCCn1cc[n+](C)c1.CS(=O)(=O)[O-],imidazolium,sulfonates,2.669967369908504
rRmhY,CCC[N+]1(C)CCCC1.O=S(=O)([N-]S(=O)(=O)C(F)(F)F)C(F)(F)F,pyrrolidinium,bistriflamides,1.7993405494535817
rSBQC,[NH3+]C(Cc1ccccc1)C(=O)OCc1ccccc1.O=S(=O)([N-]S(=O)(=O)C(F)(F)C(F)(F)F)C(F)(F)C(F)(F)F,ammonium,bistriflamides,4.986771734266245
rSoJm,CCCCCCCC[P+](CCCC)(CCCC)CCCC.O=C1C=C([O-])c2ccccc21,phosphonium,carboanions,3.026328938722349
rUdFU,CCCCCCCCCCCCCC[P+](CCCCCC)(CCCCCC)CCCCCC.CC(=O)[O-],phosphonium,carboxylates,2.292256071356476
rVakU,CCCCCC[n+]1ccn(C)c1.F[P-](F)(F)(F)(F)F,imidazolium,phosphates,2.683947130751512
rWOom,CCCCCCCC[P+](CCCC)(CCCC)CCCC.CC1(C)CC(=O)C=C([O-])C1,phosphonium,carboanions,2.8639173769578603
rXMVt,CCCCCCCCc1cccc[n+]1CC.O=S(=O)([N-]S(=O)(=O)C(F)(F)F)C(F)(F)F,pyridinium,bistriflamides,2.2022157758011316
rXtCR,CCCCCC[n+]1ccn(CCC#N)c1.O=S(=O)([O-])C(F)(F)F,imidazolium,sulfonates,3.167317334748176
rdiFT,CCCCCCCC[n+]1cc[nH]c1.O=S(=O)([N-]S(=O)(=O)C(F)(F)F)C(F)(F)F,imidazolium,bistriflamides,2.1917303933628562
rfcMS,CCCCCC[n+]1ccc(C)cc1.O=S(=O)([N-]S(=O)(=O)C(F)(F)F)C(F)(F)F,pyridinium,bistriflamides,1.8920946026904804
rgstD,CCCCCC[n+]1ccn(C)c1.CC(O)C(=O)[O-],imidazolium,carboxylates,2.886490725172482
riEte,CCCCCC[n+]1ccn(C)c1.F[P-](F)(F)(F)(F)F,imidazolium,phosphates,2.690196080028514
riLgL,CCCCCCC[N+](CC)(CC)CC.O=S(=O)([N-]S(=O)(=O)C(F)(F)F)C(F)(F)F,ammonium,bistriflamides,2.3109056293761414
rjHzK,Cn1cc[n+](CCO)c1.O=S(=O)([N-]S(=O)(=O)C(F)(F)F)C(F)(F)F,imidazolium,bistriflamides,1.9590413923210936
rjPYM,CCCC[N+]1(C)CCCC1.N#C[N-]C#N,pyrrolidinium,amides,1.527758752520972
rkEdc,CCCC[n+]1ccn(C)c1.CS(=O)(=O)[O-],imidazolium,sulfonates,2.0453229787866576
rksOS,CCCC[n+]1ccn(C)c1.F[P-](F)(F)(F)(F)F,imidazolium,phosphates,2.429752280002408
rlvsP,CCCCCCCCCCCCCC[P+](CCCCCC)(CCCCCC)CCCCCC.CC(CC(C)(C)C)CP(=O)([O-])CC(C)CC(C)(C)C,phosphonium,organic phosphates,3.024567757196038
rnAQD,CCCC[N+](C)(CCCC)CCCC.NC(CO)C(=O)[O-],ammonium,carboxylates,4.008600171761918
rnZUw,CCCC[n+]1ccn(C)c1.N#C[N-]C#N,imidazolium,amides,1.4355258514986546
rnmHr,C[N+](C)(C)CCO.CCC(=O)[O-],ammonium,carboxylates,3.4652340949880145
rpyvM,CCCC[n+]1ccn(C)c1.O=S(=O)([O-])C(F)(F)F,imidazolium,sulfonates,1.9380190974762104
rqUdM,C[N+](C)(C)CCO.CCC(=O)[O-],ammonium,carboxylates,3.531478917042255
rsGOP,CCCC[n+]1ccn(C)c1.CC(=O)[O-],imidazolium,carboxylates,2.5185139398778875
rujKK,CC[n+]1ccn(C)c1.CCOS(=O)(=O)[O-],imidazolium,sulfates,1.9800033715837464
rxSBW,c1c[nH+]c[nH]1.CCCCCCCC(=O)[O-],imidazolium,carboxylates,1.8530895298518655
rxkAn,Cn1cc[nH+]c1.CC(=O)[O-],imidazolium,carboxylates,0.840482487213442
rzFZf,CC[N+](C)(C)CCOCCOC.O=S(=O)([N-]S(=O)(=O)C(F)(F)F)C(F)(F)F,ammonium,bistriflamides,1.7678976160180906
sExhd,CCCCCCCC[N+]1(C)CCCC1.O=S(=O)([N-]S(=O)(=O)C(F)(F)F)C(F)(F)F,pyrrolidinium,bistriflamides,2.146128035678238
sGZOs,CC[N+](C)(C)CCO.CCCCS(=O)(=O)[O-],ammonium,sulfonates,3.1316186643491255
sIHsv,CCCCCCCCCCCCCC[P+](CCCCCC)(CCCCCC)CCCCCC.CCCCCCCC(=O)[O-],phosphonium,carboxylates,2.6020599913279625
sILQD,CCOCCn1cc[n+](C)c1.CC(O)C(=O)[O-],imidazolium,carboxylates,1.8698182079793282
sIXVX,CCCCCCCC[n+]1ccccc1.O=S(=O)([N-]S(=O)(=O)C(F)(F)F)C(F)(F)F,pyridinium,bistriflamides,2.0530784434834195
sOtog,CCCC[N+]1(C)CCCC1.N#C[N-]C#N,pyrrolidinium,amides,1.5118833609788744
sPLeN,CC[n+]1ccn(C)c1.N#C[S-],imidazolium,inorganics,1.3789426986134374
sRKIB,CC[N+]1(C)CCOCC1.CCC(C)C(NC(C)=O)C(=O)[O-],morpholinium,carboxylates,3.6241789257480224
sRxIK,CCCC[n+]1ccn(C)c1.N#C[N-]C#N,imidazolium,amides,1.4785664955938433
sSqrW,CCCC[n+]1ccn(C)c1.F[P-](F)(F)(F)(F)F,imidazolium,phosphates,2.315970345456918
sVXbo,CC[n+]1ccn(C)c1.CCOS(=O)(=O)[O-],imidazolium,sulfates,1.989449817666692
sanQj,CCCCCCC[N+](C)(C)C.O=S(=O)([N-]S(=O)(=O)C(F)(F)F)C(F)(F)F,ammonium,bistriflamides,2.184691430817599
scADl,CCCC[N+]1(C)CCCC1.O=S(=O)([N-]S(=O)(=O)C(F)(F)F)C(F)(F)F,pyrrolidinium,bistriflamides,1.8808135922807914
scXCx,CCCCCCCCCCn1cc[n+](Cc2ccc(C)cc2)c1.O=S(=O)([N-]S(=O)(=O)C(F)(F)F)C(F)(F)F,imidazolium,bistriflamides,2.530199698203082
sdgdQ,C[NH3+].O=C[O-],ammonium,carboxylates,1.2304489213782739
siaUJ,CCCCCC[n+]1cc(C)cc(C)c1CC.O=S(=O)([N-]S(=O)(=O)C(F)(F)F)C(F)(F)F,pyridinium,bistriflamides,2.3729120029701067
sjNRw,CCCCCCCCCCCCCC[P+](CCCCCC)(CCCCCC)CCCCCC.FC(F)(F)C(F)(F)[P-](F)(F)(F)(C(F)(F)C(F)(F)F)C(F)(F)C(F)(F)F,phosphonium,phosphates,2.5403294747908736
spTzH,CC[n+]1ccn(C)c1.O=S(=O)(F)[N-]S(=O)(=O)F,imidazolium,bistriflamides,1.2855573090077739
spryA,Cn1cc[n+](C)c1.CO[PH](=O)[O-],imidazolium,organic phosphates,1.941511432634403
srphu,CCCCC[N+](CC)(CC)CC.O=S(=O)([N-]S(=O)(=O)C(F)(F)F)C(F)(F)F,ammonium,bistriflamides,2.2095150145426308
syMtL,CCCCCCCC[P+](CC)(CC)CC.Clc1n[n-]c2ccccc12,phosphonium,cyclic amides,2.9319586884789306
szqGM,CC[n+]1ccn(C)c1C.O=S(=O)([N-]S(=O)(=O)C(F)(F)F)C(F)(F)F,imidazolium,bistriflamides,1.8609366207000937
tCKga,Cn1cc[n+](C)c1.COP(=O)([O-])OC,imidazolium,organic phosphates,2.4638929889859074
tCqUx,CCCC[P+](CCCC)(CCCC)CCCN.CC(N)C(=O)[O-],phosphonium,carboxylates,2.9057958803678687
tFHak,CCCCCC[n+]1cc(C)cc(C)c1CC.O=S(=O)([N-]S(=O)(=O)C(F)(F)F)C(F)(F)F,pyridinium,bistriflamides,2.3891660843645326
tGbda,CCCC[n+]1ccn(C)c1.O=S(=O)([N-]S(=O)(=O)C(F)(F)F)C(F)(F)F,imidazolium,bistriflamides,1.7041505168397992
tJLLb,CCCC[P+](CCCC)(CCCC)CCOCC.O=S(=O)([N-]S(=O)(=O)C(F)(F)F)C(F)(F)F,phosphonium,bistriflamides,2.1903316981702914
tJWrX,CCCC[n+]1ccn(C)c1.O=S(=O)([N-]S(=O)(=O)C(F)(F)F)C(F)(F)F,imidazolium,bistriflamides,1.7032913781186614
tJeDc,CC[n+]1ccn(C)c1.CCCCCCCCOS(=O)(=O)[O-],imidazolium,sulfates,2.656098202012832
tKoeS,CCCCCCCC[P+](CCCC)(CCCC)CCCC.[Cl-],phosphonium,inorganics,3.6693168805661123
tMqXl,CCC[N+](C)(C)C.O=S(=O)([N-]S(=O)(=O)C(F)(F)F)C(F)(F)F,ammonium,bistriflamides,1.8976270912904414
tOFiy,CC[n+]1ccn(C)c1.O=S(=O)([O-])C(F)(F)F,imidazolium,sulfonates,1.639486489268586
tQUSx,CCCC[n+]1ccn(C)c1.N#C[S-],imidazolium,inorganics,1.7032913781186614
tSLrZ,CCCC[n+]1ccn(C)c1.O=C([O-])O,imidazolium,carboxylates,1.8674674878590516
tVjEB,C[NH+](C)C.O=P([O-])(O)O,ammonium,organic phosphates,0.8830933585756899
tYufs,CCn1cc[n+](C)c1.FC(F)(F)C(F)(F)[P-](F)(F)(F)(C(F)(F)C(F)(F)F)C(F)(F)C(F)(F)F,imidazolium,phosphates,1.7817553746524688
tahNS,CCCC[N+]1(C)CCCC1.O=S(=O)([N-]S(=O)(=O)C(F)(F)F)C(F)(F)F,pyrrolidinium,bistriflamides,1.8992731873176039
tbqlQ,CCCC[n+]1ccn(C)c1.O=S(=O)([N-]S(=O)(=O)C(F)(F)C(F)(F)F)C(F)(F)C(F)(F)F,imidazolium,bistriflamides,2.0492180226701815
teFMC,C=CC[n+]1ccn(C)c1.N#C[N-]C#N,imidazolium,amides,1.292256071356476
tgJre,CCCCCCCCn1cc[n+](C)c1.[Cl-],imidazolium,inorganics,4.320146286111054
thZbv,CC[n+]1ccn(C)c1.COS(=O)(=O)[O-],imidazolium,sulfates,1.8709888137605755
tkvpo,CCCC[n+]1ccccc1.O=S(=O)([N-]S(=O)(=O)C(F)(F)F)C(F)(F)F,pyridinium,bistriflamides,1.7824726241662863
tlAkG,CCCC[N+]1(C)CCCC1.O=S(=O)([N-]S(=O)(=O)C(F)(F)F)C(F)(F)F,pyrrolidinium,bistriflamides,1.9319661147281726
tldYd,CCCC[n+]1ccn(C)c1.O=S(=O)([N-]S(=O)(=O)C(F)(F)F)C(F)(F)F,imidazolium,bistriflamides,1.7084209001347128
tnfbN,CCCCCCCCCC[n+]1ccn(CCC#N)c1.O=C([O-])c1cccc(S(=O)(=O)O)c1,imidazolium,carboxylates,4.2455126678141495
towIe,CCCCCC[N+]1(C)CCCCC1.CCCCCCO[PH](=O)[O-],piperidinium,organic phosphates,2.3283796034387376
tpmnf,CCCC[N+]1(C)CCCC1.O=S(=O)([N-]S(=O)(=O)C(F)(F)F)C(F)(F)F,pyrrolidinium,bistriflamides,1.8836614351536176
trHMv,CCCCCC[n+]1ccn(C)c1.c1nc[n-]n1,imidazolium,cyclic amides,2.5809249756756194
trHRR,CCCCCCCc1cccc[n+]1CC.O=S(=O)([N-]S(=O)(=O)C(F)(F)F)C(F)(F)F,pyridinium,bistriflamides,2.127428777851599
trWQa,CCCC[n+]1ccn(C)c1.COCCOCCOS(=O)(=O)[O-],imidazolium,sulfates,3.0141003215196207
trdSY,CCCCCCCCCCCCCC[P+](CCCCCC)(CCCCCC)CCCCCC.O=S(=O)([O-])C(F)(F)C(F)(F)C(F)(F)C(F)(F)F,phosphonium,sulfonates,2.8536982117761744
tsUSK,COCCn1cc[n+](C)c1.CC(=O)[O-],imidazolium,carboxylates,1.6912583581331113
tsYrF,CCCC[n+]1ccn(C)c1.N#C[N-]C#N,imidazolium,amides,1.4899584794248346
ttTra,CCCCCC[n+]1cc(C)cc(C)c1CCCCC.O=S(=O)([N-]S(=O)(=O)C(F)(F)F)C(F)(F)F,pyridinium,bistriflamides,2.444044795918076
ttjhP,CCCCCCCCCC[N+](C)(C)C(C)C.O=S(=O)([N-]S(=O)(=O)C(F)(F)F)C(F)(F)F,ammonium,bistriflamides,2.2095150145426308
tvVWX,CCCCCCC[n+]1ccn(C)c1.F[P-](F)(F)(F)(F)F,imidazolium,phosphates,2.7708520116421442
tvcCE,CCCC[n+]1ccn(C)c1.N#C[S-],imidazolium,inorganics,1.7084209001347128
txYth,CCCC[n+]1ccn(C)c1.O=S(=O)([N-]S(=O)(=O)C(F)(F)F)C(F)(F)F,imidazolium,bistriflamides,1.7075701760979363
uAgLT,C[N+](C)(C)CCO.O=C([O-])C1CCCN1,ammonium,carboxylates,2.943761539745714
uAoWd,CCCC[N+]1(C)CCCC1.O=S(=O)([N-]S(=O)(=O)C(F)(F)F)C(F)(F)F,pyrrolidinium,bistriflamides,1.8907562519182182
uBgHz,CCCC[n+]1ccccc1.O=S(=O)([N-]S(=O)(=O)C(F)(F)F)C(F)(F)F,pyridinium,bistriflamides,1.7226339225338123
uGJNf,CCCCCC[n+]1ccn(C)c1.O=S(=O)([N-]S(=O)(=O)C(F)(F)F)C(F)(F)F,imidazolium,bistriflamides,1.841984804590114
uHkXy,C[N+](C)(C)CCO.CC=C(C)C(=O)[O-],ammonium,carboxylates,3.9242792860618816
uHnlk,CCCC[n+]1ccn(C)c1.O=S(=O)([O-])C(F)(F)F,imidazolium,sulfonates,1.9036325160842378
uIJfc,CCCC[N+]1(C)CCCC1.O=S(=O)(F)[N-]S(=O)(=O)F,pyrrolidinium,bistriflamides,1.7795964912578246
uKDhp,CCCn1cc[n+](C)c1C.O=S(=O)([N-]S(=O)(=O)C(F)(F)F)C(F)(F)F,imidazolium,bistriflamides,1.9324737646771533
uLRJb,[NH3+]CCO.CC(O)C(=O)[O-],ammonium,carboxylates,3.0791812460476247
uMiAT,CC[n+]1ccn(C)c1.N#C[N-]C#N,imidazolium,amides,1.1784013415337553
uOQuN,CC[n+]1ccn(C)c1.N#C[N-]C#N,imidazolium,amides,1.173186268412274
uPNeM,Cn1cc[n+](C)c1.O=S(=O)([N-]S(=O)(=O)C(F)(F)F)C(F)(F)F,imidazolium,bistriflamides,1.5797835966168101
uPfWT,CCCC[n+]1ccn(C)c1.O=S(=O)([O-])C(F)(F)F,imidazolium,sulfonates,1.9576072870600953
uWOsD,CC[n+]1ccn(C)c1.CCOS(=O)(=O)[O-],imidazolium,sulfates,1.989449817666692
uYHns,CC[n+]1ccccc1C.O=S(=O)([N-]S(=O)(=O)C(F)(F)F)C(F)(F)F,pyridinium,bistriflamides,1.8796692056320536
ubYXb,CC[n+]1ccn(C)c1.N#C[S-],imidazolium,inorganics,1.355643050220869
ueIui,CCCCCC[n+]1ccn(C)c1.F[P-](F)(F)(F)(F)F,imidazolium,phosphates,2.6893088591236203
uenvP,CCCC[N+]1(C)CCOCC1.N#C[N-]C#N,morpholinium,amides,2.6009728956867484
ufuho,CCCC[n+]1ccn(C)c1.F[P-](F)(F)(F)(F)F,imidazolium,phosphates,2.6532125137753435
uhHGC,CCCCn1cc[n+](C)c1.O=S(=O)(F)[N-]S(=O)(=O)F,imidazolium,bistriflamides,1.4913616938342726
uhoxl,CCCC[n+]1cccc(C)c1.O=S(=O)([N-]S(=O)(=O)C(F)(F)F)C(F)(F)F,pyridinium,bistriflamides,1.8178296997456056
uieEW,CCCC[n+]1ccn(C)c1.CC(=O)[O-],imidazolium,carboxylates,2.6720978579357175
ujEbM,CCCC[N+](C)(CC)CC.O=S(=O)([N-]S(=O)(=O)C(F)(F)F)C(F)(F)F,ammonium,bistriflamides,2.0569048513364727
umJZt,COC[N+]1(C)CCCC1.O=S(=O)(F)[N-]S(=O)(=O)F,pyrrolidinium,bistriflamides,1.4548448600085102
uoWpx,CCCC[N+]1(C)CCOCC1.N#C[N-]C#N,morpholinium,amides,2.606381365110605
upqIF,CCn1cc[n+](C)c1.NC(CO)C(=O)[O-],imidazolium,carboxylates,3.3494717992143856
uqzba,CC[n+]1ccn(C)c1.CCOS(=O)(=O)[O-],imidazolium,sulfates,1.989449817666692
utXng,CCCC[n+]1ccn(CCCS(=O)(=O)O)c1.CC(=O)[O-],imidazolium,carboxylates,2.530199698203082
uwCVQ,CC[n+]1ccccc1.CCOS(=O)(=O)[O-],pyridinium,sulfates,2.101403350555331
uxWiE,CCCCCCCCCCCCCC[P+](CCCCCC)(CCCCCC)CCCCCC.N#C[N-]C#N,phosphonium,amides,2.6424645202421213
uzILi,CC[n+]1ccn(C)c1.CC(=O)[O-],imidazolium,carboxylates,1.9637878273455553
uzipp,CCCCCC[N+]1(C)CCCC1.O=S(=O)([N-]S(=O)(=O)C(F)(F)F)C(F)(F)F,pyrrolidinium,bistriflamides,2.0132586652835167
vCnvR,CCCCCCC[N+]1(C)CCOCC1.N#C[N-]C#N,morpholinium,amides,2.7781512503836434
vEOEj,CC[NH+](CC)CC.O=S(=O)([O-])O,ammonium,sulfates,2.3710678622717363
vKkRK,CCCCCCCCCCCCCC[P+](CCCCCC)(CCCCCC)CCCCCC.CC(=O)[O-],phosphonium,carboxylates,2.6085260335771943
vKmUn,C[NH2+]CCO.O=C[O-],ammonium,carboxylates,1.3068537486930087
vSmIq,CCCC[P+](CCCC)(CCCC)CCCC.O=C([O-])c1cccs1,phosphonium,carboxylates,3.0737183503461227
vUcXM,CCCC[N+]1(C)CCCC1.O=S(=O)([N-]S(=O)(=O)C(F)(F)F)C(F)(F)F,pyrrolidinium,bistriflamides,1.8744818176994664
vWtfs,CC[n+]1ccn(C)c1.O=S(=O)([N-]S(=O)(=O)C(F)(F)F)C(F)(F)F,imidazolium,bistriflamides,1.5024271199844328
veYqF,CC[n+]1ccn(C)c1.CCOS(=O)(=O)[O-],imidazolium,sulfates,1.989449817666692
vemwj,CCCCCC[n+]1ccc(C)cc1.O=S(=O)([O-])C(F)(F)F,pyridinium,sulfonates,2.1072099696478683
vfsfc,CCCC[n+]1ccn(C)c1.O=S(=O)([N-]S(=O)(=O)C(F)(F)F)C(F)(F)F,imidazolium,bistriflamides,1.708845638048179
vgHAb,CC[n+]1ccn(C)c1.O=S(=O)(F)[N-]S(=O)(=O)F,imidazolium,bistriflamides,1.2833012287035497
vhgfg,CCCCCCn1cc[n+](CCCCCC)c1.O=S(=O)([N-]S(=O)(=O)C(F)(F)F)C(F)(F)F,imidazolium,bistriflamides,2.04883008652835
vlsvc,CCCC[n+]1ccn(C)c1.O=S(=O)([O-])C(F)(F)F,imidazolium,sulfonates,1.920123326290724
voFtU,CCCCCCCCCCCCCC[P+](CCCCCC)(CCCCCC)CCCCCC.CC(CC(C)(C)C)CP(=O)([O-])CC(C)CC(C)(C)C,phosphonium,organic phosphates,2.886490725172482
vrXXz,CCOC[n+]1ccccc1.O=S(=O)([N-]S(=O)(=O)C(F)(F)F)C(F)(F)F,pyridinium,bistriflamides,1.6848453616444126
vrkjT,COCC[N+]1(C)CCCC1.FC(F)(F)C(F)(F)[P-](F)(F)(F)(C(F)(F)C(F)(F)F)C(F)(F)C(F)(F)F,pyrrolidinium,phosphates,2.0519239160461065
vshpc,CCCC[n+]1ccn(C)c1.N#C[N-]C#N,imidazolium,amides,1.4785664955938433
vuXWg,CCCCCCCCC[N+]1(C)CCOCC1.N#C[N-]C#N,morpholinium,amides,2.857935264719429
vvrdK,CC[n+]1ccn(C)c1.O=S(=O)([N-]S(=O)(=O)C(F)(F)F)C(F)(F)F,imidazolium,bistriflamides,1.5185139398778875
vzYAc,CCCC[n+]1ccn(C)c1.N#C[S-],imidazolium,inorganics,1.7784357680675846
vzisk,CC[n+]1ccn(C)c1.CC(=O)[O-],imidazolium,carboxylates,2.101403350555331
vzwkK,CCC[N+]1(C)CCCC1.O=S(=O)([N-]S(=O)(=O)C(F)(F)F)C(F)(F)F,pyrrolidinium,bistriflamides,1.7737864449811935
wABKu,CC[n+]1ccn(C)c1.N#C[N-]C#N,imidazolium,amides,1.1613680022349748
wBToQ,CCCCCCCCCCCC[P+](CCCC)(CCCC)CCCC.O=S(=O)([N-]S(=O)(=O)C(F)(F)F)C(F)(F)F,phosphonium,bistriflamides,2.5289167002776547
wCoNe,CCCCCCCCCC[n+]1ccn(C)c1.O=S(=O)([N-]S(=O)(=O)C(F)(F)F)C(F)(F)F,imidazolium,bistriflamides,2.0342272607705505
wCuEx,CC[N+]1(C)CCOCC1.CC(=O)NC(CC(C)C)C(=O)[O-],morpholinium,carboxylates,3.731427587050948
wHfTZ,CCCCCC[n+]1cccc(C)c1.O=S(=O)([N-]S(=O)(=O)C(F)(F)F)C(F)(F)F,pyridinium,bistriflamides,1.9294189257142926
wJHHJ,CCCCCC[n+]1ccn(C)c1.O=S(=O)([N-]S(=O)(=O)C(F)(F)F)C(F)(F)F,imidazolium,bistriflamides,1.842609239610562
wJKdF,CCCC[n+]1ccn(C)c1.O=S(=O)([N-]S(=O)(=O)C(F)(F)F)C(F)(F)F,imidazolium,bistriflamides,1.591064607026499
wMdBL,CCCC[N+]1(C)CCCC1.O=S(=O)([N-]S(=O)(=O)C(F)(F)F)C(F)(F)F,pyrrolidinium,bistriflamides,1.884795363948981
wMhbZ,COCC[n+]1ccccc1.N#C[C-](C#N)C#N,pyridinium,methanides,0.8234742291703011
wMjff,CCCC[n+]1ccn(C)c1.CC(=O)[O-],imidazolium,carboxylates,2.583198773968623
wMmtT,CC[n+]1ccn(C)c1.CCOS(=O)(=O)[O-],imidazolium,sulfates,2.03342375548695
wQrpQ,CCCCCC[n+]1ccn(C)c1C.O=S(=O)([N-]S(=O)(=O)C(F)(F)F)C(F)(F)F,imidazolium,bistriflamides,2.110589710299249
wSCKI,CCCC[n+]1ccn(C)c1.N#C[N-]C#N,imidazolium,amides,1.4409090820652177
wSVtm,CC[n+]1ccn(C)c1.CC(=O)[O-],imidazolium,carboxylates,2.2041199826559246
wTqWN,CCCCCCCC[P+](CCCC)(CCCC)CCCC.N#C[N-]C#N,phosphonium,amides,2.1903316981702914
waJen,CC[n+]1ccn(C)c1.CC(=O)[O-],imidazolium,carboxylates,2.1492191126553797
waqTS,CC[n+]1ccn(C)c1.O=S(=O)([N-]S(=O)(=O)C(F)(F)F)C(F)(F)F,imidazolium,bistriflamides,1.4471580313422192
waxMx,CCCC[n+]1ccn(C)c1.F[P-](F)(F)(F)(F)F,imidazolium,phosphates,2.6532125137753435
wcMXO,CCCC[n+]1ccn(C)c1.O=S(=O)([N-]S(=O)(=O)C(F)(F)F)C(F)(F)F,imidazolium,bistriflamides,1.6946051989335686
wcgaB,CCOCC[n+]1ccn(C)c1.CC(O)C(N)C(=O)[O-],imidazolium,carboxylates,3.0542299098633974
wcvJD,CCCCCC[n+]1ccn(CCC#N)c1.O=S(=O)([O-])c1ccccc1,imidazolium,sulfonates,3.6334684555795866
wdsyI,CC[n+]1ccn(C)c1.CCOS(=O)(=O)[O-],imidazolium,sulfates,1.974971994298069
weDtk,CCCC[S+]1CCCC1.O=S(=O)([N-]S(=O)(=O)C(F)(F)F)C(F)(F)F,cyclic sulfonium,bistriflamides,1.9590413923210936
wgEvC,CCCCCC[n+]1ccn(C)c1.CCOS(=O)(=O)[O-],imidazolium,sulfates,2.7701152947871015
wjSUT,CCCC[N+]1(C)CCCC1.N#C[N-]C#N,pyrrolidinium,amides,1.5622928644564746
wkNds,CC[n+]1ccn(C)c1.CCOS(=O)(=O)[O-],imidazolium,sulfates,1.9945366032691954
wkltH,CCCC[n+]1cccc(C)c1.O=S(=O)([N-]S(=O)(=O)C(F)(F)F)C(F)(F)F,pyridinium,bistriflamides,1.808616035426992
wmlbv,CC[n+]1ccn(C)c1.O=S(=O)(F)[N-]S(=O)(=O)F,imidazolium,bistriflamides,1.2833012287035497
wrkVu,CCCCCCCCCCCOC[N+](C)(C)CCOC(C)=O.O=S(=O)([N-]S(=O)(=O)C(F)(F)F)C(F)(F)F,ammonium,bistriflamides,2.4313637641589874
wsGMy,CCCC[n+]1ccccc1C.O=S(=O)([N-]S(=O)(=O)C(F)(F)F)C(F)(F)F,pyridinium,bistriflamides,1.9809119377768436
wseay,CCCC[N+]1(C)CCCC1.O=S(=O)([N-]S(=O)(=O)C(F)(F)F)C(F)(F)F,pyrrolidinium,bistriflamides,1.9030899869919435
wvYaX,OCC[n+]1ccccc1.O=S(=O)([N-]S(=O)(=O)C(F)(F)F)C(F)(F)F,pyridinium,bistriflamides,2.0362295440862948
wwYEN,CC[n+]1ccccc1.O=S(=O)([N-]S(=O)(=O)C(F)(F)F)C(F)(F)F,pyridinium,bistriflamides,1.6136304349252406
xGJgW,Cn1cc[n+](C)c1.COS(=O)(=O)[O-],imidazolium,sulfates,1.9703468762300933
xIITO,CC[N+]1(C)CCCC1.CCO[PH](=O)[O-],pyrrolidinium,organic phosphates,2.342422680822206
xKekB,CCCn1cc[n+](C)c1.O=S(=O)([N-]S(=O)(=O)C(F)(F)F)C(F)(F)F,imidazolium,bistriflamides,1.6334684555795864
xKlSO,CC[N+](C)(C)CCO.O=S(=O)([N-]S(=O)(=O)C(F)(F)F)C(F)(F)F,ammonium,bistriflamides,2.039017321997412
xMJGH,Cn1cc[n+](Cc2ccccc2)c1.O=S(=O)([N-]S(=O)(=O)C(F)(F)F)C(F)(F)F,imidazolium,bistriflamides,2.1306553490220304
xMtuh,CCOCc1n(C)cc[n+]1CC.O=S(=O)([N-]S(=O)(=O)C(F)(F)F)C(F)(F)F,imidazolium,bistriflamides,1.8195439355418688
xNgun,CCCC[n+]1ccn(C)c1.O=[N+]([O-])[O-],imidazolium,inorganics,2.2182728535714475
xUzGW,CCCCCCCCCCCCCC[P+](CCCCCC)(CCCCCC)CCCCCC.N#Cc1nc[n-]c1C#N,phosphonium,cyclic amides,2.7283537820212285
xWZjO,CCCCCCCCCC[N+](CC)(CC)CC.O=S(=O)([N-]S(=O)(=O)C(F)(F)F)C(F)(F)F,ammonium,bistriflamides,2.4602963267574753
xXKjw,CCCCCCSC(N(C)C)=[N+](C)C.O=S(=O)([N-]S(=O)(=O)C(F)(F)F)C(F)(F)F,amidium,bistriflamides,1.9294189257142926
xXfvG,CCCCCCCC[P+](CC)(CC)CC.Cc1ncc([N+](=O)[O-])[n-]1,phosphonium,cyclic amides,2.8041394323353503
xbvzb,CC[n+]1ccn(C)c1.N#C[S-],imidazolium,inorganics,1.3891660843645324
xeADe,CC[n+]1ccn(C)c1.CCOS(=O)(=O)[O-],imidazolium,sulfates,1.983175072037813
xglTv,CCCn1cc[n+](C)c1.O=S(=O)([N-]S(=O)(=O)C(F)(F)F)C(F)(F)F,imidazolium,bistriflamides,1.6464037262230695
xjaPs,CCCC[n+]1ccn(C)c1.O=S(=O)([N-]S(=O)(=O)C(F)(F)F)C(F)(F)F,imidazolium,bistriflamides,1.7075701760979363
xkCTw,CC[n+]1ccn(CCOC)c1.O=S(=O)([O-])C(F)(F)F,imidazolium,sulfonates,1.8603380065709938
xlmjx,CC[n+]1ccn(C)c1.NCC(=O)[O-],imidazolium,carboxylates,1.7888751157754168
xnGYc,C=CC[N+](C)(C)CC.O=S(=O)([O-])C(F)(F)F,ammonium,sulfonates,2.196728722623287
xncNp,CCc1cccc[n+]1CC.CCOS(=O)(=O)[O-],pyridinium,sulfates,2.5118833609788744
xvZua,CC[n+]1ccsc1.O=S(=O)([N-]S(=O)(=O)C(F)(F)F)C(F)(F)F,thiazolium,bistriflamides,1.8155777483242672
xzqvb,CCCCCCCCn1cc[n+](C)c1.O=S(=O)([N-]S(=O)(=O)C(F)(F)F)C(F)(F)F,imidazolium,bistriflamides,1.9479236198317265
yBeaC,CC[n+]1ccn(C)c1.N#C[S-],imidazolium,inorganics,1.3617278360175928
yDyJU,CC(C)CCC[n+]1ccn(C)c1.O=S(=O)([N-]S(=O)(=O)C(F)(F)F)C(F)(F)F,imidazolium,bistriflamides,1.9294189257142926
yFAEB,CCCCCCCC[P+](CC)(CC)CC.O=S(=O)([N-]S(=O)(=O)C(F)(F)F)C(F)(F)F,phosphonium,bistriflamides,2.061452479087193
yHtnx,CCCC[P+](CC)(CCCC)CCCC.CCOP(=O)([O-])OCC,phosphonium,organic phosphates,2.48572142648158
yILOg,OCCCCCCn1cc[nH+]c1.[Cl-],imidazolium,inorganics,2.6232492903979003
yIobT,CCCC[n+]1ccn(C)c1.O=[N+]([O-])[O-],imidazolium,inorganics,2.2278867046136734
yKOky,CC[S+](C)CC.O=S(=O)([N-]S(=O)(=O)C(F)(F)F)C(F)(F)F,sulfonium,bistriflamides,1.613841821876069
yKalG,CC[N+](C)(C)CCOC.O=S(=O)([N-]S(=O)(=O)C(F)(F)F)C(F)(F)F,ammonium,bistriflamides,1.7781512503836436
yKliF,CCCCn1cc[n+](Cc2ccc(C)cc2)c1.O=S(=O)([N-]S(=O)(=O)C(F)(F)F)C(F)(F)F,imidazolium,bistriflamides,2.326335860928751
yLpiE,CCn1cc[n+](C)c1.N#C[N-]S(=O)(=O)C(F)(F)F,imidazolium,bistriflamides,1.3053513694466237
yNoLB,CC[n+]1ccn(C)c1.O=S(=O)([O-])C(F)(F)F,imidazolium,sulfonates,1.662757831681574
yPIww,CC[N+]1(C)CCOCC1.CC(=O)NC(C(=O)[O-])C(C)C,morpholinium,carboxylates,3.7557986569738304
yQBuY,CCCCn1cc[nH+]c1.O=S(=O)([N-]S(=O)(=O)C(F)(F)F)C(F)(F)F,imidazolium,bistriflamides,1.9527924430440922
yShFm,CCCC[n+]1ccn(C)c1.[I-],imidazolium,inorganics,3.0453229787866576
yWIZt,CCCCCCCC[NH+](CCCCCCCC)CCCCCCCC.O=C([O-])c1ccccc1C(=O)O,ammonium,carboxylates,2.8680563618230415
yWsSs,COCC[N+]1(C)CCOCC1.FC(F)(F)C(F)(F)[P-](F)(F)(F)(C(F)(F)C(F)(F)F)C(F)(F)C(F)(F)F,morpholinium,phosphates,2.858537197569639
yYFLM,CCCC[n+]1ccc(C)cc1.O=S(=O)([N-]S(=O)(=O)C(F)(F)F)C(F)(F)F,pyridinium,bistriflamides,1.7507397512353509
yYtOB,CCCC[N+]1(C)CCCC1.O=S1(=O)[N-]S(=O)(=O)C(F)(F)C(F)(F)C1(F)F,pyrrolidinium,bistriflamides,2.531478917042255
yZGkc,CCC[N+](C)(C)CC.O=S(=O)([N-]S(=O)(=O)C(F)(F)F)C(F)(F)F,ammonium,bistriflamides,1.7693773260761385
ydvxy,CCC[n+]1ccn(C)c1.N#C[S-],imidazolium,inorganics,1.5369370227046735
yeyGa,CCCn1cc[n+](C)c1C.N#C[S-],imidazolium,inorganics,2.1815577738627865
ygggq,CCOCC[P+](CC)(CC)CC.O=S(=O)([N-]S(=O)(=O)C(F)(F)F)C(F)(F)F,phosphonium,bistriflamides,1.6954816764901974
yoMCd,CCCCCCCCCCCCCC[P+](CCCCCC)(CCCCCC)CCCCCC.Clc1nc[n-]c1Cl,phosphonium,cyclic amides,2.89707700320942
ypTRp,CCCCCCCC[N+](C)(CCCCCCCC)CCCCCCCC.O=C([O-])C(F)(F)F,ammonium,carboxylates,3.190611797813605
yppBj,CCCCCCn1cc[n+](C)c1.O=C1[N-]S(=O)(=O)c2ccccc21,imidazolium,bistriflamides,4.075546961392531
ytKEU,CCCCCCCCCCCCCC[P+](CCCCCC)(CCCCCC)CCCCCC.N#C[N-]C#N,phosphonium,amides,2.558708570533166
yvMhP,CCCCCC[n+]1ccccc1.O=[N+]([O-])[O-],pyridinium,inorganics,2.699837725867246
yvuks,CC(C)C[N+]1(C)CCCC1.O=S(=O)([N-]S(=O)(=O)C(F)(F)F)C(F)(F)F,pyrrolidinium,bistriflamides,1.8214480190175304
yyXFq,CCCC[n+]1ccccc1.O=S(=O)([N-]S(=O)(=O)C(F)(F)F)C(F)(F)F,pyridinium,bistriflamides,1.7817553746524688
yydbf,CC[n+]1ccn(C)c1.CS(=O)(=O)[O-],imidazolium,sulfonates,2.1992064791616577
zAXJM,CN1CCCN2CCC[NH+]=C12.CC(=O)[O-],guanidinium,carboxylates,1.3729120029701065
zBNOM,CCCCCC[n+]1ccn(C)c1.F[P-](F)(F)(F)(F)F,imidazolium,phosphates,2.6866362692622934
zDFgK,CC[n+]1ccn(C)c1.CCOS(=O)(=O)[O-],imidazolium,sulfates,1.983175072037813
zEPzl,CCCC[N+]1(C)CCCC1.COS(=O)(=O)[O-],pyrrolidinium,sulfates,2.670245853074124
zEmGS,CCCCCCCCOC[N+](C)(C)CCO.O=S(=O)([N-]S(=O)(=O)C(F)(F)F)C(F)(F)F,ammonium,bistriflamides,2.173186268412274
zHYOf,CCCC[P+](CCCC)(CCCC)CCC(F)(F)C(F)(F)C(F)(F)C(F)(F)C(F)(F)C(F)(F)F.FC(F)(F)C(F)(F)[P-](F)(F)(F)(C(F)(F)C(F)(F)F)C(F)(F)C(F)(F)F,phosphonium,phosphates,2.649334858712142
zJQnc,CCn1cc[nH+]c1.O=S(=O)([N-]S(=O)(=O)C(F)(F)F)C(F)(F)F,imidazolium,bistriflamides,1.7566361082458481
zKvNC,CCCC[n+]1ccn(CCCCCCO)c1.[Cl-],imidazolium,inorganics,2.9912260756924947
zMjiZ,CCCC[N+]1(C)CCCC1.N#C[S-],pyrrolidinium,inorganics,2.037426497940624
zMmRf,CC[NH3+].O=[N+]([O-])[O-],ammonium,inorganics,1.505149978319906
zPthm,CCCC[n+]1ccn(C)c1.O=C([N-]S(=O)(=O)C(F)(F)F)C(F)(F)C(F)(F)F,imidazolium,bistriflamides,1.7160033436347992
zQocJ,CCCC[n+]1ccn(CCC#N)c1.[Cl-],imidazolium,inorganics,3.4211101297934343
zTISb,CCC[n+]1ccn(C)c1.CC(=O)[O-],imidazolium,carboxylates,2.661812685537261
zUYuV,CCCCCCCCCCCCCC[P+](CCCCCC)(CCCCCC)CCCCCC.N#C[N-]C#N,phosphonium,amides,2.6434526764861874
zXaAg,CCCCC[NH3+].O=C[O-],ammonium,carboxylates,1.8920946026904804
zYhVp,CCCC[P+](CCCC)(CCCC)CCCC.O=S(=O)([O-])CC(O)CN1CCOCC1,phosphonium,sulfonates,3.8640955734242475
zazNe,CCCCn1cc[n+](CCCC)c1.CS(=O)(=O)[O-],imidazolium,sulfonates,1.503790683057181
zbNJZ,Cn1cc[n+](C)c1.COS(=O)(=O)[O-],imidazolium,sulfates,1.8779469516291882
zdGVw,CC[n+]1ccn(C)c1.CC(=O)[O-],imidazolium,carboxylates,2.123524980942732
zhrwH,CCCCCCC[n+]1ccn(C)c1.O=S(=O)([N-]S(=O)(=O)C(F)(F)F)C(F)(F)F,imidazolium,bistriflamides,1.909020854211156
zjfcM,CCCC[n+]1cccc(C)c1.N#C[C-](C#N)C#N,pyridinium,methanides,1.6424645202421213
zjjMM,CCCC[n+]1ccn(C)c1.O=S(=O)([N-]S(=O)(=O)C(F)(F)F)C(F)(F)F,imidazolium,bistriflamides,1.7067177823367587
zkNXR,CCCCCC[n+]1ccn(C)c1.O=S(=O)([N-]S(=O)(=O)C(F)(F)F)C(F)(F)F,imidazolium,bistriflamides,1.8512583487190752
zlJaj,CCCCCC[n+]1ccn(C)c1.O=S(=O)([N-]S(=O)(=O)C(F)(F)F)C(F)(F)F,imidazolium,bistriflamides,1.8188854145940099
zljmt,CCCC[NH3+].O=[N+]([O-])[O-],ammonium,inorganics,1.954242509439325
zmgbx,CCCCCC[n+]1ccn(C)c1.N#Cc1ccc[n-]1,imidazolium,cyclic amides,2.3783979009481375
zsKxf,CCCC[n+]1ccccc1.O=S(=O)([N-]S(=O)(=O)C(F)(F)F)C(F)(F)F,pyridinium,bistriflamides,1.7810369386211318
