entry_id,smiles,cation_family,anion_family,value
ABjlz,CCCC[n+]1ccn(C)c1.CC(=O)[O-],imidazolium,carboxylates,1.0508
ADkQO,Cn1cc[n+](C)c1.COS(=O)(=O)[O-],imidazolium,sulfates,1.3273
AGazE,CCCC[N+](CCCC)(CCCC)CCCC.O=C([O-])C1CCCN1,ammonium,carboxylates,0.9816
AGxcw,CCCC[n+]1ccn(C)c1.O=S(=O)([N-]S(=O)(=O)C(F)(F)F)C(F)(F)F,imidazolium,bistriflamides,1.437
AHFxw,CC[n+]1ccn(C)c1.CCOS(=O)(=O)[O-],imidazolium,sulfates,1.2363
AHRGa,CCCCCn1cc[n+](C)c1.O=[N+]([O-])[O-],imidazolium,inorganics,1.127
AJxaI,CCCCn1c[n+](CCCCS(=O)(=O)O)cn1.O=S(=O)([O-])C(F)(F)F,triazolium,sulfonates,1.3715899999999999
AKUUz,CCCC[n+]1ccn(C)c1C.NCC(=O)[O-],imidazolium,carboxylates,1.1254000000000002
ALVzl,CCCC[n+]1ccn(C)c1.O=C([O-])c1ccccc1O,imidazolium,carboxylates,1.149
AMByY,CCCCCOC[N+](C)(C)CCOC(C)=O.O=S(=O)([N-]S(=O)(=O)C(F)(F)F)C(F)(F)F,ammonium,bistriflamides,1.342
ANHMt,CCCC[n+]1ccn(C)c1.F[P-](F)(F)(F)(F)F,imidazolium,phosphates,1.3657000000000001
ANMhI,C=CC[n+]1ccn(C)c1.O=S(=O)([N-]S(=O)(=O)C(F)(F)F)C(F)(F)F,imidazolium,bistriflamides,1.499
AOTWl,COCC[N+]1(C)CCCC1.FC(F)(F)C(F)(F)[P-](F)(F)(F)(C(F)(F)C(F)(F)F)C(F)(F)C(F)(F)F,pyrrolidinium,phosphates,1.631
AOfRR,CCCC[P+](CCCC)(CCCC)CCCC.NC(CS)C(=O)[O-],phosphonium,carboxylates,1.0337
AOqHd,CC1(C)OCC(C[N+]2(C)CCCC2)O1.O=S(=O)([N-]S(=O)(=O)C(F)(F)F)C(F)(F)F,pyrrolidinium,bistriflamides,1.425
AOsTN,CCCC[S+]1CCCC1.O=S(=O)([N-]S(=O)(=O)C(F)(F)F)C(F)(F)F,cyclic sulfonium,bistriflamides,1.455
APIcO,CCCCCCOC[N+](C)(C)CCOC(C)=O.O=S(=O)([N-]S(=O)(=O)C(F)(F)F)C(F)(F)F,ammonium,bistriflamides,1.315
APNfi,C=CCn1cc[n+](CCC#N)c1.[Cl-],imidazolium,inorganics,1.1708
APbMY,CCCC[n+]1ccn(C)c1.O=S(=O)([N-]S(=O)(=O)C(F)(F)F)C(F)(F)F,imidazolium,bistriflamides,1.436
APonA,CCCC[N+]1(C)CCCC1.O=S(=O)([N-]S(=O)(=O)C(F)(F)F)C(F)(F)F,pyrrolidinium,bistriflamides,1.39402
ASLjZ,CC[NH+]1CCOCC1.CCCCCCCCCC(=O)[O-],morpholinium,carboxylates,0.9014
ASkGk,CCCC[n+]1ccn(C)c1.CC(=O)[O-],imidazolium,carboxylates,1.0526300000000002
ATDRY,CC[n+]1ccn(C)c1.N#C[N-]C#N,imidazolium,amides,1.1012
AUIVy,CC[P+](CC)(CC)COCCOC.O=S(=O)([N-]S(=O)(=O)C(F)(F)F)C(F)(F)F,phosphonium,bistriflamides,1.36
AUUdw,N#CCCn1cc[n+](CCO)c1.N#C[S-],imidazolium,inorganics,1.2162
AVMxR,CCCC[n+]1ccn(C)c1.NC(CO)C(=O)[O-],imidazolium,carboxylates,1.156
AVeFd,CCCC[P+](CCCC)(CCCC)CCCC.O=C[O-],phosphonium,carboxylates,0.945
AWdTj,CC[n+]1ccn(C)c1.O=S(=O)([N-]S(=O)(=O)C(F)(F)C(F)(F)F)C(F)(F)C(F)(F)F,imidazolium,bistriflamides,1.5932
AWsqN,C=Cn1cc[n+](CCCC)c1.NCC(=O)[O-],imidazolium,carboxylates,0.8047000000000001
AXRGI,COCCOCC[n+]1ccn(C)c1.O=S(=O)([N-]S(=O)(=O)C(F)(F)F)C(F)(F)F,imidazolium,bistriflamides,1.45499
AYcTR,CCCC[N+]1(C)CCCC1.O=S(=O)(F)[N-]S(=O)(=O)F,pyrrolidinium,bistriflamides,1.30686
AaAot,CCn1cc[n+](C)c1.CCCCCCOS(=O)(=O)[O-],imidazolium,sulfates,1.1296
AaKhv,CCCC[N+]1(C)CCCC1.FC(F)(F)C(F)(F)[P-](F)(F)(F)(C(F)(F)C(F)(F)F)C(F)(F)C(F)(F)F,pyrrolidinium,phosphates,1.58
AanjI,CCCCCC[n+]1ccccc1.O=S(=O)([N-]S(=O)(=O)C(F)(F)F)C(F)(F)F,pyridinium,bistriflamides,1.382
AatXP,CCCCn1cc[n+](C2CCCC2)c1.O=S(=O)([N-]S(=O)(=O)C(F)(F)F)C(F)(F)F,imidazolium,bistriflamides,1.38
AbaLi,CCCC[n+]1ccn(C)c1.O=S(=O)([N-]S(=O)(=O)C(F)(F)F)C(F)(F)F,imidazolium,bistriflamides,1.4367
AdnpP,CCCC[n+]1ccn(C)c1.[I-],imidazolium,inorganics,1.44
AefiO,CCCCCCCC[n+]1ccn(CCC#N)c1.[Br-],imidazolium,inorganics,1.1765999999999999
AeiYk,CCCCCCCCn1cc[n+](C)c1.O=S(=O)([N-]S(=O)(=O)C(F)(F)F)C(F)(F)F,imidazolium,bistriflamides,1.3189000000000002
AezAf,CCCCCn1cc[n+](C)c1.O=P([O-])(O)O,imidazolium,organic phosphates,1.1422999999999999
AgkYy,CCCCCC[N+]1(C)CCOCC1.CC(=O)NC(CC(C)C)C(=O)[O-],morpholinium,carboxylates,1.0507
AiQrM,CCCC[N+](C)(C)C.O=S(=O)([N-]S(=O)(=O)C(F)(F)F)C(F)(F)F,ammonium,bistriflamides,1.391625
AjMZc,CCCC[n+]1ccn(C)c1.F[P-](F)(F)(F)(F)F,imidazolium,phosphates,1.37
Ajqzx,CCCCCC[n+]1ccn(CCC#N)c1.CCCCCCCCCCCCOS(=O)(=O)[O-],imidazolium,sulfates,1.0977999999999999
AlHSH,CCCCCCCCn1cc[n+](C)c1.N#C[C-](C#N)C#N,imidazolium,methanides,1.0008
Alblb,C=CCn1cc[nH+]c1.O=S(=O)([N-]S(=O)(=O)C(F)(F)F)C(F)(F)F,imidazolium,bistriflamides,0.0015337
Albmz,CCOCC[N+]1(C)CCCC1.O=S(=O)([N-]S(=O)(=O)C(F)(F)F)C(F)(F)F,pyrrolidinium,bistriflamides,1.4110999999999998
AlxXH,CCCC[n+]1ccn(C)c1.O=S(=O)([N-]S(=O)(=O)C(F)(F)F)C(F)(F)F,imidazolium,bistriflamides,1.43627
AmPoQ,CCCCCCC[n+]1ccn(C)c1.O=S(=O)([N-]S(=O)(=O)C(F)(F)F)C(F)(F)F,imidazolium,bistriflamides,1.3454000000000002
ApTEW,CC[n+]1ccn(C)c1.O=S(=O)([N-]S(=O)(=O)C(F)(F)F)C(F)(F)F,imidazolium,bistriflamides,1.51696
Apcsf,CCCC[N+]1(C)C2CCC1CC(O)C2.NC(Cc1ccccc1)C(=O)[O-],pyrrolidinium,carboxylates,1.133
ArTJi,CCC[NH+](C)CCC.O=S(=O)([O-])C(F)(F)F,ammonium,sulfonates,1.211
Aravk,CCC[n+]1ccccc1C.O=S(=O)([N-]S(=O)(=O)C(F)(F)F)C(F)(F)F,pyridinium,bistriflamides,1.46445
ArazK,CCCCCCCCCCn1c[n+](C)cn1.O=S(=O)([N-]S(=O)(=O)C(F)(F)F)C(F)(F)F,triazolium,bistriflamides,1.3
AsdFt,CC[n+]1ccn(C)c1.O=S(=O)([N-]S(=O)(=O)C(F)(F)F)C(F)(F)F,imidazolium,bistriflamides,1.519
AuvxC,CCCC[n+]1ccn(C)c1.O=S(=O)([O-])C(F)(F)F,imidazolium,sulfonates,1.2975999999999999
AvRqQ,COCCCC[n+]1ccn(C)c1.NCC(=O)[O-],imidazolium,carboxylates,1.162
BAtyU,CCCCn1cc[n+](C)c1C.O=S(=O)([N-]S(=O)(=O)C(F)(F)F)C(F)(F)F,imidazolium,bistriflamides,1.4212
BAyGQ,CCCC[n+]1ccn(C)c1.O=S(=O)([N-]S(=O)(=O)C(F)(F)F)C(F)(F)F,imidazolium,bistriflamides,1.4342300000000001
BBRkJ,CCCC[n+]1ccn(C)c1.F[P-](F)(F)(F)(F)F,imidazolium,phosphates,1.3674000000000002
BBdGv,CCCC[n+]1ccn(C)c1.O=C([O-])C(F)(F)F,imidazolium,carboxylates,1.2127999999999999
BBgjb,CCCC[n+]1ccn(C)c1.CC(C)C(=O)[O-],imidazolium,carboxylates,1.074
BBwJo,CCCC[P+](CCCC)(CCCC)CCCC.NCCCCC(N)C(=O)[O-],phosphonium,carboxylates,0.9675
BDNuu,CC[n+]1ccn(C)c1.CCOS(=O)(=O)[O-],imidazolium,sulfates,1.2389000000000001
BKosl,CCCC[n+]1ccn(C)c1.COS(=O)(=O)[O-],imidazolium,sulfates,1.2122
BKpqV,CCCCC[P+](CC)(CC)CC.O=S(=O)([N-]S(=O)(=O)C(F)(F)C(F)(F)F)C(F)(F)C(F)(F)F,phosphonium,bistriflamides,1.3822999999999999
BLwql,CCCCCCCC[N+](C)(CCCCCCCC)CCCCCCCC.O=S(=O)([N-]S(=O)(=O)C(F)(F)F)C(F)(F)F,ammonium,bistriflamides,1.1069
BMily,CC[n+]1ccn(C)c1.CCOS(=O)(=O)[O-],imidazolium,sulfates,1.2295999999999998
BMxyc,CCCCCCCCn1cc[n+](C)c1.COS(=O)(=O)[O-],imidazolium,sulfates,1.10984
BPphN,CCCC[n+]1ccn(C(CC)CC)c1.O=S(=O)([N-]S(=O)(=O)C(F)(F)F)C(F)(F)F,imidazolium,bistriflamides,1.3195999999999999
BQiyw,CC[n+]1ccn(C)c1.O=S(=O)([O-])C(F)(F)F,imidazolium,sulfonates,1.382
BSnus,COCC[N+]1(C)CCCCC1.O=S(=O)([N-]S(=O)(=O)C(F)(F)F)C(F)(F)F,piperidinium,bistriflamides,1.4332
BSreP,CCCC[n+]1ccn(C)c1.N#C[S-],imidazolium,inorganics,1.0697
BTZrq,CC[n+]1ccn(C)c1.O=S(=O)(F)[N-]S(=O)(=O)F,imidazolium,bistriflamides,1.442
BUbtb,CC[NH2+]CC.CC(=O)[O-],ammonium,carboxylates,0.946
BUzwN,CCCCn1cc[n+](C2CCCC2)c1.O=S(=O)([N-]S(=O)(=O)C(F)(F)F)C(F)(F)F,imidazolium,bistriflamides,1.375
BXccU,[NH3+]CCO.CC(O)C(=O)[O-],ammonium,carboxylates,1.20187
BYPcK,CCCCCCC[n+]1ccn(C)c1.O=S(=O)([N-]S(=O)(=O)C(F)(F)F)C(F)(F)F,imidazolium,bistriflamides,1.34413
BZAam,CC[NH+](C)CC.O=S(=O)([O-])C(F)(F)F,ammonium,sulfonates,1.284
BZBMk,Cn1cc[n+](CCCCS(=O)(=O)O)c1.O=S(=O)([N-]S(=O)(=O)C(F)(F)F)C(F)(F)F,imidazolium,bistriflamides,1.583
BZPLJ,CCCCCC[n+]1ccn(C)c1.F[P-](F)(F)(F)(F)F,imidazolium,phosphates,1.2937
BaFCP,CN(C)C(=[NH2+])N(C)C.CCCCCCC(=O)[O-],guanidinium,carboxylates,0.9827
BaHgW,CCCC[n+]1ccn(C)c1.N#C[N-]C#N,imidazolium,amides,1.06085
BbQhq,CCCCCCCC[n+]1ccn(C)c1.F[P-](F)(F)(F)(F)F,imidazolium,phosphates,1.234
BcQaO,CCCC[N+]1(C)CCCC1.O=S(=O)([N-]S(=O)(=O)C(F)(F)F)C(F)(F)F,pyrrolidinium,bistriflamides,1.39451
BguHk,CC[n+]1ccn(C)c1.CS(=O)(=O)[O-],imidazolium,sulfonates,1.2418
BhtOT,CCCCCCCC[n+]1ccn(C)c1.F[P-](F)(F)(F)(F)F,imidazolium,phosphates,1.237
BjbyD,CCCCn1cc[n+](C)c1C.O=S(=O)([N-]S(=O)(=O)C(F)(F)F)C(F)(F)F,imidazolium,bistriflamides,1.4194
Bjcsv,CCCC[n+]1ccn(C)c1.F[P-](F)(F)(F)(F)F,imidazolium,phosphates,1.368
BlOTr,Cn1cc[n+](CCO)c1.N#C[N-]C#N,imidazolium,amides,1.1862000000000001
BnkAT,CN1CCCN2CCC[NH+]=C12.O=S(=O)([N-]S(=O)(=O)C(F)(F)C(F)(F)F)C(F)(F)C(F)(F)F,guanidinium,bistriflamides,1.5820999999999998
BoHwY,CCCCCC[n+]1ccn(C)c1.O=S(=O)([N-]S(=O)(=O)C(F)(F)C(F)(F)F)C(F)(F)C(F)(F)F,imidazolium,bistriflamides,1.45
BomxD,CCCCCC[n+]1ccn(C)c1.COS(=O)(=O)[O-],imidazolium,sulfates,1.157
BpZGI,CCCCCC[n+]1ccn(C)c1.[Br-],imidazolium,inorganics,1.2292
BpfdE,CCCC[n+]1ccn(CC)c1.[Br-],imidazolium,inorganics,1.259
BrDZc,CCC[n+]1ccn(C)c1C.O=S(=O)([O-])O,imidazolium,sulfates,1.2328
BrQek,CC[n+]1ccn(C)c1.O=S(=O)([N-]S(=O)(=O)C(F)(F)F)C(F)(F)F,imidazolium,bistriflamides,1.51838
BrbdA,COCC[n+]1ccccc1.N#C[C-](C#N)C#N,pyridinium,methanides,1.1275
BrvMK,CC[n+]1ccn(C)c1.CO[PH](=O)[O-],imidazolium,organic phosphates,1.1918
BsJcP,CCCCCCCCCn1cc[n+](C)c1.O=S(=O)([N-]S(=O)(=O)C(F)(F)F)C(F)(F)F,imidazolium,bistriflamides,1.299
BspSz,CC[NH3+].O=[N+]([O-])[O-],ammonium,inorganics,1.206
BtjFB,CCCCCCCC[N+](C)(CCCCCCCC)CCCCCCCC.O=S(=O)([N-]S(=O)(=O)C(F)(F)F)C(F)(F)F,ammonium,bistriflamides,1.1069
BvLvH,CC[n+]1ccn(C)c1.CCOS(=O)(=O)[O-],imidazolium,sulfates,1.236
BwUaA,CCCCCC[n+]1ccn(C)c1.[Br-],imidazolium,inorganics,1.2221
BwiYt,CCCCCCCCCOC[N+](C)(C)CCOC(C)=O.O=S(=O)([N-]S(=O)(=O)C(F)(F)F)C(F)(F)F,ammonium,bistriflamides,1.244
Bwmte,CCCn1c[n+](C)cn1.O=S(=O)([N-]S(=O)(=O)C(F)(F)F)C(F)(F)F,triazolium,bistriflamides,1.515
BxnpB,CC[n+]1ccn(C)c1.O=S(=O)([N-]S(=O)(=O)C(F)(F)F)C(F)(F)F,imidazolium,bistriflamides,1.5180799999999999
CAMFh,CC[N+](CC)=C(N(C)C)N(C)C.O=S(=O)([N-]S(=O)(=O)C(F)(F)F)C(F)(F)F,guanidinium,bistriflamides,1.3732
CAxzH,Cn1cc[n+](C)c1.COS(=O)(=O)[O-],imidazolium,sulfates,1.329
CDOYd,CC[n+]1ccccc1.N#C[N-]C#N,pyridinium,amides,1.11849
CEGfX,CCCC[N+]1(C)CCCC1.O=S(=O)([O-])C(F)(F)F,pyrrolidinium,sulfonates,1.25271
CEYGO,CC[n+]1ccn(C)c1.O=S(=O)([O-])C(F)(F)F,imidazolium,sulfonates,1.383
CEZQB,CCCC[P+](C)(CCCC)CCCC.O=S(=O)([N-]S(=O)(=O)C(F)(F)F)C(F)(F)F,phosphonium,bistriflamides,1.2537
CGbJs,CC[NH3+].O=C[O-],ammonium,carboxylates,1.0335
CHDzR,CCCC[n+]1ccn(C)c1.F[P-](F)(F)(F)(F)F,imidazolium,phosphates,1.3660999999999999
CHjBA,CC[n+]1ccn(C)c1.COS(=O)(=O)[O-],imidazolium,sulfates,1.28081
CKGbK,CC[n+]1ccn(C)c1.O=S(=O)([O-])C(F)(F)F,imidazolium,sulfonates,1.3836
CKpQz,CC[n+]1ccccc1.O=S(=O)([N-]S(=O)(=O)C(F)(F)F)C(F)(F)F,pyridinium,bistriflamides,1.5359200000000002
CLVOp,CCCCCC[n+]1ccn(C)c1.[Cl-],imidazolium,inorganics,1.0443
COmPB,CCCCCCCC[N+](C)(CCCCCCCC)CCCCCCCC.O=[N+]([O-])[O-],ammonium,inorganics,0.9123
CSPmJ,CCCC[N+]1(C)C2CCC1CC(O)C2.[NH3+]C(CC(=O)[O-])C(=O)[O-],pyrrolidinium,carboxylates,1.1759000000000002
CXUxv,Cn1cc[n+](C)c1.O=S(=O)([N-]S(=O)(=O)C(F)(F)F)C(F)(F)F,imidazolium,bistriflamides,1.554
CbtZk,COCC[n+]1ccn(C)c1.CC(O)C(N)C(=O)[O-],imidazolium,carboxylates,1.1901
CdGRL,CC[n+]1ccn(C)c1.CCOS(=O)(=O)[O-],imidazolium,sulfates,1.2375999999999998
CeDhP,CCC[N+]1(C)CCCCC1.O=S(=O)(F)[N-]S(=O)(=O)F,piperidinium,bistriflamides,1.306
CeZsw,CC[NH+]=C(N(C)C)N(C)C.CCOS(=O)(=O)[O-],guanidinium,sulfates,1.1672
CfmfV,CCCC[NH3+].O=[N+]([O-])[O-],ammonium,inorganics,1.1055
CfoiM,CCCCCCCC[n+]1ccn(C)c1.F[P-](F)(F)(F)(F)F,imidazolium,phosphates,1.2362
CgYsa,CCCC[NH3+].O=[N+]([O-])[O-],ammonium,inorganics,1.1015
CgtDg,CCCCCCCCCCCCCC[P+](CCCCCC)(CCCCCC)CCCCCC.CC(CC(C)(C)C)CP(=O)([O-])CC(C)CC(C)(C)C,phosphonium,organic phosphates,0.8845
CkLpg,CCCC[N+]1(C)CCCC1.N#C[N-]C#N,pyrrolidinium,amides,1.01349
Ckmhj,CCCC[N+]1(C)CCCC1.O=S(=O)([O-])C(F)(F)F,pyrrolidinium,sulfonates,1.25226
Cksec,CC(C)C[N+]1(C)CCCC1.O=S(=O)([N-]S(=O)(=O)C(F)(F)F)C(F)(F)F,pyrrolidinium,bistriflamides,1.4
CmIiW,COc1ccc(-[n+]2c(C)cc(C)n2C)cc1.CS(=O)(=O)[O-],pyrazolium,sulfonates,1.2595999999999998
CnGNr,CCCCCCn1cc[n+](C)c1.CC(=O)[O-],imidazolium,carboxylates,1.0166
CnxEz,CCC[NH3+].O=C[O-],ammonium,carboxylates,0.9935
CouuC,Cn1cc[n+](CCCO)c1.N#C[N-]C#N,imidazolium,amides,1.171
CpCTq,CCCC[P+](CCCC)(CCCC)CCCN.CC(C)CC(N)C(=O)[O-],phosphonium,carboxylates,0.9719
CpQKc,CCCCCC[n+]1cc(C)cc(C)c1CC.O=S(=O)([N-]S(=O)(=O)C(F)(F)F)C(F)(F)F,pyridinium,bistriflamides,1.3104200000000001
CqEQh,CCCCCCCCCCCCCC[P+](CCCCCC)(CCCCCC)CCCCCC.Cc1ccc(S(=O)(=O)[O-])cc1,phosphonium,sulfonates,1.003
Cqjpy,CCCC[n+]1ccn(C)c1.O=S(=O)([O-])C(F)(F)F,imidazolium,sulfonates,1.2975999999999999
CrDOF,CC[n+]1ccn(C)c1.O=C([O-])C(F)(F)F,imidazolium,carboxylates,1.291
CrngN,CCCCCCCCCCCC[n+]1ccn(C)c1.O=S(=O)([N-]S(=O)(=O)C(F)(F)F)C(F)(F)F,imidazolium,bistriflamides,1.248
CtPjJ,CCCC[n+]1ccn(C)c1.O=S(=O)([N-]S(=O)(=O)C(F)(F)C(F)(F)C(F)(F)C(F)(F)F)C(F)(F)C(F)(F)C(F)(F)C(F)(F)F,imidazolium,bistriflamides,1.6111
CtjuV,CCC[NH3+].CC(=O)[O-],ammonium,carboxylates,0.9869
Ctotn,CCCCCC[n+]1ccccc1.O=C([O-])C(F)(F)F,pyridinium,carboxylates,1.2852000000000001
CuOZm,CCCC[n+]1ccn(C)c1.O=S(=O)([N-]S(=O)(=O)C(F)(F)F)C(F)(F)F,imidazolium,bistriflamides,1.436
CvQlR,CCCC[P+](CCCC)(CCCC)CCOCC.CS(=O)(=O)[O-],phosphonium,sulfonates,1.027
CvZoR,CCCC[n+]1ccn(C)c1.CCOS(=O)(=O)[O-],imidazolium,sulfates,1.1519000000000001
CvxfZ,CCCCCCCCC[n+]1ccn(COC2CC(C)CCC2C(C)C)c1.O=S(=O)([N-]S(=O)(=O)C(F)(F)F)C(F)(F)F,imidazolium,bistriflamides,1.2049100000000001
CyBlO,CCCC[P+](CCCC)(CCCC)CCCC.O=C([O-])c1ccco1,phosphonium,carboxylates,1.0054
CyUMp,CCCCCC[n+]1ccn(C)c1.O=S(=O)([N-]S(=O)(=O)C(F)(F)C(F)(F)F)C(F)(F)C(F)(F)F,imidazolium,bistriflamides,1.372
CzREZ,CC[n+]1ccn(C)c1.O=S(=O)([O-])C(F)(F)F,imidazolium,sulfonates,1.3809
DBOyw,CCCC[N+]1(C)CCCC1.N#C[N-]C#N,pyrrolidinium,amides,1.0176
DBnaK,CCCCCC[n+]1ccn(C)c1.O=S(=O)([N-]S(=O)(=O)C(F)(F)F)C(F)(F)F,imidazolium,bistriflamides,1.3719000000000001
DCFEt,C[n+]1ccn(CC2CCCCC2)c1.O=S(=O)([N-]S(=O)(=O)C(F)(F)F)C(F)(F)F,imidazolium,bistriflamides,1.417
DCtUx,CC[n+]1ccn(C)c1.O=S(=O)([N-]S(=O)(=O)C(F)(F)F)C(F)(F)F,imidazolium,bistriflamides,1.519
DEBwW,C[NH+](C)C.O=P([O-])(O)O,ammonium,organic phosphates,1.3536
DGTBP,CCCCn1cc[n+](CC)c1.O=S(=O)([O-])C(F)(F)F,imidazolium,sulfonates,1.2622
DHHVL,CC[n+]1ccn(C)c1.CCCCCCCCOS(=O)(=O)[O-],imidazolium,sulfates,1.0953
DIOgU,CC[n+]1ccn(C)c1.O=S(=O)([O-])C(F)(F)F,imidazolium,sulfonates,1.3859000000000001
DIsjw,CCCCCC[n+]1ccn(C)c1.N#C[N-]C#N,imidazolium,amides,1.0289000000000001
DJUuU,CCCCCCCCCCCCCC[P+](CCCCCC)(CCCCCC)CCCCCC.CCCCCC(=O)[O-],phosphonium,carboxylates,0.8855
DJyTT,CC[n+]1ccn(C)c1.CS(=O)(=O)[O-],imidazolium,sulfonates,1.2395999999999998
DLeoC,CC[n+]1ccn(C)c1.O=S(=O)([O-])O,imidazolium,sulfates,1.3658
DMLvs,CCCCCn1cc[n+](C)c1.O=S(=O)([N-]S(=O)(=O)C(F)(F)C(F)(F)F)C(F)(F)C(F)(F)F,imidazolium,bistriflamides,1.48
DPwgY,CCCC[N+]1(C)CCCC1.FC(F)(F)C(F)(F)[P-](F)(F)(F)(C(F)(F)C(F)(F)F)C(F)(F)C(F)(F)F,pyrrolidinium,phosphates,1.58315
DSDTM,CCCC[n+]1ccn(C)c1.O=S(=O)([O-])C(F)(F)F,imidazolium,sulfonates,1.2975
DSnSp,CCCCC[n+]1ccccc1.N#C[N-]C#N,pyridinium,amides,1.0531
DThfy,CC[n+]1ccn(C)c1.O=S(=O)([N-]S(=O)(=O)C(F)(F)F)C(F)(F)F,imidazolium,bistriflamides,1.5192
DVHYO,CCCCCC[n+]1ccn(CCC#N)c1.O=S(=O)([O-])c1ccccc1,imidazolium,sulfonates,1.2227000000000001
DVPOw,CCCCn1cc[n+](C)c1C.O=S(=O)([N-]S(=O)(=O)C(F)(F)F)C(F)(F)F,imidazolium,bistriflamides,1.419
DVaoN,CCC[N+]1(C)CCCCC1.O=S(=O)([N-]S(=O)(=O)C(F)(F)F)C(F)(F)F,piperidinium,bistriflamides,1.4274
DWEPb,CCCC[P+](CCCC)(CCCC)CCOCC.O=S(=O)([N-]S(=O)(=O)C(F)(F)F)C(F)(F)F,phosphonium,bistriflamides,1.224
DWXvx,CCCC[n+]1ccn(C)c1.O=S(=O)([N-]S(=O)(=O)C(F)(F)F)C(F)(F)F,imidazolium,bistriflamides,1.43635
DXrwN,CCCCCC[n+]1ccn(C)c1.O=S(=O)([N-]S(=O)(=O)C(F)(F)F)C(F)(F)F,imidazolium,bistriflamides,1.3707
DZZGT,CCCCCCCCn1cc[n+](C)c1.[Cl-],imidazolium,inorganics,1.0096
DarOI,CCCCCCCCn1cc[n+](C)c1.O=[N+]([O-])[O-],imidazolium,inorganics,1.0642
DbxpE,CC[n+]1ccn(CCOC)c1.O=S(=O)([N-]S(=O)(=O)C(F)(F)F)C(F)(F)F,imidazolium,bistriflamides,1.4616600000000002
DeCmK,CCCC[N+]1(C)CCCC1.O=S(=O)([N-]S(=O)(=O)C(F)(F)F)C(F)(F)F,pyrrolidinium,bistriflamides,1.3944
DgeVf,CCCCCC[N+]1(C)CCCC1.O=S(=O)([N-]S(=O)(=O)C(F)(F)F)C(F)(F)F,pyrrolidinium,bistriflamides,1.332
Dgwyb,CCCC[N+]1(C)CCCC1.O=S(=O)([N-]S(=O)(=O)C(F)(F)F)C(F)(F)F,pyrrolidinium,bistriflamides,1.3945
Dimna,CCCCCC[n+]1ccn(CCC#N)c1.[Br-],imidazolium,inorganics,1.229
DjSaw,CCCCCC[n+]1ccn(C)c1.O=S(=O)([N-]S(=O)(=O)C(F)(F)F)C(F)(F)F,imidazolium,bistriflamides,1.372
DjaGl,CCCC[N+]1(C)CCCC1.O=S(=O)([N-]S(=O)(=O)C(F)(F)F)C(F)(F)F,pyrrolidinium,bistriflamides,1.382
DjbEV,CCCCCC[n+]1ccc2ccccc2c1.N#C[S-],quinlolinium,inorganics,1.0813
DkKnM,CCCCCCCCn1cc[n+](C)c1.O=S(=O)([N-]S(=O)(=O)C(F)(F)F)C(F)(F)F,imidazolium,bistriflamides,1.3208
DkTLF,CCCCCCCCn1cc[n+](C)c1.[Br-],imidazolium,inorganics,1.1732
DlBWU,CC[n+]1ccccc1C.O=S(=O)([N-]S(=O)(=O)C(F)(F)F)C(F)(F)F,pyridinium,bistriflamides,1.50571
DmABY,CC[n+]1ccn(C)c1.O=S(=O)([N-]S(=O)(=O)C(F)(F)F)C(F)(F)F,imidazolium,bistriflamides,1.518
Dorjp,CCCC[n+]1ccn(C)c1.F[P-](F)(F)(F)(F)F,imidazolium,phosphates,1.3698
DsEAk,CCCCCCCCC=CCCCCCCCC[n+]1ccn(C)c1.O=S(=O)([N-]S(=O)(=O)C(F)(F)F)C(F)(F)F,imidazolium,bistriflamides,1.18
DtzuP,CCCC[n+]1ccn(C)c1.O=S(=O)([O-])O,imidazolium,sulfates,1.277
DuMIl,CCCCCCCC[n+]1ccn(C)c1.F[P-](F)(F)(F)(F)F,imidazolium,phosphates,1.2368
DxIJp,CC[N+](C)(CC)CCOC.O=S(=O)([N-]S(=O)(=O)C(F)(F)F)C(F)(F)F,ammonium,bistriflamides,1.42
DyFYX,CCCC[n+]1ccn(C)c1.O=S(=O)([N-]S(=O)(=O)C(F)(F)F)C(F)(F)F,imidazolium,bistriflamides,1.4364000000000001
DyKJH,CCCC[n+]1ccn(C)c1.O=S(=O)([N-]S(=O)(=O)C(F)(F)F)C(F)(F)F,imidazolium,bistriflamides,1.4357666666666666
DyrrV,CCC[n+]1cccc(C)c1.O=S(=O)([N-]S(=O)(=O)C(F)(F)F)C(F)(F)F,pyridinium,bistriflamides,1.4475
EAYLe,CC[n+]1ccn(C)c1.O=S(=O)([N-]S(=O)(=O)C(F)(F)F)C(F)(F)F,imidazolium,bistriflamides,1.51761
EAuGX,CCCCCCCC[P+](CC)(CC)CC.O=[N+]([O-])c1c[n-]cn1,phosphonium,cyclic amides,1.0288
EBtiR,CCCCCC[n+]1ccc(N(C)C)cc1.O=S(=O)([N-]S(=O)(=O)C(F)(F)F)C(F)(F)F,pyridinium,bistriflamides,1.343
ECmdh,CC[n+]1ccn(C)c1.N#C[N-]C#N,imidazolium,amides,1.102
ECsro,CCCC[n+]1ccn(C)c1.O=S(=O)([O-])C(F)(F)C(F)F,imidazolium,sulfonates,1.3473
ECuVa,CCCCCCCCn1cc[n+](CCC#N)c1.O=S(=O)([O-])C(F)(F)F,imidazolium,sulfonates,1.2294
EDIBu,CCn1cc[n+](C)c1.NC(CO)C(=O)[O-],imidazolium,carboxylates,1.204
EDIPz,CCCC[n+]1ccn(C)c1.F[P-](F)(F)(F)(F)F,imidazolium,phosphates,1.3673
EDTbz,CCCCCCCCCC[n+]1ccn(C)c1.O=S(=O)([N-]S(=O)(=O)C(F)(F)F)C(F)(F)F,imidazolium,bistriflamides,1.2783
EErRD,CCCCCCCCn1cc[n+](C)c1.[Br-],imidazolium,inorganics,1.1693
EHJXP,C=CC[n+]1ccn(C)c1.N#C[N-]C#N,imidazolium,amides,1.1099
EHVLg,CCCC[N+]1(C)CCCC1.O=S(=O)([N-]S(=O)(=O)C(F)(F)F)C(F)(F)F,pyrrolidinium,bistriflamides,1.39485
EJgbL,CC[n+]1ccn(C)c1.CCOS(=O)(=O)[O-],imidazolium,sulfates,1.2345
EMLie,CC[n+]1ccn(C)c1.N#C[C-](C#N)C#N,imidazolium,methanides,1.0817999999999999
ENVYB,CCC[N+]1(C)CCCCC1.O=S(=O)([N-]S(=O)(=O)C(F)(F)F)C(F)(F)F,piperidinium,bistriflamides,1.409
EPMnr,CC[n+]1ccn(C)c1.N#C[N-]C#N,imidazolium,amides,1.1019
EQXzt,CCCCCCCC[P+](CCCC)(CCCC)CCCC.O=C(C=C([O-])c1ccccc1)c1ccccc1,phosphonium,carboanions,0.9632999999999999
EQjEs,CCCn1cc[n+](C)c1.O=S(=O)([N-]S(=O)(=O)C(F)(F)F)C(F)(F)F,imidazolium,bistriflamides,1.474
ESdWW,CCCC[N+](C)(C)C.O=S(=O)([N-]S(=O)(=O)C(F)(F)F)C(F)(F)F,ammonium,bistriflamides,1.3929
EUOyr,CCCC[n+]1ccn(C)c1.O=C([O-])CNCC(=O)O,imidazolium,carboxylates,1.075
EUtIJ,CCCCCC[n+]1ccc(C)cc1.O=S(=O)([N-]S(=O)(=O)C(F)(F)F)C(F)(F)F,pyridinium,bistriflamides,1.3518
EViZT,CCCCOC[N+](C)(C)CCOC(C)=O.O=S(=O)([N-]S(=O)(=O)C(F)(F)F)C(F)(F)F,ammonium,bistriflamides,1.359
EWsOD,CCCC[n+]1ccn(C)c1.F[P-](F)(F)(F)(F)F,imidazolium,phosphates,1.3667
EXXUJ,CC[n+]1ccn(C)c1.O=S(=O)([O-])C(F)(F)F,imidazolium,sulfonates,1.3853
EZKyS,CCCC[N+]1(C)CCCC1.N#C[N-]C#N,pyrrolidinium,amides,1.0148
EaUDs,CCCC[N+]1(C)CCCC1.O=S(=O)([O-])C(F)(F)F,pyrrolidinium,sulfonates,1.2528
EaqTI,CC[N+]1(C)CCOCC1.CCC(C)C(NC(C)=O)C(=O)[O-],morpholinium,carboxylates,1.1079
EbDFg,C[NH+](C)C.O=S(=O)([O-])O,ammonium,sulfates,1.4676
EfRDY,COCCOCC[n+]1ccccc1.O=S(=O)([N-]S(=O)(=O)C(F)(F)F)C(F)(F)F,pyridinium,bistriflamides,1.4666
Egehc,CCCC[n+]1ccn(C)c1.O=S(=O)([N-]S(=O)(=O)C(F)(F)F)C(F)(F)F,imidazolium,bistriflamides,1.431
EkMhc,CCCC[n+]1ccn(C)c1.O=S(=O)([N-]S(=O)(=O)C(F)(F)F)C(F)(F)F,imidazolium,bistriflamides,1.43521
EkXFu,CCC[N+](C)(C)CCO.O=S(=O)([N-]S(=O)(=O)C(F)(F)F)C(F)(F)F,ammonium,bistriflamides,1.4524525000000001
EkkXK,CCCCCC[n+]1cccc(C)c1.O=S(=O)([N-]S(=O)(=O)C(F)(F)F)C(F)(F)F,pyridinium,bistriflamides,1.3852
ElTos,CCCCCCCC[P+](CC)(CC)CC.Brc1ccc2[n-]ncc2c1,phosphonium,cyclic amides,1.15
Elxfg,CC[N+]1(C)CCOCC1.CCOS(=O)(=O)[O-],morpholinium,sulfates,1.2523
EnpvT,CC[n+]1ccn(CCOC)c1.N#C[N-]C#N,imidazolium,amides,1.1136
EnquL,CC(C)n1cc[n+](C)c1.O=S(=O)([N-]S(=O)(=O)C(F)(F)F)C(F)(F)F,imidazolium,bistriflamides,1.4768
EpNDe,CC[N+](CC)(CC)CCOC.O=S(=O)([N-]S(=O)(=O)C(F)(F)F)C(F)(F)F,ammonium,bistriflamides,1.4
ErfxI,CC[n+]1ccn(C)c1.CCOS(=O)(=O)[O-],imidazolium,sulfates,1.2348999999999999
EsitZ,C[n+]1ccn(CCCCS(=O)(=O)O)c1.O=S(=O)([O-])O,imidazolium,sulfates,1.437
EtPzw,CCCCCCCCCCn1cc[n+](C)c1.N#C[C-](C#N)C#N,imidazolium,methanides,0.98311
EtTfj,CCCC[n+]1ccn(COC2CC(C)CCC2C(C)C)c1.O=S(=O)([N-]S(=O)(=O)C(F)(F)F)C(F)(F)F,imidazolium,bistriflamides,1.27421
EvebP,CCCC[N+]1(C)CCCC1.O=S(=O)([O-])C(F)(F)F,pyrrolidinium,sulfonates,1.25201
Ewrlt,CC[n+]1ccn(C)c1.CCOS(=O)(=O)[O-],imidazolium,sulfates,1.2382499999999999
FAMLK,CC[n+]1ccn(C)c1.CCCCCCCCOS(=O)(=O)[O-],imidazolium,sulfates,1.0937000000000001
FDIQD,CCCC[n+]1ccn(C)c1.O=S(=O)([N-]S(=O)(=O)C(F)(F)F)C(F)(F)F,imidazolium,bistriflamides,1.4372
FEKiC,CCCCCn1cc[n+](C)c1.F[P-](F)(F)(F)(F)F,imidazolium,phosphates,1.3277999999999999
FEqQq,CCCC[n+]1ccn(C)c1.O=S(=O)([O-])C(F)(F)F,imidazolium,sulfonates,1.2974
FFxkO,CC[n+]1ccn(C)c1.COS(=O)(=O)[O-],imidazolium,sulfates,1.28
FGWKM,C[n+]1ccn(CCC(F)(F)C(F)(F)C(F)(F)C(F)(F)C(F)(F)C(F)(F)F)c1.CC(=O)[O-],imidazolium,carboxylates,1.51149
FGdeW,CCCCCC[n+]1ccn(C)c1.[Br-],imidazolium,inorganics,1.2292
FHqGv,CC[n+]1ccn(C)c1.O=S(=O)([N-]S(=O)(=O)C(F)(F)F)C(F)(F)F,imidazolium,bistriflamides,1.5179
FHzeD,CCCC[n+]1ccn(C)c1.O=S(=O)([N-]S(=O)(=O)C(F)(F)F)C(F)(F)F,imidazolium,bistriflamides,1.43631
FInMi,CCCC[n+]1cccc(C)c1.O=S(=O)([N-]S(=O)(=O)C(F)(F)F)C(F)(F)F,pyridinium,bistriflamides,1.4147
FKapX,CCCCCCc1cccc[n+]1CC.O=S(=O)([N-]S(=O)(=O)C(F)(F)F)C(F)(F)F,pyridinium,bistriflamides,1.3443
FKzDw,CCCCCCCCn1cc[n+](C)c1.[Cl-],imidazolium,inorganics,1.0088
FNLlZ,CCCCCC[n+]1ccn(C)c1.[Br-],imidazolium,inorganics,1.2255
FOrtz,CC[n+]1ccn(C)c1.C=CC(=O)NC(C)(C)CS(=O)(=O)[O-],imidazolium,sulfonates,1.196
FPFXn,C[N+](C)(C)CCO.CC(O)C(=O)[O-],ammonium,carboxylates,1.134
FPHBE,CCCn1cc[n+](C)c1.O=S(=O)([N-]S(=O)(=O)C(F)(F)F)C(F)(F)F,imidazolium,bistriflamides,1.47502
FPxdj,CCCCCCCCn1cc[n+](C)c1.O=S(=O)([N-]S(=O)(=O)C(F)(F)F)C(F)(F)F,imidazolium,bistriflamides,1.31
FPyJm,CC[n+]1ccn(C)c1.CCOS(=O)(=O)[O-],imidazolium,sulfates,1.2372
FROsu,CCCC[n+]1ccccc1.O=S(=O)([N-]S(=O)(=O)C(F)(F)F)C(F)(F)F,pyridinium,bistriflamides,1.4490999999999998
FTYrF,Cn1cc[n+](C)c1.COP(=O)([O-])OC,imidazolium,organic phosphates,1.2583
FUgyW,CCCCCC[n+]1ccc(C)cc1C.O=S(=O)([N-]S(=O)(=O)C(F)(F)F)C(F)(F)F,pyridinium,bistriflamides,1.3394000000000001
FUxTw,CC[n+]1ccn(C)c1.CS(=O)(=O)[O-],imidazolium,sulfonates,1.2425
FVALq,CC[N+]1(C)CCOCC1.N#C[N-]C#N,morpholinium,amides,1.1682000000000001
FVvRP,CC[n+]1ccn(CCOC)c1.N#C[S-],imidazolium,inorganics,1.1220999999999999
FXRXb,CCCCCCCCCCCCCC[P+](CCCCCC)(CCCCCC)CCCCCC.[Cl-],phosphonium,inorganics,0.8906000000000001
FYznT,CC[n+]1ccn(C)c1.O=S(=O)([N-]S(=O)(=O)C(F)(F)F)C(F)(F)F,imidazolium,bistriflamides,1.5185899999999999
FaLWD,CCCCCCCCC[N+]1(C)CCOCC1.N#C[N-]C#N,morpholinium,amides,1.0325
FbVVR,CCCCCC[n+]1ccn(C)c1.O=S(=O)([N-]S(=O)(=O)C(F)(F)F)C(F)(F)F,imidazolium,bistriflamides,1.366
FbjRs,CCCC[n+]1ccn(C)c1.O=S(=O)([N-]S(=O)(=O)C(F)(F)F)C(F)(F)F,imidazolium,bistriflamides,1.4357
FblEc,CC[n+]1ccn(C)c1.O=S(=O)([O-])O,imidazolium,sulfates,1.3658
FcIpz,CCCC[n+]1ccccc1.O=S(=O)([N-]S(=O)(=O)C(F)(F)F)C(F)(F)F,pyridinium,bistriflamides,1.4487
FcKoh,CCCC[n+]1ccn(C)c1.O=S(=O)([N-]S(=O)(=O)C(F)(F)F)C(F)(F)F,imidazolium,bistriflamides,1.4369
FcjTF,CCCCCC[n+]1ccn(C)c1.O=S(=O)([N-]S(=O)(=O)C(F)(F)F)C(F)(F)F,imidazolium,bistriflamides,1.37276
FegJj,C=Cn1cc[n+](CCCCCC)c1.[Br-],imidazolium,inorganics,1.2094
FeguQ,CCCC[N+]1(C)CCCC1.N#C[C-](C#N)C#N,pyrrolidinium,methanides,1.00671
FetaB,CCCC[n+]1ccn(C)c1.O=S(=O)([N-]S(=O)(=O)C(F)(F)F)C(F)(F)F,imidazolium,bistriflamides,1.4325
FfNSS,C[N+](C)(C)CCO.O=S(=O)([O-])CCN(CCO)CCO,ammonium,sulfonates,1.2448
Ffdpg,CCOCC[P+](CC)(CC)CC.O=S(=O)([N-]S(=O)(=O)C(F)(F)F)C(F)(F)F,phosphonium,bistriflamides,1.34
Ffzqd,CC[N+](C)(C)CCO.O=S(=O)([N-]S(=O)(=O)C(F)(F)F)C(F)(F)F,ammonium,bistriflamides,1.49499
FgFSp,CC[N+](C)(C)CCOC.FC(F)(F)C(F)(F)[P-](F)(F)(F)(C(F)(F)C(F)(F)F)C(F)(F)C(F)(F)F,ammonium,phosphates,1.6249200000000001
FgbFG,CCCC[P+](CCCC)(CCCC)CCCC.O=S(=O)([O-])CC(O)CN1CCOCC1,phosphonium,sulfonates,1.0568
FlJqB,CCCCC[N+](CC)(CC)CC.O=S(=O)([N-]S(=O)(=O)C(F)(F)F)C(F)(F)F,ammonium,bistriflamides,1.3215
FlxBv,CCCCCCCCCC[n+]1ccn(C)c1.[Br-],imidazolium,inorganics,1.1282
FnJBI,CC[n+]1ccn(C)c1.O=S(=O)([N-]S(=O)(=O)C(F)(F)F)C(F)(F)F,imidazolium,bistriflamides,1.51845
FvxNd,CC[n+]1ccn(CCOC)c1.O=S(=O)([N-]S(=O)(=O)C(F)(F)F)C(F)(F)F,imidazolium,bistriflamides,1.4630999999999998
FxVVG,CC[S+](C)CC.O=S(=O)([N-]S(=O)(=O)C(F)(F)F)C(F)(F)F,sulfonium,bistriflamides,1.5007000000000001
Fxkhl,CCCC[n+]1ccn(C)c1.O=S(=O)([N-]S(=O)(=O)C(F)(F)F)C(F)(F)F,imidazolium,bistriflamides,1.4367999999999999
FyIMS,CCCC[n+]1ccn(C)c1.O=S(=O)([N-]S(=O)(=O)C(F)(F)F)C(F)(F)F,imidazolium,bistriflamides,1.436
GCzEh,CCCC[P+](CCCC)(CCCC)CCCC.O=C([O-])C1CCCO1,phosphonium,carboxylates,1.0037
GFbEP,CCCCCCCCn1cc[n+](C)c1.N#C[C-](C#N)C#N,imidazolium,methanides,1.00054
GGKwu,Cn1cc[n+](CCO)c1.O=C([O-])C(F)(F)F,imidazolium,carboxylates,1.3664
GGdhL,CCn1cc[n+](C)c1.COCCOCCOS(=O)(=O)[O-],imidazolium,sulfates,1.2365
GGodb,CCCC[n+]1ccn(C)c1.[I-],imidazolium,inorganics,1.484
GHIHl,CC[n+]1ccn(C)c1.CCOS(=O)(=O)[O-],imidazolium,sulfates,1.2372
GHncQ,C=CC[n+]1ccn(CCC#N)c1.N#C[S-],imidazolium,inorganics,1.1621
GIkTg,OCC[NH2+]c1ccccc1.CCCCC(=O)[O-],ammonium,carboxylates,1.0388
GKBBl,CCCC[n+]1ccn(C)c1.F[P-](F)(F)(F)(F)F,imidazolium,phosphates,1.3660999999999999
GKyjQ,CCCC[n+]1ccn(C)c1.COS(=O)(=O)[O-],imidazolium,sulfates,1.2058
GQCmK,CCCC[n+]1cccc(C)c1.O=S(=O)([N-]S(=O)(=O)C(F)(F)F)C(F)(F)F,pyridinium,bistriflamides,1.4149
GQfTE,CC[n+]1cccc(C)c1.O=S(=O)(F)[N-]S(=O)(=O)F,pyridinium,bistriflamides,1.4071
GSHpk,CCCCCCCCn1cc[n+](C)c1.O=S(=O)([N-]S(=O)(=O)C(F)(F)F)C(F)(F)F,imidazolium,bistriflamides,1.321
GSPKn,CCCCCC[n+]1cc[nH]c1.O=S(=O)([N-]S(=O)(=O)C(F)(F)F)C(F)(F)F,imidazolium,bistriflamides,1.4024
GSztB,CC[n+]1ccn(C)c1.O=S(=O)([N-]S(=O)(=O)C(F)(F)F)C(F)(F)F,imidazolium,bistriflamides,1.47
GVXsq,CC[n+]1ccn(C)c1.O=S(=O)([O-])C(F)(F)F,imidazolium,sulfonates,1.3836
GXimO,CCC[n+]1ccn(C)c1.CCC(=O)[O-],imidazolium,carboxylates,1.0526
GYqai,CCCC[n+]1ccn(C)c1.CC(=O)[O-],imidazolium,carboxylates,1.0474
GeYVO,CCCC[N+]1(C)CCCC1.O=S(=O)([N-]S(=O)(=O)C(F)(F)F)C(F)(F)F,pyrrolidinium,bistriflamides,1.395
GfAlb,CCCn1cc[n+](C)c1.O=S(=O)([N-]S(=O)(=O)C(F)(F)F)C(F)(F)F,imidazolium,bistriflamides,1.475
GfBeJ,CC[n+]1ccn(C)c1.CCOS(=O)(=O)[O-],imidazolium,sulfates,1.2378
GgbTb,CC[n+]1ccn(C)c1.N#Cc1ccc[n-]1,imidazolium,cyclic amides,1.0855000000000001
GgyFS,CCCCCCCCn1cc[n+](C)c1.O=S(=O)([N-]S(=O)(=O)C(F)(F)F)C(F)(F)F,imidazolium,bistriflamides,1.32054
Ghuyj,C=CC[N+](C)(C)CC.N#C[N-]C#N,ammonium,amides,1.0098
GhymL,CCCCCCC[n+]1ccn(C)c1.O=S(=O)([N-]S(=O)(=O)C(F)(F)F)C(F)(F)F,imidazolium,bistriflamides,1.359
GiWUx,CCCCCC[n+]1ccn(C)c1.F[P-](F)(F)(F)(F)F,imidazolium,phosphates,1.2931400000000002
GkDXS,CCCC[n+]1ccn(C)c1.O=S(=O)([N-]S(=O)(=O)C(F)(F)F)C(F)(F)F,imidazolium,bistriflamides,1.4361
GkbaX,CC[n+]1ccn(C)c1.N#C[N-]C#N,imidazolium,amides,1.104
GkfZF,CC[N+](C)(C)CCOC.O=S(=O)([N-]S(=O)(=O)C(F)(F)F)C(F)(F)F,ammonium,bistriflamides,1.45
GmErA,CCCC[S+]1CCCC1.N#C[N-]C#N,cyclic sulfonium,amides,1.098
GmRkA,CCC[N+]1(C)CCCCC1.O=S(=O)([N-]S(=O)(=O)C(F)(F)F)C(F)(F)F,piperidinium,bistriflamides,1.4096
GnQjl,CCCC[n+]1ccn(C)c1.CC(=O)[O-],imidazolium,carboxylates,1.0523
GrHLg,CCCCCCCCCC[n+]1ccn(C)c1.[Br-],imidazolium,inorganics,1.1275
GsETI,CCc1cccc[n+]1CC.CCOS(=O)(=O)[O-],pyridinium,sulfates,1.2202
GtJVi,Cc1cc(C)[n+](-c2ccc(Cl)cc2)n1C.CS(=O)(=O)[O-],pyrazolium,sulfonates,1.3046
GzZjL,CCCCCCC[n+]1ccn(C)c1.O=S(=O)([N-]S(=O)(=O)C(F)(F)F)C(F)(F)F,imidazolium,bistriflamides,1.344
HAjwg,CCCCCCCCn1cc[n+](C)c1.N#C[S-],imidazolium,inorganics,1.0352999999999999
HAxSb,CCCCCC[n+]1ccn(C)c1.O=S(=O)([N-]S(=O)(=O)C(F)(F)F)C(F)(F)F,imidazolium,bistriflamides,1.372
HBbYl,CCCC[NH3+].O=[N+]([O-])[O-],ammonium,inorganics,1.112
HCwNa,CCCCCC[n+]1ccn(C)c1.F[P-](F)(F)(F)(F)F,imidazolium,phosphates,1.2946900000000001
HDLri,CC[n+]1cccc(C)c1.O=C([O-])C(F)(F)C(F)(F)C(F)(F)C(F)(F)F,pyridinium,carboxylates,1.4536
HFfiw,CC[n+]1ccn(C)c1.CCOS(=O)(=O)[O-],imidazolium,sulfates,1.2382
HIFzi,CCCCCCCCCCCCCC[P+](CCCCCC)(CCCCCC)CCCCCC.FC(F)(F)C(F)(F)[P-](F)(F)(F)(C(F)(F)C(F)(F)F)C(F)(F)C(F)(F)F,phosphonium,phosphates,1.196
HIPKs,Cn1cc[n+](C)c1.COP(=O)([O-])OC,imidazolium,organic phosphates,1.2587000000000002
HJVqz,CCn1cc[n+](CC)c1.CCOS(=O)(=O)[O-],imidazolium,sulfates,1.2034
HJlja,CC[n+]1ccn(C)c1.N#C[S-],imidazolium,inorganics,1.116
HJybd,CCCCCCCCCCCCCC[P+](CCCCCC)(CCCCCC)CCCCCC.O=S(=O)([N-]S(=O)(=O)C(F)(F)F)C(F)(F)F,phosphonium,bistriflamides,1.0660999999999998
HKUpt,CC[N+]1(C)CCCC1.CC(=O)[O-],pyrrolidinium,carboxylates,1.0645
HKpid,CCCCCCCC[n+]1ccn(C)c1.F[P-](F)(F)(F)(F)F,imidazolium,phosphates,1.2357
HKrxv,CCCC[n+]1ccn(CCC#N)c1.[Cl-],imidazolium,inorganics,1.1294000000000002
HKtGC,CC[n+]1ccn(C)c1.CCOS(=O)(=O)[O-],imidazolium,sulfates,1.2423
HLdwv,CCCCCCCCn1cc[n+](C)c1.O=S(=O)([N-]S(=O)(=O)C(F)(F)F)C(F)(F)F,imidazolium,bistriflamides,1.3206
HLoYN,CCCCCCCCCCCCCC[P+](CCCCCC)(CCCCCC)CCCCCC.CC(CC(C)(C)C)CP(=O)([O-])CC(C)CC(C)(C)C,phosphonium,organic phosphates,0.8907
HMMQf,CCCCCC[N+](CC)(CC)CC.O=S(=O)([N-]S(=O)(=O)C(F)(F)F)C(F)(F)F,ammonium,bistriflamides,1.292
HOEGu,CCCC[N+](C)(CC)CC.O=S(=O)([N-]S(=O)(=O)C(F)(F)F)C(F)(F)F,ammonium,bistriflamides,1.38
HPhbl,Cn1cc[n+](CCO)c1.O=S(=O)([N-]S(=O)(=O)C(F)(F)F)C(F)(F)F,imidazolium,bistriflamides,1.575
HQWgD,C=CC[n+]1ccn(C=C)c1.[Br-],imidazolium,inorganics,1.21
HQcZF,CC(C)[n+]1ccn(C)c1.O=S(=O)([N-]S(=O)(=O)C(F)(F)C(F)(F)F)C(F)(F)C(F)(F)F,imidazolium,bistriflamides,1.5513
HSBdE,CC[n+]1ccn(C)c1.CS(=O)(=O)[O-],imidazolium,sulfonates,1.241
HSFya,CCCC[n+]1ccsc1.O=S(=O)([N-]S(=O)(=O)C(F)(F)F)C(F)(F)F,thiazolium,bistriflamides,1.514
HSbcE,CCCC[N+](C)(C)C.O=S(=O)([N-]S(=O)(=O)C(F)(F)F)C(F)(F)F,ammonium,bistriflamides,1.393
HUUoe,CCCCCC[n+]1ccn(C)c1.CC(O)C(N)C(=O)[O-],imidazolium,carboxylates,1.0833599999999999
HXoIa,CCCCCCCC[P+](CC)(CC)CC.N#Cc1ccc2cn[n-]c2c1,phosphonium,cyclic amides,1.013
HYkuY,CCCCCCCCCCCCCC[P+](CCCCCC)(CCCCCC)CCCCCC.CC(CC(C)(C)C)CP(=O)([O-])CC(C)CC(C)(C)C,phosphonium,organic phosphates,0.8864
Haxay,CCCC[n+]1ccn(C)c1.COS(=O)(=O)[O-],imidazolium,sulfates,1.202
HbsxA,CCCC[n+]1ccn(C)c1.N#C[N-]C#N,imidazolium,amides,1.0591
Hcdoh,CCCCCC[N+]1(C)CCCCC1.O=S(=O)([N-]S(=O)(=O)C(F)(F)F)C(F)(F)F,piperidinium,bistriflamides,1.3254000000000001
HcfxF,CCCC[n+]1ccn(C)c1.O=[N+]([O-])[O-],imidazolium,inorganics,1.153
HdxCK,CCCC[P+](CCCC)(CCCC)CCCC.O=S(=O)([O-])CC(O)CNC1CCCCC1,phosphonium,sulfonates,1.0311
HfMDh,CCCCCC[n+]1ccn(C)c1.F[P-](F)(F)(F)(F)F,imidazolium,phosphates,1.29145
HgQgu,CC[N+](C)(C)CCO.CCOS(=O)(=O)[O-],ammonium,sulfates,1.1257000000000001
HiFLV,OCCC[n+]1ccccc1.N#C[N-]C#N,pyridinium,amides,1.171
HjaPi,CCCC[N+]1(C)CCCC1.O=S(=O)([N-]S(=O)(=O)C(F)(F)F)C(F)(F)F,pyrrolidinium,bistriflamides,1.395
HkngG,C[NH2+]CCO.CCCCC(=O)[O-],ammonium,carboxylates,1.01629375
HlZQX,CCCCCCCC[P+](CC)(CC)CC.O=S(=O)([N-]S(=O)(=O)C(F)(F)C(F)(F)F)C(F)(F)C(F)(F)F,phosphonium,bistriflamides,1.3202
HnrNN,CCCC[N+]1(C)CCCCC1.O=S(=O)([N-]S(=O)(=O)C(F)(F)F)C(F)(F)F,piperidinium,bistriflamides,1.37956
HoHDh,CCCC[n+]1ccn(C)c1.N#C[C-](C#N)C#N,imidazolium,methanides,1.0466600000000001
Hpiek,CC[n+]1ccn(C)c1.N#C[S-],imidazolium,inorganics,1.1151
HpzBc,Cn1cc[n+](C)c1.COS(=O)(=O)[O-],imidazolium,sulfates,1.328
HqLEb,CCCCCCCC[P+](CCCC)(CCCC)CCCC.FC(F)(F)C(F)(F)[P-](F)(F)(F)(C(F)(F)C(F)(F)F)C(F)(F)C(F)(F)F,phosphonium,phosphates,1.3
HqONL,CCCC[n+]1ccccc1.O=S(=O)([O-])C(F)(F)F,pyridinium,sulfonates,1.31433
HrVSB,CC[n+]1ccn(C)c1.CC(=O)[O-],imidazolium,carboxylates,1.104
HsHwz,CC[n+]1ccn(CCOC)c1.O=S(=O)([N-]S(=O)(=O)C(F)(F)F)C(F)(F)F,imidazolium,bistriflamides,1.465
HsaZn,CCCC[n+]1ccn(C)c1.COS(=O)(=O)[O-],imidazolium,sulfates,1.2125899999999998
HtBvc,C[n+]1ccn(CCCC#N)c1.O=S(=O)([N-]S(=O)(=O)C(F)(F)F)C(F)(F)F,imidazolium,bistriflamides,1.5146
HtzET,CCCCCC[n+]1ccn(C)c1.F[P-](F)(F)(F)(F)F,imidazolium,phosphates,1.2937
HvuJn,CCCCCCCCOC[N+](C)(C)CCO.O=S(=O)([N-]S(=O)(=O)C(F)(F)F)C(F)(F)F,ammonium,bistriflamides,1.284
Hvwsl,CC(C)[N+](C)(C)CCO.O=S(=O)([N-]S(=O)(=O)C(F)(F)F)C(F)(F)F,ammonium,bistriflamides,1.48
Hvxfh,CCCCCCCCn1cc[n+](C)c1.FC(F)(F)C(F)(F)[P-](F)(F)(F)(C(F)(F)C(F)(F)F)C(F)(F)C(F)(F)F,imidazolium,phosphates,1.4968800000000002
Hvzkx,CCCC[P+](CCCC)(CCCC)CCCN.CC(N)C(=O)[O-],phosphonium,carboxylates,0.9867999999999999
HxAvJ,CC[n+]1ccn(C)c1.NCC(=O)[O-],imidazolium,carboxylates,1.161
HxLXQ,CCCn1cc[n+](C)c1.N#C[N-]C#N,imidazolium,amides,1.0769000000000002
HxinI,CCCCC[P+](CC)(CC)CC.O=S(=O)([N-]S(=O)(=O)C(F)(F)F)C(F)(F)F,phosphonium,bistriflamides,1.302
HxoGn,CCCCn1cc[n+](CCCC)c1.[Br-],imidazolium,inorganics,1.1938
HyUbb,CCCC[n+]1ccn(C)c1.N#C[N-]C#N,imidazolium,amides,1.06059
ICRbZ,CCCCCC[n+]1ccn(CCC#N)c1.O=S(=O)([O-])C(F)(F)F,imidazolium,sulfonates,1.2857
ICVIZ,Cn1cc[n+](CCO)c1.O=S(=O)([N-]S(=O)(=O)C(F)(F)F)C(F)(F)F,imidazolium,bistriflamides,1.5737
IEOxo,CC[n+]1ccn(C)c1.N#C[S-],imidazolium,inorganics,1.117
IEnXF,CCCn1cc[n+](C)c1.O=S(=O)([N-]S(=O)(=O)C(F)(F)F)C(F)(F)F,imidazolium,bistriflamides,1.475
IFRiG,CC(C)C[n+]1ccn(C)c1.O=S(=O)([N-]S(=O)(=O)C(F)(F)F)C(F)(F)F,imidazolium,bistriflamides,1.4372
IFbOH,CCCC[n+]1ccn(C)c1.F[P-](F)(F)(F)(F)F,imidazolium,phosphates,1.3673
IFjjb,CCCCCCCCn1cc[n+](C)c1.[Cl-],imidazolium,inorganics,1.0096
IIBMU,CCCCCCCCCCCCCC[P+](CCCCCC)(CCCCCC)CCCCCC.N#C[N-]C#N,phosphonium,amides,0.8998999999999999
IIFVH,CCCCC[n+]1ccn(C)c1.O=C([O-])O,imidazolium,carboxylates,1.1418
IIFdx,CCCCCCCCn1cc[n+](C)c1.[Cl-],imidazolium,inorganics,1.0104
IIUJx,C[N+](C)(C)CCO.O=C([O-])C1CCCC1,ammonium,carboxylates,1.0896
IIoGB,CCCCCCCC[N+](C)(CCCCCCCC)CCCCCCCC.O=S(=O)([N-]S(=O)(=O)C(F)(F)F)C(F)(F)F,ammonium,bistriflamides,1.11
IKKqZ,CCn1cc[n+](C)c1.CCCCCCOS(=O)(=O)[O-],imidazolium,sulfates,1.1296
ILKHc,CC[n+]1ccn(C)c1.O=S(=O)([O-])C(F)(F)F,imidazolium,sulfonates,1.3822
ILRPn,CCCC[n+]1ccc(C)cc1.O=S(=O)([O-])C(F)(F)F,pyridinium,sulfonates,1.17
ILwbl,CCC(O)=[N+](C)C.O=S(=O)([N-]S(=O)(=O)C(F)(F)F)C(F)(F)F,amidium,bistriflamides,1.5203
INguo,Cn1cc[n+](CC(CBr)N=[N+]=[N-])c1.[Br-],imidazolium,inorganics,1.29
IOPja,CCCC[n+]1ccn(C)c1.N#C[C-](C#N)C#N,imidazolium,methanides,1.0467
IQtEM,CCCn1cc[n+](C)c1.O=P([O-])(O)O,imidazolium,organic phosphates,1.1955
IQxLx,Cn1cc[n+](C)c1.COS(=O)(=O)[O-],imidazolium,sulfates,1.34152
IRQlH,CCCCCCCC[N+](C)(CCCCCCCC)CCCCCCCC.CCCCC(CC)CCC(=O)[O-],ammonium,carboxylates,0.89
ITsrC,CCC[n+]1cccc(C)c1.O=S(=O)([N-]S(=O)(=O)C(F)(F)F)C(F)(F)F,pyridinium,bistriflamides,1.44794
IVpYp,CC[n+]1ccn(C)c1.COS(=O)(=O)[O-],imidazolium,sulfates,1.28532
IWbSa,CCCC[n+]1ccn(C(CC)CC)c1.O=S(=O)([N-]S(=O)(=O)C(F)(F)F)C(F)(F)F,imidazolium,bistriflamides,1.3195000000000001
IXkvC,Cn1cc[n+](CC#N)c1.O=S(=O)([N-]S(=O)(=O)C(F)(F)F)C(F)(F)F,imidazolium,bistriflamides,1.60835
IXvLv,CC[n+]1ccn(C)c1.COS(=O)(=O)[O-],imidazolium,sulfates,1.28081
IYeaE,CCCC[P+](CCCC)(CCCC)CCCC.O=S(=O)([O-])CCN(CCO)CCO,phosphonium,sulfonates,1.061
IZEHs,CC[n+]1ccn(C)c1.CCOS(=O)(=O)[O-],imidazolium,sulfates,1.2367000000000001
IZjGU,CCCC[n+]1ccn(C)c1.O=C([O-])O,imidazolium,carboxylates,1.1571
IbCmQ,CCCCCCCC[P+](CC)(CC)CC.Ic1cc[n-]n1,phosphonium,cyclic amides,1.252
IbVxK,CCCC[n+]1ccn(C)c1.N#C[S-],imidazolium,inorganics,1.0703399999999998
IbacJ,CCCn1cc[n+](C)c1.O=S(=O)([N-]S(=O)(=O)C(F)(F)F)C(F)(F)F,imidazolium,bistriflamides,1.475
Icddd,CC[n+]1cccc(C)c1.CCOS(=O)(=O)[O-],pyridinium,sulfates,1.2196099999999999
IdogT,CCCCCC[n+]1ccn(C)c1.[Cl-],imidazolium,inorganics,1.03
IfjQw,Cc1cc(C)[nH+]c(C)c1.O=C[O-],pyridinium,carboxylates,1.021
IhAsq,CCCCCCCC[N+](C)(CCCCCCCC)CCCCCCCC.O=C([O-])C(F)(F)F,ammonium,carboxylates,0.966
IjvLa,CCCC[n+]1ccn(C)c1.O=S(=O)([N-]S(=O)(=O)C(F)(F)F)C(F)(F)F,imidazolium,bistriflamides,1.4343
IkpLk,O=S(=O)(O)n1cc[n+](S(=O)(=O)O)c1.O=C([O-])C(F)(F)F,imidazolium,carboxylates,1.62
IlGTG,CC[n+]1ccn(C)c1.CCOS(=O)(=O)[O-],imidazolium,sulfates,1.2375999999999998
IlshM,CCCCCCCC[n+]1ccn(C)c1.O=S(=O)([O-])O,imidazolium,sulfates,1.38
ImNmD,Cn1cc[n+](C)c1.O=S(=O)([N-]S(=O)(=O)C(F)(F)F)C(F)(F)F,imidazolium,bistriflamides,1.5692000000000002
ImwYP,CC[n+]1ccn(C)c1.O=S(=O)([O-])C(F)(F)F,imidazolium,sulfonates,1.3822999999999999
InNnX,CCCC[n+]1ccn(C)c1.O=S(=O)([O-])C(F)(F)F,imidazolium,sulfonates,1.2977
IoeKE,CCCCCC[N+](CCCCCC)=C(N(C)C)N(C)C.N#C[C-](C#N)C#N,guanidinium,methanides,0.9561000000000001
IohUp,CCCCCCCCCC[n+]1ccn(CCC#N)c1.O=C([O-])c1cccc(S(=O)(=O)O)c1,imidazolium,carboxylates,1.1335
IojUH,CCCCCCCC[P+](CC)(CC)CC.Cc1ncc([N+](=O)[O-])[n-]1,phosphonium,cyclic amides,1.0286
Ipjhi,C[NH2+]CCO.CC(C)C(=O)[O-],ammonium,carboxylates,1.04344375
ItrFy,CCCC[n+]1ccn(CCC(C)C)c1.O=S(=O)([N-]S(=O)(=O)C(F)(F)F)C(F)(F)F,imidazolium,bistriflamides,1.3187
IulgR,CCCCCCCCn1cc[n+](C)c1.[Br-],imidazolium,inorganics,1.1703800000000002
IyGHc,CCCCn1cc[n+](CCC#N)c1.N#C[S-],imidazolium,inorganics,1.1605
IyWhT,c1c[nH+]c[nH]1.CCCCCCCC(=O)[O-],imidazolium,carboxylates,0.987
IzgIC,OCC[NH2+]CCO.O=C[O-],ammonium,carboxylates,1.194125
JAjvm,CCCC[N+]1(C)CCOCC1.CC(=O)NC(CC(C)C)C(=O)[O-],morpholinium,carboxylates,1.069
JCjyz,CC[n+]1ccn(C)c1.O=S(=O)([N-]S(=O)(=O)C(F)(F)F)C(F)(F)F,imidazolium,bistriflamides,1.519
JCkPy,CCCCn1cc[n+](C)c1C.FC(F)(F)C(F)(F)[P-](F)(F)(F)(C(F)(F)C(F)(F)F)C(F)(F)C(F)(F)F,imidazolium,phosphates,1.5984
JFWMe,CCCCCC[n+]1ccc(C#N)cc1.O=S(=O)([N-]S(=O)(=O)C(F)(F)F)C(F)(F)F,pyridinium,bistriflamides,1.407
JGtTU,CC[n+]1ccn(C)c1.O=S(=O)([N-]S(=O)(=O)C(F)(F)F)C(F)(F)F,imidazolium,bistriflamides,1.55
JHQjF,CCCCCCCC[n+]1ccccc1.O=S(=O)([N-]S(=O)(=O)C(F)(F)F)C(F)(F)F,pyridinium,bistriflamides,1.3268
JIzay,CCCCCCCC[P+](CCCC)(CCCC)CCCC.O=C1C=C([O-])c2ccccc21,phosphonium,carboanions,0.9845
JJFuE,CCC[N+]1(C)CCCC1.O=S(=O)([N-]S(=O)(=O)C(F)(F)F)C(F)(F)F,pyrrolidinium,bistriflamides,1.36
JKfVV,CCCCCC[n+]1ccn(C)c1.O=S(=O)([N-]S(=O)(=O)C(F)(F)F)C(F)(F)F,imidazolium,bistriflamides,1.3779000000000001
JLRYb,CC[n+]1ccn(C)c1.CCOS(=O)(=O)[O-],imidazolium,sulfates,1.2375999999999998
JMWhO,C=CC[n+]1ccn(C)c1.O=C([O-])CO,imidazolium,carboxylates,1.189
JMeGz,CC[n+]1ccn(C)c1.O=S(=O)([O-])O,imidazolium,sulfates,1.367
JMxRT,CCCCCCCCCC[n+]1ccn(C)c1.O=S(=O)([N-]S(=O)(=O)C(F)(F)F)C(F)(F)F,imidazolium,bistriflamides,1.279
JRHWx,CC[n+]1ccn(C)c1.COS(=O)(=O)[O-],imidazolium,sulfates,1.2878
JSQsz,CCCC[N+]1(C)CCCC1.O=S(=O)(F)[N-]S(=O)(=O)F,pyrrolidinium,bistriflamides,1.3340999999999998
JSgdo,CCCCCn1cc[n+](C)c1.O=S(=O)([N-]S(=O)(=O)C(F)(F)F)C(F)(F)F,imidazolium,bistriflamides,1.4102999999999999
JTeGa,CCCC[N+]1(C)CCCC1.[Br-],pyrrolidinium,inorganics,1.2212
JTfCB,N#CC[P+](c1ccccc1)(c1ccccc1)c1ccccc1.C=CC(=O)NC(C)(C)CS(=O)(=O)[O-],phosphonium,sulfonates,1.2399
JUfvR,CCCC[N+](C)(CCCC)CCCC.O=S(=O)([N-]S(=O)(=O)C(F)(F)F)C(F)(F)F,ammonium,bistriflamides,1.2628
JWAxB,COCCOCC[n+]1ccn(C)c1.F[P-](F)(F)(F)(F)F,imidazolium,phosphates,1.32
JWMab,CC[S+](CC)CC.O=S(=O)([N-]S(=O)(=O)C(F)(F)F)C(F)(F)F,sulfonium,bistriflamides,1.4607
JWfkP,CC[n+]1ccn(C)n1.CC(=O)[O-],triazolium,carboxylates,1.146
JZzQt,CC[NH+](CC)CC.O=S(=O)([O-])O,ammonium,sulfates,1.1428900000000002
JarRL,CCCC[n+]1ccn(C)c1.O=S(=O)([O-])C(F)(F)F,imidazolium,sulfonates,1.29955
JblTg,Cn1cc[n+](Cc2ccccc2)c1.O=S(=O)([N-]S(=O)(=O)C(F)(F)F)C(F)(F)F,imidazolium,bistriflamides,1.491
JcLoO,CCCCCCCCn1cc[n+](C)c1.[Cl-],imidazolium,inorganics,1.01
JdEoa,CCCCCC[n+]1ccn(C)c1.F[P-](F)(F)(F)(F)F,imidazolium,phosphates,1.2937
JdyAm,CCCC[n+]1ccn(C)c1.O=S(=O)([O-])C(F)(F)F,imidazolium,sulfonates,1.299
JfKlO,C=C[n+]1ccn(CCCC)c1.NCCCCC(N)C(=O)[O-],imidazolium,carboxylates,1.0968
Jfbii,CCCC[P+](CC)(CCCC)CCCC.CCOP(=O)([O-])OCC,phosphonium,organic phosphates,1.0084
Jgrdx,CCCC[n+]1ccn(C)c1.F[P-](F)(F)(F)(F)F,imidazolium,phosphates,1.3675
JhZoF,CC[n+]1ccn(C)c1.O=S(=O)([O-])C(F)(F)F,imidazolium,sulfonates,1.3818
JmsAC,CCCCCC[n+]1ccn(C)c1.O=S(=O)([N-]S(=O)(=O)C(F)(F)F)C(F)(F)F,imidazolium,bistriflamides,1.372
JphIx,C[NH+](C)C.CC(=O)[O-],ammonium,carboxylates,1.0537999999999998
JrQRH,C=CC[n+]1ccn(C)c1.[Cl-],imidazolium,inorganics,1.1509
JtPVz,CC[NH3+].O=[N+]([O-])[O-],ammonium,inorganics,1.21
Jttgs,CC[n+]1ccn(C)c1.O=S(=O)(F)[N-]S(=O)(=O)F,imidazolium,bistriflamides,1.4419000000000002
JtuSo,CCCCCn1cc[n+](C)c1.O=S(=O)([N-]S(=O)(=O)C(F)(F)F)C(F)(F)F,imidazolium,bistriflamides,1.4034
JuqBo,CCCCCCCC[N+](C)(CCCCCCCC)CCCCCCCC.O=S(=O)([N-]S(=O)(=O)C(F)(F)F)C(F)(F)F,ammonium,bistriflamides,1.082
JvWRK,CCCC[n+]1ccn(C)c1.[Cl-],imidazolium,inorganics,1.075
JxBos,C[N+](C)(CCO)CCO.CS(=O)(=O)[O-],ammonium,sulfonates,1.2982
JxeqH,CCCCCC[N+]1(C)CCCCC1.O=S(=O)([N-]S(=O)(=O)C(F)(F)F)C(F)(F)F,piperidinium,bistriflamides,1.3254000000000001
JxtjO,CCCC[N+]1(C)CCOCC1.CCCCO[PH](=O)[O-],morpholinium,organic phosphates,1.1187
JxumJ,COCC[N+]1(C)CCCC1.O=S(=O)([N-]S(=O)(=O)C(F)(F)F)C(F)(F)F,pyrrolidinium,bistriflamides,1.4537
JybCn,CC[n+]1ccn(C)c1.N#C[S-],imidazolium,inorganics,1.113
JzFnF,CCCC[n+]1ccn(C)c1.CC(=O)[O-],imidazolium,carboxylates,1.0520999999999998
KAkaV,CCCCCCCCn1cc[n+](C)c1.O=[N+]([O-])[O-],imidazolium,inorganics,1.06507
KAwvh,CCCC[N+]1(C)CCCCC1.O=S(=O)([N-]S(=O)(=O)C(F)(F)F)C(F)(F)F,piperidinium,bistriflamides,1.3825
KBIrD,CC[n+]1ccn(C)c1.CCOP(=O)([O-])OCC,imidazolium,organic phosphates,1.145
KEVuL,CCCC[P+](CCCC)(CCCC)CCC(F)(F)C(F)(F)C(F)(F)C(F)(F)C(F)(F)C(F)(F)F.FC(F)(F)C(F)(F)[P-](F)(F)(F)(C(F)(F)C(F)(F)F)C(F)(F)C(F)(F)F,phosphonium,phosphates,1.492
KEpUO,CCCCCCCC[n+]1ccn(CCC#N)c1.CCCCCCCCCCOS(=O)(=O)[O-],imidazolium,sulfates,1.0817
KFDIu,CCCCCCCC[P+](CC)(CC)CC.Brc1cccc2[n-]ncc12,phosphonium,cyclic amides,1.156
KFOdl,CCCC[n+]1ccn(C)c1.O=S(=O)([N-]S(=O)(=O)C(F)(F)F)C(F)(F)F,imidazolium,bistriflamides,1.437
KFpHH,CCCC[N+]1(C)CCCC1.N#C[C-](C#N)C#N,pyrrolidinium,methanides,1.0072699999999999
KFwHA,CCCCn1c(C)cc(C)[n+]1-c1ccccc1.CS(=O)(=O)[O-],pyrazolium,sulfonates,1.1862000000000001
KGixO,CCCC[n+]1ccc(C)cc1.N#C[C-](C#N)C#N,pyridinium,methanides,1.0367
KGvyK,CC[n+]1ccn(C)c1.N#C[S-],imidazolium,inorganics,1.11579
KISeS,Cn1cc[n+](C)c1.COS(=O)(=O)[O-],imidazolium,sulfates,1.329
KIjQp,CCCC[n+]1ccn(C)c1.COS(=O)(=O)[O-],imidazolium,sulfates,1.2123
KIvXt,CCCC[n+]1ccn(C)c1.O=[N+]([O-])[O-],imidazolium,inorganics,1.1548
KJddp,CCCCCCCC[n+]1ccn(C)c1.F[P-](F)(F)(F)(F)F,imidazolium,phosphates,1.2245
KQPVj,CCCC[n+]1ccn(C)c1.[O-][Cl+3]([O-])([O-])[O-],imidazolium,inorganics,1.2527000000000001
KSCCB,CCCCCCCCn1cc[n+](C)c1.O=S(=O)([O-])C(F)(F)C(F)(F)C(F)(F)C(F)(F)F,imidazolium,sulfonates,1.33
KTdLn,CCn1cc[n+](C)c1.COCCOCCOS(=O)(=O)[O-],imidazolium,sulfates,1.2365
KVqGR,[NH3+]CCO.CC(O)C(=O)[O-],ammonium,carboxylates,1.2016
KWNOe,CC[n+]1ccn(C)c1.COS(=O)(=O)[O-],imidazolium,sulfates,1.2815999999999999
KXNGq,Cc1ccc(-[n+]2c(C)cc(C)n2C)cc1.CS(=O)(=O)[O-],pyrazolium,sulfonates,1.2235999999999998
KXUXc,CCCCCC[n+]1ccn(C)c1.[I-],imidazolium,inorganics,1.381
KXkpg,CCCC[n+]1cccc(C)c1.O=S(=O)([N-]S(=O)(=O)C(F)(F)F)C(F)(F)F,pyridinium,bistriflamides,1.4122999999999999
KYCxk,CCCC[N+](C)(CCCC)CCCC.O=S(=O)([N-]S(=O)(=O)C(F)(F)F)C(F)(F)F,ammonium,bistriflamides,1.2610999999999999
KYxIe,Cn1cc[n+](Cc2ccccc2)c1.[Cl-],imidazolium,inorganics,1.1927999999999999
KZvUr,CC[n+]1ccn(C)c1.O=S(=O)([O-])C(F)(F)F,imidazolium,sulfonates,1.3851
KaFHW,CCCC[N+]1(C)CCCC1.O=S(=O)([N-]S(=O)(=O)C(F)(F)F)C(F)(F)F,pyrrolidinium,bistriflamides,1.397075
KaGGK,CCCCCC[N+](CC)(CC)CC.O=S(=O)([N-]S(=O)(=O)C(F)(F)F)C(F)(F)F,ammonium,bistriflamides,1.2894
Kaxny,CC[NH3+].O=[N+]([O-])[O-],ammonium,inorganics,1.2101
KbbOm,CCCCCC[N+](CC)(CC)CC.O=S(=O)([N-]S(=O)(=O)C(F)(F)F)C(F)(F)F,ammonium,bistriflamides,1.2914
KcIty,CC[n+]1ccn(C)c1.N#C[N-]C#N,imidazolium,amides,1.102
KdJwn,CC[n+]1ccn(C)c1.CC(=O)[O-],imidazolium,carboxylates,1.0997000000000001
KdWAR,CC[n+]1ccn(C)c1.CCOS(=O)(=O)[O-],imidazolium,sulfates,1.2368
KfGuz,CC[N+](C)(C)CCOC(C)=O.O=S(=O)([N-]S(=O)(=O)C(F)(F)F)C(F)(F)F,ammonium,bistriflamides,1.4587
KfOUL,CCCC[n+]1ccn(C)c1.COS(=O)(=O)[O-],imidazolium,sulfates,1.2074
KgAAY,CCCC[n+]1ccn(C)c1.COS(=O)(=O)[O-],imidazolium,sulfates,1.2053500000000001
KkSLb,CCCC[P+](CC)(CCCC)CCCC.CCOP(=O)([O-])OCC,phosphonium,organic phosphates,0.998
KlFGC,CC[n+]1ccn(C)c1.CCOP(=O)([O-])OCC,imidazolium,organic phosphates,1.1461
KmABB,CCCC[P+](CC)(CCCC)CCCC.CCOP(=O)([O-])OCC,phosphonium,organic phosphates,1.0088
KmVLL,COCC[n+]1ccn(C)c1.F[P-](F)(F)(F)(F)F,imidazolium,phosphates,1.4
KniLw,C=C[n+]1ccn(CCCC)c1.N=C(N)NCCCC(N)C(=O)[O-],imidazolium,carboxylates,1.2039000000000002
KnkxX,CCCCCC[N+](CC)(CC)CC.O=S(=O)([N-]S(=O)(=O)C(F)(F)F)C(F)(F)F,ammonium,bistriflamides,1.279
KoGsi,CCCC[P+](CC)(CCCC)CCCC.CCOP(=O)([O-])OCC,phosphonium,organic phosphates,1.0109
KoHOf,CCCC[n+]1ccn(C)c1.NCC(=O)[O-],imidazolium,carboxylates,1.1109
KoHpw,CCC[N+]1(C)CCOCC1.CC(=O)NC(CC(C)C)C(=O)[O-],morpholinium,carboxylates,1.0813
KpihD,CCCCCC[n+]1cc(C)cc(C)c1.O=S(=O)([N-]S(=O)(=O)C(F)(F)F)C(F)(F)F,pyridinium,bistriflamides,1.32814
KqLYs,CCCC[N+](C)(C)C.O=S(=O)([N-]S(=O)(=O)C(F)(F)F)C(F)(F)F,ammonium,bistriflamides,1.3942
KrdoP,CC(C)CCC[n+]1ccn(C)c1.O=S(=O)([N-]S(=O)(=O)C(F)(F)F)C(F)(F)F,imidazolium,bistriflamides,1.3724
KtVDx,CCCCCC[NH+](CCCCCC)CCCCCC.CCCCCC(=O)[O-],ammonium,carboxylates,0.8462000000000001
KudpS,CC[n+]1ccn(C)c1.CC(=O)[O-],imidazolium,carboxylates,1.0975
KwCbn,CCCC[n+]1ccn(C)c1.O=S(=O)([N-]S(=O)(=O)C(F)(F)F)C(F)(F)F,imidazolium,bistriflamides,1.43658
KxscF,CC[n+]1ccn(C)c1.N#C[N-]C#N,imidazolium,amides,1.104
KxtdD,CCCCCCCCn1cc[n+](C)c1.O=S(=O)([N-]S(=O)(=O)C(F)(F)F)C(F)(F)F,imidazolium,bistriflamides,1.3197999999999999
LAYEu,CCCCCC[n+]1ccn(C)c1.F[P-](F)(F)(F)(F)F,imidazolium,phosphates,1.2781
LCIXZ,CCCC[n+]1ccn(CCC#N)c1.O=S(=O)([O-])c1ccccc1,imidazolium,sulfonates,1.2368
LCJZi,COCC[N+]1(C)CCCC1.N#C[N-]C#N,pyrrolidinium,amides,1.209
LDTAR,CC[n+]1ccn(C)c1.CS(=O)(=O)[O-],imidazolium,sulfonates,1.2418
LDlmO,CCCCCCCCn1cc[n+](C)c1.COS(=O)(=O)[O-],imidazolium,sulfates,1.1145
LEciC,CCCC[n+]1ccn(C)c1.N#C[S-],imidazolium,inorganics,1.07
LFREc,Cn1cc[n+](CCO)c1.O=S(=O)([O-])C(F)(F)C(F)(F)C(F)(F)C(F)(F)F,imidazolium,sulfonates,1.62
LGFuK,CC(C)OC(=O)C1CCC[NH2+]1.CCCCCCCCCCCCOS(=O)(=O)[O-],pyrrolidinium,sulfates,1.0468
LITgh,CCCCCCCCCCCCCC[P+](CCCCCC)(CCCCCC)CCCCCC.N#Cc1nc[n-]c1C#N,phosphonium,cyclic amides,0.9197000000000001
LNKXj,CCn1cc[n+](CC)c1.CCOP(=O)([O-])OCC,imidazolium,organic phosphates,1.12596
LNUyo,Cn1cc[n+](C)c1.O=S(=O)([N-]S(=O)(=O)C(F)(F)F)C(F)(F)F,imidazolium,bistriflamides,1.5714000000000001
LPerk,CCCCCCCCCCCCCC[P+](CCCCCC)(CCCCCC)CCCCCC.N#C[N-]C#N,phosphonium,amides,0.89736
LQCkw,CC[n+]1ccn(C)c1.COP(=O)([O-])OC,imidazolium,organic phosphates,1.2178
LQvDI,CCCCCCCC[P+](CCCC)(CCCC)CCCC.[Cl-],phosphonium,inorganics,0.9244
LRNkx,CCCCCCCCCCCC[P+](CCCC)(CCCC)CCCC.c1c[n-]nn1,phosphonium,cyclic amides,0.9118999999999999
LRQOG,Cn1cc[n+](C)c1.COP(=O)([O-])OC,imidazolium,organic phosphates,1.2581
LSOQM,CCCOC[N+](C)(C)CCOC(C)=O.O=S(=O)([N-]S(=O)(=O)C(F)(F)F)C(F)(F)F,ammonium,bistriflamides,1.393
LSVWk,CCCC[n+]1ccn(C)c1.I[I-]I,imidazolium,inorganics,2.149
LSfze,CCCCCCCC[n+]1ccn(C)c1.F[P-](F)(F)(F)(F)F,imidazolium,phosphates,1.2357
LTysj,CC[NH3+].O=[N+]([O-])[O-],ammonium,inorganics,1.2102
LUFQk,CCCCn1cc[n+](C)c1C.O=S(=O)([N-]S(=O)(=O)C(F)(F)F)C(F)(F)F,imidazolium,bistriflamides,1.419
LUICt,CCCC[n+]1ccc(C)cc1.O=S(=O)([N-]S(=O)(=O)C(F)(F)F)C(F)(F)F,pyridinium,bistriflamides,1.35
LUwnW,CCCC[n+]1ccn(C)c1.F[P-](F)(F)(F)(F)F,imidazolium,phosphates,1.3679000000000001
LVKPr,CCCCCC[N+]1(C)CCCC1.O=S(=O)([N-]S(=O)(=O)C(F)(F)F)C(F)(F)F,pyrrolidinium,bistriflamides,1.335
LXdhB,CC[N+]1(C)CCOCC1.CC(=O)NC(C)C(=O)[O-],morpholinium,carboxylates,1.1508
LYdAQ,CCCC[n+]1ccn(C)c1.O=S(=O)([N-]S(=O)(=O)C(F)(F)F)C(F)(F)F,imidazolium,bistriflamides,1.43629
LaJyv,CCC[N+](C)(C)C.O=S(=O)([N-]S(=O)(=O)C(F)(F)F)C(F)(F)F,ammonium,bistriflamides,1.4293
LbZLh,Cc1cc(C)[n+](-c2ccccc2)n1C.CS(=O)(=O)[O-],pyrazolium,sulfonates,1.247
Lbpzf,CCCCCCCCCOC[N+](C)(C)CCO.O=S(=O)([N-]S(=O)(=O)C(F)(F)F)C(F)(F)F,ammonium,bistriflamides,1.268
LbsvN,CCCCCCCCn1cc[n+](C)c1.O=S(=O)([N-]S(=O)(=O)C(F)(F)F)C(F)(F)F,imidazolium,bistriflamides,1.32032
LcOLE,CC[n+]1ccn(C)c1.CS(=O)(=O)[O-],imidazolium,sulfonates,1.24164
LdxRo,CCCC[n+]1ccn(C)c1.O=S(=O)([N-]S(=O)(=O)C(F)(F)F)C(F)(F)F,imidazolium,bistriflamides,1.43635
LeCSl,CC[N+](C)(C)CCO.CC1(C)CC(OS(=O)(=O)[O-])CC(C)(C)N1[O],ammonium,sulfates,1.1418
LgEbB,CCCCCCCCCCCCCC[P+](CCCCCC)(CCCCCC)CCCCCC.c1nnn[n-]1,phosphonium,cyclic amides,0.9024
LhLLk,CCCC[n+]1ccccc1.O=S(=O)([O-])C(F)(F)F,pyridinium,sulfonates,1.31433
LhmfV,C=CC[N+](C)(C)CC.O=S(=O)([O-])C(F)(F)F,ammonium,sulfonates,1.2575
LjCXe,CCCC[n+]1ccn(C)c1.O=S(=O)([N-]S(=O)(=O)C(F)(F)F)C(F)(F)F,imidazolium,bistriflamides,1.437
LjNSd,CCCC[NH+](CCCC)CCCC.O=S(=O)([N-]S(=O)(=O)C(F)(F)F)C(F)(F)F,ammonium,bistriflamides,1.2407000000000001
LlZYR,CCCCCCCC[NH+](CCCCCCCC)CCCCCCCC.O=C([O-])CCCCCCCCC(=O)O,ammonium,carboxylates,0.9257000000000001
LlcSN,CC[NH+](C(C)C)C(C)C.O=C[O-],ammonium,carboxylates,1.014
LmPwS,CCC[n+]1ccccc1.N#C[N-]C#N,pyridinium,amides,1.0900999999999998
Lmbsn,CCCCCCCC[n+]1ccn(C)c1.F[P-](F)(F)(F)(F)F,imidazolium,phosphates,1.2349
LmfLv,CC[n+]1ccn(C)c1.CCOS(=O)(=O)[O-],imidazolium,sulfates,1.23772
LoZrZ,CC[n+]1ccn(C)c1.c1c[n-]nn1,imidazolium,cyclic amides,1.1324999999999998
LqqbX,CCCCCC[n+]1ccn(C)c1.O=S(=O)([N-]S(=O)(=O)C(F)(F)F)C(F)(F)F,imidazolium,bistriflamides,1.3718
Lqsyp,CCCCCCCC[P+](CC)(CC)CC.O=S(=O)([N-]S(=O)(=O)C(F)(F)F)C(F)(F)F,phosphonium,bistriflamides,1.2442
LryvR,CCCCCC[n+]1ccn(C)c1.F[P-](F)(F)(F)(F)F,imidazolium,phosphates,1.2909000000000002
LspHb,CCCCCCn1cc[n+](C)c1.FC(F)(F)C(F)(F)[P-](F)(F)(F)(C(F)(F)C(F)(F)F)C(F)(F)C(F)(F)F,imidazolium,phosphates,1.557
LtEeX,CCn1cc[n+](C)c1.CCCCCCOS(=O)(=O)[O-],imidazolium,sulfates,1.1304
LwJQo,CCCCCCCCCC[N+](CC)(CC)CC.O=S(=O)([N-]S(=O)(=O)C(F)(F)F)C(F)(F)F,ammonium,bistriflamides,1.2181
LwswL,CCCC[N+]1(C)CCCC1.O=S(=O)([O-])C(F)(F)F,pyrrolidinium,sulfonates,1.252
Lyzzg,CCCC[n+]1ccn(C)c1.O=S(=O)([O-])C(F)(F)F,imidazolium,sulfonates,1.2992000000000001
MAjmM,Cn1cc[n+](CC(CBr)N=[N+]=[N-])c1.N#C[N-]C#N,imidazolium,amides,1.31
MCOGl,CCOCCOCC[n+]1ccn(CC(C)(C)C)c1.O=S(=O)([N-]S(=O)(=O)C(F)(F)F)C(F)(F)F,imidazolium,bistriflamides,1.3207
MDmPY,CCC=C[n+]1ccn(C)c1C.O=[N+]([O-])c1cn[n-]c1,imidazolium,cyclic amides,1.1807999999999998
MFnEa,CCCCCC[n+]1ccn(C)c1.O=S(=O)([N-]S(=O)(=O)C(F)(F)F)C(F)(F)F,imidazolium,bistriflamides,1.372
MHhbw,CCCC[n+]1ccn(C)c1.COP(=O)([O-])OC,imidazolium,organic phosphates,1.1579000000000002
MKKph,CC[NH3+].CCCC(=O)[O-],ammonium,carboxylates,0.962
MLWBs,CCCC[n+]1ccn(C)c1.F[P-](F)(F)(F)(F)F,imidazolium,phosphates,1.3682999999999998
MMrfE,C[N+]1=C(O)CCC1.CCC(=O)[O-],amidium,carboxylates,1.02786
MNbFM,CCCCCCCCCCCCCC[P+](CCCCCC)(CCCCCC)CCCCCC.CC(CC(C)(C)C)CP(=O)([O-])CC(C)CC(C)(C)C,phosphonium,organic phosphates,0.8875
MPBUN,CC[n+]1ccn(C)c1.CC(=O)[O-],imidazolium,carboxylates,1.109
MPiQZ,CCCCCCCCn1cc[n+](C)c1.CCOS(=O)(=O)[O-],imidazolium,sulfates,1.1159000000000001
MPkzQ,CCCC[n+]1ccn(C)c1.O=S(=O)([N-]S(=O)(=O)C(F)(F)F)C(F)(F)F,imidazolium,bistriflamides,1.4377
MSEhB,C[N+](C)(C)CCO.CC(O)C(=O)[O-],ammonium,carboxylates,1.1402999999999999
MTGZz,CCCCn1cc[n+](C)c1.O=S(=O)(F)[N-]S(=O)(=O)F,imidazolium,bistriflamides,1.3572
MTGsY,CC[n+]1ccccc1C.O=S(=O)([N-]S(=O)(=O)C(F)(F)F)C(F)(F)F,pyridinium,bistriflamides,1.50535
MULkz,CC[n+]1ccn(C)c1.O=S(=O)([N-]S(=O)(=O)C(F)(F)F)C(F)(F)F,imidazolium,bistriflamides,1.5181
MVfHI,CC[n+]1ccn(C)c1.O=C([O-])C(F)(F)F,imidazolium,carboxylates,1.301
MVftF,CCCCCn1cc[n+](CCCC)c1.O=S(=O)([N-]S(=O)(=O)C(F)(F)F)C(F)(F)F,imidazolium,bistriflamides,1.3174000000000001
MXpjC,C[N+](C)(C)CCO.CCCCCC(=O)[O-],ammonium,carboxylates,1.0157
MYxsT,CCCCCC[n+]1ccn(C)c1.F[P-](F)(F)(F)(F)F,imidazolium,phosphates,1.292
MZgeo,CC[n+]1ccn(C)c1.O=S(=O)([O-])C(F)(F)F,imidazolium,sulfonates,1.384
MZyic,CC[n+]1ccccc1.O=S(=O)([N-]S(=O)(=O)C(F)(F)F)C(F)(F)F,pyridinium,bistriflamides,1.538
Mcwae,CCCCCCCC[N+](C)(CCCCCCCC)CCCCCCCC.O=S(=O)([N-]S(=O)(=O)C(F)(F)F)C(F)(F)F,ammonium,bistriflamides,1.101
MeHqi,CCCCCCCCCCOC[N+](C)(C)CCO.O=S(=O)([N-]S(=O)(=O)C(F)(F)F)C(F)(F)F,ammonium,bistriflamides,1.259
MeSQT,CCC[N+]1(C)CCOCC1.N#C[N-]C#N,morpholinium,amides,1.1637
MgWpW,CCCCCCCCCC[n+]1ccn(C)c1.O=S(=O)([N-]S(=O)(=O)C(F)(F)F)C(F)(F)F,imidazolium,bistriflamides,1.2784
Mjawm,CCCCCCCCn1cc[n+](C)c1.[Cl-],imidazolium,inorganics,1.0119
MknaG,CCCC[n+]1ccn(C)c1.O=S(=O)([N-]S(=O)(=O)C(F)(F)F)C(F)(F)F,imidazolium,bistriflamides,1.4367999999999999
MmUbI,CCCCCCCC[P+](CCCC)(CCCC)CCCC.O=S(=O)([N-]S(=O)(=O)C(F)(F)F)C(F)(F)F,phosphonium,bistriflamides,1.162
MmfcA,CC[n+]1ccn(C)c1.O=S(=O)([N-]S(=O)(=O)C(F)(F)F)C(F)(F)F,imidazolium,bistriflamides,1.51837
MnWmR,CCCCCC[n+]1ccn(C)c1.F[P-](F)(F)(F)(F)F,imidazolium,phosphates,1.2872999999999999
MnhpY,CCCC[n+]1ccn(C)c1.F[P-](F)(F)(F)(F)F,imidazolium,phosphates,1.3673
MpHAR,CCCCCC[n+]1ccn(C)c1.[Br-],imidazolium,inorganics,1.22382
MpPUP,CC[n+]1ccccc1.O=S(=O)([N-]S(=O)(=O)C(F)(F)F)C(F)(F)F,pyridinium,bistriflamides,1.536
MqXik,CCCCCCCCn1cc[n+](C)c1.O=S(=O)([N-]S(=O)(=O)C(F)(F)F)C(F)(F)F,imidazolium,bistriflamides,1.3224
MrXSd,CCCC[n+]1ccn(C)c1.O=S(=O)([O-])C(F)(F)F,imidazolium,sulfonates,1.298
MscbA,N#CCCC[n+]1ccccc1.O=S(=O)([N-]S(=O)(=O)C(F)(F)F)C(F)(F)F,pyridinium,bistriflamides,1.534
MsiuE,CC[n+]1ccn(C)c1.CCOS(=O)(=O)[O-],imidazolium,sulfates,1.23681
MtCUZ,CCCCCCCC[N+]1(C)CCCC1.O=S(=O)([N-]S(=O)(=O)C(F)(F)F)C(F)(F)F,pyrrolidinium,bistriflamides,1.291
MtNmd,CCC[n+]1cn(C)cn1.O=[N+]([O-])[O-],triazolium,inorganics,1.2367000000000001
MtaOz,CCCCCC[n+]1ccn(C)c1.N#C[S-],imidazolium,inorganics,1.0568
MwvMb,CCCC[n+]1ccn(CC)c1.O=S(=O)([N-]S(=O)(=O)C(F)(F)F)C(F)(F)F,imidazolium,bistriflamides,1.402
NBaWs,CC[n+]1ccn(C)c1.COS(=O)(=O)[O-],imidazolium,sulfates,1.2843
NCyWy,CCCC[n+]1ccn(C)c1C.O=S(=O)([O-])O,imidazolium,sulfates,1.2106
NDuNm,CCCC[n+]1ccn(C)c1.O=S(=O)([N-]S(=O)(=O)C(F)(F)F)C(F)(F)F,imidazolium,bistriflamides,1.434
NEdWi,CCCC[n+]1ccn(C)c1.F[P-](F)(F)(F)(F)F,imidazolium,phosphates,1.3684
NHLXY,CCCC[n+]1ccn(C)c1.O=C([O-])C(F)(F)F,imidazolium,carboxylates,1.221
NHOJz,CCCC[N+]1(C)CCCC1.N#C[C-](C#N)C#N,pyrrolidinium,methanides,1.00687
NHzcI,CC[n+]1ccn(C)c1.O=S(=O)([N-]S(=O)(=O)C(F)(F)F)C(F)(F)F,imidazolium,bistriflamides,1.5191
NJpKM,CCCn1cc[n+](C)c1C.O=S(=O)([N-]S(=O)(=O)C(F)(F)F)C(F)(F)F,imidazolium,bistriflamides,1.454
NMdFz,CC[n+]1ccn(C)c1.O=S(=O)([N-]S(=O)(=O)C(F)(F)F)C(F)(F)F,imidazolium,bistriflamides,1.5189000000000001
NNUjt,CCC[N+]1(C)CCCCC1.O=S(=O)([N-]S(=O)(=O)C(F)(F)F)C(F)(F)F,piperidinium,bistriflamides,1.4114
NOHdo,CCCCCCCCn1cc[n+](C)c1.COP(=O)([O-])OC,imidazolium,organic phosphates,1.0820999999999998
NOKCa,CCCC[n+]1ccn(C)c1.COS(=O)(=O)[O-],imidazolium,sulfates,1.20845
NPSzp,C[n+]1ccn(CCCc2ccccc2)c1.O=S(=O)([N-]S(=O)(=O)C(F)(F)F)C(F)(F)F,imidazolium,bistriflamides,1.455
NQHHq,CCCC[n+]1ccn(C)c1.F[P-](F)(F)(F)(F)F,imidazolium,phosphates,1.3667
NSJtC,CCCC[n+]1ccn(C)c1.CC(=O)[O-],imidazolium,carboxylates,1.0528
NUiuu,CCCC[n+]1ccn(C)c1.N#C[C-](C#N)C#N,imidazolium,methanides,1.04723
NVwGG,CC1CCC(C(C)C)C(OCn2cc[n+](C)c2)C1.O=S(=O)([N-]S(=O)(=O)C(F)(F)F)C(F)(F)F,imidazolium,bistriflamides,1.3326300000000002
NXMSf,CCCCCC[N+]1(C)CCOCC1.O=S(=O)(F)[N-]S(=O)(=O)F,morpholinium,bistriflamides,1.2974
NXzRB,Cn1cc[n+](Cc2ccccc2)c1.N#C[N-]C#N,imidazolium,amides,1.1581
NYgae,Cc1n(S(=O)(=O)O)cc[n+]1S(=O)(=O)O.O=C([O-])C(F)(F)F,imidazolium,carboxylates,1.59
NYrAo,CC[n+]1ccccc1.N#C[N-]C#N,pyridinium,amides,1.1185
NZOMr,CCCCCC[N+]1(CC)CCCC1.O=S(=O)([N-]S(=O)(=O)C(F)(F)F)C(F)(F)F,pyrrolidinium,bistriflamides,1.322
NbfBd,CCCC[P+](CC)(CC)CC.O=[N+]([O-])c1cn[n-]c1,phosphonium,cyclic amides,1.0784
NbmlX,CCCC[n+]1ccn(C)c1.N#C[N-]C#N,imidazolium,amides,1.0587
NdgXQ,c1cc[n+](CC2CCCCC2)cc1.O=S(=O)([N-]S(=O)(=O)C(F)(F)F)C(F)(F)F,pyridinium,bistriflamides,1.4233
NiFZt,CCCCn1cc[n+](C)c1C.O=S(=O)([N-]S(=O)(=O)C(F)(F)F)C(F)(F)F,imidazolium,bistriflamides,1.4185
NjnQf,CCCC[n+]1ccn(C)c1.COS(=O)(=O)[O-],imidazolium,sulfates,1.213
NjwjA,CCC[N+](C)(C)CC.O=S(=O)([N-]S(=O)(=O)C(F)(F)F)C(F)(F)F,ammonium,bistriflamides,1.403
NlUCk,CCCC[n+]1ccn(C)c1.N#C[S-],imidazolium,inorganics,1.0683
NoKVg,C[n+]1ccn(CCc2ccccc2)c1.O=S(=O)([N-]S(=O)(=O)C(F)(F)F)C(F)(F)F,imidazolium,bistriflamides,1.47
NpHHf,CCC[n+]1ccn(C)c1.CC(=O)[O-],imidazolium,carboxylates,1.0783
NpyZA,CCCC[n+]1ccn(C)c1.CC(=O)[O-],imidazolium,carboxylates,1.0520999999999998
NsPPX,C[N+](C)(C)CCO.O=C([O-])C1CCCCC1,ammonium,carboxylates,1.0677999999999999
NtCFA,CCCCCCCC[NH+](CCCCCCCC)CCCCCCCC.CCCCCC(=O)[O-],ammonium,carboxylates,0.8445
NvZzQ,CCCCC[n+]1ccn(C)c1.N#C[N-]C#N,imidazolium,amides,1.0495
NvaWq,CC[N+]1(C)CCOCC1.CCO[PH](=O)[O-],morpholinium,organic phosphates,1.1616
Nwllu,CCCCCCn1cc[n+](C)c1.N#C[C-](C#N)C#N,imidazolium,methanides,1.0197
NxSfn,CC[n+]1cccc(C)c1.CCOS(=O)(=O)[O-],pyridinium,sulfates,1.2222
Nzdwy,CC[n+]1ccn(C)c1.N#C[S-],imidazolium,inorganics,1.118
Nzncu,CCCC[n+]1ccn(C)c1.F[P-](F)(F)(F)(F)F,imidazolium,phosphates,1.367
OBVGi,CC[n+]1ccn(C)c1.O=S(=O)([N-]S(=O)(=O)C(F)(F)F)C(F)(F)F,imidazolium,bistriflamides,1.5195
OCMhb,CCCCCCn1cc[n+](C)c1.FC(F)(F)C(F)(F)[P-](F)(F)(F)(C(F)(F)C(F)(F)F)C(F)(F)C(F)(F)F,imidazolium,phosphates,1.5517999999999998
OFFai,CCCC[n+]1ccn(C)c1.O=S(=O)([N-]S(=O)(=O)C(F)(F)F)C(F)(F)F,imidazolium,bistriflamides,1.436
OFLar,COCC[N+]1(C)CCOCC1.FC(F)(F)C(F)(F)[P-](F)(F)(F)(C(F)(F)C(F)(F)F)C(F)(F)C(F)(F)F,morpholinium,phosphates,1.6757
OIQIo,CC[n+]1ccn(C)c1.O=C([O-])C1CCCN1,imidazolium,carboxylates,1.1551
OIaSs,CCCCCCCCCC[n+]1ccn(C)c1.O=S(=O)([N-]S(=O)(=O)C(F)(F)F)C(F)(F)F,imidazolium,bistriflamides,1.2788
OIxOl,CCCCCC[n+]1ccn(C)c1C.O=S(=O)([N-]S(=O)(=O)C(F)(F)F)C(F)(F)F,imidazolium,bistriflamides,1.3531
OKZRr,CCCC[n+]1cccc(C)c1.O=S(=O)([O-])C(F)(F)F,pyridinium,sulfonates,1.27977
OLkWL,CC[n+]1cccc(C)c1.CCOS(=O)(=O)[O-],pyridinium,sulfates,1.2196099999999999
ONiWE,CCCCCCCCCCCCCC[P+](CCCCCC)(CCCCCC)CCCCCC.O=S(=O)([O-])C(F)(F)C(F)(F)C(F)(F)C(F)(F)C(F)(F)C(F)(F)C(F)(F)C(F)(F)F,phosphonium,sulfonates,1.173
OOECl,CCCCCCCCCCCCCC[P+](CCCCCC)(CCCCCC)CCCCCC.N#C[N-]C#N,phosphonium,amides,0.8997999999999999
OOhYb,CCCCCCCC[N+]1(C)CCCC1.O=S(=O)([N-]S(=O)(=O)C(F)(F)F)C(F)(F)F,pyrrolidinium,bistriflamides,1.289
OOxvk,CC[n+]1ccn(C)c1.O=S(=O)([N-]S(=O)(=O)C(F)(F)F)C(F)(F)F,imidazolium,bistriflamides,1.51874
OQrJF,COCCOCC[n+]1ccn(C)c1.[Cl-],imidazolium,inorganics,1.14
OQtUD,CC[n+]1ccn(C)c1.CC(=O)[O-],imidazolium,carboxylates,1.0974000000000002
OSdRH,CCCCCCC[n+]1ccccc1.O=S(=O)([N-]S(=O)(=O)C(F)(F)F)C(F)(F)F,pyridinium,bistriflamides,1.3540999999999999
OUJgm,CC[n+]1ccn(C)c1.O=S(=O)([N-]S(=O)(=O)C(F)(F)F)C(F)(F)F,imidazolium,bistriflamides,1.515
OUWxh,C[N+](C)(C)CCO.NC(CO)C(=O)[O-],ammonium,carboxylates,1.2126
OWwml,CCCCCCCCCCCCCC[P+](CCCCCC)(CCCCCC)CCCCCC.CC(=O)[O-],phosphonium,carboxylates,0.8913
OXbRZ,CC[n+]1ccn(C)c1.O=S(=O)([N-]S(=O)(=O)C(F)(F)F)C(F)(F)F,imidazolium,bistriflamides,1.51825
OXqpg,CCn1cc[n+](C)c1.NCCC(=O)[O-],imidazolium,carboxylates,1.1469
OXwNM,CC[n+]1ccn(C)c1.CC(=O)[O-],imidazolium,carboxylates,1.099
OYQbW,CCCCCCCCCCCCCC[P+](CCCCCC)(CCCCCC)CCCCCC.FC(F)(F)C(F)(F)[P-](F)(F)(F)(C(F)(F)C(F)(F)F)C(F)(F)C(F)(F)F,phosphonium,phosphates,1.1817
OYbwc,CCCC[n+]1ccn(C)c1.O=S(=O)([O-])C(F)(F)F,imidazolium,sulfonates,1.2977
OYkUx,CC[n+]1ccn(C)c1.N#C[S-],imidazolium,inorganics,1.1222999999999999
OZgfI,CCCC[S+]1CCCC1.O=S(=O)([N-]S(=O)(=O)C(F)(F)F)C(F)(F)F,cyclic sulfonium,bistriflamides,1.456
Oadki,CCCC[n+]1ccn(C)c1.N#C[N-]C#N,imidazolium,amides,1.0596199999999998
Oatuo,CC[n+]1ccn(C)c1.CS(=O)(=O)[O-],imidazolium,sulfonates,1.241
OcNKa,CCCCCCCCn1cc[n+](C)c1.N#C[S-],imidazolium,inorganics,1.0355
OcULk,COCCn1cc[n+](C)c1.CCC(=O)[O-],imidazolium,carboxylates,1.1094000000000002
OchDY,CCCCCCCC[n+]1ccn(C)c1.O=S(=O)([O-])C(F)(F)F,imidazolium,sulfonates,1.18881
OcjIV,CCn1cc[n+](C)c1.Nc1ncnc2nc[n-]c12,imidazolium,cyclic amides,1.23312
OdeFa,CCCC[n+]1ccn(C)c1.F[P-](F)(F)(F)(F)F,imidazolium,phosphates,1.3660999999999999
OeBFf,C[NH+](C)C.O=P([O-])(O)O,ammonium,organic phosphates,1.35361
OelBM,CCCC[n+]1ccn(C)c1.O=S(=O)([N-]S(=O)(=O)C(F)(F)F)C(F)(F)F,imidazolium,bistriflamides,1.4343
OguHa,CCCC[N+]1(C)CCCC1.N#C[N-]C#N,pyrrolidinium,amides,1.0134
OjckP,CCCCCCn1c[n+](C)cn1.O=S(=O)([N-]S(=O)(=O)C(F)(F)F)C(F)(F)F,triazolium,bistriflamides,1.4
OkDRo,CCCCCCCC[n+]1ccn(C)c1.F[P-](F)(F)(F)(F)F,imidazolium,phosphates,1.2368
OkJiY,CCCC[N+]1(C)CCCCC1.O=S(=O)([N-]S(=O)(=O)C(F)(F)F)C(F)(F)F,piperidinium,bistriflamides,1.3822
Okkvt,CCCCCCCn1cc[n+](CCCCCCC)c1.O=S(=O)([N-]S(=O)(=O)C(F)(F)F)C(F)(F)F,imidazolium,bistriflamides,1.2252
OlQMX,C[N+]1(C)CCN(c2ccccc2)CC1.[I-],piperazinium,inorganics,1.0067000000000002
OlQQc,C=CC[NH+](C)C.O=S(=O)([O-])C(F)(F)F,ammonium,sulfonates,1.303
OmUZz,CCCCCCCCCCCCCC[P+](CCCCCC)(CCCCCC)CCCCCC.N#C[N-]C#N,phosphonium,amides,0.8997999999999999
OnSSw,CC[n+]1ccn(C)c1.O=S(=O)([O-])C(F)(F)F,imidazolium,sulfonates,1.383
OnlaQ,CCCC[n+]1ccccc1.N#C[N-]C#N,pyridinium,amides,1.0688
OoNZC,CCCC[N+](C)(C)CC.CCOS(=O)(=O)[O-],ammonium,sulfates,1.2081
OpXYU,Cn1cc[n+](CC(Br)CN=[N+]=[N-])c1.[Br-],imidazolium,inorganics,1.34
OqEyP,CCCC[n+]1ccn(C)c1.COS(=O)(=O)[O-],imidazolium,sulfates,1.2076000000000002
OqMiA,C[n+]1ccn(CCCc2ccccc2)c1.F[P-](F)(F)(F)(F)F,imidazolium,phosphates,1.407
OsKzO,CCCCCCCCCC[n+]1cc[nH]c1.O=S(=O)([N-]S(=O)(=O)C(F)(F)F)C(F)(F)F,imidazolium,bistriflamides,1.2875
OvGyv,Cc1ccc[n+](C)c1.COS(=O)(=O)[O-],pyridinium,sulfates,1.3025
OvmAD,Cn1cc[n+](Cc2ccccc2)c1.O=S(=O)([N-]S(=O)(=O)C(F)(F)F)C(F)(F)F,imidazolium,bistriflamides,1.4892999999999998
OyDYG,CCCCCCCCn1cc[n+](C)c1.O=S(=O)([N-]S(=O)(=O)C(F)(F)F)C(F)(F)F,imidazolium,bistriflamides,1.32059
OyqaS,CCCC[NH3+].O=[N+]([O-])[O-],ammonium,inorganics,1.1059
OzrfI,CC[n+]1ccn(C)c1.CCOS(=O)(=O)[O-],imidazolium,sulfates,1.2375999999999998
PAAoA,CCCCCCCC[N+](C)(CCCCCCCC)CCCCCCCC.CCCCCCCCC=CCCCCCCCC(=O)[O-],ammonium,carboxylates,0.8875
PDhkk,CCCCCC[n+]1cccc(C)c1.O=S(=O)([N-]S(=O)(=O)C(F)(F)F)C(F)(F)F,pyridinium,bistriflamides,1.3918
PDlkw,C[N+]1(CC(O)CO)CCCC1.O=S(=O)([N-]S(=O)(=O)C(F)(F)F)C(F)(F)F,pyrrolidinium,bistriflamides,1.61
PGOCM,CCCCCCCCn1cc[n+](C)c1.[Br-],imidazolium,inorganics,1.1705999999999999
PGbRF,CCCCn1cc[n+](C)c1.CCC(=O)[O-],imidazolium,carboxylates,1.03491
PJEAD,CCCCCC[n+]1ccn(C)c1.[Cl-],imidazolium,inorganics,1.0409000000000002
PKBGp,COCC[n+]1ccn(C)c1.O=S(=O)([N-]S(=O)(=O)C(F)(F)F)C(F)(F)F,imidazolium,bistriflamides,1.505
PKeHw,CCCC[N+]1(C)CCCC1.N#C[N-]C#N,pyrrolidinium,amides,1.01343
PLSmf,CCCCCCCCCCCCCC[P+](CCCCCC)(CCCCCC)CCCCCC.O=S(=O)([N-]S(=O)(=O)C(F)(F)F)C(F)(F)F,phosphonium,bistriflamides,1.065
PLutA,CCCC[n+]1ccn(C)c1.O=S(=O)([N-]S(=O)(=O)C(F)(F)F)C(F)(F)F,imidazolium,bistriflamides,1.436
PNXZN,CCCC[n+]1ccn(C)c1.O=S(=O)([N-]S(=O)(=O)C(F)(F)F)C(F)(F)F,imidazolium,bistriflamides,1.436
PQkXp,CCOC(=O)C[n+]1ccn(C)c1.[Cl-],imidazolium,inorganics,1.178
PRKzF,Cn1cc[n+](C(C)(C)C)c1.O=S(=O)([N-]S(=O)(=O)C(F)(F)C(F)(F)F)C(F)(F)C(F)(F)F,imidazolium,bistriflamides,1.5252000000000001
PRarC,CCCCCC[n+]1ccn(C)c1.[Br-],imidazolium,inorganics,1.2221
PRhub,CCCC[n+]1ccn(C)c1.O=S(=O)([N-]S(=O)(=O)C(F)(F)F)C(F)(F)F,imidazolium,bistriflamides,1.438
PRkOJ,CCCC[N+]1(C)CCCC1.O=S(=O)(F)[N-]S(=O)(=O)F,pyrrolidinium,bistriflamides,1.3060999999999998
PSIUe,CCCCCC[n+]1ccccc1.F[P-](F)(F)(F)(F)F,pyridinium,phosphates,1.25
PSeXu,CCCCCC[n+]1ccn(C)c1.[Br-],imidazolium,inorganics,1.2237
PStxD,C=Cn1cc[n+](CC(CBr)N=[N+]=[N-])c1.N#C[N-]C#N,imidazolium,amides,1.31
PTADg,CCCCC[n+]1ccn(C)c1.CC(O)C(N)C(=O)[O-],imidazolium,carboxylates,1.1010799999999998
PTfYI,CC[n+]1ccn(C)c1.O=S(=O)([N-]S(=O)(=O)C(F)(F)F)C(F)(F)F,imidazolium,bistriflamides,1.5185
PTkju,CCCC[n+]1ccccc1.O=S(=O)([N-]S(=O)(=O)C(F)(F)F)C(F)(F)F,pyridinium,bistriflamides,1.456
PUZsS,CCCC[N+]1(C)CCCC1.O=S(=O)([O-])C(F)(F)F,pyrrolidinium,sulfonates,1.2524000000000002
PVDnG,CCCn1cc[n+](C)c1.O=S(=O)([N-]S(=O)(=O)C(F)(F)F)C(F)(F)F,imidazolium,bistriflamides,1.475
PVSql,CC[n+]1ccn(C)c1.CC(=O)[O-],imidazolium,carboxylates,1.0999
PWpYE,CC[n+]1ccn(C)c1.CCOS(=O)(=O)[O-],imidazolium,sulfates,1.23624
PZknz,CC[n+]1ccn(C)c1.N#C[S-],imidazolium,inorganics,1.117
PZplv,CC[N+](CC)(CC)CCOC.O=S(=O)([N-]S(=O)(=O)C(F)(F)F)C(F)(F)F,ammonium,bistriflamides,1.3855
PbjxJ,CC[n+]1ccn(C)c1C.O=S(=O)([N-]S(=O)(=O)C(F)(F)F)C(F)(F)F,imidazolium,bistriflamides,1.491
PcQjW,CCCCCCCC[N+](C)(CCCCCCCC)CCCCCCCC.[Cl-],ammonium,inorganics,0.888
PeKAc,CCCC[N+]1(C)CCCC1.O=S(=O)([N-]S(=O)(=O)C(F)(F)F)C(F)(F)F,pyrrolidinium,bistriflamides,1.39453
PemLg,CCCC[n+]1ccn(C)c1.N#C[C-](C#N)C#N,imidazolium,methanides,1.0475999999999999
PlcYy,CCCCn1cc[n+](CCC#N)c1.N#C[N-]C#N,imidazolium,amides,1.12
PmRlJ,COCC[N+]1(C)CCCC1.O=S(=O)([N-]S(=O)(=O)C(F)(F)F)C(F)(F)F,pyrrolidinium,bistriflamides,1.4547
PqOMx,CC[n+]1ccsc1.O=S(=O)([O-])C(F)(F)F,thiazolium,sulfonates,1.509
PqrOj,[NH3+]CCO.CC(O)C(=O)[O-],ammonium,carboxylates,1.2018
PsniV,CCCCCCCCCC[N+](C)(C)C(C)C.O=S(=O)([N-]S(=O)(=O)C(F)(F)F)C(F)(F)F,ammonium,bistriflamides,1.18
PstiE,CCCCCC[n+]1ccn(C)c1.O=S(=O)([N-]S(=O)(=O)C(F)(F)F)C(F)(F)F,imidazolium,bistriflamides,1.371
PsucB,CCCCCn1cc[n+](CCCC)c1.O=S(=O)([N-]S(=O)(=O)C(F)(F)F)C(F)(F)F,imidazolium,bistriflamides,1.3177999999999999
PuvNW,CCCn1cc[n+](C)c1.O=S(=O)([N-]S(=O)(=O)C(F)(F)F)C(F)(F)F,imidazolium,bistriflamides,1.47
PuwOg,CCCC[P+](CC)(CCCC)CCCC.CCOP(=O)([O-])OCC,phosphonium,organic phosphates,0.996
PwHAh,CCCCn1cc[n+](CC)c1.CCOP(=O)([O-])OCC,imidazolium,organic phosphates,1.08321
PzkxB,CCCCCC[n+]1ccccc1.O=S(=O)([N-]S(=O)(=O)C(F)(F)F)C(F)(F)F,pyridinium,bistriflamides,1.3831
QDneM,CCCC[n+]1ccn(C)c1.O=S(=O)([N-]S(=O)(=O)C(F)(F)F)C(F)(F)F,imidazolium,bistriflamides,1.4379000000000002
QERWs,CCC[n+]1cccc(C)c1.O=S(=O)([N-]S(=O)(=O)C(F)(F)F)C(F)(F)F,pyridinium,bistriflamides,1.44794
QEUEC,CCCC[n+]1ccn(C)c1.F[P-](F)(F)(F)(F)F,imidazolium,phosphates,1.3672
QHBIi,CCCC[P+](CCCC)(CCCC)CCOC.O=S(=O)([N-]S(=O)(=O)C(F)(F)F)C(F)(F)F,phosphonium,bistriflamides,1.2383
QHboV,CC[n+]1ccn(C)c1.O=S(=O)([N-]S(=O)(=O)C(F)(F)C(F)(F)F)C(F)(F)C(F)(F)F,imidazolium,bistriflamides,1.5927
QHlFH,CCCC[n+]1ccccc1.O=S(=O)([N-]S(=O)(=O)C(F)(F)F)C(F)(F)F,pyridinium,bistriflamides,1.44807
QICZM,CCCCCC[n+]1ccn(C)c1.CCC(=O)[O-],imidazolium,carboxylates,1.00735
QIlhI,CCCCn1cc[n+](C)c1.Cc1c[n-]c(=O)[nH]c1=O,imidazolium,amides,1.16371
QJTjB,CCC[N+]1(C)CCCC1.O=S(=O)(F)[N-]S(=O)(=O)F,pyrrolidinium,bistriflamides,1.3387
QKWWC,Cn1cc[n+](C)c1.COS(=O)(=O)[O-],imidazolium,sulfates,1.3273
QLvzL,CCCCCCCCCCCCCC[P+](CCCCCC)(CCCCCC)CCCCCC.CC(=O)[O-],phosphonium,carboxylates,0.8946000000000001
QNfSr,CC[n+]1ccn(C)c1.CC(=O)[O-],imidazolium,carboxylates,1.099
QNpLO,CC[n+]1ccn(C)c1.COS(=O)(=O)[O-],imidazolium,sulfates,1.292
QOJAp,CCCC[N+]1(C)CCCC1.O=S(=O)([N-]S(=O)(=O)C(F)(F)F)C(F)(F)F,pyrrolidinium,bistriflamides,1.39466
QRBZv,CCCCCC[n+]1ccn(C)c1.N#C[S-],imidazolium,inorganics,1.057
QSCRq,CCCC[N+]1(C)CCCC1.O=S(=O)([O-])C(F)(F)F,pyrrolidinium,sulfonates,1.25298
QXXHV,CCCC[N+](C)(C)CCO.CC1(C)CC(OS(=O)(=O)[O-])CC(C)(C)N1[O],ammonium,sulfates,1.1091
QYEqB,CCCC[n+]1ccn(C)c1.N#C[S-],imidazolium,inorganics,1.0753
QaGCx,CCCC[n+]1ccn(C)c1.COS(=O)(=O)[O-],imidazolium,sulfates,1.2105
QaKit,CCC[N+]1(C)CCCC1.O=S(=O)([N-]S(=O)(=O)C(F)(F)F)C(F)(F)F,pyrrolidinium,bistriflamides,1.4274
QakhF,CCCC[n+]1ccn(C)c1.CCCCCCCCOS(=O)(=O)[O-],imidazolium,sulfates,1.068
QdCet,CC[n+]1cccc(C)c1.CCOS(=O)(=O)[O-],pyridinium,sulfates,1.22226
QdpCV,CCCC[n+]1ccn(C)c1.O=S(=O)([N-]S(=O)(=O)C(F)(F)F)C(F)(F)F,imidazolium,bistriflamides,1.435
QexuE,CCCCCCCC[N+](CC)(CC)CC.O=S(=O)([N-]S(=O)(=O)C(F)(F)F)C(F)(F)F,ammonium,bistriflamides,1.24924
QfSiI,[NH3+]CCO.CC(O)C(=O)[O-],ammonium,carboxylates,1.2102
QgkNI,CCCC[n+]1ccn(C)c1.F[P-](F)(F)(F)(F)F,imidazolium,phosphates,1.368
QhEzJ,CCCC[n+]1ccn(C)c1.O=S(=O)([N-]S(=O)(=O)C(F)(F)F)C(F)(F)F,imidazolium,bistriflamides,1.4369
QiIMo,C=CC[n+]1ccn(C)c1.CCCC(=O)[O-],imidazolium,carboxylates,1.062
QiMRG,CC[n+]1ccn(C)c1.O=S(=O)([N-]S(=O)(=O)C(F)(F)F)C(F)(F)F,imidazolium,bistriflamides,1.5185
QjoTm,Cn1cc[n+](CCCCS(=O)(=O)O)c1.O=S(=O)([O-])C(F)(F)F,imidazolium,sulfonates,1.4782000000000002
QkhtR,CCCC[n+]1ccn(C)c1.F[P-](F)(F)(F)(F)F,imidazolium,phosphates,1.3679000000000001
QlwCp,CCCC[N+](C)(C)C.O=S(=O)([N-]S(=O)(=O)C(F)(F)F)C(F)(F)F,ammonium,bistriflamides,1.393
QmTec,CCCC[N+](C)(CCCC)CCCC.NC(CO)C(=O)[O-],ammonium,carboxylates,1.0157
QmoSi,CCCCCC[n+]1ccn(C)c1.O=[N+]([O-])c1cn[n-]c1,imidazolium,cyclic amides,1.1233
Qmsgg,C[NH2+]CCO.CCC(=O)[O-],ammonium,carboxylates,1.07134375
QnIov,CCCC[n+]1ccn(C)c1.COS(=O)(=O)[O-],imidazolium,sulfates,1.2078
Qnkqp,CCCC[n+]1ccn(C)c1.COS(=O)(=O)[O-],imidazolium,sulfates,1.2125899999999998
Qnskm,CCCCCC[N+]1(C)CCCC1.CCCCCCO[PH](=O)[O-],pyrrolidinium,organic phosphates,1.0607
QosXR,CCN(CC)c1c(N(CC)CC)[c+]1N(CC)CC.O=S(=O)([N-]S(=O)(=O)C(F)(F)F)C(F)(F)F,cyclopropenium,bistriflamides,1.2734
QouAd,C[n+]1ccn(Cc2ccc3ccccc3c2)c1.O=S(=O)([N-]S(=O)(=O)C(F)(F)F)C(F)(F)F,imidazolium,bistriflamides,1.482
QqKep,CCCCCCCCn1cc[n+](C)c1.O=S(=O)([N-]S(=O)(=O)C(F)(F)F)C(F)(F)F,imidazolium,bistriflamides,1.32059
QqLss,Cn1cc[n+](Cc2ccccc2)c1.O=S(=O)([N-]S(=O)(=O)C(F)(F)F)C(F)(F)F,imidazolium,bistriflamides,1.493
QrUtU,CC[P+](CC)(CC)CCOC.O=S(=O)([N-]S(=O)(=O)C(F)(F)F)C(F)(F)F,phosphonium,bistriflamides,1.3748
QsMPC,CCCC[n+]1ccn(C)c1.O=S(=O)([N-]S(=O)(=O)C(F)(F)F)C(F)(F)F,imidazolium,bistriflamides,1.43712
QsVEq,CCn1cc[n+](C)c1.CC(O)C(=O)[O-],imidazolium,carboxylates,1.1461
QstjW,CC(C)OC(=O)C([NH3+])C(C)C.CCCCCCCCCCCCOS(=O)(=O)[O-],ammonium,sulfates,1.0261
QwPpd,CCCCCC[n+]1ccn(C)c1.O=S(=O)([N-]S(=O)(=O)C(F)(F)F)C(F)(F)F,imidazolium,bistriflamides,1.373
QwXhv,CC[n+]1ccn(C)c1.COS(=O)(=O)[O-],imidazolium,sulfates,1.263
QxOuL,CCCCCC[n+]1ccn(C)c1.O=S(=O)([O-])O,imidazolium,sulfates,1.308
QyZBp,C=CC[n+]1ccn(C)c1.O=C([O-])c1ccccc1,imidazolium,carboxylates,1.149
QyZct,CC[n+]1ccn(C)c1.O=S(=O)(F)[N-]S(=O)(=O)F,imidazolium,bistriflamides,1.4421
QznAr,CCCC[n+]1ccn(C)c1.[Cl-],imidazolium,inorganics,1.07443
RBbxu,CCCCn1cc[n+](C)c1.FC(F)(F)C(F)(F)[P-](F)(F)(F)(C(F)(F)C(F)(F)F)C(F)(F)C(F)(F)F,imidazolium,phosphates,1.62589
RCeGQ,CCCC[N+]1(C)CCCC1.O=S(=O)(F)[N-]S(=O)(=O)F,pyrrolidinium,bistriflamides,1.3064
REUVT,C[n+]1ccn(CCO)c1.F[P-](F)(F)(F)(F)F,imidazolium,phosphates,1.48
REZTz,CCCCCCCCn1cc[n+](C)c1.N#C[C-](C#N)C#N,imidazolium,methanides,1.0
RFpOX,CCn1cc[n+](C)c1.N#C[N-]S(=O)(=O)C(F)(F)F,imidazolium,bistriflamides,1.347
RGLPX,COCC[n+]1ccn(C)c1.O=S(=O)([N-]S(=O)(=O)C(F)(F)F)C(F)(F)F,imidazolium,bistriflamides,1.509
RIStn,CC[n+]1ccn(C)c1.O=S(=O)([N-]S(=O)(=O)C(F)(F)F)C(F)(F)F,imidazolium,bistriflamides,1.519
RJbNM,CCCCCCCC[n+]1ccn(C)c1.F[P-](F)(F)(F)(F)F,imidazolium,phosphates,1.2354
RJruV,COCC[NH3+].O=[N+]([O-])[O-],ammonium,inorganics,1.252
RMaXp,CCCC[n+]1ccn(C)c1.COS(=O)(=O)[O-],imidazolium,sulfates,1.2096
RNwKr,CCCCCCCCCCn1cc[n+](CCC#N)c1.CCCCCCCCOC(=O)CC(C(=O)OCCCCCCCC)S(=O)(=O)[O-],imidazolium,sulfonates,1.0358
RQkjO,CCCCCCCCCCCCCC[P+](CCCCCC)(CCCCCC)CCCCCC.CCCCCCCC(=O)[O-],phosphonium,carboxylates,0.8814
RRKlg,CCCC[n+]1ccn(C)c1.NCCS(=O)(=O)[O-],imidazolium,sulfonates,1.1921
RRkwY,CC[n+]1ccn(C)c1.O=S(=O)([N-]S(=O)(=O)C(F)(F)F)C(F)(F)F,imidazolium,bistriflamides,1.5164000000000002
RSVFK,CCCCCC[n+]1ccn(C)c1.F[P-](F)(F)(F)(F)F,imidazolium,phosphates,1.2935
RTjBp,CCCC[N+]1(C)CCCC1.FC(F)(F)C(F)(F)[P-](F)(F)(F)(C(F)(F)C(F)(F)F)C(F)(F)C(F)(F)F,pyrrolidinium,phosphates,1.5832
RTroH,CC[n+]1ccn(C)c1.N#C[S-],imidazolium,inorganics,1.1162
RVIxC,CCCCCCCCCC[n+]1ccn(C)c1.O=S(=O)([N-]S(=O)(=O)C(F)(F)F)C(F)(F)F,imidazolium,bistriflamides,1.27001
RVVca,CCCCCCCCCn1cc[n+](C)c1.O=S(=O)([N-]S(=O)(=O)C(F)(F)F)C(F)(F)F,imidazolium,bistriflamides,1.3
RXldu,C[N+]1=C(O)CCC1.CCCCC(=O)[O-],amidium,carboxylates,0.99001
RYDMn,CCCCCCCCCC[n+]1ccn(C)c1.O=S(=O)([N-]S(=O)(=O)C(F)(F)F)C(F)(F)F,imidazolium,bistriflamides,1.2725899999999999
RYNxU,CCCCCCCCCCCCCC[P+](CCCCCC)(CCCCCC)CCCCCC.CC(CC(C)(C)C)CP(=O)([O-])CC(C)CC(C)(C)C,phosphonium,organic phosphates,0.8837
RZeWp,CCCC[n+]1ccn(C)c1.O=S(=O)([O-])O,imidazolium,sulfates,1.2201
RZkNs,COCC[n+]1ccccc1.N#C[N-]C#N,pyridinium,amides,1.1525
RaceF,CCCC[n+]1ccn(C)c1.N#C[S-],imidazolium,inorganics,1.06887
RatTE,CCCCCC[n+]1ccn(C)c1.F[P-](F)(F)(F)(F)F,imidazolium,phosphates,1.29
RbCzg,CCCC[N+](C)(C)C.O=S(=O)([N-]S(=O)(=O)C(F)(F)F)C(F)(F)F,ammonium,bistriflamides,1.375
RbDAb,CCCC[n+]1ccn(C)c1.O=S(=O)([O-])C(F)(F)F,imidazolium,sulfonates,1.29963
RdXbp,CCCC[N+]1(C)CCCCC1.O=S(=O)([N-]S(=O)(=O)C(F)(F)F)C(F)(F)F,piperidinium,bistriflamides,1.3791
RekGW,CCCC[n+]1ccccc1.O=C([O-])C(F)(F)F,pyridinium,carboxylates,1.2326
RhDpd,CCCCCC[n+]1cc(C)cc(C)c1CCCCC.O=S(=O)([N-]S(=O)(=O)C(F)(F)F)C(F)(F)F,pyridinium,bistriflamides,1.25347
RhPqR,CCCCCCCC[NH+](CCCCCCCC)CCCCCCCC.O=C([O-])CCCCCCCCC(=O)O,ammonium,carboxylates,0.9256
RiPCT,CC[N+]1(C)CCCC1.CCOP(=O)([O-])OCC,pyrrolidinium,organic phosphates,1.108
RiRTu,CCCC[n+]1ccn(C)c1.O=S(=O)([N-]S(=O)(=O)C(F)(F)F)C(F)(F)F,imidazolium,bistriflamides,1.4353
Rlgli,C[N+]1=C(O)CCC1.CCCC(=O)[O-],amidium,carboxylates,1.00611
RlnMN,CCC[N+](C)(C)C.O=S(=O)([N-]S(=O)(=O)C(F)(F)F)C(F)(F)F,ammonium,bistriflamides,1.427
RmOQj,CCCCC[N+](C)(C)CCO.O=S(=O)([N-]S(=O)(=O)C(F)(F)F)C(F)(F)F,ammonium,bistriflamides,1.38279
RmbhQ,CC[n+]1ccn(C)c1.CC(=O)[O-],imidazolium,carboxylates,1.099
RoLgP,CCCC[n+]1ccn(C)c1.O=S(=O)([O-])C(F)(F)F,imidazolium,sulfonates,1.2991
Romgi,CC[N+](C)(CCO)CCO.O=S(=O)([N-]S(=O)(=O)C(F)(F)F)C(F)(F)F,ammonium,bistriflamides,1.51575
RpMpM,CCCCCCCc1cccc[n+]1CC.O=S(=O)([N-]S(=O)(=O)C(F)(F)F)C(F)(F)F,pyridinium,bistriflamides,1.3208
RpuuD,COC[P+](c1ccccc1)(c1ccccc1)c1ccccc1.C=CC(=O)NC(C)(C)CS(=O)(=O)[O-],phosphonium,sulfonates,1.2182
RqBAY,CCCCn1cc[n+](CCCC)c1.O=S(=O)([N-]S(=O)(=O)C(F)(F)F)C(F)(F)F,imidazolium,bistriflamides,1.3428
RrvTo,CCCCn1cc[n+](CCC#N)c1.CCCCCCCCCCCCOS(=O)(=O)[O-],imidazolium,sulfates,1.1232
Rsawq,CC[n+]1ccn(C)c1.CCOP(=O)([O-])OCC,imidazolium,organic phosphates,1.1484
RuFFT,CC[n+]1ccn(C)c1.c1nnn[n-]1,imidazolium,cyclic amides,1.1684999999999999
Rvzmr,CCOCn1cc[n+](C)c1.O=S(=O)([N-]S(=O)(=O)C(F)(F)F)C(F)(F)F,imidazolium,bistriflamides,1.5015
RwGxJ,CCC[n+]1ccn(C)c1.O=C([O-])O,imidazolium,carboxylates,1.1655
RxVDN,CCCn1cc[n+](CC)c1.O=S(=O)([N-]S(=O)(=O)C(F)(F)F)C(F)(F)F,imidazolium,bistriflamides,1.4536
RzxEI,CCCC[n+]1ccn(C)c1.O=S(=O)([N-]S(=O)(=O)C(F)(F)F)C(F)(F)F,imidazolium,bistriflamides,1.4367999999999999
SCOTN,CCCCCC[n+]1ccn(C)c1.O=S(=O)([O-])C(F)(F)F,imidazolium,sulfonates,1.2397
SCfHK,CCCC[n+]1cccc(C)c1.O=S(=O)([N-]S(=O)(=O)C(F)(F)F)C(F)(F)F,pyridinium,bistriflamides,1.425
SClFf,CCCCCCCCCCC[n+]1ccn(COC2CC(C)CCC2C(C)C)c1.O=S(=O)([N-]S(=O)(=O)C(F)(F)F)C(F)(F)F,imidazolium,bistriflamides,1.18275
SCpzw,CCCC[n+]1ccn(C)c1.COS(=O)(=O)[O-],imidazolium,sulfates,1.212
SCxAd,CC[n+]1ccn(C)c1.CCOS(=O)(=O)[O-],imidazolium,sulfates,1.2382
SDDKZ,CCCCCCCCn1cc[n+](CCC#N)c1.[Cl-],imidazolium,inorganics,1.0427
SDYJo,CCCC[N+]1(C)CCCC1.O=S(=O)([N-]S(=O)(=O)C(F)(F)F)C(F)(F)F,pyrrolidinium,bistriflamides,1.3945999999999998
SFJOl,CCCC[NH3+].CC(=O)[O-],ammonium,carboxylates,0.956
SFevs,COCCn1cc[n+](C)c1.N#C[S-],imidazolium,inorganics,1.1773
SGhoZ,CCCC[n+]1ccn(C)c1.O=S(=O)([N-]S(=O)(=O)C(F)(F)F)C(F)(F)F,imidazolium,bistriflamides,1.4355
SHCRy,CC[n+]1ccn(C)c1.CCOS(=O)(=O)[O-],imidazolium,sulfates,1.2295999999999998
SJICz,CC[N+]1(C)CCCCC1.CCOS(=O)(=O)[O-],piperidinium,sulfates,1.1813
SMUHs,CCCC[n+]1ccn(C)c1.O=S(=O)([O-])C(F)(F)F,imidazolium,sulfonates,1.29782
SMmxC,COC[n+]1ccn(C)c1.O=S(=O)([N-]S(=O)(=O)C(F)(F)F)C(F)(F)F,imidazolium,bistriflamides,1.5512000000000001
SMuae,CC[n+]1ccn(C)c1.CCOS(=O)(=O)[O-],imidazolium,sulfates,1.238
SNadH,Cn1cc[n+](C)c1.COP(=O)([O-])OC,imidazolium,organic phosphates,1.242
SPtLD,CCCC[N+](C)(C)CCO.O=S(=O)([N-]S(=O)(=O)C(F)(F)F)C(F)(F)F,ammonium,bistriflamides,1.4153
SQDhx,CCCCCCCCCCCCCC[P+](CCCCCC)(CCCCCC)CCCCCC.[Br-],phosphonium,inorganics,0.9552
SQToO,CCCC[n+]1ccn(C)c1.N#C[N-]C#N,imidazolium,amides,1.0631
SQhPU,CCCCC[N+](C)(C)CC.O=S(=O)([N-]S(=O)(=O)C(F)(F)F)C(F)(F)F,ammonium,bistriflamides,1.3414000000000001
SSaZs,CCCCCC[n+]1ccn(C)c1.[Cl-],imidazolium,inorganics,1.0386199999999999
SSdyj,CCCCc1cccc[n+]1CC.O=S(=O)([N-]S(=O)(=O)C(F)(F)F)C(F)(F)F,pyridinium,bistriflamides,1.4091
STJIR,CCCCCC[n+]1ccn(C)c1.O=[N+]([O-])[O-],imidazolium,inorganics,1.1175
SUSfO,CC[n+]1ccn(C)c1.O=S(=O)([O-])C(F)(F)F,imidazolium,sulfonates,1.38405
SUxCT,CCCC[n+]1ccn(C)c1.O=[N+]([O-])[O-],imidazolium,inorganics,1.1582999999999999
SVBgj,CCCC[n+]1ccn(C)c1.O=S(=O)([N-]S(=O)(=O)C(F)(F)F)C(F)(F)F,imidazolium,bistriflamides,1.43675
SVIdl,CCCCCCCCn1cc[n+](C)c1.COCCOCCOS(=O)(=O)[O-],imidazolium,sulfates,1.1165999999999998
SVRRb,CC[n+]1ccn(C)c1.CCOS(=O)(=O)[O-],imidazolium,sulfates,1.23723
SXyez,CCCCCCCC[NH+](CCCCCCCC)CCCCCCCC.O=C([O-])CCCCC(=O)O,ammonium,carboxylates,0.9448
SYxod,CCCCCC[n+]1ccn(C)c1.O=S(=O)([N-]S(=O)(=O)C(F)(F)F)C(F)(F)F,imidazolium,bistriflamides,1.372
SZHDK,CCCCCCCC[n+]1ccn(C)c1.O=S(=O)([N-]S(=O)(=O)C(F)(F)C(F)(F)F)C(F)(F)C(F)(F)F,imidazolium,bistriflamides,1.39597
SZokS,CCCC[N+]1(C)CCCC1.COS(=O)(=O)[O-],pyrrolidinium,sulfates,1.167
SdScb,CCCCCCCCCCCCCC[P+](CCCC)(CCCC)CCCC.CCCCCCCCCCCCc1ccccc1S(=O)(=O)[O-],phosphonium,sulfonates,0.9556
SdkmF,CCCC[n+]1ccn(C)c1.F[P-](F)(F)(F)(F)F,imidazolium,phosphates,1.364
SeUrz,CC[n+]1ccn(C)c1.CCOS(=O)(=O)[O-],imidazolium,sulfates,1.2368
SebAh,Cn1cc[n+](C)c1.COS(=O)(=O)[O-],imidazolium,sulfates,1.329
Sfaix,CC[NH+](C(C)C)C(C)C.O=C[O-],ammonium,carboxylates,1.008
ShIeJ,CCCC[n+]1ccn(C)c1.O=S(=O)([O-])C(F)(F)F,imidazolium,sulfonates,1.2974
ShaXP,CC[n+]1ccccc1.O=S(=O)(F)[N-]S(=O)(=O)F,pyridinium,bistriflamides,1.4587
SjWKa,CCCC[n+]1ccccc1.O=S(=O)(F)[N-]S(=O)(=O)F,pyridinium,bistriflamides,1.369
SjmKl,CCCCC[n+]1ccccc1.O=S(=O)([N-]S(=O)(=O)C(F)(F)F)C(F)(F)F,pyridinium,bistriflamides,1.421
Skyin,CCCC[N+]1(C)CCCC1.O=S(=O)([N-]S(=O)(=O)C(F)(F)F)C(F)(F)F,pyrrolidinium,bistriflamides,1.3942999999999999
Smdkr,CC[n+]1cccc(C)c1.CCOS(=O)(=O)[O-],pyridinium,sulfates,1.2196099999999999
Smsmu,CCCCCCCC[n+]1ccccc1.O=S(=O)([N-]S(=O)(=O)C(F)(F)F)C(F)(F)F,pyridinium,bistriflamides,1.329
SnItN,Cn1cc[n+](Cc2ccccc2)c1.COS(=O)(=O)[O-],imidazolium,sulfates,1.1845999999999999
SrSqI,CCCCCCCCCCCCCC[P+](CCCCCC)(CCCCCC)CCCCCC.N#C[N-]C#N,phosphonium,amides,0.899
SsMtl,CCCCCCCCn1cc[n+](C)c1.O=S(=O)([N-]S(=O)(=O)C(F)(F)F)C(F)(F)F,imidazolium,bistriflamides,1.3203
Ssjvb,CCc1n(S(=O)(=O)O)cc[n+]1S(=O)(=O)O.O=C([O-])C(F)(F)F,imidazolium,carboxylates,1.56
Stdkv,CCCC[N+](C)(C)C.O=S(=O)([N-]S(=O)(=O)C(F)(F)F)C(F)(F)F,ammonium,bistriflamides,1.393
SuxUA,CCCC[n+]1ccn(C)c1.COS(=O)(=O)[O-],imidazolium,sulfates,1.2123
SwTPt,CCCCCCCC[N+](C)(CCCCCCCC)CCCCCCCC.O=S(=O)([N-]S(=O)(=O)C(F)(F)F)C(F)(F)F,ammonium,bistriflamides,1.1093
Swccj,CCCCn1cc[n+](C)c1C.O=S(=O)([N-]S(=O)(=O)C(F)(F)F)C(F)(F)F,imidazolium,bistriflamides,1.4163000000000001
SwuIU,CCCCCCCCCCCCCC[P+](CCCCCC)(CCCCCC)CCCCCC.O=S(=O)([N-]S(=O)(=O)C(F)(F)F)C(F)(F)F,phosphonium,bistriflamides,1.0651
SyvVF,CCCC[n+]1ccn(C)c1.F[P-](F)(F)(F)(F)F,imidazolium,phosphates,1.36595
SyzIG,CCCCCC[n+]1ccn(C)c1.O=S(=O)([N-]S(=O)(=O)C(F)(F)F)C(F)(F)F,imidazolium,bistriflamides,1.37282
TCKeA,CCCC[n+]1ccn(C)c1.O=S(=O)([N-]S(=O)(=O)C(F)(F)F)C(F)(F)F,imidazolium,bistriflamides,1.437
TGHmi,Cn1cc[n+](CC(CBr)N=[N+]=[N-])c1.N#C[N-]C#N,imidazolium,amides,1.25
TGivS,COCC[N+]1(C)CCCC1.O=S(=O)([N-]S(=O)(=O)C(F)(F)F)C(F)(F)F,pyrrolidinium,bistriflamides,1.4534
TKlxy,CCCC[n+]1ccccc1.O=S(=O)([N-]S(=O)(=O)C(F)(F)F)C(F)(F)F,pyridinium,bistriflamides,1.449
TMDqJ,CCC[n+]1ccccc1.O=S(=O)([O-])C(F)(F)F,pyridinium,sulfonates,1.372
TMENU,CCOCCOCC[n+]1ccn(CCC(C)C)c1.O=S(=O)([N-]S(=O)(=O)C(F)(F)F)C(F)(F)F,imidazolium,bistriflamides,1.3197999999999999
TNehe,C=C[n+]1ccn(CCCCCCCC)c1.[Br-],imidazolium,inorganics,1.1721
TOHPA,CCC[N+]1(C)CCCC1.O=S(=O)(F)[N-]S(=O)(=O)F,pyrrolidinium,bistriflamides,1.3391
TOdJo,CCCC[n+]1cccc(C)c1.O=S(=O)([O-])C(F)(F)F,pyridinium,sulfonates,1.297
TQyOr,CCC[N+]1(C)CCCC1.O=S(=O)([N-]S(=O)(=O)C(F)(F)F)C(F)(F)F,pyrrolidinium,bistriflamides,1.42786
TTGcq,CC[n+]1ccn(C)c1.O=C([O-])C(F)(F)F,imidazolium,carboxylates,1.289
TTSvs,CCCC[n+]1ccn(CC)c1.O=C([O-])C(F)(F)F,imidazolium,carboxylates,1.183
TTcEt,CC[S+](CC)CC.O=S(=O)([N-]S(=O)(=O)C(F)(F)F)C(F)(F)F,sulfonium,bistriflamides,1.45346
TTvRG,CCCCCn1cc[n+](C)c1.O=S(=O)([N-]S(=O)(=O)C(F)(F)F)C(F)(F)F,imidazolium,bistriflamides,1.3917
TVHND,CC[n+]1ccn(C)c1.CCOS(=O)(=O)[O-],imidazolium,sulfates,1.239
TVxgP,CC[n+]1ccn(C)c1.N#C[S-],imidazolium,inorganics,1.1178
TWonK,CCCC[n+]1ccn(C)c1.O=S(=O)([O-])C(F)(F)F,imidazolium,sulfonates,1.2967
TXOpO,CCCCCCCC[n+]1ccn(C)c1.F[P-](F)(F)(F)(F)F,imidazolium,phosphates,1.234
TYisS,CCCCCC[n+]1ccn(C)c1.COP(=O)([O-])OC,imidazolium,organic phosphates,1.1160999999999999
TZDWI,CCCC[N+]1(C)CCCC1.O=S(=O)([N-]S(=O)(=O)C(F)(F)F)C(F)(F)F,pyrrolidinium,bistriflamides,1.3949
TaMxb,CCCC[n+]1ccn(C)c1.O=S(=O)([N-]S(=O)(=O)C(F)(F)F)C(F)(F)F,imidazolium,bistriflamides,1.436
TbRMj,CC[n+]1ccn(C)c1.O=S(=O)([O-])C(F)(F)F,imidazolium,sulfonates,1.3829200000000001
TdXQq,CCCCCC[n+]1ccccc1.O=S(=O)(F)[N-]S(=O)(=O)F,pyridinium,bistriflamides,1.3019
TdvLz,CCCC[n+]1ccn(C)c1.O=S(=O)([N-]S(=O)(=O)C(F)(F)F)C(F)(F)F,imidazolium,bistriflamides,1.4363
TeiBe,CC[NH3+].O=[N+]([O-])[O-],ammonium,inorganics,1.2078
TiVjE,CCCC[n+]1ccn(C)c1.F[P-](F)(F)(F)(F)F,imidazolium,phosphates,1.3679000000000001
TlYuS,CCCC[N+](C)(CCCC)CCCC.O=S(=O)([N-]S(=O)(=O)C(F)(F)F)C(F)(F)F,ammonium,bistriflamides,1.2612999999999999
TlmAW,CC[S+](CC)CC.O=S(=O)([N-]S(=O)(=O)C(F)(F)F)C(F)(F)F,sulfonium,bistriflamides,1.46
TnRHb,CCC[N+]1(C)CCCC1.O=S(=O)([N-]S(=O)(=O)C(F)(F)F)C(F)(F)F,pyrrolidinium,bistriflamides,1.42783
ToafK,c1ccc(C[P+](c2ccccc2)(c2ccccc2)c2ccccc2)cc1.C=CC(=O)NC(C)(C)CS(=O)(=O)[O-],phosphonium,sulfonates,1.2319
ToewW,CCCC[n+]1ccn(C)c1.[I-],imidazolium,inorganics,1.46
TryyA,CC[n+]1ccn(C)c1.CCCCCCCCCCOS(=O)(=O)[O-],imidazolium,sulfates,1.1007
TvAhj,CCCCCCCC[P+](CC)(CC)CC.O=S(=O)([N-]S(=O)(=O)C(F)(F)F)C(F)(F)F,phosphonium,bistriflamides,1.2435
TxIPV,CCCn1cc[n+](C)c1.[I-],imidazolium,inorganics,1.5471
TxjAx,CCCC[n+]1ccccc1.O=S(=O)([N-]S(=O)(=O)C(F)(F)F)C(F)(F)F,pyridinium,bistriflamides,1.44905
TxzMo,CCCCCC[n+]1ccn(C)c1.[Cl-],imidazolium,inorganics,1.034
TyZhB,CCCCCC[n+]1ccn(C)c1.O=S(=O)([N-]S(=O)(=O)C(F)(F)F)C(F)(F)F,imidazolium,bistriflamides,1.3708
UAIKH,COCCCC[n+]1ccn(C)c1.[Cl-],imidazolium,inorganics,1.1208
UBSCZ,CC[n+]1ccn(C)c1.COP(=O)([O-])OC,imidazolium,organic phosphates,1.2161
UDEeT,CC[n+]1ccn(C)c1.O=S(=O)([N-]S(=O)(=O)C(F)(F)F)C(F)(F)F,imidazolium,bistriflamides,1.516
UDSsY,CCCCCC[NH+](CCCCCC)CCCCCC.CCCCCCCC(=O)[O-],ammonium,carboxylates,0.8476
UEszY,CCCCCCCCn1cc[n+](C)c1.[Cl-],imidazolium,inorganics,1.0088
UFBBS,CCCCCC[N+]1(C)CCCC1.O=S(=O)([N-]S(=O)(=O)C(F)(F)F)C(F)(F)F,pyrrolidinium,bistriflamides,1.336
UHSxx,C[NH+](C)C.O=S(=O)([O-])O,ammonium,sulfates,1.4675799999999999
UIWSt,COCC[N+]1(C)CCOCC1.O=S(=O)([N-]S(=O)(=O)C(F)(F)F)C(F)(F)F,morpholinium,bistriflamides,1.5002
UIhEK,CC[n+]1ccn(C)c1.CC(=O)[O-],imidazolium,carboxylates,1.0980999999999999
UKido,CCn1cc[n+](C)c1.CCCCOS(=O)(=O)[O-],imidazolium,sulfates,1.1757
ULfgW,CC[n+]1ccn(C)c1.NCCS(=O)(=O)[O-],imidazolium,sulfonates,1.252
UMCmx,CC[n+]1cccc(C)c1.O=S(=O)([N-]S(=O)(=O)C(F)(F)F)C(F)(F)F,pyridinium,bistriflamides,1.48854
UNyTe,CCCCCCCC[n+]1ccn(C)c1.F[P-](F)(F)(F)(F)F,imidazolium,phosphates,1.2357
UOrin,CCCC[N+]1(C)CCCC1.N#C[C-](C#N)C#N,pyrrolidinium,methanides,1.01
UPRJf,CCCC[n+]1ccn(C)c1.[I-],imidazolium,inorganics,1.48331
URQjH,CCCC[n+]1ccn(C)c1.O=S(=O)([N-]S(=O)(=O)C(F)(F)F)C(F)(F)F,imidazolium,bistriflamides,1.4365999999999999
URsyu,CCC[n+]1cccc(C)c1.O=S(=O)([N-]S(=O)(=O)C(F)(F)F)C(F)(F)F,pyridinium,bistriflamides,1.4497
USkNA,CCCCCCCCn1cc[n+](C)c1.O=S(=O)([N-]S(=O)(=O)C(F)(F)F)C(F)(F)F,imidazolium,bistriflamides,1.32059
USsln,CCn1cc[n+](CC)c1.O=S(=O)([N-]S(=O)(=O)C(F)(F)F)C(F)(F)F,imidazolium,bistriflamides,1.476
UTshe,C[N+](C)(C)CCO.CC(O)C(=O)[O-],ammonium,carboxylates,1.1378
UUfff,CC[n+]1ccccc1.O=S(=O)([O-])C(F)(F)F,pyridinium,sulfonates,1.4048
UUqmm,c1ccc(Cn2cc[n+](Cc3ccccc3)c2)cc1.O=S(=O)([N-]S(=O)(=O)C(F)(F)F)C(F)(F)F,imidazolium,bistriflamides,1.434
UVHUq,Cn1cc[n+](C)c1.COS(=O)(=O)[O-],imidazolium,sulfates,1.3272
UVjJN,CCCCCC[n+]1ccn(C)c1.O=S(=O)([N-]S(=O)(=O)C(F)(F)F)C(F)(F)F,imidazolium,bistriflamides,1.37215
UVlty,CCCCCn1cc[n+](C)c1.O=S(=O)([N-]S(=O)(=O)C(F)(F)F)C(F)(F)F,imidazolium,bistriflamides,1.40221
UVpmX,CCCCC[N+]1(C)CCCCC1.O=S(=O)([N-]S(=O)(=O)C(F)(F)F)C(F)(F)F,piperidinium,bistriflamides,1.35013
UWMaZ,CCCCCCCC[N+](CCCCCCCC)(CCCCCCCC)CCCCCCCC.CCCCCCCCC=CCCCCCCCC(=O)[O-],ammonium,carboxylates,0.8753
UYTfv,CC[n+]1ccn(C)c1.CCOS(=O)(=O)[O-],imidazolium,sulfates,1.2365
UYUBL,CCCCCC[n+]1ccn(C)c1.O=S(=O)([N-]S(=O)(=O)C(F)(F)F)C(F)(F)F,imidazolium,bistriflamides,1.372
UYvVv,CCCCCC[n+]1ccn(C)c1.O=S(=O)([O-])C(F)(F)F,imidazolium,sulfonates,1.2372
UaEQQ,CCCC[n+]1ccsc1.O=S(=O)([N-]S(=O)(=O)C(F)(F)F)C(F)(F)F,thiazolium,bistriflamides,1.52
UaXDc,CCCC[NH3+].O=C[O-],ammonium,carboxylates,0.9738
UcreS,CCCCCC[N+](C)(C)C(C)C.O=S(=O)([N-]S(=O)(=O)C(F)(F)F)C(F)(F)F,ammonium,bistriflamides,1.29
UeTgs,CC[NH3+].CC(=O)[O-],ammonium,carboxylates,1.0177100000000001
UeXAb,C[N+](C)(C)CCO.O=C([O-])C1CCCN1,ammonium,carboxylates,1.134
UfUrG,CC[n+]1ccn(C)c1.CCOS(=O)(=O)[O-],imidazolium,sulfates,1.2375
UiGsc,CCCC[n+]1ccn(C)c1.O=S(=O)([O-])O,imidazolium,sulfates,1.2822
UjSna,Cn1cc[n+](C)c1.COP(=O)([O-])OC,imidazolium,organic phosphates,1.25
UkDWG,COCC[N+]1(C)CCCC1.O=S(=O)([N-]S(=O)(=O)C(F)(F)F)C(F)(F)F,pyrrolidinium,bistriflamides,1.4532
UkVav,CCCCCCCCCC[n+]1ccn(C)c1.[Cl-],imidazolium,inorganics,0.9871
UkVvc,COCCOCCOCC[n+]1ccccc1.O=S(=O)([N-]S(=O)(=O)C(F)(F)F)C(F)(F)F,pyridinium,bistriflamides,1.432
UpiIZ,CCCC[n+]1ccn(C)c1.N#C[S-],imidazolium,inorganics,1.06945
UpmhF,CCCCCCCCn1cc[n+](C)c1.O=S(=O)([N-]S(=O)(=O)C(F)(F)F)C(F)(F)F,imidazolium,bistriflamides,1.32
UqpOB,C[NH2+]CCO.CCCCCC(=O)[O-],ammonium,carboxylates,0.9942000000000001
UrhXF,CCCC[N+]1(C)CCCC1.O=S(=O)([N-]S(=O)(=O)C(F)(F)F)C(F)(F)F,pyrrolidinium,bistriflamides,1.4016
UvDBT,CCCCCCCC[N+]1(C)CCCCC1.CCCCCCCCO[PH](=O)[O-],piperidinium,organic phosphates,0.9693999999999999
UwcYE,CC[n+]1ccn(C)c1.CS(=O)(=O)[O-],imidazolium,sulfonates,1.247
UwxrE,CCCCCC[N+](CC)(CC)CC.O=S(=O)([N-]S(=O)(=O)C(F)(F)F)C(F)(F)F,ammonium,bistriflamides,1.2886600000000001
UyoCh,CCCCn1cc[n+](C)c1.O=C([O-])c1ccccc1,imidazolium,carboxylates,1.1052
UzJLf,CC[NH3+].O=[N+]([O-])[O-],ammonium,inorganics,1.2078
VAEXr,CCCCCCCC[n+]1ccccc1.O=[N+]([O-])[O-],pyridinium,inorganics,1.0895
VATLT,CC[n+]1ccn(C)c1.CC(=O)[O-],imidazolium,carboxylates,1.0982
VDDqv,CCC[n+]1cccc(C)c1.O=S(=O)([N-]S(=O)(=O)C(F)(F)F)C(F)(F)F,pyridinium,bistriflamides,1.44815
VDsQy,CCCC[n+]1ccn(CCC#N)c1.[Br-],imidazolium,inorganics,1.3047
VEoUo,CCC[N+]1(C)CC2CCC(CC2)C1.O=S(=O)([N-]S(=O)(=O)C(F)(F)F)C(F)(F)F,ammonium,bistriflamides,1.404
VFkXU,C=C[n+]1ccn(CCCC)c1.CC(C)C(N)C(=O)[O-],imidazolium,carboxylates,0.7968
VIOHP,CC[n+]1ccn(C)c1.CCOS(=O)(=O)[O-],imidazolium,sulfates,1.23689
VOXeu,CCCCCCCC[P+](CC)(CC)CC.O=[N+]([O-])c1cn[n-]c1,phosphonium,cyclic amides,1.032
VOYMU,CCCCCCCCn1cc[n+](C)c1.[Cl-],imidazolium,inorganics,1.0
VREgp,CCCC[n+]1ccc(C)cc1.N#C[C-](C#N)C#N,pyridinium,methanides,1.03552
VRcDK,CCCC[n+]1ccn(C)c1.O=S(=O)([N-]S(=O)(=O)C(F)(F)F)C(F)(F)F,imidazolium,bistriflamides,1.43
VTErB,CCCC[n+]1ccn(C)c1.F[P-](F)(F)(F)(F)F,imidazolium,phosphates,1.3633
VWaYh,C[N+](CCO)(CCO)CCO.O=S(=O)([N-]S(=O)(=O)C(F)(F)F)C(F)(F)F,ammonium,bistriflamides,1.56725
VWbVl,CCCCCC[n+]1ccn(C)c1.N#C[N-]C#N,imidazolium,amides,1.0395
VWuve,CCCC[n+]1ccn(C)c1.O=S(=O)([N-]S(=O)(=O)C(F)(F)F)C(F)(F)F,imidazolium,bistriflamides,1.4363
VaNSx,CCCCCCCCn1cc[n+](C)c1.O=S(=O)([N-]S(=O)(=O)C(F)(F)F)C(F)(F)F,imidazolium,bistriflamides,1.322
VaVIy,CCCCCC[n+]1ccn(C)c1.F[P-](F)(F)(F)(F)F,imidazolium,phosphates,1.2924
VbBIB,CCCC[n+]1ccn(C)c1.F[P-](F)(F)(F)(F)F,imidazolium,phosphates,1.3674000000000002
VeWiL,CCCn1cc[n+](C)c1.O=S(=O)([N-]S(=O)(=O)C(F)(F)F)C(F)(F)F,imidazolium,bistriflamides,1.47397
VebRS,CCCCCCOC[N+](C)(C)CCO.O=S(=O)([N-]S(=O)(=O)C(F)(F)F)C(F)(F)F,ammonium,bistriflamides,1.343
VgkdZ,CCCCCC[n+]1ccn(C)c1.N#C[S-],imidazolium,inorganics,1.0568499999999998
VhEzT,CCCC[n+]1ccn(C)c1.CC(=O)[O-],imidazolium,carboxylates,1.0526
VhMiP,CCCC[N+]1(C)CCCC1.O=S(=O)([N-]S(=O)(=O)C(F)(F)F)C(F)(F)F,pyrrolidinium,bistriflamides,1.3945999999999998
VjlWc,CCCC[n+]1ccn(C)c1C.N#C[S-],imidazolium,inorganics,1.0782
VlkrO,COCCC[n+]1ccccc1.O=S(=O)([N-]S(=O)(=O)C(F)(F)F)C(F)(F)F,pyridinium,bistriflamides,1.479
VozPt,CC(C)n1cc[n+](C)c1.O=S(=O)([N-]S(=O)(=O)C(F)(F)F)C(F)(F)F,imidazolium,bistriflamides,1.4775999999999998
VrRiI,CCCC[n+]1ccccc1.N#C[N-]C#N,pyridinium,amides,1.069
Vtdqo,CCCC[N+]1(C)CCCC1.N#C[C-](C#N)C#N,pyrrolidinium,methanides,1.0068
VuATt,CC[n+]1ccn(C)c1.COS(=O)(=O)[O-],imidazolium,sulfates,1.286
VuNyt,CCCC[N+]1(C)CCCC1.O=S(=O)([N-]S(=O)(=O)C(F)(F)F)C(F)(F)F,pyrrolidinium,bistriflamides,1.3938
VvIOJ,CCC[n+]1ccn(C)c1.CC(O)C(N)C(=O)[O-],imidazolium,carboxylates,1.14452
VwExp,CCCCCCCCn1cc[n+](C)c1.[Cl-],imidazolium,inorganics,1.007
VwPYR,CC[n+]1ccn(C)c1.O=S(=O)([O-])C(F)(F)F,imidazolium,sulfonates,1.3799000000000001
VwvZY,CCCCCCCC[P+](CC)(CC)CC.Brc1ccc2cn[n-]c2c1,phosphonium,cyclic amides,1.161
VxxLy,CCCCC[P+](CC)(CC)CC.O=S(=O)([N-]S(=O)(=O)C(F)(F)F)C(F)(F)F,phosphonium,bistriflamides,1.3022
VyMcJ,CC[n+]1ccn(C)c1.O=S(=O)([N-]S(=O)(=O)C(F)(F)F)C(F)(F)F,imidazolium,bistriflamides,1.52
VyUre,CCCC[n+]1ccn(C)c1.N#C[S-],imidazolium,inorganics,1.073
VyoBd,CCCCCCC[n+]1ccn(C)c1.F[P-](F)(F)(F)(F)F,imidazolium,phosphates,1.2626
VyotG,CC[n+]1ccn(C)c1.CC(=O)[O-],imidazolium,carboxylates,1.0977999999999999
VzEpY,CCCC[N+](C)(CCCC)CCCC.CC(O)C(N)C(=O)[O-],ammonium,carboxylates,0.9995
VzmtI,CC[n+]1ccn(C)c1.CC(=O)[O-],imidazolium,carboxylates,1.0990199999999999
WAhaE,CCC[N+](C)(C)CC.O=S(=O)([N-]S(=O)(=O)C(F)(F)F)C(F)(F)F,ammonium,bistriflamides,1.40126
WDwcu,CCCC[n+]1ccn(C)c1.O=S(=O)([O-])C(F)(F)F,imidazolium,sulfonates,1.2968
WELgA,C[N+]1=C(O)CCC1.O=C[O-],amidium,carboxylates,1.07166
WFFYE,CCCCCCCCCC[N+](C)(C)C.O=S(=O)([N-]S(=O)(=O)C(F)(F)F)C(F)(F)F,ammonium,bistriflamides,1.226
WFjHO,CCCCCCCC[P+](CC)(CC)CC.O=[N+]([O-])c1cn[n-]c1,phosphonium,cyclic amides,1.0309000000000001
WHAGq,CCCCC[P+](CC)(CC)CC.O=S(=O)([N-]S(=O)(=O)C(F)(F)F)C(F)(F)F,phosphonium,bistriflamides,1.3026
WHzHz,CCCCCC[n+]1ccsc1.O=S(=O)([N-]S(=O)(=O)C(F)(F)F)C(F)(F)F,thiazolium,bistriflamides,1.461
WIsUE,CC[n+]1ccn(C)c1.CCOS(=O)(=O)[O-],imidazolium,sulfates,1.2363
WJSNH,C=CC[n+]1ccn(C)c1.O=C[O-],imidazolium,carboxylates,1.13
WJTlz,CCCCCCCC[N+](C)(CCCCCCCC)CCCCCCCC.[Cl-],ammonium,inorganics,0.896
WJoMW,CCCC[n+]1ccc(C)cc1.N#C[C-](C#N)C#N,pyridinium,methanides,1.0358
WKKIk,CCCn1cc[n+](CCC)c1.O=S(=O)([N-]S(=O)(=O)C(F)(F)F)C(F)(F)F,imidazolium,bistriflamides,1.399
WLddi,CCCC[n+]1ccn(C)c1.COS(=O)(=O)[O-],imidazolium,sulfates,1.2113
WLeqg,CCCCCCCC[n+]1ccn(C)c1.F[P-](F)(F)(F)(F)F,imidazolium,phosphates,1.2348
WPavS,CCCCCC[n+]1ccn(CCC#N)c1.[Br-],imidazolium,inorganics,1.2305
WRJKH,CC[n+]1ccn(C)c1C.O=S(=O)([N-]S(=O)(=O)C(F)(F)F)C(F)(F)F,imidazolium,bistriflamides,1.49151
WRZkF,CC[n+]1ccn(C)c1.N#C[C-](C#N)C#N,imidazolium,methanides,1.0819
WWWuC,CCCC[N+](C)(C)C.O=S(=O)([N-]S(=O)(=O)C(F)(F)F)C(F)(F)F,ammonium,bistriflamides,1.3928
WYWts,CC[n+]1cccc(C)c1.CCOS(=O)(=O)[O-],pyridinium,sulfates,1.2218
WZUUU,CC[n+]1ccn(C)c1.O=S(=O)(F)[N-]S(=O)(=O)F,imidazolium,bistriflamides,1.442
WaCLa,Cn1cc[n+](CCO)c1.CC(=O)[O-],imidazolium,carboxylates,1.1767999999999998
WaOLQ,CC[n+]1ccn(C)c1.O=S(=O)([N-]S(=O)(=O)C(F)(F)F)C(F)(F)F,imidazolium,bistriflamides,1.518
WaQJk,CCCCCC[n+]1ccn(C)c1.[Br-],imidazolium,inorganics,1.2265
WbqbG,CCCC[n+]1ccccc1.O=S(=O)(F)[N-]S(=O)(=O)F,pyridinium,bistriflamides,1.3694000000000002
WcNMs,CC[n+]1ccn(C)c1.N#C[C-](C#N)C#N,imidazolium,methanides,1.081
WcVLt,CCCCCCCOC[N+](C)(C)CCOC(C)=O.O=S(=O)([N-]S(=O)(=O)C(F)(F)F)C(F)(F)F,ammonium,bistriflamides,1.297
WcqMG,CC[n+]1ccn(C)c1.COS(=O)(=O)[O-],imidazolium,sulfates,1.2774
WdGlV,CCOCCn1cc[n+](C)c1.CCC(=O)[O-],imidazolium,carboxylates,1.0797
WdmLS,CCCCCCn1cc[n+](CC)c1.[Br-],imidazolium,inorganics,1.194
WeLbB,CCCC[n+]1ccn(C)c1.O=S(=O)([O-])C(F)(F)C(F)OC(F)(F)C(F)(F)F,imidazolium,sulfonates,1.423
WewxG,CC[n+]1ccn(C)c1.O=S(=O)([N-]S(=O)(=O)C(F)(F)C(F)(F)F)C(F)(F)C(F)(F)F,imidazolium,bistriflamides,1.59
WhKLv,CCCCCCCC[n+]1ccn(C)c1.F[P-](F)(F)(F)(F)F,imidazolium,phosphates,1.2362
WhQXS,CCCn1cc[n+](C)c1.O=S(=O)([N-]S(=O)(=O)C(F)(F)F)C(F)(F)F,imidazolium,bistriflamides,1.473
WhmNG,CCCCn1cc[n+](C)c1C.O=S(=O)([N-]S(=O)(=O)C(F)(F)F)C(F)(F)F,imidazolium,bistriflamides,1.4183
WiJLD,CC[n+]1ccn(C)c1.CCOS(=O)(=O)[O-],imidazolium,sulfates,1.23723
WkCWD,CCCCNC(=O)Cn1cc[n+](CC)c1.O=S(=O)([N-]S(=O)(=O)C(F)(F)F)C(F)(F)F,imidazolium,bistriflamides,1.418
WkDyF,CCCC[n+]1ccn(C)c1.F[P-](F)(F)(F)(F)F,imidazolium,phosphates,1.367
WkfNW,CC[n+]1ccn(C)c1.c1nc[n-]n1,imidazolium,cyclic amides,1.1389999999999998
WplWW,CCCCC[n+]1ccn(COC2CC(C)CCC2C(C)C)c1.O=S(=O)([N-]S(=O)(=O)C(F)(F)F)C(F)(F)F,imidazolium,bistriflamides,1.2581300000000002
WtJfv,CCCC[n+]1ccn(C)c1.O=C([N-]S(=O)(=O)C(F)(F)F)C(F)(F)C(F)(F)F,imidazolium,bistriflamides,1.4145999999999999
WuBtx,CCCC[P+](CCCC)(CCCC)CCCC.CC(O)C(N)C(=O)[O-],phosphonium,carboxylates,0.9799
WvgVI,CCCCCCCCn1cc[n+](C)c1.[Cl-],imidazolium,inorganics,1.0104
WvnIi,CCCCCCCCCCCCCC[P+](CCCC)(CCCC)CCCC.CCCCCCCCCCCCc1ccccc1S(=O)(=O)[O-],phosphonium,sulfonates,0.938
WwLAF,CC[n+]1ccn(C)c1.CCOS(=O)(=O)[O-],imidazolium,sulfates,1.2388
WyDRg,CCn1cc[n+](C)c1.CC(O)C(=O)[O-],imidazolium,carboxylates,1.1464225
WyYFT,CCC[N+](C)(C)CCO.CC1(C)CC(OS(=O)(=O)[O-])CC(C)(C)N1[O],ammonium,sulfates,1.1222999999999999
XADik,CCCC[N+]1(C)CCCC1.O=S(=O)([N-]S(=O)(=O)C(F)(F)F)C(F)(F)F,pyrrolidinium,bistriflamides,1.3945699999999999
XBbki,CC[n+]1ccn(C)c1.O=S(=O)([N-]S(=O)(=O)C(F)(F)F)C(F)(F)F,imidazolium,bistriflamides,1.5192999999999999
XCniA,CCCC[n+]1ccn(C)c1.COS(=O)(=O)[O-],imidazolium,sulfates,1.2078
XCqiv,CCCCCCCCCn1cc[n+](C)c1.O=S(=O)([N-]S(=O)(=O)C(F)(F)F)C(F)(F)F,imidazolium,bistriflamides,1.2984
XDKYV,C[N+](C)(C)CCO.NCCC(=O)[O-],ammonium,carboxylates,1.1202999999999999
XDjUW,CCCCCCCCCCCC[n+]1ccccc1.O=S(=O)([N-]S(=O)(=O)C(F)(F)F)C(F)(F)F,pyridinium,bistriflamides,1.2488
XDypH,CCCC[n+]1ccn(C)c1.NCC(=O)[O-],imidazolium,carboxylates,1.1285
XEcGd,CC[n+]1ccccc1.CCOS(=O)(=O)[O-],pyridinium,sulfates,1.252
XFkmA,CCCC[n+]1ccn(C)c1.N#C[N-]C#N,imidazolium,amides,1.065
XHCTe,CCCCn1cc[n+](C)c1.CC(N)C(=O)[O-],imidazolium,carboxylates,1.0802
XHFNL,CCCCCCCC[n+]1cccc(C#N)c1.O=S(=O)([N-]S(=O)(=O)C(F)(F)F)C(F)(F)F,pyridinium,bistriflamides,1.3551
XHtwc,CCCCCCCC[n+]1ccn(C)c1.F[P-](F)(F)(F)(F)F,imidazolium,phosphates,1.2
XIwVU,CCCC[n+]1ccn(C)c1.N#Cc1nc(C(F)(F)F)[n-]c1C#N,imidazolium,cyclic amides,1.1997
XJfVb,CCCC[N+]1(C)CCCC1.FC(F)(F)C(F)(F)[P-](F)(F)(F)(C(F)(F)C(F)(F)F)C(F)(F)C(F)(F)F,pyrrolidinium,phosphates,1.5826300000000002
XJyzt,CCCC[P+](C)(CCCC)CCCC.COS(=O)(=O)[O-],phosphonium,sulfates,1.0587
XMpRV,CCCC[n+]1ccn(C)c1.O=[N+]([O-])[O-],imidazolium,inorganics,1.1565
XNFaQ,CC[n+]1ccn(C)c1.COS(=O)(=O)[O-],imidazolium,sulfates,1.361
XNJgc,CCCCCCCCC[n+]1ccn(C)c1.F[P-](F)(F)(F)(F)F,imidazolium,phosphates,1.2126
XPJBg,CCn1cc[n+](C)c1.FC(F)(F)C(F)(F)[P-](F)(F)(F)(C(F)(F)C(F)(F)F)C(F)(F)C(F)(F)F,imidazolium,phosphates,1.7079000000000002
XQJhR,CCCC[n+]1ccn(CC)c1.CS(=O)(=O)[O-],imidazolium,sulfonates,1.141
XQouh,CCCCC(CC)C[NH2+]CCN.O=S(=O)([O-])C(F)(F)F,ammonium,sulfonates,1.222
XQsVQ,CC[n+]1ccn(C)c1.CS(=O)(=O)[O-],imidazolium,sulfonates,1.2415999999999998
XRZYD,CCCCCCCC[n+]1ccsc1.O=S(=O)([N-]S(=O)(=O)C(F)(F)F)C(F)(F)F,thiazolium,bistriflamides,1.393
XSELc,CCCC[n+]1ccn(C)c1.CC(=O)CCC(=O)[O-],imidazolium,carboxylates,1.114
XSNen,CCCC[n+]1ccn(C)c1.F[P-](F)(F)(F)(F)F,imidazolium,phosphates,1.3677000000000001
XTfqa,CC[n+]1ccn(C)c1.N#C[N-]C#N,imidazolium,amides,1.1018
XVWnj,CCCC[n+]1ccn(C)c1.CCCCCCCCOS(=O)(=O)[O-],imidazolium,sulfates,1.072
XVbiw,CCCCCC[n+]1ccn(C)c1.COS(=O)(=O)[O-],imidazolium,sulfates,1.1587
XWaSD,CCCC[n+]1ccn(C)c1.O=S(=O)([N-]S(=O)(=O)C(F)(F)F)C(F)(F)F,imidazolium,bistriflamides,1.4343
XXatm,CCCCCC[N+]1(C)CCCCC1.O=S(=O)([N-]S(=O)(=O)C(F)(F)F)C(F)(F)F,piperidinium,bistriflamides,1.32541
XXoCV,CCC[n+]1ccn(C)c1.NC(CCC(=O)O)C(=O)[O-],imidazolium,carboxylates,1.2292
XZjnz,Cn1cc[n+](C)c1.N#C[S-],imidazolium,inorganics,1.1574
XcjnE,CC[NH3+].CCC(=O)[O-],ammonium,carboxylates,0.9873999999999999
XeOdd,C[N+](C)(C)CCO.NCC(=O)[O-],ammonium,carboxylates,1.1462999999999999
XgHVK,CC[n+]1ccn(C)c1.CS(=O)(=O)[O-],imidazolium,sulfonates,1.24
XgIfv,COCC[n+]1ccccc1.N#C[S-],pyridinium,inorganics,1.1969
XgRPk,CC[NH3+].O=[N+]([O-])[O-],ammonium,inorganics,1.20923
XiTxG,CCCCCCCCCC[n+]1ccn(CCC#N)c1.CCCCCCCCCCCCOS(=O)(=O)[O-],imidazolium,sulfates,1.0504
XilKG,CCCCCC[n+]1ccccc1.CC(=O)[O-],pyridinium,carboxylates,1.2321
XjsFk,CC(C)CCCC[n+]1ccn(C)c1.O=S(=O)([N-]S(=O)(=O)C(F)(F)F)C(F)(F)F,imidazolium,bistriflamides,1.3442
XlMmB,C[n+]1ccn(CCCN)c1.F[P-](F)(F)(F)(F)F,imidazolium,phosphates,1.496
XmzbV,C[n+]1ccn(CCCCS(=O)(=O)O)c1.O=S(=O)([O-])O,imidazolium,sulfates,1.4373
XoNVU,CC[N+](C)(C)CCO.CCCCS(=O)(=O)[O-],ammonium,sulfonates,1.1116
XolnQ,CCCC[n+]1ccn(C)c1.O=S(=O)([O-])O,imidazolium,sulfates,1.224
XrHGu,CC[n+]1ccn(C)c1.CCOS(=O)(=O)[O-],imidazolium,sulfates,1.2374
XrawB,CCCCCCCCn1cc[n+](C)c1.O=S(=O)([N-]S(=O)(=O)C(F)(F)F)C(F)(F)F,imidazolium,bistriflamides,1.321
XsgpE,CCCCCC[N+]1(C)CCOCC1.CCCCCCO[PH](=O)[O-],morpholinium,organic phosphates,1.02
XtPSb,CCC[N+]1(C)CCCC1.[Br-],pyrrolidinium,inorganics,1.26
XtyHQ,CCCCCCCCn1cc[n+](C)c1.N#C[S-],imidazolium,inorganics,1.0083
Xvsoe,CC[n+]1ccn(C)c1.N#C[N-]C#N,imidazolium,amides,1.1086
XwuwA,CCCCCCCCCCCCCC[P+](CCCCCC)(CCCCCC)CCCCCC.[Cl-],phosphonium,inorganics,0.8927999999999999
YAHEK,CC[n+]1ccn(C)c1.O=S(=O)([N-]S(=O)(=O)C(F)(F)F)C(F)(F)F,imidazolium,bistriflamides,1.52
YBDRU,CCCCCCC[n+]1ccn(C)c1.[Br-],imidazolium,inorganics,1.1449
YGTWA,CCCC[n+]1ccn(C)c1.N#C[S-],imidazolium,inorganics,1.0697999999999999
YINjH,CCCC[P+](CCCC)(CCCC)CCCC.NC(CO)C(=O)[O-],phosphonium,carboxylates,0.9923
YJslX,C[NH2+]CCO.CCCC(=O)[O-],ammonium,carboxylates,1.0392000000000001
YKmQu,CCCCCCCCCCCCCC[P+](CCCCCC)(CCCCCC)CCCCCC.O=S(=O)([N-]S(=O)(=O)C(F)(F)F)C(F)(F)F,phosphonium,bistriflamides,1.0654000000000001
YNgmb,CCCCn1cc[n+](C2CCCC2)c1.O=S(=O)([N-]S(=O)(=O)C(F)(F)F)C(F)(F)F,imidazolium,bistriflamides,1.3785
YODXX,CCCC[n+]1ccn(C)c1.O=S(=O)([O-])C(F)(F)F,imidazolium,sulfonates,1.2977
YPplp,CCCCCCCCCCn1cc[n+](C)c1.N#C[S-],imidazolium,inorganics,1.011
YRkOI,COCC[n+]1ccccc1.O=S(=O)([N-]S(=O)(=O)C(F)(F)F)C(F)(F)F,pyridinium,bistriflamides,1.5149000000000001
YTLEL,CCCC[n+]1ccn(C)c1.[Cl-],imidazolium,inorganics,1.0815899999999998
YUHhn,CCCCCC[n+]1ccn(C)c1.F[P-](F)(F)(F)(F)F,imidazolium,phosphates,1.2937
YVEpF,CCCC[n+]1ccn(C)c1.F[P-](F)(F)(F)(F)F,imidazolium,phosphates,1.3674000000000002
YVxit,CCCC[n+]1ccn(C)c1.COCCOCCOS(=O)(=O)[O-],imidazolium,sulfates,1.17
YVysQ,CC[n+]1ccn(C)c1.CCCCCCCCOS(=O)(=O)[O-],imidazolium,sulfates,1.09595
YXGaN,CCCCCC[n+]1ccn(C)c1.O=S(=O)([N-]S(=O)(=O)C(F)(F)F)C(F)(F)F,imidazolium,bistriflamides,1.37201
YXdml,CC[n+]1ccn(C)c1.O=S(=O)(F)[N-]S(=O)(=O)F,imidazolium,bistriflamides,1.4425
YXvqN,CCCCCC[n+]1ccccc1.O=[N+]([O-])[O-],pyridinium,inorganics,1.1125
YYpov,CC[n+]1ccn(C)c1.O=S(=O)([N-]S(=O)(=O)C(F)(F)F)C(F)(F)F,imidazolium,bistriflamides,1.5189000000000001
YZVmX,CC[n+]1ccn(C)c1.O=S(=O)([N-]S(=O)(=O)C(F)(F)F)C(F)(F)F,imidazolium,bistriflamides,1.51874
YZdDu,CCCCCCCCn1cc[n+](C)c1.[Cl-],imidazolium,inorganics,1.0088
YaLLi,CCCCCCCCCCCCCC[P+](CCCCCC)(CCCCCC)CCCCCC.CC(CC(C)(C)C)CP(=O)([O-])CC(C)CC(C)(C)C,phosphonium,organic phosphates,0.8864299999999999
YbAfT,CCCCCCCCCCOC[N+](C)(C)CCOC(C)=O.O=S(=O)([N-]S(=O)(=O)C(F)(F)F)C(F)(F)F,ammonium,bistriflamides,1.22
YcvFo,CCCCCCCCn1cc[n+](C)c1.N#C[S-],imidazolium,inorganics,1.00828
YdGUr,CCCC[N+]1(C)CCCCC1.O=S(=O)([N-]S(=O)(=O)C(F)(F)F)C(F)(F)F,piperidinium,bistriflamides,1.3808
YhOMN,CCCCCC[n+]1ccn(C)c1.O=S(=O)([N-]S(=O)(=O)C(F)(F)F)C(F)(F)F,imidazolium,bistriflamides,1.3716400000000002
YiJAp,CC[n+]1ccn(C)c1.O=S(=O)([N-]S(=O)(=O)C(F)(F)F)C(F)(F)F,imidazolium,bistriflamides,1.517
YjGPQ,CCC[NH+](CC)CC.O=S(=O)([O-])C(F)(F)F,ammonium,sulfonates,1.222
YkJJm,CCCC[n+]1ccn(C)c1.O=S(=O)([O-])C(F)(F)F,imidazolium,sulfonates,1.2947
YnouC,CC[n+]1ccn(C)c1.N#C[C-](C#N)C#N,imidazolium,methanides,1.081
YojeW,CCCC[n+]1ccn(C)c1.O=[N+]([O-])[O-],imidazolium,inorganics,1.1552
Yqdsn,CC[n+]1ccn(C)c1.CCOS(=O)(=O)[O-],imidazolium,sulfates,1.236
YrOng,CC[n+]1ccn(C)c1.O=S(=O)([O-])O,imidazolium,sulfates,1.3674000000000002
YrwMl,CCOCC[n+]1ccn(C)c1.CC(O)C(N)C(=O)[O-],imidazolium,carboxylates,1.1544
YspCQ,CC[n+]1ccn(C)c1.O=S(=O)([N-]S(=O)(=O)C(F)(F)F)C(F)(F)F,imidazolium,bistriflamides,1.5188
YtIZL,CCCC[n+]1ccn(C)c1.F[P-](F)(F)(F)(F)F,imidazolium,phosphates,1.3662
YtmJo,CCCCCC[n+]1ccn(C)c1.COS(=O)(=O)[O-],imidazolium,sulfates,1.1688
YuvyF,CCCCCCCCCCCCCC[P+](CCCCCC)(CCCCCC)CCCCCC.CC(CC(C)(C)C)CP(=O)([O-])CC(C)CC(C)(C)C,phosphonium,organic phosphates,0.8893
YxSTf,CCCC[N+]1(C)CCCC1.O=S(=O)([N-]S(=O)(=O)C(F)(F)F)C(F)(F)F,pyrrolidinium,bistriflamides,1.3944
YyLRX,C=CC[n+]1ccn(C)c1.O=S(=O)([N-]S(=O)(=O)C(F)(F)F)C(F)(F)F,imidazolium,bistriflamides,1.4997
YyWtG,CCCCCC[n+]1ccn(C)c1.[Br-],imidazolium,inorganics,1.2281300000000002
YyjXp,CC[N+]1(C)CCCC1.COP(=O)([O-])OC,pyrrolidinium,organic phosphates,1.178
ZAvBP,CCCC[n+]1ccn(C)c1.N#C[C-](C#N)C#N,imidazolium,methanides,1.0467
ZCLsr,CC[NH+](CC)CC.CC(=O)[O-],ammonium,carboxylates,1.0096
ZCOmu,CCCCC[N+]1(C)CCCC1.[Br-],pyrrolidinium,inorganics,1.18896
ZCqEA,CC[n+]1ccn(C)c1.O=S(=O)([N-]S(=O)(=O)C(F)(F)F)C(F)(F)F,imidazolium,bistriflamides,1.51874
ZDcue,CCC[N+](C)(C)CCN(C)C.O=S(=O)([N-]S(=O)(=O)C(F)(F)F)C(F)(F)F,ammonium,bistriflamides,1.3435
ZEVkG,CCCCCC[NH+](CCCCCC)CCCCCC.CCCC(=O)[O-],ammonium,carboxylates,0.8442999999999999
ZHNVb,CCCCCCCCCCCCCC[P+](CCCCCC)(CCCCCC)CCCCCC.CC(CC(C)(C)C)CP(=O)([O-])CC(C)CC(C)(C)C,phosphonium,organic phosphates,0.8841
ZHUMT,CC[n+]1ccn(C)c1C.O=S(=O)([O-])O,imidazolium,sulfates,1.2544000000000002
ZIIVe,CCCC[N+]1(C)CCCC1.O=S(=O)(F)[N-]S(=O)(=O)C(F)(F)F,pyrrolidinium,bistriflamides,1.357
ZJGYd,CCCCCCCCCCCC[n+]1ccn(COC2CC(C)CCC2C(C)C)c1.O=S(=O)([N-]S(=O)(=O)C(F)(F)F)C(F)(F)F,imidazolium,bistriflamides,1.17306
ZJeqo,Cn1cc[n+](C)c1.O=S(=O)([N-]S(=O)(=O)C(F)(F)F)C(F)(F)F,imidazolium,bistriflamides,1.57
ZMFdo,CCCCCCCCCCCCCC[P+](CCCCCC)(CCCCCC)CCCCCC.CC(=O)[O-],phosphonium,carboxylates,0.8857999999999999
ZNure,CC[NH3+].O=[N+]([O-])[O-],ammonium,inorganics,1.2112
ZOMBg,CCCCCCCCCCCCCC[P+](CCCCCC)(CCCCCC)CCCCCC.CC(CC(C)(C)C)CP(=O)([O-])CC(C)CC(C)(C)C,phosphonium,organic phosphates,0.8875
ZOTAU,CCCCCCCC[N+](C)(CCCCCCCC)CCCCCCCC.N#C[N-]C#N,ammonium,amides,0.89
ZQFGz,CCCCCCCCCCCCCC[P+](CCCCCC)(CCCCCC)CCCCCC.O=[N+]([O-])c1cn[n-]c1,phosphonium,cyclic amides,0.9392999999999999
ZQnXs,CCCC[N+]1(C)CCCC1.FC(F)(F)C(F)(F)[P-](F)(F)(F)(C(F)(F)C(F)(F)F)C(F)(F)C(F)(F)F,pyrrolidinium,phosphates,1.5826099999999999
ZRCxF,CCCCCC[n+]1ccn(C)c1.[I-],imidazolium,inorganics,1.3840899999999998
ZRoiD,CCC[N+](C)(C)CC.O=S(=O)([N-]S(=O)(=O)C(F)(F)F)C(F)(F)F,ammonium,bistriflamides,1.4035
ZStgT,CCCCCCC[N+]1(C)CCOCC1.N#C[N-]C#N,morpholinium,amides,1.0631
ZTttD,CCCCCC[NH2+]CCN.O=S(=O)([N-]S(=O)(=O)C(F)(F)F)C(F)(F)F,ammonium,bistriflamides,1.3776
ZUksc,CC(C)C[P+](C)(CC(C)C)CC(C)C.Cc1ccc(S(=O)(=O)[O-])cc1,phosphonium,sulfonates,1.068
ZVvwe,CC[n+]1ccn(C)c1.CCOS(=O)(=O)[O-],imidazolium,sulfates,1.2365
ZVxjg,C1CC[NH2+]C1.O=[N+]([O-])[O-],pyrrolidinium,inorganics,1.168
ZWQIy,CCOCCOCC[n+]1ccn(C(CC)CC)c1.O=S(=O)([N-]S(=O)(=O)C(F)(F)F)C(F)(F)F,imidazolium,bistriflamides,1.318
ZWctk,CCC[NH3+].CC(=O)[O-],ammonium,carboxylates,0.9869
Zclob,CC[n+]1ccn(C)c1.CCOS(=O)(=O)[O-],imidazolium,sulfates,1.23723
ZdJAk,CCCCCCCCCCCCCC[P+](CCCCCC)(CCCCCC)CCCCCC.CC(CC(C)(C)C)CP(=O)([O-])CC(C)CC(C)(C)C,phosphonium,organic phosphates,0.8832000000000001
Zdsvt,C[NH+]1CCOCC1.CCCCCCCCCC(=O)[O-],morpholinium,carboxylates,0.8934
ZdxJj,CCCCCCCC[N+](C)(CCCCCCCC)CCCCCCCC.[Cl-],ammonium,inorganics,0.8865
ZhyXV,CCCCCC[n+]1ccn(C)c1.[Cl-],imidazolium,inorganics,1.0404
Zjfqa,C=CC[n+]1ccn(C)c1.[Br-],imidazolium,inorganics,1.17
ZlHbY,C=CC[n+]1ccn(C)c1.N#C[S-],imidazolium,inorganics,1.167
ZmlBM,CC[n+]1ccn(C)c1.O=S(=O)(F)[N-]S(=O)(=O)F,imidazolium,bistriflamides,1.443
ZnJKB,CCCC[n+]1ccn(C)c1.O=S(=O)([O-])C(F)(F)F,imidazolium,sulfonates,1.2983
ZnhpN,CC[n+]1ccn(C)c1.N#C[N-]C#N,imidazolium,amides,1.102
ZonPy,CCCC[N+]1(C)CCCC1.O=S(=O)(F)[N-]S(=O)(=O)F,pyrrolidinium,bistriflamides,1.30687
ZpXpU,CCCC[n+]1ccn(C)c1.O=S(=O)([N-]S(=O)(=O)C(F)(F)F)C(F)(F)F,imidazolium,bistriflamides,1.4353
ZqAvR,CCCC[n+]1ccn(C)c1.N#Cc1nc(C(F)(F)F)[n-]c1C#N,imidazolium,cyclic amides,1.1997
ZrQjG,CCCCCC[n+]1ccn(C)c1.[Cl-],imidazolium,inorganics,1.0397
ZrSiB,CC[n+]1ccn(C)c1.O=S(=O)([O-])C(F)(F)F,imidazolium,sulfonates,1.3836
ZsalB,CCCCCCCCCCCCCC[P+](CCCCCC)(CCCCCC)CCCCCC.CCCC(=O)[O-],phosphonium,carboxylates,0.8904
ZuDlt,CCCCCCCCCC[P+](CC)(CC)CC.O=[N+]([O-])c1cn[n-]c1,phosphonium,cyclic amides,1.0109
ZvcMX,CC[n+]1cccc(C)c1.CCOS(=O)(=O)[O-],pyridinium,sulfates,1.2196099999999999
ZveBc,CCCCCC[N+]1(C)CCOCC1.N#C[N-]C#N,morpholinium,amides,1.0697
ZxxUb,CCCC[N+]1(C)CCCC1.N#C[N-]C#N,pyrrolidinium,amides,1.0134500000000002
ZzymJ,CCCCCC[n+]1ccn(C)c1.O=S(=O)([N-]S(=O)(=O)C(F)(F)F)C(F)(F)F,imidazolium,bistriflamides,1.3727
aADOj,C[n+]1ccn(CCCC#N)c1.O=S(=O)([N-]S(=O)(=O)C(F)(F)F)C(F)(F)F,imidazolium,bistriflamides,1.5115999999999998
aAKBO,CCCC[n+]1ccn(C)c1.NC(=O)CCC(=O)[O-],imidazolium,carboxylates,1.154
aAtbm,CCCC[n+]1ccn(C)c1.CC(=O)[O-],imidazolium,carboxylates,1.0529000000000002
aBGGZ,CCCC[n+]1cccc(C)c1.O=S(=O)([N-]S(=O)(=O)C(F)(F)F)C(F)(F)F,pyridinium,bistriflamides,1.4141
aBNHq,CCCC[n+]1ccn(C)c1.O=S(=O)([N-]S(=O)(=O)C(F)(F)F)C(F)(F)F,imidazolium,bistriflamides,1.42
aBOLD,CC[n+]1ccn(C)c1.CCOS(=O)(=O)[O-],imidazolium,sulfates,1.2382
aBawT,CC[N+](C)(C)CCCO.O=S(=O)([N-]S(=O)(=O)C(F)(F)F)C(F)(F)F,ammonium,bistriflamides,1.4638499999999999
aCYdb,C=CC[NH+](CC)CC.O=S(=O)([O-])C(F)(F)F,ammonium,sulfonates,1.255
aDhob,CC[N+](C)(CC)CCOC.O=S(=O)([N-]S(=O)(=O)C(F)(F)F)C(F)(F)F,ammonium,bistriflamides,1.4002999999999999
aEMno,CCCC[n+]1ccn(C)c1.COS(=O)(=O)[O-],imidazolium,sulfates,1.2125899999999998
aEmDJ,CCCCCC[n+]1ccn(C)c1.O=S(=O)([N-]S(=O)(=O)C(F)(F)F)C(F)(F)F,imidazolium,bistriflamides,1.372
aFWHB,CCCC[n+]1cccc(C)c1.O=S(=O)([N-]S(=O)(=O)C(F)(F)F)C(F)(F)F,pyridinium,bistriflamides,1.41476
aHsFY,CC[n+]1ccn(C)c1.CCOP(=O)([O-])OCC,imidazolium,organic phosphates,1.1464
aIgUj,CC[n+]1ccn(C)c1.N#C[N-]C#N,imidazolium,amides,1.1015
aJFJx,C[N+](C)(C)CCO.O=C([O-])C1CCCN1,ammonium,carboxylates,1.121
aJVjj,CCCOCCn1cc[n+](C)c1.O=S(=O)([N-]S(=O)(=O)C(F)(F)F)C(F)(F)F,imidazolium,bistriflamides,1.421
aJmYs,C[N+]1(CCCC#N)CCCC1.N#C[N-]C#N,pyrrolidinium,amides,1.0964
aJyCv,CCCC[n+]1ccn(C)c1.O=S(=O)([O-])C(F)(F)F,imidazolium,sulfonates,1.2978
aKEAo,CCCCCCCCn1cc[n+](C)c1.O=S(=O)([N-]S(=O)(=O)C(F)(F)F)C(F)(F)F,imidazolium,bistriflamides,1.343
aKfQm,CCCC[n+]1ccccc1.C=CC(=O)NC(C)(C)CS(=O)(=O)[O-],pyridinium,sulfonates,1.196
aKsHB,CCCC[n+]1ccn(C)c1.N#C[C-](C#N)C#N,imidazolium,methanides,1.05
aMPxI,CCCC[n+]1ccn(C)c1.O=S(=O)([O-])C(F)(F)F,imidazolium,sulfonates,1.2977
aMdgI,CC[n+]1cccc(C)c1.CCOS(=O)(=O)[O-],pyridinium,sulfates,1.2196099999999999
aMqJo,CCn1cc[n+](CC)c1.CCOP(=O)([O-])OCC,imidazolium,organic phosphates,1.125
aMzUB,CCOCCn1cc[n+](C)c1.CC(=O)[O-],imidazolium,carboxylates,1.1000999999999999
aPxiN,CCCCCC[n+]1ccn(C)c1.[Cl-],imidazolium,inorganics,1.0422
aQFLU,CC[N+](CCO)(CCO)CCO.O=S(=O)([N-]S(=O)(=O)C(F)(F)F)C(F)(F)F,ammonium,bistriflamides,1.530175
aRmca,CCCCCCCC[N+]1(C)CCOCC1.CCCCCCCCO[PH](=O)[O-],morpholinium,organic phosphates,0.9781
aSFFT,C=CC[n+]1ccn(C)c1.[Cl-],imidazolium,inorganics,1.168
aSQyh,CCCC[n+]1ccn(C)c1.O=C([O-])CO,imidazolium,carboxylates,1.1293
aSuSB,CCCC[n+]1ccn(C)c1.F[P-](F)(F)(F)(F)F,imidazolium,phosphates,1.3649499999999999
aSxdc,CC[n+]1ccn(C)c1.O=S(=O)([O-])C(F)(F)F,imidazolium,sulfonates,1.3799000000000001
aVKTH,CCCCCCCCn1cc[n+](C)c1.[Cl-],imidazolium,inorganics,1.012
aXfIh,CCC[N+]1(C)CCCCC1.O=S(=O)([N-]S(=O)(=O)C(F)(F)F)C(F)(F)F,piperidinium,bistriflamides,1.4114
aYGlK,CCCCCCCC[P+](CC)(CC)CC.O=S(=O)([N-]S(=O)(=O)C(F)(F)F)C(F)(F)F,phosphonium,bistriflamides,1.2432999999999998
aaKen,CCCCCC[n+]1ccn(C)c1.O=S(=O)([N-]S(=O)(=O)C(F)(F)F)C(F)(F)F,imidazolium,bistriflamides,1.37175
abBZM,CCCCCC[n+]1ccn(C)c1.[Br-],imidazolium,inorganics,1.2238
abklI,CCCC[n+]1cccc(C#N)c1.O=S(=O)([N-]S(=O)(=O)C(F)(F)F)C(F)(F)F,pyridinium,bistriflamides,1.479
accQg,CCCn1cc[n+](CC)c1.O=S(=O)([N-]S(=O)(=O)C(F)(F)F)C(F)(F)F,imidazolium,bistriflamides,1.436
aeLUk,CCC[NH3+].O=C[O-],ammonium,carboxylates,0.9934
afXpb,CCC[NH+](C)C.O=S(=O)([O-])C(F)(F)F,ammonium,sulfonates,1.276
afjIH,CCCCCC[n+]1ccn(C)c1.F[P-](F)(F)(F)(F)F,imidazolium,phosphates,1.2926
afvYT,CC[n+]1ccccc1.CCOS(=O)(=O)[O-],pyridinium,sulfates,1.252
ahgao,C[N+]1(CC(O)CO)CCCC1.O=S(=O)([N-]S(=O)(=O)C(F)(F)F)C(F)(F)F,pyrrolidinium,bistriflamides,1.518
ajSoJ,CC[n+]1ccn(CCOC)c1.O=S(=O)([O-])C(F)(F)F,imidazolium,sulfonates,1.3404
ajjCw,CCCC[P+](CCCC)(CCCC)CCCC.O=C([O-])c1cccs1,phosphonium,carboxylates,1.0391
akuCI,CC[n+]1ccn(C)c1.CC(=O)[O-],imidazolium,carboxylates,1.1012
amAgB,CCCC[n+]1ccccc1.O=C([O-])C(F)(F)F,pyridinium,carboxylates,1.3557000000000001
amnDk,COCCCC[n+]1ccn(C)c1.CC(O)C(N)C(=O)[O-],imidazolium,carboxylates,1.1469
amxjx,CCC[n+]1cn(C)cn1.O=S(=O)([O-])C(F)(F)F,triazolium,sulfonates,1.3796
anEQg,CC[n+]1ccn(C)c1.O=S(=O)([O-])C(F)(F)F,imidazolium,sulfonates,1.3853
anTns,CCCCCC[N+](CCCCCC)=C(N(C)C)N(C)C.N#C[N-]C#N,guanidinium,amides,0.9685
anjWi,CCCCCn1cc[n+](C)c1.O=S(=O)([N-]S(=O)(=O)C(F)(F)F)C(F)(F)F,imidazolium,bistriflamides,1.4036
aofRA,Cn1cc[n+](Cc2ccccc2)c1.O=S(=O)([N-]S(=O)(=O)C(F)(F)F)C(F)(F)F,imidazolium,bistriflamides,1.485
apflJ,CCCCC[n+]1ccccc1.CC(=O)[O-],pyridinium,carboxylates,1.2679
apief,CCCCn1cc[n+](CCCC)c1.O=S(=O)([N-]S(=O)(=O)C(F)(F)F)C(F)(F)F,imidazolium,bistriflamides,1.34
aqJNm,CC[n+]1ccn(C)c1.CCOS(=O)(=O)[O-],imidazolium,sulfates,1.2375999999999998
asJRW,CC[n+]1ccn(C)c1.CCOS(=O)(=O)[O-],imidazolium,sulfates,1.2263
asSmJ,CCC[n+]1cccc(C)c1.O=S(=O)([N-]S(=O)(=O)C(F)(F)F)C(F)(F)F,pyridinium,bistriflamides,1.444
awEmc,CCC[N+]1(C)CCCC1.O=S(=O)([N-]S(=O)(=O)C(F)(F)F)C(F)(F)F,pyrrolidinium,bistriflamides,1.4
awPDi,CC[n+]1ccn(C)c1.O=C([O-])C(F)(F)F,imidazolium,carboxylates,1.301
axIwW,CCCCn1cc[n+](C)c1.FC(F)(F)C(F)(F)[P-](F)(F)(F)(C(F)(F)C(F)(F)F)C(F)(F)C(F)(F)F,imidazolium,phosphates,1.6237000000000001
bAEne,CC[n+]1ccn(C)c1.O=S(=O)([N-]S(=O)(=O)C(F)(F)F)C(F)(F)F,imidazolium,bistriflamides,1.519
bASYX,CCCC[P+](CCCC)(CCCC)CCOCC.O=S(=O)([O-])C(F)(F)F,phosphonium,sulfonates,1.111
bESUE,CCCC[N+]1(C)CCCC1.COS(=O)(=O)[O-],pyrrolidinium,sulfates,1.1667
bGYBQ,CCCC[n+]1ccn(C)c1.N#C[C-](C#N)C#N,imidazolium,methanides,1.0467
bGsdV,C=Cc1ccc(Cn2cc[n+](C)c2C)cc1.O=S(=O)([N-]S(=O)(=O)C(F)(F)F)C(F)(F)F,imidazolium,bistriflamides,1.342
bHEoq,CC[n+]1ccn(COC2CC(C)CCC2C(C)C)c1.O=S(=O)([N-]S(=O)(=O)C(F)(F)F)C(F)(F)F,imidazolium,bistriflamides,1.31157
bIoHJ,CCCCCCCCn1cc[n+](CCC#N)c1.O=C([O-])c1cccc(S(=O)(=O)O)c1,imidazolium,carboxylates,1.1827999999999999
bKaLu,CC[S+](CC)CC.O=S(=O)([N-]S(=O)(=O)C(F)(F)F)C(F)(F)F,sulfonium,bistriflamides,1.4611800000000001
bLgZd,CCCCC[P+](CC)(CC)CC.O=S(=O)([N-]S(=O)(=O)C(F)(F)F)C(F)(F)F,phosphonium,bistriflamides,1.301
bMWuB,CCOC[n+]1ccccc1.O=S(=O)([N-]S(=O)(=O)C(F)(F)F)C(F)(F)F,pyridinium,bistriflamides,1.5117
bMlry,CC[n+]1ccn(C)c1.O=C([O-])C(F)(F)C(F)(F)C(F)(F)C(F)(F)F,imidazolium,carboxylates,1.4868
bNHyt,CCCCCC[n+]1ccn(C)c1.O=S(=O)([N-]S(=O)(=O)C(F)(F)F)C(F)(F)F,imidazolium,bistriflamides,1.37199
bNXjb,CCCCCC[P+](CCCC)(CCCC)CCCC.O=S(=O)([N-]S(=O)(=O)C(F)(F)F)C(F)(F)F,phosphonium,bistriflamides,1.182
bOgNz,CC[n+]1ccn(C)c1.CCOS(=O)(=O)[O-],imidazolium,sulfates,1.237
bRnCu,CCCC[N+]1(C)CCCC1.O=S(=O)([N-]S(=O)(=O)C(F)(F)F)C(F)(F)F,pyrrolidinium,bistriflamides,1.39466
bTfyI,CCCCCn1cc[n+](C)c1.F[P-](F)(F)(F)(F)F,imidazolium,phosphates,1.326
bUmxU,CCn1c[n+](C)cn1.O=S(=O)([N-]S(=O)(=O)C(F)(F)F)C(F)(F)F,triazolium,bistriflamides,1.56
bVoQX,CCCCCc1c(C)cc(C)c[n+]1CC.O=S(=O)([N-]S(=O)(=O)C(F)(F)F)C(F)(F)F,pyridinium,bistriflamides,1.3239
bWjmH,Cn1cc[n+](C)c1.COP(=O)([O-])OC,imidazolium,organic phosphates,1.2578
bXFTy,C=C[n+]1ccn(CC(N)=O)c1.O=S(=O)([N-]S(=O)(=O)C(F)(F)F)C(F)(F)F,imidazolium,bistriflamides,1.6071
balam,CCCC[n+]1ccc(C)cc1.O=S(=O)([N-]S(=O)(=O)C(F)(F)F)C(F)(F)F,pyridinium,bistriflamides,1.4122999999999999
bcxqD,CCCC[N+]1(C)CCCCC1.N#C[C-](C#N)C#N,piperidinium,methanides,1.01
bgukX,CC[n+]1ccn(C)c1.O=C([O-])C(F)(F)F,imidazolium,carboxylates,1.2917
bhSGo,CCCCCCCC[P+](CC)(CC)CC.Brc1c[n-]cn1,phosphonium,cyclic amides,1.162
bkElc,CCCCCC[n+]1ccccc1.N#C[N-]C#N,pyridinium,amides,1.0364
blrLo,CCCC[n+]1ccn(C)c1.COS(=O)(=O)[O-],imidazolium,sulfates,1.2121
blzbY,C=CC[n+]1ccn(C)c1.[Cl-],imidazolium,inorganics,1.166
bmGJu,C=CC[n+]1ccn(C)c1.O=S(=O)([N-]S(=O)(=O)C(F)(F)F)C(F)(F)F,imidazolium,bistriflamides,1.499
bnTzR,Cn1cc[n+](C)c1.COS(=O)(=O)[O-],imidazolium,sulfates,1.3291
boMmP,C[N+](CCO)(CCO)CCO.COS(=O)(=O)[O-],ammonium,sulfates,1.344
bqoEQ,CCCC[N+]1(C)CCCC1.CCCCO[PH](=O)[O-],pyrrolidinium,organic phosphates,1.0816
brJmj,CCCCn1cc[n+](C)c1.FC(F)(F)C(F)(F)[P-](F)(F)(F)(C(F)(F)C(F)(F)F)C(F)(F)C(F)(F)F,imidazolium,phosphates,1.6202999999999999
bsNYu,C=CC[n+]1ccn(C)c1.CC(O)C(=O)[O-],imidazolium,carboxylates,1.148
bsPZt,CCCC[N+]1(C)CCCCC1.O=S(=O)([N-]S(=O)(=O)C(F)(F)F)C(F)(F)F,piperidinium,bistriflamides,1.3792
bscWB,CC[n+]1ccn(C)c1.CCOS(=O)(=O)[O-],imidazolium,sulfates,1.23633
bsiQH,CC[n+]1ccn(C)c1.CS(=O)(=O)[O-],imidazolium,sulfonates,1.2423
btsMW,CC[n+]1ccn(C)c1.COS(=O)(=O)[O-],imidazolium,sulfates,1.292
buEKx,CCCC[N+]1(C)CCCC1.O=S(=O)([N-]S(=O)(=O)C(F)(F)F)C(F)(F)F,pyrrolidinium,bistriflamides,1.3948
buUbd,CCCCn1cc[n+](C)c1.FC(F)(F)C(F)(F)[P-](F)(F)(F)(C(F)(F)C(F)(F)F)C(F)(F)C(F)(F)F,imidazolium,phosphates,1.6253199999999999
bwuvb,CC[N+](C)(CC)CCOC.O=S(=O)([N-]S(=O)(=O)C(F)(F)F)C(F)(F)F,ammonium,bistriflamides,1.408
bxZTt,C[n+]1ccn(CCCC#N)c1.O=S(=O)([O-])C(F)(F)F,imidazolium,sulfonates,1.4409
bxdDD,CC[n+]1ccn(C)c1.O=S(=O)([N-]S(=O)(=O)C(F)(F)F)C(F)(F)F,imidazolium,bistriflamides,1.55
byLPC,CCCCCCCCC[P+](CC)(CC)CC.O=[N+]([O-])c1cn[n-]c1,phosphonium,cyclic amides,1.0218
bzbpu,CCn1cc[n+](CC)c1.[Br-],imidazolium,inorganics,1.3512
cApNC,CCCCCC[n+]1ccn(C)c1.O=[N+]([O-])[O-],imidazolium,inorganics,1.103
cAuGA,C[N+]1(CCCO)CCOCC1.N#C[N-]C#N,morpholinium,amides,1.1754
cBmmf,CCC[N+]1(C)CCCC1.O=S(=O)(F)[N-]S(=O)(=O)F,pyrrolidinium,bistriflamides,1.3393
cDPmd,CCCC[N+](C)(C)C.O=S(=O)([N-]S(=O)(=O)C(F)(F)F)C(F)(F)F,ammonium,bistriflamides,1.394
cEXXl,CCCCCCCCn1cc[n+](C)c1.[Br-],imidazolium,inorganics,1.1757
cFnuk,CCCC[n+]1ccn(C)c1.F[P-](F)(F)(F)(F)F,imidazolium,phosphates,1.3674
cGZWT,CCCCCCCC[NH+](CCCCCCCC)CCCCCCCC.CCCC(=O)[O-],ammonium,carboxylates,0.8422000000000001
cNayL,CCCC[N+](C)(CCCC)CCCC.O=S(=O)([N-]S(=O)(=O)C(F)(F)F)C(F)(F)F,ammonium,bistriflamides,1.2617
cNuBO,CCCCCCC[n+]1ccn(C)c1.[Br-],imidazolium,inorganics,1.19678
cOwkF,CC[N+]1(C)CCOCC1.CCOP(=O)([O-])OCC,morpholinium,organic phosphates,1.159
cQLyk,CC[n+]1ccn(C)c1.CC(=O)[O-],imidazolium,carboxylates,1.105
cQSak,CCCC[N+]1(C)CCCC1.O=S(=O)([O-])C(F)(F)F,pyrrolidinium,sulfonates,1.25271
cWGvR,CCCC[N+]1(C)CCCC1.N#C[N-]C#N,pyrrolidinium,amides,1.01348
cWUXC,CCn1cc[n+](C)c1.COCCOCCOS(=O)(=O)[O-],imidazolium,sulfates,1.23645
cWdku,CCn1cn[n+](C)c1.CC(=O)[O-],triazolium,carboxylates,1.109
cXQeQ,CC[n+]1ccn(C)c1.O=S(=O)([N-]S(=O)(=O)C(F)(F)C(F)(F)F)C(F)(F)C(F)(F)F,imidazolium,bistriflamides,1.594
cXoyh,CCCC[n+]1ccn(C)c1.O=S(=O)([N-]S(=O)(=O)C(F)(F)F)C(F)(F)F,imidazolium,bistriflamides,1.4364000000000001
cYiWW,CCCC[n+]1ccn(C)c1.F[P-](F)(F)(F)(F)F,imidazolium,phosphates,1.3672
cZpyS,N#CCCn1cc[n+](Cc2ccccc2)c1.N#C[S-],imidazolium,inorganics,1.174
cZreI,CC[n+]1ccn(C)c1.O=S(=O)([N-]S(=O)(=O)C(F)(F)F)C(F)(F)F,imidazolium,bistriflamides,1.519
ccJfL,CC[n+]1ccn(C)c1.CCOS(=O)(=O)[O-],imidazolium,sulfates,1.2345000000000002
ccclq,CCCCCCCC[n+]1ccn(C)c1.F[P-](F)(F)(F)(F)F,imidazolium,phosphates,1.2357
cdDtT,CC[n+]1ccccc1.CCOS(=O)(=O)[O-],pyridinium,sulfates,1.252
cghot,CCCCn1c[n+](C)cn1.O=S(=O)([N-]S(=O)(=O)C(F)(F)F)C(F)(F)F,triazolium,bistriflamides,1.486
cjUQV,CC[n+]1ccn(C)c1.O=S(=O)([N-]S(=O)(=O)C(F)(F)F)C(F)(F)F,imidazolium,bistriflamides,1.51891
ckVOJ,CCCCCC[n+]1ccn(CCC#N)c1.[Br-],imidazolium,inorganics,1.2297
ckqZj,CCCC[n+]1ccn(C)c1.N#C[C-](C#N)C#N,imidazolium,methanides,1.04573
ckwwo,COCC[n+]1ccn(C)c1.[Cl-],imidazolium,inorganics,1.1622999999999999
cmSsK,CC[n+]1ccn(C)c1.CCOS(=O)(=O)[O-],imidazolium,sulfates,1.2372
cnPrv,CCCOC[N+](C)(C)CCO.O=S(=O)([N-]S(=O)(=O)C(F)(F)F)C(F)(F)F,ammonium,bistriflamides,1.42
cnpfK,CC[n+]1ccn(C)c1.CS(=O)(=O)[O-],imidazolium,sulfonates,1.2437
conBC,Cn1cc[n+](CCCSCCC(F)(F)C(F)(F)C(F)(F)C(F)(F)C(F)(F)C(F)(F)C(F)(F)C(F)(F)F)c1.O=S(=O)([N-]S(=O)(=O)C(F)(F)F)C(F)(F)F,imidazolium,bistriflamides,1.672
corvG,CCCCCC[n+]1ccn(C)c1.F[P-](F)(F)(F)(F)F,imidazolium,phosphates,1.2932000000000001
cpQbT,CCCCCCCC[N+](C)(CCCCCCCC)CCCCCCCC.O=S(=O)([N-]S(=O)(=O)C(F)(F)F)C(F)(F)F,ammonium,bistriflamides,1.1069
cpfkk,CCCC[n+]1ccn(C)c1.F[P-](F)(F)(F)(F)F,imidazolium,phosphates,1.38
cpfwc,CCCCCCCCCCCCCC[P+](CCCCCC)(CCCCCC)CCCCCC.N#C[N-]C#N,phosphonium,amides,0.8995
cqUVE,CCCCCCCCCC[n+]1ccccc1.O=S(=O)([N-]S(=O)(=O)C(F)(F)F)C(F)(F)F,pyridinium,bistriflamides,1.2835
cqhUQ,CCCC[n+]1ccn(C)c1.COS(=O)(=O)[O-],imidazolium,sulfates,1.2084000000000001
crDBP,C=CC[n+]1ccn(C)c1.N#C[N-]C#N,imidazolium,amides,1.1115
crQSK,C[N+](C)(C)CCO.CC(N)C(=O)[O-],ammonium,carboxylates,1.1129
ctNHW,CCCCCCn1cc[n+](CCC#N)c1.[Cl-],imidazolium,inorganics,1.0740999999999998
cuJBK,COCC[N+]1(C)CCCCC1.FC(F)(F)C(F)(F)[P-](F)(F)(F)(C(F)(F)C(F)(F)F)C(F)(F)C(F)(F)F,piperidinium,phosphates,1.6073499999999998
cwCyO,CC[S+](CC)CC.O=S(=O)([N-]S(=O)(=O)C(F)(F)F)C(F)(F)F,sulfonium,bistriflamides,1.4601
cwwaJ,CCCn1c(C)cc(C)[n+]1C.O=S(=O)([N-]S(=O)(=O)C(F)(F)F)C(F)(F)F,pyrazolium,bistriflamides,1.4293000000000002
cxvAs,CCCC[P+](CCCC)(CCCC)CCCC.O=C([O-])C1CCCN1,phosphonium,carboxylates,0.9925
cxykf,CCCCCCCCn1cc[n+](C)c1.[I-],imidazolium,inorganics,1.3048199999999999
cyzoK,CCCCCC[n+]1ccn(C)c1.N#C[N-]C#N,imidazolium,amides,1.0286
czIky,CCCC[n+]1ccn(C)c1.F[P-](F)(F)(F)(F)F,imidazolium,phosphates,1.37
dAEIt,CC[n+]1ccn(C)c1.CS(=O)(=O)[O-],imidazolium,sulfonates,1.2438
dAiRp,CCCC[n+]1ccn(C)c1.COP(=O)([O-])OC,imidazolium,organic phosphates,1.1632
dBVmI,CCCCn1cc[n+](C)c1.CCCC(=O)[O-],imidazolium,carboxylates,1.0322200000000001
dCTnx,CCCCCC[n+]1ccn(C)c1.F[P-](F)(F)(F)(F)F,imidazolium,phosphates,1.2923
dCUrF,CC[n+]1ccn(C)c1.O=S(=O)([N-]S(=O)(=O)C(F)(F)C(F)(F)F)C(F)(F)C(F)(F)F,imidazolium,bistriflamides,1.5937000000000001
dDrtJ,CCn1cc[n+](C)c1.CCCCOS(=O)(=O)[O-],imidazolium,sulfates,1.1757
dDzfn,CC[n+]1ccn(C)c1.N#C[C-](C#N)C#N,imidazolium,methanides,1.0816
dEgqt,CN(C)C(=[NH2+])N(C)C.O=S(=O)([N-]S(=O)(=O)C(F)(F)C(F)(F)F)C(F)(F)C(F)(F)F,guanidinium,bistriflamides,1.5713
dIHPn,CCC[N+]1(C)CCCC1.O=S(=O)([N-]S(=O)(=O)C(F)(F)F)C(F)(F)F,pyrrolidinium,bistriflamides,1.42807
dIWzD,CCCC[n+]1ccn(C)c1.F[P-](F)(F)(F)(F)F,imidazolium,phosphates,1.368
dItPg,CC[n+]1ccn(C)c1.CCCCCCCCOS(=O)(=O)[O-],imidazolium,sulfates,1.0937999999999999
dJISN,COCCn1cc[n+](C)c1.CC(=O)[O-],imidazolium,carboxylates,1.134
dLjYm,Cn1cc[n+](CC(CBr)N=[N+]=[N-])c1.[Br-],imidazolium,inorganics,1.36
dMEQf,CC[n+]1ccn(C)c1C.O=S(=O)([N-]S(=O)(=O)C(F)(F)F)C(F)(F)F,imidazolium,bistriflamides,1.4912
dPHIO,CCCC[n+]1ccn(C)c1.F[P-](F)(F)(F)(F)F,imidazolium,phosphates,1.396
dPaAP,CC[P+](CC)(CC)CCOC.O=S(=O)([N-]S(=O)(=O)C(F)(F)F)C(F)(F)F,phosphonium,bistriflamides,1.378
dPaad,CCCC[n+]1ccn(C)c1.N#C[S-],imidazolium,inorganics,1.07
dQCqp,CC[n+]1ccn(C)c1.O=S(=O)([N-]S(=O)(=O)C(F)(F)F)C(F)(F)F,imidazolium,bistriflamides,1.522
dQpwu,CCCC[n+]1ccn(C)c1.F[P-](F)(F)(F)(F)F,imidazolium,phosphates,1.3665
dTKbV,CC[n+]1ccn(C)c1.CCOS(=O)(=O)[O-],imidazolium,sulfates,1.2367000000000001
dTwfs,CCCCCCCCCCCCCC[P+](CCCCCC)(CCCCCC)CCCCCC.N#C[N-]C#N,phosphonium,amides,0.898
dUZJE,CCCC[n+]1ccn(C)c1.O=S(=O)([N-]S(=O)(=O)C(F)(F)F)C(F)(F)F,imidazolium,bistriflamides,1.437
dUkbS,CCCC[n+]1ccn(C)c1.O=S(=O)([N-]S(=O)(=O)C(F)(F)F)C(F)(F)F,imidazolium,bistriflamides,1.4361
dUspc,CCCC[n+]1ccn(C)c1.N#C[N-]C#N,imidazolium,amides,1.0593
dVdld,CCCCCCCC[n+]1ccn(C)c1.F[P-](F)(F)(F)(F)F,imidazolium,phosphates,1.2357
dVzxy,CCCC[n+]1ccn(C)c1.N#C[S-],imidazolium,inorganics,1.0697
dWydQ,CCCCCC[n+]1ccn(CCC#N)c1.CCCCC(CC)COC(=O)CC(C(=O)OCC(CC)CCCC)S(=O)(=O)[O-],imidazolium,sulfonates,1.089
dXPNh,CCCCCCCCCCCCCC[P+](CCCCCC)(CCCCCC)CCCCCC.O=S(=O)([N-]S(=O)(=O)C(F)(F)F)C(F)(F)F,phosphonium,bistriflamides,1.0657
dXTWP,CCCCC[P+](CC)(CC)CC.O=S(=O)([N-]S(=O)(=O)C(F)(F)F)C(F)(F)F,phosphonium,bistriflamides,1.304
dXgua,CC[n+]1ccn(C)c1.O=S(=O)([O-])C(F)(F)F,imidazolium,sulfonates,1.381
dZTwT,CCCCCC[n+]1ccn(C)c1.O=S(=O)([N-]S(=O)(=O)C(F)(F)F)C(F)(F)F,imidazolium,bistriflamides,1.3732
dZdJn,C=C[n+]1ccn(CCCC)c1.O=C([O-])C1CCCN1,imidazolium,carboxylates,1.2278
dboct,C=Cc1ccc(C[N+](CC)(CC)CC)cc1.O=S(=O)([N-]S(=O)(=O)C(F)(F)F)C(F)(F)F,ammonium,bistriflamides,1.411
dckRC,CCCCCCCCn1cc[n+](C)c1.O=S(=O)([N-]S(=O)(=O)C(F)(F)F)C(F)(F)F,imidazolium,bistriflamides,1.32
ddasB,CCCCCC[n+]1ccn(CC)c1.O=S(=O)([N-]S(=O)(=O)C(F)(F)F)C(F)(F)F,imidazolium,bistriflamides,1.345
dfFSn,CC[n+]1ccn(CCOC)c1.CC(=O)[O-],imidazolium,carboxylates,1.1924000000000001
dhJYB,CC[n+]1ccn(C)c1.N#C[C-](C#N)C#N,imidazolium,methanides,1.0819
diqpC,CC[n+]1ccn(C)c1.CC(N)C(=O)[O-],imidazolium,carboxylates,1.1360999999999999
dlfoo,CC(C)C[n+]1ccn(C)c1.O=S(=O)([N-]S(=O)(=O)C(F)(F)F)C(F)(F)F,imidazolium,bistriflamides,1.4363
dmjdZ,CCCC[n+]1cccc(C)c1.O=S(=O)([N-]S(=O)(=O)C(F)(F)F)C(F)(F)F,pyridinium,bistriflamides,1.4225999999999999
dnBeJ,CCCCCn1cc[n+](CC)c1.O=S(=O)([N-]S(=O)(=O)C(F)(F)F)C(F)(F)F,imidazolium,bistriflamides,1.3894000000000002
dnzrs,CCCC[n+]1ccn(C)c1.N#C[N-]C#N,imidazolium,amides,1.0611
doPZd,CCCC[N+]1(C)CCCC1.O=S(=O)([N-]S(=O)(=O)C(F)(F)F)C(F)(F)F,pyrrolidinium,bistriflamides,1.3947
dpFZW,CCC[N+]1(C)CCCCC1.O=S(=O)(F)[N-]S(=O)(=O)F,piperidinium,bistriflamides,1.3206
dpZSl,CC[n+]1ccsc1.O=S(=O)([N-]S(=O)(=O)C(F)(F)F)C(F)(F)F,thiazolium,bistriflamides,1.616
dqBFP,CCCC[n+]1ccn(C)c1.O=C([O-])C(F)(F)F,imidazolium,carboxylates,1.217
dqLQT,CCCC[n+]1ccn(C)c1.F[P-](F)(F)(F)(F)F,imidazolium,phosphates,1.3672
dqaIj,C[n+]1ccn(CC2CCCCC2)c1.O=S(=O)([N-]S(=O)(=O)C(F)(F)F)C(F)(F)F,imidazolium,bistriflamides,1.4105
dqdpq,CC[n+]1ccn(C)c1.O=S(=O)([N-]S(=O)(=O)C(F)(F)F)C(F)(F)F,imidazolium,bistriflamides,1.519
drLFv,CC[S+](C)CC.O=S(=O)([N-]S(=O)(=O)C(F)(F)F)C(F)(F)F,sulfonium,bistriflamides,1.5023
dsJYe,CCCCCC[n+]1ccn(C)c1.O=S(=O)([N-]S(=O)(=O)C(F)(F)F)C(F)(F)F,imidazolium,bistriflamides,1.357
duKyz,CCCC[n+]1ccn(C)c1.N#C[N-]C#N,imidazolium,amides,1.0603
duhXg,CCCC[N+]1(C)CCCC1.CC(=O)[O-],pyrrolidinium,carboxylates,1.0212
dvFPB,CCCC[n+]1ccn(C)c1.N#C[S-],imidazolium,inorganics,1.0697999999999999
dvROB,CC[n+]1cccc(C)c1.CCOS(=O)(=O)[O-],pyridinium,sulfates,1.2223
dvjyq,CCCCCCn1cc[n+](C)c1.N#C[C-](C#N)C#N,imidazolium,methanides,1.0206
dyxPa,CC[n+]1ccn(C)c1.O=S(=O)([N-]S(=O)(=O)C(F)(F)F)C(F)(F)F,imidazolium,bistriflamides,1.5012999999999999
dzOMq,CCCCCC[n+]1ccn(C)c1.O=S(=O)([N-]S(=O)(=O)C(F)(F)F)C(F)(F)F,imidazolium,bistriflamides,1.37
dzTJH,c1cc[nH+]cc1.CCOCCOS(=O)(=O)[O-],pyridinium,sulfates,1.281
dzxmv,CCCC[n+]1ccn(C)c1.O=S(=O)([N-]S(=O)(=O)C(F)(F)F)C(F)(F)F,imidazolium,bistriflamides,1.4365
eAkNm,CCCC[n+]1ccn(C)c1.O=S(=O)([N-]S(=O)(=O)C(F)(F)F)C(F)(F)F,imidazolium,bistriflamides,1.4359000000000002
eBFrj,CCCCCC[n+]1ccn(C)c1.O=S(=O)([N-]S(=O)(=O)C(F)(F)F)C(F)(F)F,imidazolium,bistriflamides,1.372125
eBzrx,CC[n+]1ccn(C)c1.CCOS(=O)(=O)[O-],imidazolium,sulfates,1.2386
eCzzj,Cn1cc[n+](C)c1.COP(=O)([O-])OC,imidazolium,organic phosphates,1.2612999999999999
eDCzJ,CCCC[n+]1ccn(C)c1.N#C[N-]C#N,imidazolium,amides,1.0616700000000001
eDNQb,CCCC[N+]1(C)CCOCC1.CC(=O)NC(C(=O)[O-])C(C)C,morpholinium,carboxylates,1.0826
eEjhD,CCCC[n+]1ccn(C)c1.N#C[S-],imidazolium,inorganics,1.0702
eEpVO,CCCC[n+]1ccn(C)c1.O=P([O-])(O)O,imidazolium,organic phosphates,1.1765
eHXkT,CCCC[n+]1ccn(C)c1.O=S(=O)([O-])C(F)(F)C(F)F,imidazolium,sulfonates,1.337
eIChS,CC[n+]1ccn(C)c1.CS(=O)(=O)[O-],imidazolium,sulfonates,1.23996
eIKgF,CC[n+]1ccn(C)c1.CC(=O)[O-],imidazolium,carboxylates,1.102
eIstS,CCCCCCCC[n+]1ccc2ccccc2c1.N#C[S-],quinlolinium,inorganics,1.0617
eIvEr,CCCC[n+]1ccn(C)c1.O=S(=O)([N-]S(=O)(=O)C(F)(F)F)C(F)(F)F,imidazolium,bistriflamides,1.43974
eJmfB,CCCCCCCC[n+]1ccn(C)c1.F[P-](F)(F)(F)(F)F,imidazolium,phosphates,1.22
eJqXP,CCCCC[P+](CC)(CC)CC.O=S(=O)([N-]S(=O)(=O)C(F)(F)F)C(F)(F)F,phosphonium,bistriflamides,1.3028
eMiov,CCCC[n+]1ccn(C)c1.COS(=O)(=O)[O-],imidazolium,sulfates,1.2087999999999999
eMpxk,CCCC[N+](C)(C)CC.O=S(=O)([N-]S(=O)(=O)C(F)(F)F)C(F)(F)F,ammonium,bistriflamides,1.3720750000000002
eNAiQ,CCCC[n+]1ccn(C)c1.F[P-](F)(F)(F)(F)F,imidazolium,phosphates,1.3635
eNdaH,Cc1ccc[n+](CC(C)C)c1.O=S(=O)([N-]S(=O)(=O)C(F)(F)F)C(F)(F)F,pyridinium,bistriflamides,1.4125999999999999
eOYGL,CCCCCC[n+]1ccn(C)c1.O=S(=O)([N-]S(=O)(=O)C(F)(F)F)C(F)(F)F,imidazolium,bistriflamides,1.3725
eQPwD,CC[n+]1ccn(C)c1.N#C[S-],imidazolium,inorganics,1.1155
eRNXd,CCCCCCCCCC[n+]1ccccc1.O=S(=O)([N-]S(=O)(=O)C(F)(F)F)C(F)(F)F,pyridinium,bistriflamides,1.286
eRWYX,CCCC[n+]1ccn(C)c1.F[P-](F)(F)(F)(F)F,imidazolium,phosphates,1.37
eRwbu,CCCn1cc[n+](C)c1.[Br-],imidazolium,inorganics,1.3162
eSZPS,C=CCn1cc[n+](C)c1.CCC(=O)[O-],imidazolium,carboxylates,1.086
eTgnF,CCCCCCC[n+]1ccn(C)c1.N#C[C-](C#N)C#N,imidazolium,methanides,1.0096
eTwMG,CCCCCCCC[n+]1ccn(C)c1.O=S(=O)([O-])C(F)(F)F,imidazolium,sulfonates,1.12
eVVzV,CCCC[n+]1ccn(C)c1.N#C[C-](C#N)C#N,imidazolium,methanides,1.0473
eViqI,CCCC[n+]1ccn(C)c1.N#C[N-]C#N,imidazolium,amides,1.0604
eWFCG,CCCC[n+]1ccn(C)c1.N#C[C-](C#N)C#N,imidazolium,methanides,1.047
eXQoz,CCCC[n+]1ccn(C)c1.NCCS(=O)(=O)[O-],imidazolium,sulfonates,1.192
eXhKH,CCCCCC[n+]1ccn(C)c1.[Cl-],imidazolium,inorganics,1.0429000000000002
eXnba,CCCCCCn1cc[n+](C)c1.FC(F)(F)C(F)(F)[P-](F)(F)(F)(C(F)(F)C(F)(F)F)C(F)(F)C(F)(F)F,imidazolium,phosphates,1.5500999999999998
eYWXd,CCCC[n+]1ccn(C)c1.F[P-](F)(F)(F)(F)F,imidazolium,phosphates,1.368
eZCEY,CC[n+]1ccn(C)c1.COS(=O)(=O)[O-],imidazolium,sulfates,1.2774
eZGGB,C[NH2+]CCO.CC(=O)[O-],ammonium,carboxylates,1.10089375
eZrQK,CCCCCn1cc[n+](CCCCC)c1.O=S(=O)([N-]S(=O)(=O)C(F)(F)F)C(F)(F)F,imidazolium,bistriflamides,1.2924
eaHnu,C=CC[NH+](C)CC=C.O=S(=O)([O-])C(F)(F)F,ammonium,sulfonates,1.253
eeBwD,Cn1cc[n+](C)c1.COP(=O)([O-])OC,imidazolium,organic phosphates,1.2526
eeqwO,CCCC[n+]1ccn(C)c1.N#C[N-]C#N,imidazolium,amides,1.0587
egLmU,CCn1cc[n+](C)c1.FC(F)(F)C(F)(F)[P-](F)(F)(F)(C(F)(F)C(F)(F)F)C(F)(F)C(F)(F)F,imidazolium,phosphates,1.70932
egcdc,CC[S+]1CCCC1.N#C[N-]C#N,cyclic sulfonium,amides,1.135
ehAcr,CCCn1cc[n+](C)c1.O=S(=O)([N-]S(=O)(=O)C(F)(F)F)C(F)(F)F,imidazolium,bistriflamides,1.4755999999999998
eiQzS,CCCCCCn1cc[n+](C)c1.FC(F)(F)C(F)(F)[P-](F)(F)(F)(C(F)(F)C(F)(F)F)C(F)(F)C(F)(F)F,imidazolium,phosphates,1.56
ekCgs,CCCCCCCCCCCCCC[P+](CCCCCC)(CCCCCC)CCCCCC.N#C[N-]C#N,phosphonium,amides,0.921
ekKNs,CC[n+]1ccn(C)c1.O=S(=O)([O-])C(F)(F)F,imidazolium,sulfonates,1.3828
ekRzC,CCCCCC[n+]1ccc(C#N)cc1.O=S(=O)([N-]S(=O)(=O)C(F)(F)F)C(F)(F)F,pyridinium,bistriflamides,1.4071
eoUbA,C[n+]1ccn(CCCS(=O)(=O)O)c1.CC(=O)[O-],imidazolium,carboxylates,1.2635999999999998
eocKf,CCn1cc[n+](C)c1.FC(F)(F)C(F)(F)[P-](F)(F)(F)(C(F)(F)C(F)(F)F)C(F)(F)C(F)(F)F,imidazolium,phosphates,1.70905
eqCVi,CCn1cc[n+](C)c1.FC(F)(F)C(F)(F)[P-](F)(F)(F)(C(F)(F)C(F)(F)F)C(F)(F)C(F)(F)F,imidazolium,phosphates,1.708
ergvb,CCCCCCCC[P+](CC)(CC)CC.Cc1n[n-]cc1Br,phosphonium,cyclic amides,1.119
esDeE,CCCCCOC[N+](C)(C)CCO.O=S(=O)([N-]S(=O)(=O)C(F)(F)F)C(F)(F)F,ammonium,bistriflamides,1.378
eteMT,CCCC[P+](C)(CCCC)CCCC.COS(=O)(=O)[O-],phosphonium,sulfates,1.0585
euGnZ,CC[n+]1ccn(C)c1.NCC(=O)[O-],imidazolium,carboxylates,1.1547
euivB,CCCCCCCCCCCCCC[P+](CCCCCC)(CCCCCC)CCCCCC.CC(CC(C)(C)C)CP(=O)([O-])CC(C)CC(C)(C)C,phosphonium,organic phosphates,0.891
eusgd,CCCC[n+]1ccn(C)c1.N#C[N-]C#N,imidazolium,amides,1.0605
exkDg,CCCC[n+]1ccn(C)c1.[O-][Cl+3]([O-])([O-])[O-],imidazolium,inorganics,1.2585
eyYCf,CCCC[n+]1ccn(C)c1.N#C[S-],imidazolium,inorganics,1.0697999999999999
fAhAz,CC[n+]1ccn(C)c1.CCOS(=O)(=O)[O-],imidazolium,sulfates,1.236
fBXmF,CCC[N+]1(C)CCCC1.O=S(=O)([N-]S(=O)(=O)C(F)(F)F)C(F)(F)F,pyrrolidinium,bistriflamides,1.4274
fDSSv,CCOC[N+]1(C)CCCC1.O=S(=O)([N-]S(=O)(=O)C(F)(F)F)C(F)(F)F,pyrrolidinium,bistriflamides,1.4390999999999998
fDxYt,CCCCCC[n+]1ccn(C)c1.O=S(=O)([N-]S(=O)(=O)C(F)(F)F)C(F)(F)F,imidazolium,bistriflamides,1.3755
fIfpY,CCCC[n+]1cscc1C.O=S(=O)([N-]S(=O)(=O)C(F)(F)F)C(F)(F)F,thiazolium,bistriflamides,1.4883
fIsaA,CCCC[n+]1ccn(CCCS(=O)(=O)O)c1.CC(=O)[O-],imidazolium,carboxylates,1.1794
fJKbp,CCCCCCCCCCCCCC[P+](CCCCCC)(CCCCCC)CCCCCC.CC(CC(C)(C)C)CP(=O)([O-])CC(C)CC(C)(C)C,phosphonium,organic phosphates,0.8864299999999999
fMAWE,CCCC[n+]1ccn(C)c1.F[P-](F)(F)(F)(F)F,imidazolium,phosphates,1.368
fQALg,COCC[N+]1(C)CCCC1.FC(F)(F)C(F)(F)[P-](F)(F)(F)(C(F)(F)C(F)(F)F)C(F)(F)C(F)(F)F,pyrrolidinium,phosphates,1.6303599999999998
fQeIn,CCCCCCCCn1cc[n+](C)c1.[Cl-],imidazolium,inorganics,1.012
fRAXI,C=CC[n+]1ccn(C)c1.N#C[N-]C#N,imidazolium,amides,1.1097000000000001
fSCNE,CCCC[n+]1ccn(C)c1.F[P-](F)(F)(F)(F)F,imidazolium,phosphates,1.3760999999999999
fVRUc,CCCC[n+]1cccc(C)c1.O=S(=O)([N-]S(=O)(=O)C(F)(F)F)C(F)(F)F,pyridinium,bistriflamides,1.412
fVVDZ,CCCCCCCOC[N+](C)(C)CCO.O=S(=O)([N-]S(=O)(=O)C(F)(F)F)C(F)(F)F,ammonium,bistriflamides,1.309
fVZGx,CCCCCCCCn1cc[n+](CC)c1.[Br-],imidazolium,inorganics,1.1454000000000002
fVaon,CCCCCC[n+]1ccn(C)c1.F[P-](F)(F)(F)(F)F,imidazolium,phosphates,1.2937
fWIUP,CCCC[n+]1ccn(C)c1.F[P-](F)(F)(F)(F)F,imidazolium,phosphates,1.3660999999999999
fXybO,CC[NH+](CC)CC.O=S(=O)([O-])O,ammonium,sulfates,1.1429
fZqXT,CCCCCCCCCCCCCC[P+](CCCCCC)(CCCCCC)CCCCCC.CC(CC(C)(C)C)CP(=O)([O-])CC(C)CC(C)(C)C,phosphonium,organic phosphates,0.8864
fcYWk,CCCC[n+]1ccn(C)c1.COP(=O)([O-])OC,imidazolium,organic phosphates,1.1619000000000002
fdErM,CCCC[n+]1ccn(C)c1.O=S(=O)([O-])C(F)(F)F,imidazolium,sulfonates,1.2983
fdEsH,CCCC[n+]1ccn(C)c1.N#C[N-]C#N,imidazolium,amides,1.0602
ffqku,CCCn1cc[n+](C)c1C.O=S(=O)([C-](S(=O)(=O)C(F)(F)F)S(=O)(=O)C(F)(F)F)C(F)(F)F,imidazolium,methanides,1.597
fgbFy,CC(C)C[P+](C)(CC(C)C)CC(C)C.Cc1ccc(S(=O)(=O)[O-])cc1,phosphonium,sulfonates,1.069
fgvyn,CC[n+]1ccn(C)c1.CC(=O)[O-],imidazolium,carboxylates,1.0978299999999999
fhxOq,CC[n+]1ccn(C)c1.N#C[C-](C#N)C#N,imidazolium,methanides,1.0815
fhyUM,CC[n+]1ccn(C)c1.CC(=O)[O-],imidazolium,carboxylates,1.0983
fjGCU,CCCCCCCC[P+](CC)(CC)CC.O=S(=O)([N-]S(=O)(=O)C(F)(F)F)C(F)(F)F,phosphonium,bistriflamides,1.244
fkMxT,CC[n+]1ccn(C)c1.N#C[S-],imidazolium,inorganics,1.11596
flIqn,CCCC[N+]1(C)CCCC1.N#C[C-](C#N)C#N,pyrrolidinium,methanides,1.0068
fljHK,CCC[N+](C)(C)C.O=S(=O)([N-]S(=O)(=O)C(F)(F)F)C(F)(F)F,ammonium,bistriflamides,1.4085
flrGY,CC[n+]1ccn(C)c1.N#C[N-]C#N,imidazolium,amides,1.1014000000000002
flsUv,CC[n+]1ccn(C)c1.NCC(=O)[O-],imidazolium,carboxylates,1.1684
fnxTe,CCCC[n+]1ccn(CC)c1.[Br-],imidazolium,inorganics,1.2594
fqmis,CCCC[n+]1ccn(C)c1.COCCOCCOS(=O)(=O)[O-],imidazolium,sulfates,1.1754
fwbox,CC[n+]1ccn(C)c1.O=S(=O)([O-])O,imidazolium,sulfates,1.366
fyLLn,COC(=O)CCC[n+]1ccn(C)c1.N#C[N-]C#N,imidazolium,amides,1.1735
fyarj,CCCCCCCCCCCC[n+]1cc[nH]c1.O=S(=O)([N-]S(=O)(=O)C(F)(F)F)C(F)(F)F,imidazolium,bistriflamides,1.2607000000000002
fygJu,CCCCn1cc[n+](C)c1.CC(C)Cc1ccc(C(C)C(=O)[O-])cc1,imidazolium,carboxylates,1.029
fzXvD,Cn1cc[n+](CCCC#N)c1.N#C[N-]C#N,imidazolium,amides,1.1524
gAPMH,CCCC[n+]1ccn(C)c1.CCCCCCCCOS(=O)(=O)[O-],imidazolium,sulfates,1.0675999999999999
gBXpB,CCCn1cc[n+](C)c1C.O=[N+]([O-])c1cn[n-]c1,imidazolium,cyclic amides,1.1822000000000001
gBjCe,C=Cc1ccc(C[N+]2(C)CCCC2)cc1.O=S(=O)([N-]S(=O)(=O)C(F)(F)F)C(F)(F)F,pyrrolidinium,bistriflamides,1.257
gCObY,CCCCCCCCCCCCCC[P+](CCCCCC)(CCCCCC)CCCCCC.O=[N+]([O-])c1c[n-]cn1,phosphonium,cyclic amides,0.9401
gEHWn,C[N+]1(CCCO)CCOCC1.O=S(=O)([N-]S(=O)(=O)C(F)(F)F)C(F)(F)F,morpholinium,bistriflamides,1.5360999999999998
gEWlz,CC[n+]1ccn(C)c1.CC(=O)[O-],imidazolium,carboxylates,1.1019
gEukJ,CCC[N+](C)(CC)CC.O=S(=O)([N-]S(=O)(=O)C(F)(F)F)C(F)(F)F,ammonium,bistriflamides,1.42
gGhSU,CCCC[n+]1ccn(C)c1.O=S(=O)([O-])C(F)(F)F,imidazolium,sulfonates,1.30363
gImjx,CCCC[N+]1(C)CCCC1.O=S(=O)(F)[N-]S(=O)(=O)F,pyrrolidinium,bistriflamides,1.307
gIpUB,CCCC[n+]1ccn(C)c1.F[P-](F)(F)(F)(F)F,imidazolium,phosphates,1.3662999999999998
gKVvC,CC[N+](C)(C)CCOC.O=S(=O)([N-]S(=O)(=O)C(F)(F)F)C(F)(F)F,ammonium,bistriflamides,1.4249
gMHAE,CCCCCCC[n+]1ccn(C)c1.F[P-](F)(F)(F)(F)F,imidazolium,phosphates,1.262
gNmuB,C=Cc1ccc(C[N+](C)(C)CCCCCCCCCC)cc1.O=S(=O)([N-]S(=O)(=O)C(F)(F)F)C(F)(F)F,ammonium,bistriflamides,1.313
gNwlY,CCCC[n+]1ccn(CC)c1.O=S(=O)([N-]S(=O)(=O)C(F)(F)F)C(F)(F)F,imidazolium,bistriflamides,1.403
gQXKW,CC[n+]1ccn(C)c1.CCOS(=O)(=O)[O-],imidazolium,sulfates,1.2363
gTlEV,CCCC[n+]1ccn(C)c1.O=S(=O)([N-]S(=O)(=O)C(F)(F)F)C(F)(F)F,imidazolium,bistriflamides,1.4342300000000001
gUxIv,CC[n+]1ccn(C)c1.CCOS(=O)(=O)[O-],imidazolium,sulfates,1.2372
gVoAh,CCCCC[n+]1ccn(C)c1.CC(O)C(=O)[O-],imidazolium,carboxylates,1.106
gYQJK,CCCCCCCCCCCCCC[P+](CCCCCC)(CCCCCC)CCCCCC.N#C[N-]C#N,phosphonium,amides,0.8989
gbRwr,CCCCCC[n+]1ccccc1.O=S(=O)([N-]S(=O)(=O)C(F)(F)F)C(F)(F)F,pyridinium,bistriflamides,1.3877000000000002
geMCn,CCCC[n+]1ccn(C)c1.O=S(=O)([N-]S(=O)(=O)C(F)(F)F)C(F)(F)F,imidazolium,bistriflamides,1.4344400000000002
ghMZT,CC[n+]1ccn(C)c1.CC(=O)[O-],imidazolium,carboxylates,1.0977999999999999
ghbxU,CCCC[n+]1ccn(C)c1.F[P-](F)(F)(F)(F)F,imidazolium,phosphates,1.3680999999999999
giYcB,Cn1cc[n+](C)c1.COS(=O)(=O)[O-],imidazolium,sulfates,1.3272
gidqL,Cn1cc[n+](C(C)(C)C)c1.O=S(=O)([N-]S(=O)(=O)C(F)(F)F)C(F)(F)F,imidazolium,bistriflamides,1.4465999999999999
gjyEQ,CC[n+]1ccn(C)c1.N#C[C-](C#N)C#N,imidazolium,methanides,1.08138
glRbQ,CC[N+](C)(CC)CCOC.O=S(=O)([N-]S(=O)(=O)C(F)(F)F)C(F)(F)F,ammonium,bistriflamides,1.4069
gmCvy,CCCC[n+]1ccn(C)c1.O=S(=O)([N-]S(=O)(=O)C(F)(F)F)C(F)(F)F,imidazolium,bistriflamides,1.43682
gmEkB,CCC[n+]1cccc(C)c1.O=S(=O)([N-]S(=O)(=O)C(F)(F)F)C(F)(F)F,pyridinium,bistriflamides,1.4514
goRkS,CCC[n+]1cccc(C)c1.O=S(=O)([N-]S(=O)(=O)C(F)(F)F)C(F)(F)F,pyridinium,bistriflamides,1.4487999999999999
goqBT,OCC[n+]1ccccc1.O=S(=O)([N-]S(=O)(=O)C(F)(F)F)C(F)(F)F,pyridinium,bistriflamides,1.58951
grXxm,CCCCCC[N+](CCCCCC)(CCCCCC)CCCCCC.CCCCCCCCC=CCCCCCCCC(=O)[O-],ammonium,carboxylates,0.8869
guLkE,CCCC[n+]1ccn(C)c1.O=S(=O)([N-]S(=O)(=O)C(F)(F)F)C(F)(F)F,imidazolium,bistriflamides,1.43658
gvCqb,CCCC[P+](CCCC)(CCCC)CCCC.O=C([O-])C1CCCN1,phosphonium,carboxylates,0.9711000000000001
gvKPN,CCCCCCCCCC[n+]1ccn(C)c1.O=S(=O)([N-]S(=O)(=O)C(F)(F)F)C(F)(F)F,imidazolium,bistriflamides,1.28
gxERh,CCCCCCCCCCCCOC[N+](C)(C)CCO.O=S(=O)([N-]S(=O)(=O)C(F)(F)F)C(F)(F)F,ammonium,bistriflamides,1.194
gxINr,CCCCCCCC[n+]1ccn(C)c1.F[P-](F)(F)(F)(F)F,imidazolium,phosphates,1.239
gxqhR,CCC[N+]1(C)CCCCC1.O=S(=O)([N-]S(=O)(=O)C(F)(F)F)C(F)(F)F,piperidinium,bistriflamides,1.4098
gxwZz,CCCC[n+]1ccn(CC)c1.[Br-],imidazolium,inorganics,1.2594
gzDmd,CC[n+]1ccn(C)c1.O=S(=O)([N-]S(=O)(=O)C(F)(F)F)C(F)(F)F,imidazolium,bistriflamides,1.5147
hBBQd,CC[n+]1ccn(C)c1.CS(=O)(=O)[O-],imidazolium,sulfonates,1.24206
hBzJJ,CC[N+](C)(C)CCCOC.O=S(=O)([N-]S(=O)(=O)C(F)(F)F)C(F)(F)F,ammonium,bistriflamides,0.0014019999999999998
hDLTn,CCCC[n+]1ccccc1.O=S(=O)([N-]S(=O)(=O)C(F)(F)F)C(F)(F)F,pyridinium,bistriflamides,1.4489
hEHof,CCCC[n+]1ccn(C)c1.F[P-](F)(F)(F)(F)F,imidazolium,phosphates,1.353
hFcUj,CCCC[n+]1cccc(C)c1.O=S(=O)([O-])C(F)(F)F,pyridinium,sulfonates,1.2794100000000002
hFlPi,C[NH+](C)C.CC(=O)[O-],ammonium,carboxylates,1.05385
hGMdv,CC[n+]1ccn(C)c1.CCOS(=O)(=O)[O-],imidazolium,sulfates,1.2367000000000001
hGwRK,CN(C)C(=[NH2+])N(C)C.c1c[n-]cn1,guanidinium,cyclic amides,0.9927999999999999
hHGJx,C[N+]1=C(O)CCC1.CCCCCC(=O)[O-],amidium,carboxylates,0.97881
hIEux,CCCCCC[N+]1(C)CCOCC1.CC(=O)NC(C)C(=O)[O-],morpholinium,carboxylates,1.0869000000000002
hKKNL,CCCCCC[n+]1ccn(C)c1.O=S(=O)([N-]S(=O)(=O)C(F)(F)F)C(F)(F)F,imidazolium,bistriflamides,1.3720999999999999
hKQFE,C[NH+](C)C.O=S(=O)([O-])O,ammonium,sulfates,1.4676
hKusQ,CCCCCC[n+]1ccccc1.O=S(=O)([N-]S(=O)(=O)C(F)(F)F)C(F)(F)F,pyridinium,bistriflamides,1.3942
hPuQW,CCCCCCn1cc[n+](C)c1.FC(F)(F)C(F)(F)[P-](F)(F)(F)(C(F)(F)C(F)(F)F)C(F)(F)C(F)(F)F,imidazolium,phosphates,1.55006
hQDdB,COCC[n+]1ccccc1.O=S(=O)([N-]S(=O)(=O)C(F)(F)F)C(F)(F)F,pyridinium,bistriflamides,1.5175
hQcbJ,CCCCCC[n+]1ccn(C)c1.O=S(=O)([N-]S(=O)(=O)C(F)(F)F)C(F)(F)F,imidazolium,bistriflamides,1.3722999999999999
hTTzs,OCC[NH2+]c1ccccc1.CCC(=O)[O-],ammonium,carboxylates,1.073
hYxiG,CCCC[n+]1ccn(C)c1.O=S(=O)([N-]S(=O)(=O)C(F)(F)F)C(F)(F)F,imidazolium,bistriflamides,1.4363
haPvi,CCCCCCCCCCCCCC[P+](CCCCCC)(CCCCCC)CCCCCC.CCCCCCCCCC(=O)[O-],phosphonium,carboxylates,0.8806
haaUu,CCn1cc[n+](C)c1.O=c1cc[n-]c(=O)[nH]1,imidazolium,amides,1.22912
hciRb,CC[n+]1ccn(C)c1.O=S(=O)([N-]S(=O)(=O)C(F)(F)F)C(F)(F)F,imidazolium,bistriflamides,1.51776
hfCWU,CCCC[N+](C)(C)C(C)C.O=S(=O)([N-]S(=O)(=O)C(F)(F)F)C(F)(F)F,ammonium,bistriflamides,1.36
hfURX,CCCC[n+]1ccn(C)c1.O=S(=O)([O-])C(F)(F)F,imidazolium,sulfonates,1.2987
hhDTC,CCCCCC[n+]1ccn(C)c1.CCOS(=O)(=O)[O-],imidazolium,sulfates,1.138
hjJlL,CCCCCCSC(N(C)C)=[N+](C)C.O=S(=O)([N-]S(=O)(=O)C(F)(F)F)C(F)(F)F,amidium,bistriflamides,1.339
hjSfS,CCCCCC[N+]1(C)CCOCC1.CC(=O)NC(C(=O)[O-])C(C)C,morpholinium,carboxylates,1.0693
hkNMM,COCC[n+]1ccn(C)c1.O=S(=O)([N-]S(=O)(=O)C(F)(F)F)C(F)(F)F,imidazolium,bistriflamides,1.5052999999999999
hncHP,CCCCCC[n+]1ccn(C)c1.O=S(=O)([N-]S(=O)(=O)C(F)(F)F)C(F)(F)F,imidazolium,bistriflamides,1.372
hngCg,CCCC[n+]1cccc(C)c1.O=S(=O)([N-]S(=O)(=O)C(F)(F)F)C(F)(F)F,pyridinium,bistriflamides,1.412325
hpBdl,CCCC[n+]1ccn(C)c1.COS(=O)(=O)[O-],imidazolium,sulfates,1.214
hpQiR,N#CCC[n+]1ccn(Cc2ccccc2)c1.[Cl-],imidazolium,inorganics,1.2027
hqfhO,CCC[n+]1ccn(C)c1.NCC(=O)[O-],imidazolium,carboxylates,1.1358
hrmha,CCCCCCCCn1cc[n+](C)c1.[Br-],imidazolium,inorganics,1.173
hsjnI,CCCCCCCC[n+]1cc(C)cc(C)c1.O=S(=O)([N-]S(=O)(=O)C(F)(F)F)C(F)(F)F,pyridinium,bistriflamides,1.2855999999999999
hwCFS,CCCC[N+]1(C)C2CCC1CC(O)C2.[NH3+]C(CCC(=O)[O-])C(=O)[O-],pyrrolidinium,carboxylates,1.1562000000000001
hxMYF,[NH3+]CCO.CC(O)C(=O)[O-],ammonium,carboxylates,1.202
hxkDY,CCC[n+]1ccn(C)c1.CC(=O)[O-],imidazolium,carboxylates,1.0794000000000001
iAsnl,CC[n+]1ccn(C)c1.N#C[N-]C#N,imidazolium,amides,1.1018
iCJIK,CC[NH2+]CC.O=S(=O)([O-])O,ammonium,sulfates,1.38
iCoBO,CCCCCn1cc[n+](C)c1.CC(=O)[O-],imidazolium,carboxylates,1.0301
iDkTS,CCCCCC[n+]1ccn(C)c1.O=S(=O)([N-]S(=O)(=O)C(F)(F)F)C(F)(F)F,imidazolium,bistriflamides,1.3720899999999998
iDuxE,CCCCCCCCn1cc[n+](C)c1.[Cl-],imidazolium,inorganics,1.01235
iENsx,CCn1cc[n+](C)c1.O=C([N-]S(=O)(=O)C(F)(F)F)C(F)(F)F,imidazolium,bistriflamides,1.454
iFeNg,CCCC[n+]1ccn(C)c1.F[P-](F)(F)(F)(F)F,imidazolium,phosphates,1.3673
iGdWU,CCCCn1cc[n+](CC)c1.O=S(=O)([O-])C(F)(F)F,imidazolium,sulfonates,1.271
iKrjF,C=CC[n+]1ccn(C)c1.N#C[N-]C#N,imidazolium,amides,1.12
iNhFO,CCCC[n+]1ccn(C)c1.COS(=O)(=O)[O-],imidazolium,sulfates,1.2134
iOfaF,CCCCn1cc[n+](CCC#N)c1.CCCCCCCCOC(=O)CC(C(=O)OCCCCCCCC)S(=O)(=O)[O-],imidazolium,sulfonates,1.1105
iOkAT,CCC[n+]1ccccc1C.O=S(=O)([N-]S(=O)(=O)C(F)(F)F)C(F)(F)F,pyridinium,bistriflamides,1.46423
iPeuU,C[N+]1(CCO)CCCC1.COP(=O)([O-])OC,pyrrolidinium,organic phosphates,1.234
iPfBe,CCCCCCCCSC(N(C)C)=[N+](C)C.O=S(=O)([N-]S(=O)(=O)C(F)(F)F)C(F)(F)F,amidium,bistriflamides,1.2967
iPwyv,CCCC[n+]1ccn(C)c1.F[P-](F)(F)(F)(F)F,imidazolium,phosphates,1.3603
iPwyw,CCCCCn1cc[n+](C)c1.O=S(=O)([N-]S(=O)(=O)C(F)(F)F)C(F)(F)F,imidazolium,bistriflamides,1.40216
iRDKN,CC[n+]1ccc(C)cc1.O=S(=O)([N-]S(=O)(=O)C(F)(F)F)C(F)(F)F,pyridinium,bistriflamides,1.492
iSQDG,CCCCC[n+]1ccccc1.O=C([O-])C(F)(F)F,pyridinium,carboxylates,1.3187
iTJYz,CCCC[n+]1ccn(C)c1.CC(O)C(=O)[O-],imidazolium,carboxylates,1.1002
iUBvZ,CC[n+]1ccn(C)c1.O=S(=O)([N-]S(=O)(=O)C(F)(F)F)C(F)(F)F,imidazolium,bistriflamides,1.5164000000000002
iWBRZ,CCCCCCCCCCCCCC[P+](CCCCCC)(CCCCCC)CCCCCC.O=S(=O)([O-])C(F)(F)C(F)(F)C(F)(F)C(F)(F)F,phosphonium,sulfonates,1.08
iWHoQ,CCCC[n+]1ccn(CC)c1.F[P-](F)(F)(F)(F)F,imidazolium,phosphates,1.328
iWgVA,CC[N+]1(C)CCCC1.O=C([O-])CO,pyrrolidinium,carboxylates,1.134
iWhMm,CCCC[N+]1(C)CCCCC1.N#C[N-]C#N,piperidinium,amides,1.01613
iYnOa,CCCCCCn1cc[n+](C)c1.O=C1[N-]S(=O)(=O)c2ccccc21,imidazolium,bistriflamides,1.20335
iaFwy,CCCC[n+]1ccn(C)c1.COCCOCCOS(=O)(=O)[O-],imidazolium,sulfates,1.1905999999999999
iaaeE,CCCC[P+](CC)(CCCC)CCCC.CCOP(=O)([O-])OCC,phosphonium,organic phosphates,1.0089
icePA,CCCn1cc[n+](C)c1.NC(CO)C(=O)[O-],imidazolium,carboxylates,1.1815
ifQAe,CCCCCCCCCCCC[n+]1ccn(C)c1.O=S(=O)([N-]S(=O)(=O)C(F)(F)F)C(F)(F)F,imidazolium,bistriflamides,1.24355
ifqbz,CC[n+]1ccn(C)c1.O=S(=O)([N-]S(=O)(=O)C(F)(F)F)C(F)(F)F,imidazolium,bistriflamides,1.5192999999999999
ifydz,CCCCCC[n+]1cccc(C#N)c1.O=S(=O)([N-]S(=O)(=O)C(F)(F)F)C(F)(F)F,pyridinium,bistriflamides,1.4089
igyKQ,CCCC[N+](C)(C)CCC.O=S(=O)([N-]S(=O)(=O)C(F)(F)F)C(F)(F)F,ammonium,bistriflamides,1.348
ikyDc,CCCC[n+]1ccn(C)c1.F[P-](F)(F)(F)(F)F,imidazolium,phosphates,1.367
ipZbv,Cn1cc[n+](CCCl)c1.N#C[N-]C#N,imidazolium,amides,1.2387000000000001
iuLDI,CCCC[n+]1ccn(C)c1.N#C[C-](C#N)C#N,imidazolium,methanides,1.0468
iufPc,CC[n+]1ccn(C)c1.N#C[S-],imidazolium,inorganics,1.117
iuvca,CC[n+]1ccn(C)c1.CCOS(=O)(=O)[O-],imidazolium,sulfates,1.2385
iwJzD,CC[n+]1ccn(C)c1.CCOS(=O)(=O)[O-],imidazolium,sulfates,1.239
iwglY,CCCn1cc[n+](C)c1C.N#C[S-],imidazolium,inorganics,1.0937000000000001
jBIvB,CCCC[n+]1ccn(C)c1.N#C[N-]C#N,imidazolium,amides,1.06046
jBohf,CC[n+]1ccn(C)c1.COP(=O)([O-])OC,imidazolium,organic phosphates,1.22
jCYvw,CCCC[NH3+].O=[N+]([O-])[O-],ammonium,inorganics,1.104
jDNWh,CCCCOC[N+](C)(C)CCO.O=S(=O)([N-]S(=O)(=O)C(F)(F)F)C(F)(F)F,ammonium,bistriflamides,1.386
jDfpg,CCCC[n+]1ccn(C)c1.O=S(=O)([N-]S(=O)(=O)C(F)(F)F)C(F)(F)F,imidazolium,bistriflamides,1.43662
jDnwS,CCCCCCCCCCCCCC[P+](CCCCCC)(CCCCCC)CCCCCC.O=C([O-])C(F)(F)C(F)(F)C(F)(F)C(F)(F)C(F)(F)C(F)(F)C(F)(F)C(F)(F)F,phosphonium,carboxylates,1.155
jGYpI,CCCCCC[n+]1ccn(COC2CC(C)CCC2C(C)C)c1.O=S(=O)([N-]S(=O)(=O)C(F)(F)F)C(F)(F)F,imidazolium,bistriflamides,1.23746
jIMYy,CCCC[n+]1ccn(C)c1.O=S(=O)([N-]S(=O)(=O)C(F)(F)F)C(F)(F)F,imidazolium,bistriflamides,1.44
jIlAV,CC[n+]1ccn(C)c1.CCOP(=O)([O-])OCC,imidazolium,organic phosphates,1.14886
jJZir,CCn1cc[n+](C)c1.O=c1[n-]cnc2nc[nH]c12,imidazolium,amides,1.2621900000000001
jJnNk,CCCC[n+]1cccc(C#N)c1.O=S(=O)([N-]S(=O)(=O)C(F)(F)F)C(F)(F)F,pyridinium,bistriflamides,1.4798
jJoGk,CCCC[n+]1ccn(C)c1.CC(=O)[O-],imidazolium,carboxylates,1.0527
jKhWO,CCCCCC[n+]1ccn(C)c1.O=S(=O)([N-]S(=O)(=O)C(F)(F)F)C(F)(F)F,imidazolium,bistriflamides,1.372
jKrwc,CCCC[n+]1cccc(C)c1C.O=S(=O)([N-]S(=O)(=O)C(F)(F)F)C(F)(F)F,pyridinium,bistriflamides,1.3847
jMDYD,CCCC[n+]1ccccc1.O=S(=O)([N-]S(=O)(=O)C(F)(F)F)C(F)(F)F,pyridinium,bistriflamides,1.4487
jMTdU,CCCC[n+]1ccn(C)c1.N#C[N-]C#N,imidazolium,amides,1.0606
jMgwv,CC[NH+]1CCNCC1.CCC(=O)[O-],piperazinium,carboxylates,1.0084
jOkAc,CCCC[n+]1ccn(C)c1.N#C[C-](C#N)C#N,imidazolium,methanides,1.0472000000000001
jPMgg,CCCC[N+]1(C)CCCC1.O=S(=O)([N-]S(=O)(=O)C(F)(F)F)C(F)(F)F,pyrrolidinium,bistriflamides,1.394
jQGTZ,CCCCC[P+](CC)(CC)CC.O=S(=O)([N-]S(=O)(=O)C(F)(F)F)C(F)(F)F,phosphonium,bistriflamides,1.305
jQqzY,CCCCCC[N+](C)(C)C.O=S(=O)([N-]S(=O)(=O)C(F)(F)F)C(F)(F)F,ammonium,bistriflamides,1.311
jRAmi,CCCC[P+](C)(CCCC)CCCC.COS(=O)(=O)[O-],phosphonium,sulfates,1.0672000000000001
jRRHc,CCCCC[P+](CC)(CC)CC.O=S(=O)([N-]S(=O)(=O)C(F)(F)F)C(F)(F)F,phosphonium,bistriflamides,1.3022
jViUu,CCCCCC[n+]1ccn(C)c1.F[P-](F)(F)(F)(F)F,imidazolium,phosphates,1.292
jXLnf,CCCC[n+]1ccn(C)c1.O=S(=O)([O-])C(F)(F)F,imidazolium,sulfonates,1.3034
jZpFy,CCCC[N+]1(C)CCCCC1.O=S(=O)([N-]S(=O)(=O)C(F)(F)F)C(F)(F)F,piperidinium,bistriflamides,1.3797000000000001
jarRt,CCC[N+]1(C)CCCC1.CC(=O)[O-],pyrrolidinium,carboxylates,1.04
jfbpO,CCCn1cc[n+](C)c1.O=S(=O)([N-]S(=O)(=O)C(F)(F)F)C(F)(F)F,imidazolium,bistriflamides,1.47444
jgipd,CCCC[n+]1ccn(C)c1.CC(C)(C)C(=O)[O-],imidazolium,carboxylates,1.057
jhfqs,CCCC[n+]1ccc(C)cc1.O=S(=O)([N-]S(=O)(=O)C(F)(F)F)C(F)(F)F,pyridinium,bistriflamides,1.4187
jjKND,CCCC[N+]1(C)CCCC1.O=S(=O)([O-])C(F)(F)F,pyrrolidinium,sulfonates,1.2521
jjoxO,CCCC[n+]1ccn(C)c1.O=S(=O)([N-]S(=O)(=O)C(F)(F)F)C(F)(F)F,imidazolium,bistriflamides,1.4341
jnVsk,CC[n+]1ccn(C)c1.N#C[C-](C#N)C#N,imidazolium,methanides,1.0812
jnyMZ,CCCC[N+]1(C)CCCCC1.N#C[C-](C#N)C#N,piperidinium,methanides,1.007
joDMw,CC[n+]1ccccc1.O=S(=O)([N-]S(=O)(=O)C(F)(F)F)C(F)(F)F,pyridinium,bistriflamides,1.532
jpqdy,CCCCCCCCCCCCn1cc[n+](CC)c1.[Br-],imidazolium,inorganics,1.081
jvVjG,OCC[NH2+]c1ccccc1.CCCCCC(=O)[O-],ammonium,carboxylates,1.0355
jvwzN,CCCC[N+]1(C)CCCCC1.N#C[N-]C#N,piperidinium,amides,1.0166
kCwWp,CCCC[n+]1ccn(C)c1.O=S(=O)([N-]S(=O)(=O)C(F)(F)F)C(F)(F)F,imidazolium,bistriflamides,1.4370999999999998
kDiSM,CCCCCCCC[P+](CC)(CC)CC.Clc1n[n-]c2ccccc12,phosphonium,cyclic amides,1.043
kEdSU,CCCC[n+]1ccn(C)c1.F[P-](F)(F)(F)(F)F,imidazolium,phosphates,1.37
kEiqQ,CCCCC[S+]1CCCC1.O=S(=O)([N-]S(=O)(=O)C(F)(F)F)C(F)(F)F,cyclic sulfonium,bistriflamides,1.31
kFTCD,CC[n+]1ccn(C)c1.COS(=O)(=O)[O-],imidazolium,sulfates,1.2798399999999999
kFhgB,CCCC[S+]1CCCC1.O=S(=O)([N-]S(=O)(=O)C(F)(F)F)C(F)(F)F,cyclic sulfonium,bistriflamides,1.3
kFnAm,CC[n+]1ccn(C)c1.O=S(=O)(F)[N-]S(=O)(=O)F,imidazolium,bistriflamides,1.4414
kHtJg,CCCCCC[n+]1ccn(C)c1.O=S(=O)([N-]S(=O)(=O)C(F)(F)F)C(F)(F)F,imidazolium,bistriflamides,1.391
kIHQC,N#CCCC[n+]1ccccc1.N#C[N-]C#N,pyridinium,amides,1.168
kKgok,CC[NH+](CC)CC.CC(=O)[O-],ammonium,carboxylates,1.0159
kKngV,CCCC[N+]1(C)C2CCC1CC(O)C2.NC(Cc1c[nH]c2ccccc12)C(=O)[O-],pyrrolidinium,carboxylates,1.1407
kMUXc,CCCCCC[n+]1ccn(C)c1.[Cl-],imidazolium,inorganics,1.04092
kNjII,CCCC[n+]1cc(C)cc(C)c1.O=S(=O)([N-]S(=O)(=O)C(F)(F)F)C(F)(F)F,pyridinium,bistriflamides,1.3816
kQomp,CCCCCCCCC[n+]1ccn(C)c1.F[P-](F)(F)(F)(F)F,imidazolium,phosphates,1.212
kREXL,CCOCCn1cc[n+](C)c1.CC(O)C(=O)[O-],imidazolium,carboxylates,1.1291
kYERe,CCCCCC[n+]1ccn(C)c1.N#Cc1ccc[n-]1,imidazolium,cyclic amides,1.0218
kYdCt,CCCC[n+]1ccn(C)c1.COS(=O)(=O)[O-],imidazolium,sulfates,1.208
kYhaI,CCCC[n+]1ccn(C)c1.O=S(=O)([N-]S(=O)(=O)C(F)(F)C(F)(F)F)C(F)(F)C(F)(F)F,imidazolium,bistriflamides,1.514
kYuUV,CCCCCn1c(C)cc(C)[n+]1-c1ccccc1.CS(=O)(=O)[O-],pyrazolium,sulfonates,1.1690999999999998
kbNKl,C[NH+](C)C.CC(=O)[O-],ammonium,carboxylates,1.0537999999999998
kbxPb,C[N+](CCO)(CCO)CCO.COS(=O)(=O)[O-],ammonium,sulfates,1.3440999999999999
kcJdC,CCCCCCCCCn1cc[n+](C)c1.[Br-],imidazolium,inorganics,1.14753
keGFC,Cn1cn[n+](CCN=[N+]=[N-])c1.[O-][Cl+3]([O-])([O-])[O-],triazolium,inorganics,1.6
khRGB,CCCC[n+]1cccc(C)c1.O=S(=O)([N-]S(=O)(=O)C(F)(F)F)C(F)(F)F,pyridinium,bistriflamides,1.4128
khkqh,CCCC[n+]1ccn(C)c1.COS(=O)(=O)[O-],imidazolium,sulfates,1.2075
kiInD,CCCC[n+]1ccn(C)c1.F[P-](F)(F)(F)(F)F,imidazolium,phosphates,1.36723
kkdxk,C[N+](C)(C)CCO.CC(N)C(=O)[O-],ammonium,carboxylates,1.1255
klzto,CCCCCCCCn1cc[n+](C)c1.[I-],imidazolium,inorganics,1.2335999999999998
kmGrP,CCCCCC[n+]1ccn(C)c1.O=S(=O)([N-]S(=O)(=O)C(F)(F)F)C(F)(F)F,imidazolium,bistriflamides,1.372
knJng,CCCCn1cc[nH+]c1.O=S(=O)([N-]S(=O)(=O)C(F)(F)F)C(F)(F)F,imidazolium,bistriflamides,1.4719
koVsT,COCCCn1cc[n+](C)c1.O=S(=O)([N-]S(=O)(=O)C(F)(F)F)C(F)(F)F,imidazolium,bistriflamides,1.4684000000000001
kozFI,CCCCCCCCCC[n+]1ccn(C)c1.O=S(=O)([N-]S(=O)(=O)C(F)(F)F)C(F)(F)F,imidazolium,bistriflamides,1.278
kpHaR,CCCC[n+]1ccn(C)c1.O=S(=O)([N-]S(=O)(=O)C(F)(F)F)C(F)(F)F,imidazolium,bistriflamides,1.436
krEGg,CCCCCCCCCCCC[n+]1ccn(CC)c1.O=S(=O)([O-])C(F)(F)F,imidazolium,sulfonates,1.109
krMlv,CCCC[n+]1ccn(C)c1.F[P-](F)(F)(F)(F)F,imidazolium,phosphates,1.3672
ksBPG,C=Cn1cc[n+](CCCC)c1.[Br-],imidazolium,inorganics,1.3171
ksaDK,CCC[N+]1(C)CCCC1.O=S(=O)([N-]S(=O)(=O)C(F)(F)F)C(F)(F)F,pyrrolidinium,bistriflamides,1.4275
ktbsv,CC[n+]1ccn(C)c1.CC(=O)[O-],imidazolium,carboxylates,1.098
kuRTu,CCCCCC[n+]1ccn(C)c1.O=S(=O)([N-]S(=O)(=O)C(F)(F)F)C(F)(F)F,imidazolium,bistriflamides,1.372
kxpZk,CC(C)COC(=O)C(C)[NH3+].CCCCCCCCCCCCOS(=O)(=O)[O-],ammonium,sulfates,1.0418
kyHqU,CCCC[n+]1ccn(C)c1.CC(=O)[O-],imidazolium,carboxylates,1.052
kzvgD,CCCCCCCCn1cc[n+](C)c1.O=S(=O)([N-]S(=O)(=O)C(F)(F)F)C(F)(F)F,imidazolium,bistriflamides,1.3204
lCTuY,CCn1cc[n+](C)c1.NC(CO)C(=O)[O-],imidazolium,carboxylates,1.1952
lCiGD,CC(C)OC(=O)C(C)[NH3+].CCCCCCCCCCCCOS(=O)(=O)[O-],ammonium,sulfates,1.0469000000000002
lEgYi,CC[n+]1ccn(C)c1.CC(N)C(=O)[O-],imidazolium,carboxylates,1.1302
lFCLi,CCC[N+]1(C)CCOCC1.CC(=O)NC(C)C(=O)[O-],morpholinium,carboxylates,1.136
lIuhZ,CCCCCCCCCCCCCC[P+](CCCCCC)(CCCCCC)CCCCCC.CC(CC(C)(C)C)CP(=O)([O-])CC(C)CC(C)(C)C,phosphonium,organic phosphates,0.8836
lLUoX,CCCn1cc[n+](C)c1.O=S(=O)([N-]S(=O)(=O)C(F)(F)F)C(F)(F)F,imidazolium,bistriflamides,1.47444
lMHeP,CCCCCC[n+]1ccn(C)c1.c1nc[n-]n1,imidazolium,cyclic amides,1.1225
lOpKr,CCC[N+](C)(CC)CC.O=S(=O)(F)[N-]S(=O)(=O)F,ammonium,bistriflamides,1.2875
lPwvN,CC[N+](C)(CC)CCOC.O=S(=O)([N-]S(=O)(=O)C(F)(F)F)C(F)(F)F,ammonium,bistriflamides,1.4073
lQaaO,CCCC[N+]1(C)CCCC1.O=S(=O)([N-]S(=O)(=O)C(F)(F)F)C(F)(F)F,pyrrolidinium,bistriflamides,1.3942999999999999
lSrBD,CCCCCn1cc[n+](C)c1.O=S(=O)([N-]S(=O)(=O)C(F)(F)F)C(F)(F)F,imidazolium,bistriflamides,1.403
lWjEi,CCCC[n+]1ccn(C)c1.CCCCCCCCOS(=O)(=O)[O-],imidazolium,sulfates,1.06325
lWjub,CCCCCC[n+]1ccn(C)c1.CCOS(=O)(=O)[O-],imidazolium,sulfates,1.1505999999999998
lWkqg,CCCCCCCC[n+]1ccn(C)c1.O=S(=O)([O-])C(F)(F)F,imidazolium,sulfonates,1.1877
lXhyc,CC[n+]1ccn(C)c1.CCOS(=O)(=O)[O-],imidazolium,sulfates,1.2375
lXuXY,CCC[N+]1(C)CCCC1.CC(O)C(=O)[O-],pyrrolidinium,carboxylates,1.08
lYQfs,CCCCCC[N+]1(C)CCCC1.O=S(=O)([N-]S(=O)(=O)C(F)(F)F)C(F)(F)F,pyrrolidinium,bistriflamides,1.33524
lYiwK,Cn1cc[n+](C)c1.O=S(=O)([N-]S(=O)(=O)C(F)(F)F)C(F)(F)F,imidazolium,bistriflamides,1.57
lYngF,CC[n+]1ccn(C)c1.CC(=O)[O-],imidazolium,carboxylates,1.098
lYofw,CC[n+]1ccn(C)c1.N#C[C-](C#N)C#N,imidazolium,methanides,1.0814000000000001
lZnmC,CCCCCCCCn1cc[n+](C)c1.O=S(=O)([N-]S(=O)(=O)C(F)(F)F)C(F)(F)F,imidazolium,bistriflamides,1.31073
lZuxL,CC[n+]1ccn(C)c1.O=S(=O)([O-])C(F)(F)F,imidazolium,sulfonates,1.3836
lZwUR,CCCC[n+]1ccn(C)c1.O=S(=O)([N-]S(=O)(=O)C(F)(F)F)C(F)(F)F,imidazolium,bistriflamides,1.4376449999999998
lbBSr,CCc1cccc[n+]1CC.O=S(=O)([N-]S(=O)(=O)C(F)(F)F)C(F)(F)F,pyridinium,bistriflamides,1.4706
lbWcf,CCCC[n+]1ccn(C)c1.COS(=O)(=O)[O-],imidazolium,sulfates,1.21005
lfYpq,CCCCCC[n+]1ccn(C)c1C.O=[N+]([O-])c1cn[n-]c1,imidazolium,cyclic amides,1.1189
lfwiA,CCC[N+]1(C)CCCC1.N#C[N-]C#N,pyrrolidinium,amides,1.0268
lhBEV,CCC[n+]1ccccc1.O=C([O-])C(F)(F)F,pyridinium,carboxylates,1.3882
lhJTE,CCCCn1cc[n+](CCC#N)c1.N#C[S-],imidazolium,inorganics,1.1198
lhofW,CCCC[n+]1ccn(C)c1.F[P-](F)(F)(F)(F)F,imidazolium,phosphates,1.359
lhvja,COCC[N+]1(C)CCCC1.O=S(=O)([N-]S(=O)(=O)C(F)(F)F)C(F)(F)F,pyrrolidinium,bistriflamides,1.4534
liJWF,CCCC[NH+](C)C.O=S(=O)([N-]S(=O)(=O)C(F)(F)F)C(F)(F)F,ammonium,bistriflamides,1.4128
lksqd,CCCC[n+]1ccn(C)c1.O=S(=O)([N-]S(=O)(=O)C(F)(F)F)C(F)(F)F,imidazolium,bistriflamides,1.437
lnAoY,CC[n+]1ccn(C)c1.N#C[S-],imidazolium,inorganics,1.11266
lnNbs,CC[n+]1ccn(C)c1.CS(=O)(=O)[O-],imidazolium,sulfonates,1.241
lpQnv,CCCCn1cc[n+](C)c1.O=C[O-],imidazolium,carboxylates,1.07341
lqeFO,CCCCCC[n+]1ccn(C)c1.O=S(=O)([N-]S(=O)(=O)C(F)(F)F)C(F)(F)F,imidazolium,bistriflamides,1.3722999999999999
lrfid,CCCCCCCCn1cc[n+](C)c1.[Cl-],imidazolium,inorganics,1.00938
lrqVk,CCCC[n+]1ccn(C)c1.[Cl-],imidazolium,inorganics,1.08
ltUaA,CCCC[n+]1ccn(C)c1.O=S(=O)([N-]S(=O)(=O)C(F)(F)F)C(F)(F)F,imidazolium,bistriflamides,1.454
ltVhz,CCCC[n+]1ccn(C)c1.F[P-](F)(F)(F)(F)F,imidazolium,phosphates,1.3673
lvluC,CC[P+](CC)(CC)COCCOC.O=[N+]([O-])c1cn[n-]c1,phosphonium,cyclic amides,1.139
lvuzU,CCCC[n+]1ccn(C)c1.O=S(=O)([O-])C(F)(F)F,imidazolium,sulfonates,1.2995
lwGLg,CCCCCCCCCCCCCC[P+](CCCCCC)(CCCCCC)CCCCCC.O=S(=O)([N-]S(=O)(=O)C(F)(F)F)C(F)(F)F,phosphonium,bistriflamides,1.06854
lwXck,CCCCCC[n+]1ccn(C)c1.O=S(=O)([N-]S(=O)(=O)C(F)(F)F)C(F)(F)F,imidazolium,bistriflamides,1.3719000000000001
lxhQZ,CCCC[n+]1ccn(C)c1.CC(=O)[O-],imidazolium,carboxylates,1.0643
lxxcs,CCCCCCCCCCCCCC[P+](CCCCCC)(CCCCCC)CCCCCC.CCCCCCCCCC(=O)[O-],phosphonium,carboxylates,0.8773
lyHBx,CCCC[N+]1(C)CCCC1.C=CC(=O)NC(C)(C)CS(=O)(=O)[O-],pyrrolidinium,sulfonates,1.106
lzIdg,CCCCC[N+](C)(C)CCO.CC1(C)CC(OS(=O)(=O)[O-])CC(C)(C)N1[O],ammonium,sulfates,1.0944
lzpLe,CCCCCCCC[n+]1ccn(C)c1.N#C[N-]C#N,imidazolium,amides,1.0
mAGFp,CCCC[N+]1(C)C2CCC1CC(O)C2.NC(CO)C(=O)[O-],pyrrolidinium,carboxylates,1.1668
mBRsY,CC[n+]1ccn(C)c1.CC(=O)[O-],imidazolium,carboxylates,1.1008
mEONc,CCCC[n+]1ccccc1C.O=S(=O)([N-]S(=O)(=O)C(F)(F)F)C(F)(F)F,pyridinium,bistriflamides,1.476
mEdRr,CC[n+]1ccn(C)c1.O=S(=O)([N-]S(=O)(=O)C(F)(F)F)C(F)(F)F,imidazolium,bistriflamides,1.5192999999999999
mFCTz,CC[n+]1ccc(C)cc1.O=S(=O)([N-]S(=O)(=O)C(F)(F)F)C(F)(F)F,pyridinium,bistriflamides,1.4866700000000002
mFeJj,CC[n+]1ccn(C)c1.CCOS(=O)(=O)[O-],imidazolium,sulfates,1.234
mHFGi,C=Cn1cc[n+](CC(CBr)N=[N+]=[N-])c1.[Br-],imidazolium,inorganics,1.36
mHgOT,CC[n+]1ccn(C)c1.N#C[S-],imidazolium,inorganics,1.1167
mHiUS,CCCC[n+]1ccn(C)c1.CC(=O)[O-],imidazolium,carboxylates,1.051245
mJqge,Cn1cc[n+](C)c1.COP(=O)([O-])OC,imidazolium,organic phosphates,1.257
mLovw,CCCn1cc[n+](C)c1.O=S(=O)([N-]S(=O)(=O)C(F)(F)F)C(F)(F)F,imidazolium,bistriflamides,1.4753
mOQNd,CC[N+]1(C)CCCC1.CCO[PH](=O)[O-],pyrrolidinium,organic phosphates,1.123
mOaui,CCCC[N+](C)(CC)CC.O=S(=O)([N-]S(=O)(=O)C(F)(F)F)C(F)(F)F,ammonium,bistriflamides,1.3579
mQLBl,CCCC[n+]1ccn(CC)c1.CCOS(=O)(=O)[O-],imidazolium,sulfates,1.199
mQWop,CCCC[n+]1ccn(C)c1.O=S(=O)([N-]S(=O)(=O)C(F)(F)F)C(F)(F)F,imidazolium,bistriflamides,1.4365
mQrTK,CC[n+]1ccn(C)c1.CCOS(=O)(=O)[O-],imidazolium,sulfates,1.2375999999999998
mRQbR,CC[P+](CC)(CC)CCOC.O=S(=O)([N-]S(=O)(=O)C(F)(F)F)C(F)(F)F,phosphonium,bistriflamides,1.3775
mSsRD,C[n+]1ccn(CCC(F)(F)C(F)(F)C(F)(F)C(F)(F)C(F)(F)C(F)(F)F)c1.O=S(=O)([N-]S(=O)(=O)C(F)(F)F)C(F)(F)F,imidazolium,bistriflamides,1.6845
mTHKX,CCCC[n+]1ccn(C)c1.O=S(=O)([O-])C(F)(F)F,imidazolium,sulfonates,1.2975
mUqnY,CCn1cc[n+](CC)c1.O=S(=O)([N-]S(=O)(=O)C(F)(F)F)C(F)(F)F,imidazolium,bistriflamides,1.4749
mVDys,CCCC[n+]1ccn(C)c1.O=S(=O)([O-])C(F)(F)C(F)(F)OC(F)C(F)(F)F,imidazolium,sulfonates,1.449
mVTVW,CCCCCCCCCC[n+]1ccn(C)c1.O=S(=O)([N-]S(=O)(=O)C(F)(F)F)C(F)(F)F,imidazolium,bistriflamides,1.284
mVrCw,CCC[n+]1ccc(C)cc1.O=S(=O)([N-]S(=O)(=O)C(F)(F)F)C(F)(F)F,pyridinium,bistriflamides,1.45093
mWXpM,CCCC[N+]1(C)CCCC1.N#C[N-]C#N,pyrrolidinium,amides,1.0134
mXNyo,CCCC[P+](CC)(CC)CC.Cc1ncc([N+](=O)[O-])[n-]1,phosphonium,cyclic amides,1.0653
mcTyA,CCCC[n+]1ccn(C)c1.F[P-](F)(F)(F)(F)F,imidazolium,phosphates,1.3664
mdBTZ,CCCCCCCC[N+](CC)(CC)CC.O=S(=O)(F)[N-]S(=O)(=O)F,ammonium,bistriflamides,1.1645999999999999
meFle,CC(C)n1cc[n+](C)c1.O=S(=O)(F)[N-]S(=O)(=O)F,imidazolium,bistriflamides,1.3949
mflrJ,CCC[n+]1ccn(COC2CC(C)CCC2C(C)C)c1.O=S(=O)([N-]S(=O)(=O)C(F)(F)F)C(F)(F)F,imidazolium,bistriflamides,1.29152
mgZQp,CC[n+]1cccc(C)c1.CCOS(=O)(=O)[O-],pyridinium,sulfates,1.2196099999999999
mhLvV,N#CCC[n+]1ccn(CCO)c1.[Cl-],imidazolium,inorganics,1.255
misGJ,CCCC[n+]1ccn(C)c1.O=S(=O)([N-]S(=O)(=O)C(F)(F)F)C(F)(F)F,imidazolium,bistriflamides,1.4344400000000002
mjChd,[N-]=[N+]=NCCn1c[nH+]c(N=[N+]=[N-])n1.O=[N+]([O-])[O-],triazolium,inorganics,1.58
mlclN,CN(C)C(=[NH2+])N(C)C.CCCCCC(=O)[O-],guanidinium,carboxylates,0.9941
mlpAX,CCCC[n+]1ccn(C)c1.CCOS(=O)(=O)[O-],imidazolium,sulfates,1.1989
mlslR,COCCCCn1cc[n+](C)c1.CC(N)C(=O)[O-],imidazolium,carboxylates,1.1555
mlvWg,CCCCCC[n+]1ccn(C)c1.[I-],imidazolium,inorganics,1.3402
mqBGy,CC[n+]1ccn(C)c1.COS(=O)(=O)[O-],imidazolium,sulfates,1.2863674999999999
mreBG,CCCCCCCC[n+]1ccn(COC2CC(C)CCC2C(C)C)c1.O=S(=O)([N-]S(=O)(=O)C(F)(F)F)C(F)(F)F,imidazolium,bistriflamides,1.21701
mrwiX,CCCCCCCC[NH+](CCCCCCCC)CCCCCCCC.CCCCCCCC(=O)[O-],ammonium,carboxylates,0.8462000000000001
msHjk,CCCCn1cc[n+](CC)c1.O=S(=O)([O-])C(F)(F)F,imidazolium,sulfonates,1.2631
mtdnG,CCCC[n+]1ccn(C)c1.O=S(=O)([N-]S(=O)(=O)C(F)(F)F)C(F)(F)F,imidazolium,bistriflamides,1.43599
mttUY,CC[n+]1ccccc1.O=C([O-])C(F)(F)F,pyridinium,carboxylates,1.4167
mvxzJ,CCCC[n+]1ccn(C)c1.O=S(=O)([N-]S(=O)(=O)C(F)(F)F)C(F)(F)F,imidazolium,bistriflamides,1.4342000000000001
mwKAf,CCCCCCn1cc[n+](CCCC)c1.[Br-],imidazolium,inorganics,1.1455
mwdcW,CCCCn1cc[nH+]c1.O=S(=O)([N-]S(=O)(=O)C(F)(F)F)C(F)(F)F,imidazolium,bistriflamides,1.4621
mwyLZ,CC(C)COC(=O)C1CCC[NH2+]1.CCCCCCCCCCCCOS(=O)(=O)[O-],pyrrolidinium,sulfates,1.0359
mxhkH,CCCC[n+]1ccn(C)c1.CC(=O)[O-],imidazolium,carboxylates,1.0532000000000001
mzZUp,CCCCCC[n+]1ccccc1.O=S(=O)([N-]S(=O)(=O)C(F)(F)F)C(F)(F)F,pyridinium,bistriflamides,1.38415
mzeYs,CCCC[n+]1ccn(C)c1.CCCCC(CC)COC(=O)CC(C(=O)OCC(CC)CCCC)S(=O)(=O)[O-],imidazolium,sulfonates,1.082
nCKQY,CC[n+]1ccn(C)c1.O=S(=O)([N-]S(=O)(=O)C(F)(F)F)C(F)(F)F,imidazolium,bistriflamides,1.5168
nChFL,CCCC[P+](CCCC)(CCCC)CCCC.NCCS(=O)(=O)[O-],phosphonium,sulfonates,1.0268
nKAlq,CCCC[n+]1ccn(C)c1.CCCCCCCCOS(=O)(=O)[O-],imidazolium,sulfates,1.0600999999999998
nKRRR,CCC[NH3+].CC(=O)[O-],ammonium,carboxylates,0.96682
nLIZV,CCC[N+](C)(C)C(C)C.O=S(=O)([N-]S(=O)(=O)C(F)(F)F)C(F)(F)F,ammonium,bistriflamides,1.4
nLqTx,CCCCCCCC[n+]1ccn(C)c1.F[P-](F)(F)(F)(F)F,imidazolium,phosphates,1.2345
nOGFM,CCCC[n+]1ccc(C)cc1.O=S(=O)([N-]S(=O)(=O)C(F)(F)F)C(F)(F)F,pyridinium,bistriflamides,1.413
nPXIg,CCCCCCCC[n+]1cc[nH]c1.O=S(=O)([N-]S(=O)(=O)C(F)(F)F)C(F)(F)F,imidazolium,bistriflamides,1.3463
nRXZM,CCCCCC[n+]1ccccc1.O=S(=O)([N-]S(=O)(=O)C(F)(F)F)C(F)(F)F,pyridinium,bistriflamides,1.3815
nSBvB,C[N+]1(CCCO)CCOCC1.N#C[C-](C#N)C#N,morpholinium,methanides,1.162
nSDfw,CCOC[N+](C)(C)CCO.O=S(=O)([N-]S(=O)(=O)C(F)(F)F)C(F)(F)F,ammonium,bistriflamides,1.453
nSUuK,CC[NH3+].O=[N+]([O-])[O-],ammonium,inorganics,1.2090999999999998
nSYDo,CCCC[n+]1cccc(C)c1.FC(F)(F)C(F)(F)[P-](F)(F)(F)(C(F)(F)C(F)(F)F)C(F)(F)C(F)(F)F,pyridinium,phosphates,1.586
nTfyO,CC[n+]1ccn(C)c1.N#C[N-]C#N,imidazolium,amides,1.1008
nVAjQ,CCCC[n+]1cccn1C.O=S(=O)([N-]S(=O)(=O)C(F)(F)F)C(F)(F)F,pyrazolium,bistriflamides,1.451
nVmna,CCCn1cc[n+](C)c1.O=[N+]([O-])[O-],imidazolium,inorganics,1.184
nVsRD,CC[n+]1ccn(C)c1C.O=S(=O)([N-]S(=O)(=O)C(F)(F)F)C(F)(F)F,imidazolium,bistriflamides,1.4927000000000001
nWEoR,CCCCCCCCCC[N+](C)(C)CCC.O=S(=O)([N-]S(=O)(=O)C(F)(F)F)C(F)(F)F,ammonium,bistriflamides,1.201
nZGBt,CC[n+]1ccn(C)c1.CCOS(=O)(=O)[O-],imidazolium,sulfates,1.2381466666666667
nZObF,CC[n+]1ccn(C)c1.CCOS(=O)(=O)[O-],imidazolium,sulfates,1.2369
nZzQL,CCCC[N+](C)(C)CCN(C)C.O=S(=O)([N-]S(=O)(=O)C(F)(F)F)C(F)(F)F,ammonium,bistriflamides,1.3220999999999998
nbziw,CC[n+]1ccn(C)c1.N#C[N-]C#N,imidazolium,amides,1.1
ndaZI,CCCCCC[NH2+]CCN.O=C([O-])C(F)(F)F,ammonium,carboxylates,1.1634
nfzCJ,Cn1cc[n+](C)c1.COS(=O)(=O)[O-],imidazolium,sulfates,1.329
ngykW,Cn1cc[n+](C)c1.O=S(=O)([N-]S(=O)(=O)C(F)(F)F)C(F)(F)F,imidazolium,bistriflamides,1.56729
nhKus,CC[NH2+]CC.CC(=O)[O-],ammonium,carboxylates,0.958
nilNg,CCCC[N+]1(C)CCCC1.O=S(=O)([N-]S(=O)(=O)C(F)(F)F)C(F)(F)F,pyrrolidinium,bistriflamides,1.39
nimLP,C[n+]1ccn(CCCC#N)c1.O=S(=O)(F)[N-]S(=O)(=O)F,imidazolium,bistriflamides,1.5114
njnmx,CCCC[N+]1(C)CCCC1.FC(F)(F)C(F)(F)[P-](F)(F)(F)(C(F)(F)C(F)(F)F)C(F)(F)C(F)(F)F,pyrrolidinium,phosphates,1.5877000000000001
nkbZm,CCCCCCCC[N+](C)(CCCCCCCC)CCCCCCCC.O=C([O-])C(F)(F)F,ammonium,carboxylates,0.9625
nmCsi,CCCCCCCC[N+](C)(CCCCCCCC)CCCCCCCC.O=S(=O)([N-]S(=O)(=O)C(F)(F)F)C(F)(F)F,ammonium,bistriflamides,1.1045999999999998
nnZxl,CCCC[P+](C)(CCCC)CCCC.COS(=O)(=O)[O-],phosphonium,sulfates,1.0587
npFnQ,CCCC[n+]1ccn(C)c1.[I-],imidazolium,inorganics,1.4795999999999998
nrNka,CCn1cc[n+](C)c1.O=S(=O)([O-])C(F)(F)C(F)(F)C(F)(F)C(F)(F)F,imidazolium,sulfonates,1.5465
nrSpX,CCCC[n+]1ccn(C)c1.COS(=O)(=O)[O-],imidazolium,sulfates,1.2121
nrklt,CC[N+]1(C)CCOCC1.CC(=O)NC(CC(C)C)C(=O)[O-],morpholinium,carboxylates,1.1042
nsTEa,CCCCCn1cc[n+](CCOCCOCC)c1.O=S(=O)([N-]S(=O)(=O)C(F)(F)F)C(F)(F)F,imidazolium,bistriflamides,1.3175
nuZbX,Cn1cc[n+](CCCCS(=O)(=O)O)c1.O=S(=O)([N-]S(=O)(=O)C(F)(F)F)C(F)(F)F,imidazolium,bistriflamides,1.5764
oBiIm,CCCCCCCCCCCCCC[P+](CCCCCC)(CCCCCC)CCCCCC.[Br-],phosphonium,inorganics,0.9582
oCfBZ,CCCCCCCCn1cc[n+](C)c1.O=S(=O)([N-]S(=O)(=O)C(F)(F)F)C(F)(F)F,imidazolium,bistriflamides,1.321
oCnBM,CCCC[N+](C)(CCCC)CCCC.NCCCCC(N)C(=O)[O-],ammonium,carboxylates,0.9797
oDfUa,Cn1cc[n+](C)c1.CC(=O)[O-],imidazolium,carboxylates,1.1276
oDxAq,OCC[NH2+]c1ccccc1.CCCC(=O)[O-],ammonium,carboxylates,1.0609000000000002
oEFFf,CCCCCn1cc[n+](C)c1C.O=S(=O)([N-]S(=O)(=O)C(F)(F)F)C(F)(F)F,imidazolium,bistriflamides,1.3955
oFVsD,CCCC[N+](C)(CCCC)CCCC.O=S(=O)([N-]S(=O)(=O)C(F)(F)F)C(F)(F)F,ammonium,bistriflamides,1.266
oGNtm,CCCCCCCCCCCCCC[P+](CCCCCC)(CCCCCC)CCCCCC.O=S(=O)([N-]S(=O)(=O)C(F)(F)F)C(F)(F)F,phosphonium,bistriflamides,1.0655
oHNGX,CC[n+]1ccn(C)c1.CCOS(=O)(=O)[O-],imidazolium,sulfates,1.2323
oIXcZ,CCCCCC[n+]1ccn(C)c1.O=S(=O)([N-]S(=O)(=O)C(F)(F)F)C(F)(F)F,imidazolium,bistriflamides,1.3716
oJYMS,CCCC[n+]1ccn(C)c1.O=S(=O)([N-]S(=O)(=O)C(F)(F)F)C(F)(F)F,imidazolium,bistriflamides,1.44
oKABm,CCCCCCCCCC[N+]1(C)CCCC1.O=S(=O)([N-]S(=O)(=O)C(F)(F)F)C(F)(F)F,pyrrolidinium,bistriflamides,1.25
oLgpp,CC[n+]1ccn(C)c1C.O=S(=O)([N-]S(=O)(=O)C(F)(F)F)C(F)(F)F,imidazolium,bistriflamides,1.4912999999999998
oLvRG,CCCC[n+]1ccn(C)c1.N#C[S-],imidazolium,inorganics,1.07104
oMMwQ,C[N+](C)(C)CCO.CC(N)C(=O)[O-],ammonium,carboxylates,1.1198
oMPRh,CCCC[n+]1ccc(C)cc1.N#C[C-](C#N)C#N,pyridinium,methanides,1.0366
oNLcv,CCCCCCCCn1cc[n+](C)c1.[Cl-],imidazolium,inorganics,1.016
oNVxL,CCCC[n+]1ccn(C)c1.[Cl-],imidazolium,inorganics,1.074
oQibd,CCCCn1cc[n+](C)c1C.O=S(=O)([N-]S(=O)(=O)C(F)(F)F)C(F)(F)F,imidazolium,bistriflamides,1.41896
oRVkP,CCCC[N+]1(C)CCCC1.O=S(=O)([N-]S(=O)(=O)C(F)(F)F)C(F)(F)F,pyrrolidinium,bistriflamides,1.39449
oTCQh,CC[n+]1ccn(C)c1.O=S(=O)([N-]S(=O)(=O)C(F)(F)F)C(F)(F)F,imidazolium,bistriflamides,1.5252000000000001
oWxPq,CC[n+]1ccn(C)c1.CC(=O)[O-],imidazolium,carboxylates,1.102
oXdls,CCCC[n+]1ccccc1.FC(F)(F)C(F)(F)[P-](F)(F)(F)(C(F)(F)C(F)(F)F)C(F)(F)C(F)(F)F,pyridinium,phosphates,1.633
oYWSS,CCCn1cc[n+](C)c1.O=S(=O)([N-]S(=O)(=O)C(F)(F)F)C(F)(F)F,imidazolium,bistriflamides,1.47444
oahtZ,CCCCCC[N+]1(C)CCCC1.O=S(=O)([N-]S(=O)(=O)C(F)(F)F)C(F)(F)F,pyrrolidinium,bistriflamides,1.32
odQzc,CC[n+]1ccn(C)c1.CCOP(=O)([O-])OCC,imidazolium,organic phosphates,1.14547
oeXSc,CCCC[N+]1(C)CCCC1.O=S(=O)([N-]S(=O)(=O)C(F)(F)F)C(F)(F)F,pyrrolidinium,bistriflamides,1.3952
ofLAR,CCCCCC[n+]1ccn(C)c1.O=[N+]([O-])[O-],imidazolium,inorganics,1.1175
ogNMZ,CC[n+]1ccn(C)c1.O=S(=O)([N-]S(=O)(=O)C(F)(F)F)C(F)(F)F,imidazolium,bistriflamides,1.5187
ohHDk,CCCC[n+]1ccn(C)c1.F[P-](F)(F)(F)(F)F,imidazolium,phosphates,1.3672
oioQh,CCCCCCCCn1cc[n+](C)c1.N#C[S-],imidazolium,inorganics,1.00827
okgHk,CCCCCC[n+]1ccn(C)c1.O=S(=O)([N-]S(=O)(=O)C(F)(F)F)C(F)(F)F,imidazolium,bistriflamides,1.3705999999999998
ombmu,CCCCCCCCCCCn1cc[n+](C)c1.O=S(=O)([N-]S(=O)(=O)C(F)(F)F)C(F)(F)F,imidazolium,bistriflamides,1.2614
omkPu,CCCCCCCCCCCOC[N+](C)(C)CCO.O=S(=O)([N-]S(=O)(=O)C(F)(F)F)C(F)(F)F,ammonium,bistriflamides,1.23
onktK,CCCC[n+]1ccn(C)c1.NC(CCC(=O)O)C(=O)[O-],imidazolium,carboxylates,1.194
ooIni,CCCCCCCCc1cccc[n+]1CC.O=S(=O)([N-]S(=O)(=O)C(F)(F)F)C(F)(F)F,pyridinium,bistriflamides,1.2974
oortE,C[N+](C)(C)CCO.CCC(=O)[O-],ammonium,carboxylates,1.0715
opPiC,CC[n+]1ccn(C)c1C.O=S(=O)([N-]S(=O)(=O)C(F)(F)F)C(F)(F)F,imidazolium,bistriflamides,1.4915
oqFqD,CCCCCC[n+]1ccn(C)c1.O=S(=O)([O-])C(F)(F)F,imidazolium,sulfonates,1.2349
orHIp,CCCC[n+]1ccn(C)c1.O=S(=O)([N-]S(=O)(=O)C(F)(F)F)C(F)(F)F,imidazolium,bistriflamides,1.4364000000000001
orZYl,CC(C)CC[n+]1ccn(C)c1.O=S(=O)([N-]S(=O)(=O)C(F)(F)F)C(F)(F)F,imidazolium,bistriflamides,1.4033
ormfa,CCc1cccc[n+]1CC.CCOS(=O)(=O)[O-],pyridinium,sulfates,1.21926
otsoa,CC[n+]1ccn(C)c1.O=S(=O)([N-]S(=O)(=O)C(F)(F)F)C(F)(F)F,imidazolium,bistriflamides,1.5189000000000001
ovVqE,CC[n+]1cccc(C)c1.CCOS(=O)(=O)[O-],pyridinium,sulfates,1.2196099999999999
ovZru,CCCCCC[n+]1ccn(C)c1.c1c[n-]nn1,imidazolium,cyclic amides,1.0425
owLqR,CCn1cc[nH+]c1.O=S(=O)([N-]S(=O)(=O)C(F)(F)F)C(F)(F)F,imidazolium,bistriflamides,1.5691
owMqQ,CCCC[n+]1ccn(C)c1.O=S(=O)([N-]S(=O)(=O)C(F)(F)F)C(F)(F)F,imidazolium,bistriflamides,1.436
oxXWq,CCCCC[P+](CC)(CC)CC.O=S(=O)([N-]S(=O)(=O)C(F)(F)F)C(F)(F)F,phosphonium,bistriflamides,1.302
oxkce,CCCCCCCC[n+]1ccn(C)c1.F[P-](F)(F)(F)(F)F,imidazolium,phosphates,1.2357
oxvQh,CCCC[n+]1ccn(C)c1.O=S(=O)([N-]S(=O)(=O)C(F)(F)F)C(F)(F)F,imidazolium,bistriflamides,1.436
oyZmv,CCCCCCn1cc[n+](C)c1.N#C[C-](C#N)C#N,imidazolium,methanides,1.02062
oyfOE,CCCCCCn1cc[n+](C)c1.FC(F)(F)C(F)(F)[P-](F)(F)(F)(C(F)(F)C(F)(F)F)C(F)(F)C(F)(F)F,imidazolium,phosphates,1.553
oyqiD,CCCn1cc[n+](C)c1.O=S(=O)([N-]S(=O)(=O)C(F)(F)F)C(F)(F)F,imidazolium,bistriflamides,1.476
oyuZh,CC[n+]1ccn(C)c1.O=S(=O)([N-]S(=O)(=O)C(F)(F)F)C(F)(F)F,imidazolium,bistriflamides,1.518
ozVei,CCCCC(CC)C[NH2+]CCN.O=C([O-])C(F)(F)F,ammonium,carboxylates,1.1305999999999998
pAQMw,CCCC[n+]1ccn(C)c1.F[P-](F)(F)(F)(F)F,imidazolium,phosphates,1.367
pAgTl,CC[n+]1ccn(C)c1.O=S(=O)([N-]S(=O)(=O)C(F)(F)F)C(F)(F)F,imidazolium,bistriflamides,1.5184000000000002
pBPRZ,CCCCCCCCCCCC[N+](CC)(CC)CC.O=S(=O)([N-]S(=O)(=O)C(F)(F)F)C(F)(F)F,ammonium,bistriflamides,1.1877
pFmxD,CCCCCCCC[n+]1ccc2ccccc2c1.O=S(=O)([N-]S(=O)(=O)C(F)(F)F)C(F)(F)F,quinlolinium,bistriflamides,1.3308
pFqcB,CCCC[n+]1ccn(C)c1.O=S(=O)([N-]S(=O)(=O)C(F)(F)F)C(F)(F)F,imidazolium,bistriflamides,1.43671
pKDXn,CCCC[n+]1ccn(C)c1.O=S(=O)([N-]S(=O)(=O)C(F)(F)F)C(F)(F)F,imidazolium,bistriflamides,1.4370999999999998
pKcAM,CC[n+]1ccn(C)c1.[Br-],imidazolium,inorganics,1.3881
pKlNt,CCCC[n+]1ccn(C)c1.[I-],imidazolium,inorganics,1.46
pKrWY,CCC[N+]1(C)CCCC1.O=S(=O)(F)[N-]S(=O)(=O)F,pyrrolidinium,bistriflamides,1.3393
pLugb,C=C[n+]1ccn(CCCC)c1.CC(N)C(=O)[O-],imidazolium,carboxylates,1.0282
pPEUl,CC[n+]1ccn(C)c1.O=S(=O)([N-]S(=O)(=O)C(F)(F)F)C(F)(F)F,imidazolium,bistriflamides,1.519
pPNSw,CCCCCCCCCC[P+](CCCC)(CCCC)CCCC.O=S(=O)([N-]S(=O)(=O)C(F)(F)F)C(F)(F)F,phosphonium,bistriflamides,1.142
pQdKz,CCOCC[n+]1ccn(C)c1.O=S(=O)([N-]S(=O)(=O)C(F)(F)F)C(F)(F)F,imidazolium,bistriflamides,1.4577
pQydJ,CCCCCCCCCCCC[n+]1ccn(C)c1.O=S(=O)([N-]S(=O)(=O)C(F)(F)F)C(F)(F)F,imidazolium,bistriflamides,1.2447000000000001
pRwif,CCCCCCCCn1cc[n+](C)c1.O=S(=O)([N-]S(=O)(=O)C(F)(F)F)C(F)(F)F,imidazolium,bistriflamides,1.3197999999999999
pSHMq,CCn1cc[n+](C)c1.Cc1c[n-]c(=O)[nH]c1=O,imidazolium,amides,1.21396
pTvnZ,CC[n+]1ccccc1.CCOS(=O)(=O)[O-],pyridinium,sulfates,1.252
pVOhG,CCCC[n+]1ccn(CCC(C)C)c1.O=S(=O)([N-]S(=O)(=O)C(F)(F)F)C(F)(F)F,imidazolium,bistriflamides,1.3180999999999998
pWgVP,CC[n+]1ccn(C)c1.CC(=O)[O-],imidazolium,carboxylates,1.099
pXHkk,CCCC[n+]1ccn(C)c1.O=S(=O)([N-]S(=O)(=O)C(F)(F)F)C(F)(F)F,imidazolium,bistriflamides,1.43635
pdNsB,CC[n+]1ccn(C)c1.N#C[N-]C#N,imidazolium,amides,1.1018
pdhpP,CCCC[n+]1ccn(C)c1.O=S(=O)([O-])C(F)(F)F,imidazolium,sulfonates,1.3
peRQL,CCCC[N+](C)(C)C.O=S(=O)([N-]S(=O)(=O)C(F)(F)F)C(F)(F)F,ammonium,bistriflamides,1.3929
pfwMx,CC[n+]1ccn(C)c1.CCOS(=O)(=O)[O-],imidazolium,sulfates,1.2364000000000002
phJZb,CCCCCCCC[P+](CCCCCCCC)(CCCCCCCC)CCCCCCCC.O=S(=O)([N-]S(=O)(=O)C(F)(F)F)C(F)(F)F,phosphonium,bistriflamides,1.0666
piOzh,Cn1cc[n+](CCO)c1.O=S(=O)([N-]S(=O)(=O)C(F)(F)F)C(F)(F)F,imidazolium,bistriflamides,1.57704
pjpXs,CCCCCCCC[n+]1ccn(C)c1.O=P([O-])(O)OP(=O)(O)O,imidazolium,organic phosphates,1.426
pkAch,CCCC[n+]1ccn(C)c1.O=S(=O)([N-]S(=O)(=O)C(F)(F)F)C(F)(F)F,imidazolium,bistriflamides,1.437
plWJB,CCCC[n+]1ccn(C)c1.O=S(=O)([N-]S(=O)(=O)C(F)(F)F)C(F)(F)F,imidazolium,bistriflamides,1.4343
pmwAn,CC[n+]1ccn(C)c1.CCOS(=O)(=O)[O-],imidazolium,sulfates,1.2374
pnRgN,CC[n+]1ccn(C)c1.N#C[C-](C#N)C#N,imidazolium,methanides,1.0815
pnThm,CCCCc1n(S(=O)(=O)O)cc[n+]1S(=O)(=O)O.O=C([O-])C(F)(F)F,imidazolium,carboxylates,1.49
ppgCA,C[N+]1(CCO)CCCC1.COP(=O)([O-])OC,pyrrolidinium,organic phosphates,1.2298
pppyw,OCC[NH2+]CCO.O=C[O-],ammonium,carboxylates,1.202
pqoZM,CCCn1cc[n+](C)c1.O=S(=O)([N-]S(=O)(=O)C(F)(F)F)C(F)(F)F,imidazolium,bistriflamides,1.4742
prjlF,CCC[N+]1(C)CCCC1.O=S(=O)([N-]S(=O)(=O)C(F)(F)F)C(F)(F)F,pyrrolidinium,bistriflamides,1.427
psNsS,CCCCCCCCCC[n+]1ccn(C)c1.[Cl-],imidazolium,inorganics,0.983
psrlr,CCCC[n+]1ccn(C)c1.CC(=O)[O-],imidazolium,carboxylates,1.053
ptGRM,CCCCCC[n+]1cccc(C)c1.O=S(=O)([N-]S(=O)(=O)C(F)(F)F)C(F)(F)F,pyridinium,bistriflamides,1.3615
pteXr,CCCC[n+]1ccn(C)c1.O=S(=O)([O-])C(F)(F)F,imidazolium,sulfonates,1.292
puYxC,CCCCCC[n+]1ccn(C)c1.F[P-](F)(F)(F)(F)F,imidazolium,phosphates,1.2929000000000002
pxmYF,CC[N+]1(C)CCOCC1.N#C[N-]C#N,morpholinium,amides,1.1232
pywIA,CCCC[n+]1ccccc1.O=S(=O)([N-]S(=O)(=O)C(F)(F)F)C(F)(F)F,pyridinium,bistriflamides,1.4482000000000002
qAXbn,C[n+]1ccn(CCc2ccccc2)c1.O=S(=O)([N-]S(=O)(=O)C(F)(F)F)C(F)(F)F,imidazolium,bistriflamides,1.4559900000000001
qCsOC,CCCCCn1cc[n+](C)c1.O=S(=O)([N-]S(=O)(=O)C(F)(F)F)C(F)(F)F,imidazolium,bistriflamides,1.402
qEBEw,CCCCCCCCn1cc[n+](C)c1.O=S(=O)([N-]S(=O)(=O)C(F)(F)F)C(F)(F)F,imidazolium,bistriflamides,1.321
qEVVA,CCCC[n+]1ccn(C)c1.N#C[S-],imidazolium,inorganics,1.067
qEZAp,[N-]=[N+]=NCC[n+]1cn(N)cn1.[O-][Cl+3]([O-])([O-])[O-],triazolium,inorganics,1.63
qFsWO,CC[N+](C)(C)CCOCCOC.O=S(=O)([N-]S(=O)(=O)C(F)(F)F)C(F)(F)F,ammonium,bistriflamides,1.3911
qGNeF,C[n+]1cn(CCN=[N+]=[N-])cn1.O=[N+]([O-])[O-],triazolium,inorganics,1.45
qGdwS,CCCCCC[n+]1ccn(C)c1.[Br-],imidazolium,inorganics,1.2238099999999998
qGfsd,Cn1cc[n+](CCN)c1.F[P-](F)(F)(F)(F)F,imidazolium,phosphates,1.5619
qJHZe,CCCCCC[n+]1ccc2ccccc2c1.N#C[S-],quinlolinium,inorganics,1.0813
qOIsH,CC[NH+](C)C.CC(=O)[O-],ammonium,carboxylates,1.0161
qRKFF,CCCCCC[n+]1cn(CCCCS(=O)(=O)O)cn1.O=S(=O)([O-])C(F)(F)F,triazolium,sulfonates,1.3175599999999998
qRvdQ,C[N+]1(CCCO)CCOCC1.N#C[N-]C#N,morpholinium,amides,1.1750999999999998
qTOhi,CCCCCC[n+]1ccn(C)c1.O=S(=O)([N-]S(=O)(=O)C(F)(F)F)C(F)(F)F,imidazolium,bistriflamides,1.3647
qWBhX,COCCC[N+]1(C)CCCC1.O=S(=O)([N-]S(=O)(=O)C(F)(F)F)C(F)(F)F,pyrrolidinium,bistriflamides,1.4244
qWQxW,CC[n+]1ccn(C)c1.CC(O)C(=O)[O-],imidazolium,carboxylates,1.1425
qWykx,CCCC[n+]1ccn(C)c1.F[P-](F)(F)(F)(F)F,imidazolium,phosphates,1.368
qYAwc,CCCC[n+]1ccn(C)c1C.CC(N)C(=O)[O-],imidazolium,carboxylates,1.0883
qZePn,CC[n+]1ccn(C)c1.O=S(=O)([O-])C(F)(F)F,imidazolium,sulfonates,1.3853
qaXyD,CC[n+]1cccc(C)c1.O=S(=O)([N-]S(=O)(=O)C(F)(F)F)C(F)(F)F,pyridinium,bistriflamides,1.4885
qbhWH,CCCCCC[n+]1ccn(C)c1.F[P-](F)(F)(F)(F)F,imidazolium,phosphates,1.2942
qcXXx,CCCC[n+]1ccccc1.O=S(=O)([N-]S(=O)(=O)C(F)(F)F)C(F)(F)F,pyridinium,bistriflamides,1.4476
qdEKy,CCCn1cc[n+](C)c1.O=S(=O)([N-]S(=O)(=O)C(F)(F)F)C(F)(F)F,imidazolium,bistriflamides,1.47444
qhmze,CCn1cc[n+](C)c1.CCCCOS(=O)(=O)[O-],imidazolium,sulfates,1.17655
qiPCo,CC[n+]1ccn(C)c1.O=S(=O)([N-]S(=O)(=O)C(F)(F)F)C(F)(F)F,imidazolium,bistriflamides,1.51899
qjNUK,CCC[N+]1(C)CCCC1.O=S(=O)([N-]S(=O)(=O)C(F)(F)F)C(F)(F)F,pyrrolidinium,bistriflamides,1.42784
qjnct,CCCCCCCCCCCC[n+]1ccn(C)c1.O=S(=O)([N-]S(=O)(=O)C(F)(F)F)C(F)(F)F,imidazolium,bistriflamides,1.2448
qkzIV,CCCCCCCCCCCCCC[P+](CCCCCC)(CCCCCC)CCCCCC.CC(CC(C)(C)C)CP(=O)([O-])CC(C)CC(C)(C)C,phosphonium,organic phosphates,0.8853
qoLDP,CCCC[n+]1ccn(C)c1.C=CC(=O)NC(C)(C)CS(=O)(=O)[O-],imidazolium,sulfonates,1.156
qriyd,C[n+]1ccn(CCCC#N)c1.O=S(=O)([O-])C(F)(F)F,imidazolium,sulfonates,1.4409
quQVP,CC[n+]1ccn(C)c1.CCOS(=O)(=O)[O-],imidazolium,sulfates,1.239
qwWEn,CCCC[n+]1ccn(C)c1.F[P-](F)(F)(F)(F)F,imidazolium,phosphates,1.36355
qwjjJ,CCCCCC[n+]1cc(C)cc(C)c1C.O=S(=O)([N-]S(=O)(=O)C(F)(F)F)C(F)(F)F,pyridinium,bistriflamides,1.3361800000000001
qxvWx,CCCCCCCCn1cc[n+](C)c1.O=S(=O)([N-]S(=O)(=O)C(F)(F)F)C(F)(F)F,imidazolium,bistriflamides,1.322
qyLGE,CCCOCC[n+]1ccccc1.O=S(=O)([N-]S(=O)(=O)C(F)(F)F)C(F)(F)F,pyridinium,bistriflamides,1.4305
qyMUS,CC[NH+](CC)CC.O=P([O-])(O)O,ammonium,organic phosphates,1.1257000000000001
qyyJc,CC[n+]1c(C)cc(C)n1C.O=S(=O)([N-]S(=O)(=O)C(F)(F)F)C(F)(F)F,pyrazolium,bistriflamides,1.4589
rDFgP,CCCCCCCCOC[N+](C)(C)CCOC(C)=O.O=S(=O)([N-]S(=O)(=O)C(F)(F)F)C(F)(F)F,ammonium,bistriflamides,1.254
rFqOQ,CCCC[n+]1ccn(C)c1.O=S(=O)([O-])C(F)(F)C(F)C(F)(F)F,imidazolium,sulfonates,1.409
rIaWH,CCCC[n+]1ccn(C)c1.F[P-](F)(F)(F)(F)F,imidazolium,phosphates,1.3640999999999999
rJAud,CCCC[n+]1ccn(C)c1.O=S(=O)([N-]S(=O)(=O)C(F)(F)F)C(F)(F)F,imidazolium,bistriflamides,1.436
rJCZb,CCCCCCCCCn1cc[n+](CCCCCCCCC)c1.O=S(=O)([N-]S(=O)(=O)C(F)(F)F)C(F)(F)F,imidazolium,bistriflamides,1.1692
rKrfh,CCCCC[N+]1(C)CCOCC1.N#C[N-]C#N,morpholinium,amides,1.1224
rMexC,CCCCCC[n+]1ccn(C)c1.N#C[N-]C#N,imidazolium,amides,1.0285
rMibH,CCCCCC[n+]1ccn(C)c1.F[P-](F)(F)(F)(F)F,imidazolium,phosphates,1.2937
rOGAW,C=CC[n+]1ccn(C)c1.O=S(=O)([N-]S(=O)(=O)C(F)(F)F)C(F)(F)F,imidazolium,bistriflamides,1.5003
rPNoa,CN(C)C(=[NH2+])N(C)C.CCCCCCCC(=O)[O-],guanidinium,carboxylates,0.9656
rPWXT,CC[n+]1ccn(C)c1.CC(O)C(=O)[O-],imidazolium,carboxylates,1.1861
rRItP,CCCC[n+]1ccn(C)c1.COP(=O)([O-])OC,imidazolium,organic phosphates,1.1509
rSLbD,CC[n+]1ccn(C)c1.CS(=O)(=O)[O-],imidazolium,sulfonates,1.2392
rSuoB,CCCCC[P+](CC)(CC)CC.O=S(=O)([N-]S(=O)(=O)C(F)(F)F)C(F)(F)F,phosphonium,bistriflamides,1.3025
rTFDZ,CCCn1cc[n+](C)c1.O=S(=O)([N-]S(=O)(=O)C(F)(F)F)C(F)(F)F,imidazolium,bistriflamides,1.4745
rTOCH,CC[n+]1ccn(C)c1.COS(=O)(=O)[O-],imidazolium,sulfates,1.2821
rVioO,CC[NH+](CC)CC.CC(=O)[O-],ammonium,carboxylates,1.0257
rVlqJ,CC[n+]1ccn(C)c1.N#C[N-]C#N,imidazolium,amides,1.1018299999999999
rWXHo,CCCOCC[N+]1(C)CCCC1.O=S(=O)([N-]S(=O)(=O)C(F)(F)F)C(F)(F)F,pyrrolidinium,bistriflamides,1.3787
rWvja,CCC[N+]1(C)CCCCC1.O=S(=O)(F)[N-]S(=O)(=O)F,piperidinium,bistriflamides,1.3208
rXrqL,CCC[n+]1cccc(C)c1.O=S(=O)([N-]S(=O)(=O)C(F)(F)F)C(F)(F)F,pyridinium,bistriflamides,1.448
rfWKM,CCCCC[N+](CC)(CC)CC.O=S(=O)([N-]S(=O)(=O)C(F)(F)F)C(F)(F)F,ammonium,bistriflamides,1.311
rfaeX,C[N+](C)(C)CCO.NCC(=O)[O-],ammonium,carboxylates,1.1452
rgcjI,CC[n+]1ccn(C)c1.CCOS(=O)(=O)[O-],imidazolium,sulfates,1.2402
rgtnm,C[NH2+]CCO.CCCC(=O)[O-],ammonium,carboxylates,1.039325
rhJcY,CCCCCCCCCCCCOC[N+](C)(C)CCOC(C)=O.O=S(=O)([N-]S(=O)(=O)C(F)(F)F)C(F)(F)F,ammonium,bistriflamides,1.2
rhpxx,CCCCCCC[P+](CC)(CC)CC.O=[N+]([O-])c1cn[n-]c1,phosphonium,cyclic amides,1.0378
riNDO,CCCC[n+]1ccn(C)c1.COS(=O)(=O)[O-],imidazolium,sulfates,1.2086
rjoAE,CCCCCCCCn1cc[n+](C)c1.COS(=O)(=O)[O-],imidazolium,sulfates,1.123
rloSO,CCC[N+]1(C)CCOCC1.CC(=O)NC(C(=O)[O-])C(C)C,morpholinium,carboxylates,1.101
rmApt,CCCC[n+]1ccn(C)c1.COS(=O)(=O)[O-],imidazolium,sulfates,1.2122
rmnYI,COCCOCCn1cc[n+](C)c1.CS(=O)(=O)[O-],imidazolium,sulfonates,1.218
rnfkb,CCCC[N+]1(C)CCCC1.N#C[N-]C#N,pyrrolidinium,amides,1.0145
rqaSv,C[n+]1ccn(CCO)c1.CCC(=O)[O-],imidazolium,carboxylates,1.162
rrzkr,CC[n+]1ccn(C)c1.O=S(=O)(F)[N-]S(=O)(=O)F,imidazolium,bistriflamides,1.4417
rtiIg,CC[n+]1ccn(C)c1.N#C[N-]C#N,imidazolium,amides,1.0983
rtyGn,CCCCn1cc[n+](C)c1.O=C1[N-]S(=O)(=O)c2ccccc21,imidazolium,bistriflamides,1.24805
rusHn,CCn1c[n+](CC)cc1C.O=S(=O)([N-]S(=O)(=O)C(F)(F)F)C(F)(F)F,imidazolium,bistriflamides,1.432
rvBpG,CCCC[n+]1ccn(C)c1.CC(O)C(=O)[O-],imidazolium,carboxylates,1.1112
rvyJC,CCCC[n+]1ccn(C)c1.O=S(=O)([O-])C(F)(F)F,imidazolium,sulfonates,1.2988
rwLWv,CC[n+]1ccn(C)c1.CC(=O)[O-],imidazolium,carboxylates,1.09826
sAHtk,CCCC[P+](CC)(CCCC)CCCC.CCOP(=O)([O-])OCC,phosphonium,organic phosphates,1.00743
sAhgH,CCCn1cc[n+](C)c1.O=S(=O)([N-]S(=O)(=O)C(F)(F)F)C(F)(F)F,imidazolium,bistriflamides,1.4734
sAlhb,CCCCC[n+]1ccn(C)c1.[Br-],imidazolium,inorganics,1.26283
sCFNW,CCCCCCCCCCCC[n+]1ccn(C)c1.O=S(=O)([N-]S(=O)(=O)C(F)(F)F)C(F)(F)F,imidazolium,bistriflamides,1.2429000000000001
sCbiU,CCCCCc1c(C)cc(C)c[n+]1CCCC.O=S(=O)([N-]S(=O)(=O)C(F)(F)F)C(F)(F)F,pyridinium,bistriflamides,1.28823
sCwuB,CCCCCCCCCCCCCC[P+](CCCCCC)(CCCCCC)CCCCCC.[Cl-],phosphonium,inorganics,0.8917999999999999
sDoNj,CC[n+]1ccn(C)c1.CCOS(=O)(=O)[O-],imidazolium,sulfates,1.233
sFscn,CC[n+]1ccn(C)c1.COS(=O)(=O)[O-],imidazolium,sulfates,1.2852999999999999
sHtyc,CCC[N+](CCC)(CCC)CCC.[Br-],ammonium,inorganics,1.17
sIlbs,CCCCC[P+](CC)(CC)CC.O=S(=O)(F)[N-]S(=O)(=O)F,phosphonium,bistriflamides,1.219
sJLPU,CCCC[n+]1ccn(C)c1.O=S(=O)([N-]S(=O)(=O)C(F)(F)F)C(F)(F)F,imidazolium,bistriflamides,1.436
sLUYJ,CC[n+]1ccn(C)c1.O=S(=O)([N-]S(=O)(=O)C(F)(F)F)C(F)(F)F,imidazolium,bistriflamides,1.518
sMdQS,c1ccc([P+](c2ccccc2)(c2ccccc2)c2ccccc2)cc1.C=CC(=O)NC(C)(C)CS(=O)(=O)[O-],phosphonium,sulfonates,1.2394
sPLUa,CCCC[n+]1ccn(C)c1.N#C[N-]C#N,imidazolium,amides,1.0597999999999999
sPylP,CCCCC[n+]1ccn(C)c1.N#C[S-],imidazolium,inorganics,1.06308
sQvKJ,CCCCCCCC[n+]1ccccc1.O=S(=O)([N-]S(=O)(=O)C(F)(F)F)C(F)(F)F,pyridinium,bistriflamides,1.3293
sRJJC,CCCC[n+]1ccn(C)c1.O=S(=O)([N-]S(=O)(=O)C(F)(F)F)C(F)(F)F,imidazolium,bistriflamides,1.44
sRUFP,CCCC[NH3+].O=[N+]([O-])[O-],ammonium,inorganics,1.105
sUlFL,C[n+]1ccccc1.COS(=O)(=O)[O-],pyridinium,sulfates,1.3448
sVowd,CCCC[n+]1ccn(C)c1.N#C[N-]C#N,imidazolium,amides,1.058
sYAZp,CCCC[n+]1ccn(C)c1.F[P-](F)(F)(F)(F)F,imidazolium,phosphates,1.3660999999999999
sahVh,CCCCCCCCCCCCCC[P+](CCCC)(CCCC)CCCC.CCCCCCCCCCCCc1ccc(S(=O)(=O)[O-])cc1,phosphonium,sulfonates,0.9556
sbQJP,CCn1cc[n+](C)c1.O=C([O-])CO,imidazolium,carboxylates,1.196
scDUm,Cn1cc[n+](C)c1.CO[PH](=O)[O-],imidazolium,organic phosphates,1.2302
scFRJ,CC[n+]1ccn(C)c1.CS(=O)(=O)[O-],imidazolium,sulfonates,1.2410999999999999
sdBsZ,Cn1cc[n+](CCO)c1.O=C([O-])C(F)(F)C(F)(F)C(F)(F)C(F)(F)F,imidazolium,carboxylates,1.5413
sdQEZ,CCCC[n+]1ccn(C)c1.O=C([O-])C(F)(F)F,imidazolium,carboxylates,1.2155
seHBU,CCCC[n+]1ccn(C)c1.O=S(=O)([N-]S(=O)(=O)C(F)(F)F)C(F)(F)F,imidazolium,bistriflamides,1.43635
seSGV,CCCC[n+]1ccn(C)c1.[Br-],imidazolium,inorganics,1.3023
sgMdl,CCCC[N+]1(C)CCOCC1.N#C[N-]C#N,morpholinium,amides,1.1182999999999998
sgrLA,CCCCCCn1c(C)cc(C)[n+]1-c1ccccc1.CS(=O)(=O)[O-],pyrazolium,sulfonates,1.1416
shrUJ,CCCC[n+]1ccn(C)c1.CC(=O)[O-],imidazolium,carboxylates,1.0577999999999999
sjqUq,CCCC[n+]1ccc(N(C)C)cc1.O=S(=O)([N-]S(=O)(=O)C(F)(F)F)C(F)(F)F,pyridinium,bistriflamides,1.3971
skxGr,CC[n+]1ccn(C)c1.CCOS(=O)(=O)[O-],imidazolium,sulfates,1.2363
slCyQ,C=CC[n+]1ccn(C)c1.N#C[N-]C#N,imidazolium,amides,1.2546
smEmk,CCCC[n+]1ccn(C)c1.N#C[C-](C#N)C#N,imidazolium,methanides,1.0475
snDdZ,CCCC[n+]1ccn(C)c1.F[P-](F)(F)(F)(F)F,imidazolium,phosphates,1.368
sneYy,CC[n+]1ccn(C)c1.N#C[N-]C#N,imidazolium,amides,1.1
sophG,CC[n+]1ccn(C)c1.O=S(=O)([N-]S(=O)(=O)C(F)(F)F)C(F)(F)F,imidazolium,bistriflamides,1.5185
sqXnK,CC[n+]1ccn(C)c1.O=S(=O)([N-]S(=O)(=O)C(F)(F)F)C(F)(F)F,imidazolium,bistriflamides,1.51845
ssxwG,CC[N+]1(C)CCOCC1.CC(=O)NC(C(=O)[O-])C(C)C,morpholinium,carboxylates,1.1231
stdbB,CCCCCCCCCCCCCC[P+](CCCCCC)(CCCCCC)CCCCCC.Cc1ncc([N+](=O)[O-])[n-]1,phosphonium,cyclic amides,0.9387000000000001
suwnU,CCCCCCCCn1cc[n+](C)c1.[Cl-],imidazolium,inorganics,1.0096
svEMD,CCCC[n+]1ccn(C)c1.O=S(=O)([N-]S(=O)(=O)C(F)(F)F)C(F)(F)F,imidazolium,bistriflamides,1.4378
svohI,CCCCn1cc[n+](C)c1.FC(F)(F)C(F)(F)[P-](F)(F)(F)(C(F)(F)C(F)(F)F)C(F)(F)C(F)(F)F,imidazolium,phosphates,1.613
sxrKF,Cn1cc[n+](CCO)c1.O=S(=O)([N-]S(=O)(=O)C(F)(F)F)C(F)(F)F,imidazolium,bistriflamides,1.572
syIQP,CCCCCC[n+]1ccn(C)c1.[Br-],imidazolium,inorganics,1.2238
syKTv,CC[n+]1ccn(C)c1.O=S(=O)([N-]S(=O)(=O)C(F)(F)F)C(F)(F)F,imidazolium,bistriflamides,1.5185
szZQK,Cn1cn[n+](CCN=[N+]=[N-])c1.O=[N+]([O-])[O-],triazolium,inorganics,1.49
tAIWe,CCCCCCCCCCCCCC[P+](CCCCCC)(CCCCCC)CCCCCC.O=C([O-])C(F)(F)C(F)(F)C(F)(F)C(F)(F)F,phosphonium,carboxylates,1.077
tAeVb,CC[n+]1ccn(C)c1.N#C[N-]C#N,imidazolium,amides,1.1089
tAevB,CCCCCCCCCCCCCC[P+](CCCCCC)(CCCCCC)CCCCCC.[Br-],phosphonium,inorganics,0.9589000000000001
tBLho,CCOCCOCC[n+]1ccn(C2CCCC2)c1.O=S(=O)([N-]S(=O)(=O)C(F)(F)F)C(F)(F)F,imidazolium,bistriflamides,1.3685
tBaEe,CCn1cc[n+](CC)c1.CCOS(=O)(=O)[O-],imidazolium,sulfates,1.2033099999999999
tCyrh,CCCCCCCC[n+]1ccn(C)c1.F[P-](F)(F)(F)(F)F,imidazolium,phosphates,1.2189
tDTVT,CCCC[n+]1ccn(C)c1.N#C[S-],imidazolium,inorganics,1.06954
tHGdZ,CCCC[n+]1ccn(C)c1.NC(CC(=O)O)C(=O)[O-],imidazolium,carboxylates,1.183
tHRfQ,CCCC[n+]1ccn(C)c1.CC(=O)[O-],imidazolium,carboxylates,1.053
tITTZ,C[N+](C)(C)CCO.NC(Cc1ccccc1)C(=O)[O-],ammonium,carboxylates,1.1650999999999998
tIvZT,CCCCCCCCCCCCn1c[n+](C)cn1.O=S(=O)([N-]S(=O)(=O)C(F)(F)F)C(F)(F)F,triazolium,bistriflamides,1.262
tJKiQ,CCCCCC[n+]1ccn(C)c1.F[P-](F)(F)(F)(F)F,imidazolium,phosphates,1.2935
tJnVx,CCCC[P+](CCCC)(CCCC)CCOCC.O=C([O-])C(F)(F)F,phosphonium,carboxylates,1.056
tJxzU,CC[n+]1ccn(C)c1.O=S(=O)([O-])C(F)(F)F,imidazolium,sulfonates,1.38605
tNOtV,CCCCCC[n+]1ccn(C)c1C.O=S(=O)([N-]S(=O)(=O)C(F)(F)F)C(F)(F)F,imidazolium,bistriflamides,1.36
tOhQa,CCCC[n+]1ccn(C)c1.O=S(=O)([N-]S(=O)(=O)C(F)(F)F)C(F)(F)F,imidazolium,bistriflamides,1.437
tQbzl,CC[n+]1ccn(C)c1.N#C[N-]C#N,imidazolium,amides,1.103
tQoAV,CCCCCC[n+]1ccn(C)c1.O=S(=O)([N-]S(=O)(=O)C(F)(F)F)C(F)(F)F,imidazolium,bistriflamides,1.3703714285714284
tRyJk,CCCCCCCCCCCCCC[P+](CCCCCC)(CCCCCC)CCCCCC.Clc1nc[n-]c1Cl,phosphonium,cyclic amides,0.9643999999999999
tSVhT,CCCn1cc[n+](C)c1.O=S(=O)(F)[N-]S(=O)(=O)F,imidazolium,bistriflamides,1.3951
tTYif,CCCC[n+]1ccccc1.O=S(=O)([N-]S(=O)(=O)C(F)(F)F)C(F)(F)F,pyridinium,bistriflamides,1.449
tUKVI,CCCC[n+]1ccn(CCC#N)c1.[Cl-],imidazolium,inorganics,1.1053
tWWeK,CCCCCC[n+]1ccn(CCC#N)c1.O=C([O-])c1cccc(S(=O)(=O)O)c1,imidazolium,carboxylates,1.2446
tXWbv,CCCCCCCCn1cc[n+](C)c1.[Cl-],imidazolium,inorganics,1.0088
tYmKR,CCCCCCCCCCCCCC[P+](CCCCCC)(CCCCCC)CCCCCC.O=S(=O)([O-])C(F)(F)F,phosphonium,sulfonates,0.9823
tZFXR,CC[n+]1ccn(C)c1.O=S(=O)([O-])C(F)(F)F,imidazolium,sulfonates,1.3859000000000001
tZKky,CCCCCCCCCCCC[N+](CC)(CC)CC.O=S(=O)([N-]S(=O)(=O)C(F)(F)F)C(F)(F)F,ammonium,bistriflamides,1.1910999999999998
tbxxw,CCCCCC[N+]1(C)CCOCC1.N#C[C-](C#N)C#N,morpholinium,methanides,1.0395999999999999
tcEoI,CC[n+]1ccn(C)c1.CCOS(=O)(=O)[O-],imidazolium,sulfates,1.238
tccyN,CCCCCCCC[n+]1ccn(CCC#N)c1.O=S(=O)([O-])c1ccccc1,imidazolium,sulfonates,1.2052
tckba,CCCCCCC[N+](C)(C)CC.O=S(=O)([N-]S(=O)(=O)C(F)(F)F)C(F)(F)F,ammonium,bistriflamides,1.291
tdSuf,CCCC[n+]1ccn(C)c1.N#C[N-]C#N,imidazolium,amides,1.0602
tdhnd,CC[n+]1ccn(C)c1.CC(=O)[O-],imidazolium,carboxylates,1.0997000000000001
tgrFZ,CCCC[n+]1ccn(C)c1.O=S(=O)([O-])C(F)(F)F,imidazolium,sulfonates,1.2975
thaYl,COC[n+]1ccccc1.O=S(=O)([N-]S(=O)(=O)C(F)(F)F)C(F)(F)F,pyridinium,bistriflamides,1.567
tkjzt,CCCC[N+]1(C)CCCC1.N#C[N-]C#N,pyrrolidinium,amides,1.013
tlAiK,CCCCCC[n+]1ccn(C)c1.O=S(=O)([N-]S(=O)(=O)C(F)(F)F)C(F)(F)F,imidazolium,bistriflamides,1.3719000000000001
tlcWk,CC(C)C[P+](C)(CC(C)C)CC(C)C.Cc1ccc(S(=O)(=O)[O-])cc1,phosphonium,sulfonates,1.0732000000000002
tlhmj,CCn1cc[n+](C)c1.CCCCCCOS(=O)(=O)[O-],imidazolium,sulfates,1.13075
trLYb,CCCC[n+]1ccn(C)c1.CCCCCCCCOS(=O)(=O)[O-],imidazolium,sulfates,1.0684
tsMoB,C[N+]1=C(O)CCC1.CC(=O)[O-],amidium,carboxylates,1.04606
ttYnL,Cn1cc[nH+]c1.CC(=O)[O-],imidazolium,carboxylates,1.07533
ttfUi,CCCC[N+]1(C)CCCC1.O=S(=O)([N-]S(=O)(=O)C(F)(F)F)C(F)(F)F,pyrrolidinium,bistriflamides,1.3937
ttqox,CCCCn1cc[n+](C)c1C.O=S(=O)([N-]S(=O)(=O)C(F)(F)F)C(F)(F)F,imidazolium,bistriflamides,1.41869
tuBqV,CCCC[N+]1(C)CCCC1.O=S(=O)([N-]S(=O)(=O)C(F)(F)F)C(F)(F)F,pyrrolidinium,bistriflamides,1.397
tujtR,CCCC[n+]1ccn(C)c1.O=S(=O)([N-]S(=O)(=O)C(F)(F)C(F)(F)F)C(F)(F)C(F)(F)F,imidazolium,bistriflamides,1.5132
tuwGS,C[N+]1(CCO)CCCC1.O=S(=O)([N-]S(=O)(=O)C(F)(F)F)C(F)(F)F,pyrrolidinium,bistriflamides,1.5174
tvqpm,CCCCCCCCCCCCCC[P+](CCCCCC)(CCCCCC)CCCCCC.[Cl-],phosphonium,inorganics,0.8918200000000001
tyndn,CCC[N+]1(C)CCCC1.O=S(=O)([N-]S(=O)(=O)C(F)(F)F)C(F)(F)F,pyrrolidinium,bistriflamides,1.4274
uAhKO,CC[n+]1ccn(C)c1.N#C[C-](C#N)C#N,imidazolium,methanides,1.0812
uAluH,CCCC[n+]1ccn(C)c1.O=C([O-])C(F)(F)F,imidazolium,carboxylates,1.2173
uAoIt,CCCC[N+]1(C)CCCC1.O=S(=O)([N-]S(=O)(=O)C(F)(F)F)C(F)(F)F,pyrrolidinium,bistriflamides,1.39435
uAqXT,CCCC[n+]1ccccc1.O=S(=O)([N-]S(=O)(=O)C(F)(F)F)C(F)(F)F,pyridinium,bistriflamides,1.455
uCEJN,Cn1cc[n+](Cc2ccccc2)c1.O=S(=O)([N-]S(=O)(=O)C(F)(F)F)C(F)(F)F,imidazolium,bistriflamides,1.491
uCjIh,CCCCCCCCCCn1cc[n+](C)c1.O=C1[N-]S(=O)(=O)c2ccccc21,imidazolium,bistriflamides,1.1325500000000002
uEocm,CCCC[n+]1ccn(C)c1.[Br-],imidazolium,inorganics,1.2923
uHbbp,CCCCCCCCn1cc[n+](C)c1.O=S(=O)([N-]S(=O)(=O)C(F)(F)F)C(F)(F)F,imidazolium,bistriflamides,1.325
uHkZe,CCCCCCCCCC[n+]1ccn(COC2CC(C)CCC2C(C)C)c1.O=S(=O)([N-]S(=O)(=O)C(F)(F)F)C(F)(F)F,imidazolium,bistriflamides,1.19429
uIYie,CCOC[N+](C)(C)CCOC(C)=O.O=S(=O)([N-]S(=O)(=O)C(F)(F)F)C(F)(F)F,ammonium,bistriflamides,1.426
uJEqK,CCCC[n+]1ccn(C)c1.CC(=O)[O-],imidazolium,carboxylates,1.0566
uLBNQ,CCC[N+]1(C)CCCCC1.O=S(=O)([N-]S(=O)(=O)C(F)(F)F)C(F)(F)F,piperidinium,bistriflamides,1.4142000000000001
uLLUo,CC[n+]1ccn(C)c1.CCOS(=O)(=O)[O-],imidazolium,sulfates,1.2355
uLcKC,CC[n+]1ccn(C)c1.CCOP(=O)([O-])OCC,imidazolium,organic phosphates,1.1442
uOTFU,CCCC[n+]1ccn(C)c1.F[P-](F)(F)(F)(F)F,imidazolium,phosphates,1.3674000000000002
uPmss,CCn1cc[n+](C)c1.CC(O)C(=O)[O-],imidazolium,carboxylates,1.1461
uRpUP,CCCCCCCCCCCCCC[P+](CCCCCC)(CCCCCC)CCCCCC.CS(=O)(=O)[O-],phosphonium,sulfonates,0.9281
uSYUX,CCC[n+]1ccn(C)c1.COS(=O)(=O)[O-],imidazolium,sulfates,1.5114
uTjfy,C[NH2+]CCO.O=C[O-],ammonium,carboxylates,1.1283125
uUjEF,COCC[n+]1ccn(C)c1.O=S(=O)([N-]S(=O)(=O)C(F)(F)F)C(F)(F)F,imidazolium,bistriflamides,1.51
uXSSt,CC[n+]1ccn(C)c1.CCCCCCCCOS(=O)(=O)[O-],imidazolium,sulfates,1.0937999999999999
uYDPs,CCCCCn1cc[n+](C)c1.O=S(=O)([N-]S(=O)(=O)C(F)(F)F)C(F)(F)F,imidazolium,bistriflamides,1.403
uYIgz,CC[n+]1ccn(C)c1.CCOS(=O)(=O)[O-],imidazolium,sulfates,1.2383
uYTLG,CCCC[n+]1ccn(C)c1.N#C[S-],imidazolium,inorganics,1.0703399999999998
uYlfV,CCCCCCCCCCCCCC[P+](CCCCCC)(CCCCCC)CCCCCC.N#C[N-]C#N,phosphonium,amides,0.8991
uZNBb,CCCC[n+]1ccn(C)c1.N#C[S-],imidazolium,inorganics,1.0697
uZooW,CC[n+]1ccn(C)c1.O=S(=O)([N-]S(=O)(=O)C(F)(F)F)C(F)(F)F,imidazolium,bistriflamides,1.5212999999999999
uaCCP,C=CC[N+](C)(C)CC.O=S(=O)([N-]S(=O)(=O)C(F)(F)F)C(F)(F)F,ammonium,bistriflamides,1.4239000000000002
uagWg,CC[n+]1ccn(C)c1.Cc1ccc(S(=O)(=O)[O-])cc1,imidazolium,sulfonates,1.21
udIoP,CCCCCCCC[P+](CC)(CC)CC.O=S(=O)([N-]S(=O)(=O)C(F)(F)F)C(F)(F)F,phosphonium,bistriflamides,1.2435
udsNC,CCCn1cc[n+](C)c1.NCCS(=O)(=O)[O-],imidazolium,sulfonates,1.2190999999999999
ugPTP,CCCCCCCCCC[n+]1ccn(C)c1.O=S(=O)([N-]S(=O)(=O)C(F)(F)F)C(F)(F)F,imidazolium,bistriflamides,1.2771
ugiQu,CCCCC[n+]1ccn(C)c1C.O=S(=O)([O-])O,imidazolium,sulfates,1.1901
uhEEB,CC[n+]1ccn(C)c1.CCOS(=O)(=O)[O-],imidazolium,sulfates,1.23723
uhVKJ,CCCC[N+](C)(CCCC)CCCC.NCCS(=O)(=O)[O-],ammonium,sulfonates,1.0511
uiRBB,C[N+]1(CCO)CCCC1.O=S(=O)([N-]S(=O)(=O)C(F)(F)F)C(F)(F)F,pyrrolidinium,bistriflamides,1.51
uipRV,CC[n+]1ccn(C)c1.CCCCCCCCOS(=O)(=O)[O-],imidazolium,sulfates,1.0942
ujIDZ,CCCCCCCCn1cc[n+](C)c1.O=C1[N-]S(=O)(=O)c2ccccc21,imidazolium,bistriflamides,1.1629999999999998
ujwAj,COCCn1cc[n+](C)c1.CS(=O)(=O)[O-],imidazolium,sulfonates,1.2338
ukGOT,CCCC[N+](C)(C)C.O=S(=O)([N-]S(=O)(=O)C(F)(F)F)C(F)(F)F,ammonium,bistriflamides,1.38898
umLdo,CCCCCn1cc[n+](C)c1.CCC(=O)[O-],imidazolium,carboxylates,1.02051
uoLSJ,CCCCCCn1cc[n+](C)c1.O=C1[N-]S(=O)(=O)c2ccccc21,imidazolium,bistriflamides,1.2073
upAvB,C[N+]1(Cc2ccccc2)CCCC1.O=S(=O)([N-]S(=O)(=O)C(F)(F)F)C(F)(F)F,pyrrolidinium,bistriflamides,1.4444000000000001
upFug,CC[N+]1(C)CCOCC1.O=C([O-])CO,morpholinium,carboxylates,1.2326
upLhl,CCCC[N+]1(C)CCCC1.N#C[C-](C#N)C#N,pyrrolidinium,methanides,1.0069
uproj,CCCC[n+]1ccccc1.O=S(=O)([N-]S(=O)(=O)C(F)(F)F)C(F)(F)F,pyridinium,bistriflamides,1.45391
uqNXf,CCCC[NH+](CCCC)CCCC.[Cl-],ammonium,inorganics,1.106
uqbiA,CCCCCC[N+]1(C)CCOCC1.O=S(=O)([N-]S(=O)(=O)C(F)(F)F)C(F)(F)F,morpholinium,bistriflamides,1.3713
urrPe,CC(C)C[P+](C)(CC(C)C)CC(C)C.Cc1ccc(S(=O)(=O)[O-])cc1,phosphonium,sulfonates,1.0725
urxzi,CC(C)CCn1c[n+](CCCCS(=O)(=O)O)cn1.O=S(=O)([O-])C(F)(F)F,triazolium,sulfonates,1.3733199999999999
uscIQ,C[N+](C)(C)CCO.O=S(=O)([N-]S(=O)(=O)C(F)(F)F)C(F)(F)F,ammonium,bistriflamides,1.5265475
utizj,CCCCCCCCCCCCCC[P+](CCCCCC)(CCCCCC)CCCCCC.N#C[N-]C#N,phosphonium,amides,0.8976000000000001
uuRbn,CCCCCC[n+]1ccn(C)c1.O=S(=O)([N-]S(=O)(=O)C(F)(F)F)C(F)(F)F,imidazolium,bistriflamides,1.3722
uuvfH,CCCCCC[n+]1ccn(C)c1.O=S(=O)([N-]S(=O)(=O)C(F)(F)F)C(F)(F)F,imidazolium,bistriflamides,1.3717
uvLJo,CC[n+]1ccn(C)c1.COS(=O)(=O)[O-],imidazolium,sulfates,1.2860999999999998
uvYuz,C=CC[n+]1ccn(C)c1.CC(=O)[O-],imidazolium,carboxylates,1.111
uwnGN,CCCCCCn1cc[n+](C)c1.CC(=O)[O-],imidazolium,carboxylates,1.017
uxTYN,CCCCCCCC[N+]1(C)CCOCC1.CC(=O)NC(C(=O)[O-])C(C)C,morpholinium,carboxylates,1.0404
uyNoW,CCCCCCCC[N+](CC)(CC)CC.O=S(=O)([N-]S(=O)(=O)C(F)(F)F)C(F)(F)F,ammonium,bistriflamides,1.2512
uyRLs,CCOCC[n+]1ccccc1.O=S(=O)([N-]S(=O)(=O)C(F)(F)F)C(F)(F)F,pyridinium,bistriflamides,1.4662
uzeWz,[N-]=[N+]=NCCn1c[nH+]cn1.[O-][Cl+3]([O-])([O-])[O-],triazolium,inorganics,1.61
vANzH,CCCC[n+]1ccn(C)c1.F[P-](F)(F)(F)(F)F,imidazolium,phosphates,1.3665699999999998
vBLZk,CC[n+]1ccn(C)c1.CS(=O)(=O)[O-],imidazolium,sulfonates,1.2424000000000002
vBsaY,CCCCCCCC[n+]1ccn(C)c1.O=S(=O)([O-])C(F)(F)F,imidazolium,sulfonates,1.1933900000000002
vDdIN,CCCC[n+]1ccn(C)c1.O=S(=O)([N-]S(=O)(=O)C(F)(F)C(F)(F)F)C(F)(F)C(F)(F)F,imidazolium,bistriflamides,1.514
vExSi,CCCCn1cc[n+](C)c1.CCC(=O)[O-],imidazolium,carboxylates,1.03527
vHFWZ,CCCCCCCCCCCCCC[P+](CCCCCC)(CCCCCC)CCCCCC.N#C[N-]C#N,phosphonium,amides,0.8987999999999999
vIdLn,CCCCCCCCCCCCn1cc[n+](CCCC)c1.[Br-],imidazolium,inorganics,1.056
vMmPu,CCCCCCCCn1cc[n+](CCCC)c1.[Br-],imidazolium,inorganics,1.1197000000000001
vNHEn,CC[n+]1ccn(CCOC)c1.N#C[S-],imidazolium,inorganics,1.133
vNbYH,CC[n+]1ccn(C)c1.N#C[N-]C#N,imidazolium,amides,1.1007
vOMGE,C[NH+]1CCOCC1.CCCCCC(=O)[O-],morpholinium,carboxylates,0.9287000000000001
vPVPA,CCCCCCCC[n+]1ccn(C)c1.O=S(=O)([O-])C(F)(F)F,imidazolium,sulfonates,1.1932
vQFAS,OCC[NH2+]CCO.O=C[O-],ammonium,carboxylates,1.219
vQdqu,CCCC[n+]1ccn(C)c1.F[P-](F)(F)(F)(F)F,imidazolium,phosphates,1.368
vQteh,C[N+]1(CC#N)CCCC1.O=S(=O)([N-]S(=O)(=O)C(F)(F)F)C(F)(F)F,pyrrolidinium,bistriflamides,1.5378
vRHLV,CCCCCCCCCCCOC[N+](C)(C)CCOC(C)=O.O=S(=O)([N-]S(=O)(=O)C(F)(F)F)C(F)(F)F,ammonium,bistriflamides,1.21
vRMkd,CCCC[N+]1(C)C2CCC1CC(O)C2.NCC(=O)[O-],pyrrolidinium,carboxylates,1.1428
vRmOl,CC[n+]1ccn(C)c1.O=S(=O)([O-])C(F)(F)F,imidazolium,sulfonates,1.383
vToYm,COCC[n+]1ccccc1.O=S(=O)([N-]S(=O)(=O)C(F)(F)F)C(F)(F)F,pyridinium,bistriflamides,1.5166
vTyKL,CCCC[n+]1ccn(C)c1.O=S(=O)([O-])C(F)(F)C(F)OC(F)(F)F,imidazolium,sulfonates,1.393
vUydf,CC[n+]1ccn(C)c1.CCOP(=O)([O-])OCC,imidazolium,organic phosphates,1.146
vVARC,CCCC[n+]1ccn(C)c1.COS(=O)(=O)[O-],imidazolium,sulfates,1.2124000000000001
vVpfJ,CC[n+]1ccccc1.O=S(=O)([N-]S(=O)(=O)C(F)(F)F)C(F)(F)F,pyridinium,bistriflamides,1.5375999999999999
vWGDh,CC[n+]1ccn(C)c1.CC(=O)[O-],imidazolium,carboxylates,1.099
vWhcy,C[N+](C)(C)CCO.NC(CO)C(=O)[O-],ammonium,carboxylates,1.1915
vXAVE,Cn1cc[n+](C)c1.COCCOS(=O)(=O)[O-],imidazolium,sulfates,1.314
vZeDV,C[N+](C)(C)CCO.CCC(=O)[O-],ammonium,carboxylates,1.0674000000000001
vacTp,C[n+]1ccccc1.COS(=O)(=O)[O-],pyridinium,sulfates,1.34612
vaiBN,CCn1cc[nH+]c1.O=S(=O)([N-]S(=O)(=O)C(F)(F)F)C(F)(F)F,imidazolium,bistriflamides,1.5729000000000002
vaudK,CCCCCC[n+]1ccn(C)c1.c1nnn[n-]1,imidazolium,cyclic amides,1.0680999999999998
vbHUt,N#CC[n+]1ccccc1.O=S(=O)([N-]S(=O)(=O)C(F)(F)F)C(F)(F)F,pyridinium,bistriflamides,1.6312
vcfUG,CCCC[n+]1ccn(C)c1.N#C[S-],imidazolium,inorganics,1.0695
vcgLm,CCCC[n+]1ccn(C)c1.O=S(=O)([N-]S(=O)(=O)C(F)(F)F)C(F)(F)F,imidazolium,bistriflamides,1.4365999999999999
vcnwL,CC[N+](C)(C)CCOC.O=S(=O)([N-]S(=O)(=O)C(F)(F)F)C(F)(F)F,ammonium,bistriflamides,1.431425
vdDVo,CCCCC[n+]1ccn(C)c1.[Br-],imidazolium,inorganics,1.2569000000000001
vdnMp,CCCC[n+]1ccn(C)c1.F[P-](F)(F)(F)(F)F,imidazolium,phosphates,1.3678
vgbTC,CCCC[N+]1(C)CCCC1.N#C[N-]S(=O)(=O)C(F)(F)F,pyrrolidinium,bistriflamides,1.232
viwjL,CCCC[n+]1ccn(C)c1.F[P-](F)(F)(F)(F)F,imidazolium,phosphates,1.366
vlQqZ,C[N+](C)(C)CCO.CC(O)C(=O)[O-],ammonium,carboxylates,1.1422999999999999
voLjw,CCCC[N+]1(C)C2CCC1CC(O)C2.CC(N)C(=O)[O-],pyrrolidinium,carboxylates,1.1234000000000002
vpBlN,CCCC[n+]1ccn(C)c1.COS(=O)(=O)[O-],imidazolium,sulfates,1.208
vpQWl,CCCC[n+]1cccc(C)c1.O=S(=O)([N-]S(=O)(=O)C(F)(F)F)C(F)(F)F,pyridinium,bistriflamides,1.41476
vqWtW,CCCCCC[N+](C)(C)CCC.O=S(=O)([N-]S(=O)(=O)C(F)(F)F)C(F)(F)F,ammonium,bistriflamides,1.285
vrOvC,CCCCCCC[n+]1ccn(C)c1.F[P-](F)(F)(F)(F)F,imidazolium,phosphates,1.2626
vsmnI,CCCC[n+]1ccn(C)c1.N#C[S-],imidazolium,inorganics,1.0697999999999999
vtdUx,CCCCCCCCCC[n+]1ccn(C)c1.[Cl-],imidazolium,inorganics,0.984
vtsjP,CCCCCCCCn1c[n+](C)cn1.O=S(=O)([N-]S(=O)(=O)C(F)(F)F)C(F)(F)F,triazolium,bistriflamides,1.342
vtwjd,CCCC[n+]1ccn(C)c1.O=S(=O)([N-]S(=O)(=O)C(F)(F)F)C(F)(F)F,imidazolium,bistriflamides,1.4345
vuImJ,CCCC[N+]1(C)CCCC1.N#C[C-](C#N)C#N,pyrrolidinium,methanides,1.007
vuuUE,CC[n+]1ccn(C)c1.O=C([O-])C1CCCN1,imidazolium,carboxylates,1.1428
vxxss,CCC[N+]1(C)CCCC1.O=S(=O)([N-]S(=O)(=O)C(F)(F)F)C(F)(F)F,pyrrolidinium,bistriflamides,1.4279000000000002
vymxP,CCCC[n+]1ccn(C)c1.CCCCOP(=O)([O-])OCCCC,imidazolium,organic phosphates,1.04618
wAPTy,CC[n+]1ccn(C)c1.CCOS(=O)(=O)[O-],imidazolium,sulfates,1.23723
wBKjP,CC[n+]1ccn(C)c1.N#C[S-],imidazolium,inorganics,1.1159000000000001
wBaRN,CC[n+]1ccn(C)c1.CS(=O)(=O)[O-],imidazolium,sulfonates,1.234
wBcsa,CCCC[n+]1ccn(C)c1.F[P-](F)(F)(F)(F)F,imidazolium,phosphates,1.36
wCXNP,CCC[N+]1(C)CCCC1.O=S(=O)(F)[N-]S(=O)(=O)F,pyrrolidinium,bistriflamides,1.3380999999999998
wDTIw,CCCC[n+]1ccn(C)c1.F[P-](F)(F)(F)(F)F,imidazolium,phosphates,1.36785
wEaLj,CCCCCC[n+]1ccn(C)c1.O=S(=O)([N-]S(=O)(=O)C(F)(F)F)C(F)(F)F,imidazolium,bistriflamides,1.37168
wEmJK,CCCC[n+]1ccn(C)c1.CCCCCCCCOS(=O)(=O)[O-],imidazolium,sulfates,1.0637999999999999
wGUgV,CCCC[n+]1ccn(C)c1.CC(=O)[O-],imidazolium,carboxylates,1.056
wIqEb,CCCC[N+](C)(CCCC)CCCC.O=S(=O)([N-]S(=O)(=O)C(F)(F)F)C(F)(F)F,ammonium,bistriflamides,1.2617
wKIUO,CC[n+]1ccn(C)c1.O=S(=O)([N-]S(=O)(=O)C(F)(F)F)C(F)(F)F,imidazolium,bistriflamides,1.519
wKTPC,CC[n+]1ccn(C)c1.O=S(=O)([O-])C(F)(F)F,imidazolium,sulfonates,1.3828
wLlHW,CCCCCCCCn1cc[n+](C)c1.O=S(=O)([N-]S(=O)(=O)C(F)(F)F)C(F)(F)F,imidazolium,bistriflamides,1.32
wOEed,CCCC[n+]1ccn(C)c1.[Br-],imidazolium,inorganics,1.3
wOoDo,CCC[n+]1ccn(C)c1.N#C[S-],imidazolium,inorganics,1.08409
wPcld,CCCC[n+]1ccn(C)c1.O=S(=O)([O-])C(F)(F)F,imidazolium,sulfonates,1.2977
wRooa,CC[n+]1ccn(C)c1.CCOS(=O)(=O)[O-],imidazolium,sulfates,1.2375999999999998
wSQAu,CCCC[n+]1ccn(C)c1.N#C[N-]C#N,imidazolium,amides,1.059
wTGSy,CC[n+]1ccn(C)c1.CCOS(=O)(=O)[O-],imidazolium,sulfates,1.23753
wToBB,CCCCCCCC[n+]1ccc2ccccc2c1.O=S(=O)([N-]S(=O)(=O)C(F)(F)F)C(F)(F)F,quinlolinium,bistriflamides,1.3315
wUiFC,CCCC[n+]1ccn(C)c1.O=S(=O)([O-])C(F)(F)F,imidazolium,sulfonates,1.29868
wVFFQ,CCCC[N+]1(C)CCCC1.N#C[S-],pyrrolidinium,inorganics,1.0248
wVGGE,CC[n+]1ccn(C)c1.O=S(=O)([O-])O,imidazolium,sulfates,1.3660725
wZOPc,CCCCCCCn1c(C)cc(C)[n+]1-c1ccccc1.CS(=O)(=O)[O-],pyrazolium,sulfonates,1.1238
wauVI,CC[NH+](CC)CC.O=S(=O)([O-])O,ammonium,sulfates,1.1428900000000002
wcAYd,CCCC[n+]1ccc(C#N)cc1.O=S(=O)([N-]S(=O)(=O)C(F)(F)F)C(F)(F)F,pyridinium,bistriflamides,1.4742
wcPDj,CCCCCCC[n+]1ccn(C)c1.O=S(=O)([N-]S(=O)(=O)C(F)(F)F)C(F)(F)F,imidazolium,bistriflamides,1.3446
wczCL,CC[n+]1ccn(C)c1.CC(=O)[O-],imidazolium,carboxylates,1.1068
wdUyM,CCCC[N+]1(C)CCCC1.O=S(=O)([N-]S(=O)(=O)C(F)(F)F)C(F)(F)F,pyrrolidinium,bistriflamides,1.395
wewSh,CCCCCCCCCCCCCC[P+](CCCCCC)(CCCCCC)CCCCCC.[Cl-],phosphonium,inorganics,0.8899
wfOAY,CC[n+]1ccn(C)c1.O=S(=O)([N-]S(=O)(=O)C(F)(F)F)C(F)(F)F,imidazolium,bistriflamides,1.51834
wfcqp,CCCCCC[n+]1ccn(C)c1.N#C[S-],imidazolium,inorganics,1.0568
wfkBF,C[n+]1ccn(CCO)c1.FC(F)(F)C(F)(F)[P-](F)(F)(F)(C(F)(F)C(F)(F)F)C(F)(F)C(F)(F)F,imidazolium,phosphates,1.76454
wgDCv,CCCC[n+]1ccn(C)c1.COP(=O)([O-])OC,imidazolium,organic phosphates,1.1601
wghkU,CCCCC[N+]1(C)CCCCC1.O=S(=O)([N-]S(=O)(=O)C(F)(F)F)C(F)(F)F,piperidinium,bistriflamides,1.35016
wgrvd,CCCC[n+]1ccn(C)c1.CC(=O)[O-],imidazolium,carboxylates,1.0519
wgwzB,CCCCCCCC[N+]1(C)CCCC1.CCCCCCCCO[PH](=O)[O-],pyrrolidinium,organic phosphates,0.9891
wjvhT,CCCC[N+](C)(C)CCOCCN(C)C.O=S(=O)([N-]S(=O)(=O)C(F)(F)F)C(F)(F)F,ammonium,bistriflamides,1.4395
wkiKt,CCCC[N+]1(C)CCCCC1.CCCCO[PH](=O)[O-],piperidinium,organic phosphates,1.05361
wlqiG,CCc1cccc[n+]1C.COS(=O)(=O)[O-],pyridinium,sulfates,1.2847
wlvDw,CC[N+](C)(CC)CCOC.O=S(=O)([N-]S(=O)(=O)C(F)(F)F)C(F)(F)F,ammonium,bistriflamides,1.4081
wmWLY,CCCC[N+]1(C)CCCC1.N#C[N-]C#N,pyrrolidinium,amides,1.0135
wnuyV,CCCC[N+]1(C)CCCC1.N#C[N-]C#N,pyrrolidinium,amides,1.0192
wnwmJ,CCCC[n+]1ccn(C)c1.COS(=O)(=O)[O-],imidazolium,sulfates,1.2126
wpnMC,CCCCCCCC[N+](C)(CCCCCCCC)CCCCCCCC.O=S(=O)([N-]S(=O)(=O)C(F)(F)F)C(F)(F)F,ammonium,bistriflamides,1.1072
wpqlL,CCCCCC[n+]1ccn(C)c1.O=S(=O)([N-]S(=O)(=O)C(F)(F)F)C(F)(F)F,imidazolium,bistriflamides,1.373
wqWwe,CC[n+]1ccn(C)c1.[Cl-],imidazolium,inorganics,1.12301
wqfRg,CC[P+](CC)(CC)CCOC.O=S(=O)([N-]S(=O)(=O)C(F)(F)F)C(F)(F)F,phosphonium,bistriflamides,1.3757000000000001
wsHXk,CCCC[n+]1ccn(C)c1.N#C[N-]C#N,imidazolium,amides,1.0597
wtOyF,CCn1cc[n+](C)c1.FC(F)(F)C(F)(F)[P-](F)(F)(F)(C(F)(F)C(F)(F)F)C(F)(F)C(F)(F)F,imidazolium,phosphates,1.70884
wteFg,Cn1cc[n+](C)c1.COS(=O)(=O)[O-],imidazolium,sulfates,1.329
wuGBJ,CCCCCCCCn1cc[n+](CCCCCCCC)c1.O=S(=O)([N-]S(=O)(=O)C(F)(F)F)C(F)(F)F,imidazolium,bistriflamides,1.1947999999999999
wvkAz,CCCC[n+]1ccn(C)c1.O=S(=O)([O-])C(F)(F)F,imidazolium,sulfonates,1.2977
wwIRB,C[N+](C)(C)CCO.CCCC(=O)[O-],ammonium,carboxylates,1.0465
wxVXN,CCCC[n+]1ccn(C)c1.N#C[C-](C#N)C#N,imidazolium,methanides,1.0462
wxXRi,CCCCCCCCn1cc[n+](C)c1.O=S(=O)([N-]S(=O)(=O)C(F)(F)F)C(F)(F)F,imidazolium,bistriflamides,1.32081
wyRxP,CCCC[n+]1cccc(C)c1.N#C[N-]C#N,pyridinium,amides,1.0495999999999999
wzjtt,CC[n+]1ccn(C)c1.CS(=O)(=O)[O-],imidazolium,sulfonates,1.2417
xAXRN,CCCCCCCC[P+](CCCC)(CCCC)CCCC.CC(=O)C=C(C)[O-],phosphonium,carboanions,0.922
xBmPb,CCCCCCCC[n+]1ccn(C)c1.F[P-](F)(F)(F)(F)F,imidazolium,phosphates,1.2357
xCUkO,CCCCCCCC[P+](CCCC)(CCCC)CCCC.CC1(C)CC(=O)C=C([O-])C1,phosphonium,carboanions,0.9332
xEKzl,CCCC[N+]1(C)CCCCC1.O=S(=O)([N-]S(=O)(=O)C(F)(F)F)C(F)(F)F,piperidinium,bistriflamides,1.382
xEaIz,CC(C)OC(=O)CCC([NH3+])C(=O)OC(C)C.CCCCCCCCCCCCOS(=O)(=O)[O-],ammonium,sulfates,1.0503
xFOfD,CC[n+]1ccn(CCOC)c1.O=S(=O)([O-])C(F)(F)F,imidazolium,sulfonates,1.3559
xFSRD,CCCC[N+]1(C)CCCC1.N#C[S-],pyrrolidinium,inorganics,1.02477
xFbOf,CC[n+]1ccn(C)c1.CC(=O)[O-],imidazolium,carboxylates,1.1
xJAGX,CCCCCC[n+]1ccn(C)c1.N#C[N-]C#N,imidazolium,amides,1.0285
xJUKL,C=CC[N+](C)(C)CC.O=C([O-])C(F)(F)F,ammonium,carboxylates,1.2210999999999999
xQOkb,CCC[n+]1cn(C)cn1.Cc1ccc(S(=O)(=O)[O-])cc1,triazolium,sulfonates,1.2247999999999999
xRpgA,CCCCCCCC[NH+](CCCCCCCC)CCCCCCCC.O=C([O-])CCCCC(=O)O,ammonium,carboxylates,0.945
xSACQ,CCCC[N+]1(C)CCCC1.O=S(=O)([N-]S(=O)(=O)C(F)(F)F)C(F)(F)F,pyrrolidinium,bistriflamides,1.39453
xTLol,CC[n+]1ccn(C)c1.CCOS(=O)(=O)[O-],imidazolium,sulfates,1.241
xVNFR,COCCCC[n+]1ccn(C)c1.NC(CC(=O)O)C(=O)[O-],imidazolium,carboxylates,1.2187000000000001
xWCqM,CCCC[P+](CC)(CCCC)CCCC.O=S(=O)([N-]S(=O)(=O)C(F)(F)F)C(F)(F)F,phosphonium,bistriflamides,1.244
xWDSz,CCCCn1cc[n+](C)c1.O=c1cc[n-]c(=O)[nH]1,imidazolium,amides,1.1761400000000002
xWPwK,CC[S+](CC)CC.O=S(=O)([N-]S(=O)(=O)C(F)(F)F)C(F)(F)F,sulfonium,bistriflamides,1.4621
xZKLL,CC[n+]1ccn(C)c1.CS(=O)(=O)[O-],imidazolium,sulfonates,1.2415
xblQq,C[NH+](C)CCO.CC1(C)CC(OS(=O)(=O)[O-])CC(C)(C)N1[O],ammonium,sulfates,1.1755
xdByN,CC[NH+]1CCOCC1.CCCCCC(=O)[O-],morpholinium,carboxylates,0.9334
xekAR,CCCC[N+]1(C)CCOCC1.CC(=O)NC(C)C(=O)[O-],morpholinium,carboxylates,1.1152
xelle,CCCCCC[n+]1ccn(C)c1.O=S(=O)([N-]S(=O)(=O)C(F)(F)F)C(F)(F)F,imidazolium,bistriflamides,1.36442
xfhlK,C=CC[n+]1ccn(C=C)c1.N#C[N-]C#N,imidazolium,amides,1.19
xkrju,Cn1cc[n+](C)c1.O=S(=O)([N-]S(=O)(=O)C(F)(F)F)C(F)(F)F,imidazolium,bistriflamides,1.5754000000000001
xkwsf,CC[n+]1ccn(C)c1.O=S(=O)([O-])C(F)(F)F,imidazolium,sulfonates,1.3871
xljut,CCCCCCCCCCCC[P+](CCCC)(CCCC)CCCC.O=S(=O)([N-]S(=O)(=O)C(F)(F)F)C(F)(F)F,phosphonium,bistriflamides,1.13
xohnG,CCCC[n+]1ccn(C)c1.N#C[N-]C#N,imidazolium,amides,1.0592000000000001
xrOfR,CCCC[n+]1ccn(C)c1.CCCCCCOC(=O)CC(C(=O)OCCCCCC)C(C(=O)OCCCCCC)S(=O)(=O)[O-],imidazolium,sulfonates,1.079
xtEIy,CCCCCn1cc[n+](CCCC)c1.O=S(=O)([N-]S(=O)(=O)C(F)(F)F)C(F)(F)F,imidazolium,bistriflamides,1.3175999999999999
xvRmJ,CCCCn1cc[n+](C)c1.O=c1[n-]cnc2nc[nH]c12,imidazolium,amides,1.2079000000000002
xwTTf,CCCCCCn1cc[n+](C)c1.CC1=CC(=O)[N-]S(=O)(=O)O1,imidazolium,bistriflamides,1.196
xxGtm,CCCC[n+]1ccccc1.O=S(=O)([N-]S(=O)(=O)C(F)(F)F)C(F)(F)F,pyridinium,bistriflamides,1.4484000000000001
xyONR,CCCCCCCC[n+]1ccc2ccccc2c1.N#C[S-],quinlolinium,inorganics,1.0617
xyfSx,CCCn1c[n+](C)cn1.O=S(=O)([N-]S(=O)(=O)C(F)(F)F)C(F)(F)F,triazolium,bistriflamides,1.5122
xyreA,CCCCCCC[n+]1ccn(C)c1.[Br-],imidazolium,inorganics,1.2459
xytSd,CC[n+]1ccn(C)c1.N#C[N-]C#N,imidazolium,amides,1.1013
yBTKH,CCCC[n+]1ccn(C)c1.O=S(=O)([N-]S(=O)(=O)C(F)(F)F)C(F)(F)F,imidazolium,bistriflamides,1.436
yBYsH,CC[n+]1ccn(C)c1.O=S(=O)(F)[N-]S(=O)(=O)F,imidazolium,bistriflamides,1.4424000000000001
yBxkm,CCCC[N+]1(C)CCCC1.O=S(=O)([N-]S(=O)(=O)C(F)(F)F)C(F)(F)F,pyrrolidinium,bistriflamides,1.397
yByBr,CC[n+]1ccn(C)c1.O=S(=O)([N-]S(=O)(=O)C(F)(F)C(F)(F)F)C(F)(F)C(F)(F)F,imidazolium,bistriflamides,1.593
yDJCY,CCCCCC[n+]1ccn(C)c1.[Cl-],imidazolium,inorganics,1.0442
yDfPh,CCCCCCCC[NH+](CCCCCCCC)CCCCCCCC.O=C([O-])c1ccccc1C(=O)O,ammonium,carboxylates,0.9699
yDivz,CCCc1cccc[n+]1CC.O=S(=O)([N-]S(=O)(=O)C(F)(F)F)C(F)(F)F,pyridinium,bistriflamides,1.4472
yEmPb,CC[n+]1ccccc1.O=S(=O)([N-]S(=O)(=O)C(F)(F)F)C(F)(F)F,pyridinium,bistriflamides,1.5358399999999999
yFKtF,CC[n+]1ccn(C)c1.O=S(=O)([N-]S(=O)(=O)C(F)(F)F)C(F)(F)F,imidazolium,bistriflamides,1.5180799999999999
yGRFJ,CCCCCCCC[n+]1ccn(C)c1.O=S(=O)([O-])C(F)(F)F,imidazolium,sulfonates,1.1453
yILsI,CCCC[n+]1ccn(C)c1.O=S(=O)([N-]S(=O)(=O)C(F)(F)F)C(F)(F)F,imidazolium,bistriflamides,1.4369
yIsYz,CC[N+]1(C)CCCCC1.CCO[PH](=O)[O-],piperidinium,organic phosphates,1.0940999999999999
yJGBl,COC[N+]1(C)CCCC1.O=S(=O)(F)[N-]S(=O)(=O)F,pyrrolidinium,bistriflamides,1.40475
yJUei,CCC[N+](C)(C)CCOCCN(C)C.O=S(=O)([N-]S(=O)(=O)C(F)(F)F)C(F)(F)F,ammonium,bistriflamides,1.3414000000000001
yMGhH,CCCC[n+]1ccn(C)c1.N#C[N-]C#N,imidazolium,amides,1.06076
yNkoz,CCCC[n+]1ccn(CCC#N)c1.O=S(=O)([O-])C(F)(F)F,imidazolium,sulfonates,1.3324
yOqTU,CCCCCCCCC[n+]1ccn(C)c1.F[P-](F)(F)(F)(F)F,imidazolium,phosphates,1.2130999999999998
yPLzq,CCCC[n+]1ccn(CCC(C)C)c1.O=S(=O)([N-]S(=O)(=O)C(F)(F)F)C(F)(F)F,imidazolium,bistriflamides,1.3182
ySxYR,CCCC[n+]1ccn(C)c1.O=S(=O)([C-](S(=O)(=O)C(F)(F)F)S(=O)(=O)C(F)(F)F)C(F)(F)F,imidazolium,methanides,1.56
yUvUu,CCCC[n+]1ccn(C)c1.O=S(=O)([N-]S(=O)(=O)C(F)(F)F)C(F)(F)F,imidazolium,bistriflamides,1.4385999999999999
yVkPB,CCCC[n+]1ccc(C)cc1.N#C[S-],pyridinium,inorganics,1.06127
yWdCt,CCCC[n+]1ccn(C)c1.CC(=O)[O-],imidazolium,carboxylates,1.065
yXDyH,C[N+](C)(C)CCO.CC(O)C(=O)[O-],ammonium,carboxylates,1.1399000000000001
yXTnW,CCCCCC[n+]1ccn(C)c1.F[P-](F)(F)(F)(F)F,imidazolium,phosphates,1.2934
yXgcg,CC[n+]1cccc(C)c1.CCOS(=O)(=O)[O-],pyridinium,sulfates,1.2196
yYNhN,CCCC[N+](C)(C)C.O=S(=O)([N-]S(=O)(=O)C(F)(F)F)C(F)(F)F,ammonium,bistriflamides,1.3933499999999999
yYxxA,CCCCC[N+]1(C)CCCC1.O=S(=O)([N-]S(=O)(=O)C(F)(F)F)C(F)(F)F,pyrrolidinium,bistriflamides,1.35992
ybZmT,CCCC[n+]1ccn(C)c1.F[P-](F)(F)(F)(F)F,imidazolium,phosphates,1.3637000000000001
ybeTI,CCCCCCCC[n+]1ccn(C)c1.F[P-](F)(F)(F)(F)F,imidazolium,phosphates,1.2369
ybfRC,CCCCCC[n+]1ccn(C)c1.O=S(=O)([O-])C(F)(F)F,imidazolium,sulfonates,1.2392999999999998
ycPhd,CCCCCCCC[N+]1(C)CCOCC1.N#C[N-]C#N,morpholinium,amides,1.0347
yclrf,CCCCCCCC[N+]1(C)CCOCC1.CC(=O)NC(C)C(=O)[O-],morpholinium,carboxylates,1.06
ydfBJ,CCCCCC[n+]1ccn(C)c1.O=S(=O)([N-]S(=O)(=O)C(F)(F)F)C(F)(F)F,imidazolium,bistriflamides,1.37199
yelIb,CCCC[N+]1(C)CCCC1.O=S(=O)([O-])C(F)(F)F,pyrrolidinium,sulfonates,1.25244
yfFek,Cn1cc[n+](Cc2ccccc2)c1.C=CC(=O)NC(C)(C)CS(=O)(=O)[O-],imidazolium,sulfonates,1.148
yfdsE,Cn1cc[n+](CC(Br)CN=[N+]=[N-])c1.N#C[N-]C#N,imidazolium,amides,1.28
yhRvm,CCCCCCCCCCn1cc[n+](CCCCCCCCCC)c1.O=S(=O)([N-]S(=O)(=O)C(F)(F)F)C(F)(F)F,imidazolium,bistriflamides,1.1522000000000001
yhhzx,CC[n+]1ccn(C)c1.N#C[N-]C#N,imidazolium,amides,1.1025999999999998
yifQp,CCCCCCN(CCCCCC)C(N(C)C)=[N+](CCCCCC)CCCCCC.[Cl-],guanidinium,inorganics,0.943
yjWew,CCCCCCCC[n+]1ccn(C)c1.O=S(=O)([O-])C(F)(F)C(F)F,imidazolium,sulfonates,1.233
ykzwA,CC[n+]1ccn(C)c1.CCOP(=O)([O-])OCC,imidazolium,organic phosphates,1.1449
ymbsk,CCCCCCCC[NH+](CCCCCCCC)CCCCCCCC.O=C([O-])c1ccccc1C(=O)O,ammonium,carboxylates,0.97
ynVyP,CCn1cc[nH+]c1.CC(=O)[O-],imidazolium,carboxylates,1.0342
yoTNx,CC[n+]1ccn(C)c1.O=S(=O)([N-]S(=O)(=O)C(F)(F)F)C(F)(F)F,imidazolium,bistriflamides,1.5184000000000002
yocdP,CCCCCC[N+]1(C)CCCCC1.CCCCCCO[PH](=O)[O-],piperidinium,organic phosphates,1.0131000000000001
ysIJE,CCCCCCCCCC[n+]1ccn(C)c1.O=S(=O)([N-]S(=O)(=O)C(F)(F)F)C(F)(F)F,imidazolium,bistriflamides,1.271
yspKk,CC[n+]1ccn(C)c1.CC(N)C(=O)[O-],imidazolium,carboxylates,1.123
yugqQ,COCC[N+]1(C)CCCC1.O=S(=O)([N-]S(=O)(=O)C(F)(F)F)C(F)(F)F,pyrrolidinium,bistriflamides,1.453
ywlBb,CCCC[n+]1cccc(C)c1.N#C[N-]C#N,pyridinium,amides,1.056
ywqJN,CCCC[n+]1ccn(C)c1.F[P-](F)(F)(F)(F)F,imidazolium,phosphates,1.368
yxrgs,CCCCCCCCCCCCCC[P+](CCCCCC)(CCCCCC)CCCCCC.[Cl-],phosphonium,inorganics,0.8918200000000001
zAhMn,CCCC[P+](CCCC)(CCCC)CCCN.CC(C)C(N)C(=O)[O-],phosphonium,carboxylates,0.9807
zERRu,CCCC[n+]1ccn(C)c1.O=S(=O)([N-]S(=O)(=O)C(F)(F)F)C(F)(F)F,imidazolium,bistriflamides,1.4337
zEndq,C[N+](C)(C)CCO.CC(N)C(=O)[O-],ammonium,carboxylates,1.1225999999999998
zFxgF,CCCC[NH3+].CC(=O)[O-],ammonium,carboxylates,0.9564400000000001
zIIet,CCn1cc[n+](C)c1.FC(F)(F)C(F)(F)[P-](F)(F)(F)(C(F)(F)C(F)(F)F)C(F)(F)C(F)(F)F,imidazolium,phosphates,1.7093
zISZw,C=C[n+]1ccn(CCCC)c1.NC(Cc1c[nH]cn1)C(=O)[O-],imidazolium,carboxylates,1.3503
zJOqb,CCCC[n+]1ccn(C)c1.O=S(=O)([O-])C(F)(F)F,imidazolium,sulfonates,1.2975999999999999
zKsLA,Cn1cc[n+](CC#N)c1.O=S(=O)([N-]S(=O)(=O)C(F)(F)F)C(F)(F)F,imidazolium,bistriflamides,1.6097000000000001
zNuAH,CCCC[N+]1(C)CCCC1.O=S(=O)([O-])C(F)(F)F,pyrrolidinium,sulfonates,1.25271
zSPkd,CCCCn1cc[n+](C)c1C.CC(O)C(N)C(=O)[O-],imidazolium,carboxylates,1.1231
zTOiV,CCCn1cc[n+](C)c1.O=S(=O)([N-]S(=O)(=O)C(F)(F)F)C(F)(F)F,imidazolium,bistriflamides,1.4747000000000001
zToYM,CCCC[n+]1cccc(C)c1.N#C[N-]C#N,pyridinium,amides,1.0495999999999999
zVMXD,CCCCCc1cccc[n+]1CC.O=S(=O)([N-]S(=O)(=O)C(F)(F)F)C(F)(F)F,pyridinium,bistriflamides,1.3711
zVOwQ,CCCCCCCCCCCCCC[P+](CCCCCC)(CCCCCC)CCCCCC.[Cl-],phosphonium,inorganics,0.8895
zVheO,CCCC[N+](CCO)(CCO)CCO.O=S(=O)([N-]S(=O)(=O)C(F)(F)F)C(F)(F)F,ammonium,bistriflamides,1.457025
zWarA,CCCCCC[n+]1ccn(C)c1.O=S(=O)([N-]S(=O)(=O)C(F)(F)F)C(F)(F)F,imidazolium,bistriflamides,1.371
zZtBZ,CCCC[N+](C)(C)C.O=S(=O)([N-]S(=O)(=O)C(F)(F)F)C(F)(F)F,ammonium,bistriflamides,1.3929
zaXiB,CCCC[n+]1ccn(C)c1.COS(=O)(=O)[O-],imidazolium,sulfates,1.211
zapuW,CCCCCCCCCCCCCC[P+](CCCCCC)(CCCCCC)CCCCCC.[Cl-],phosphonium,inorganics,0.883
zbtsO,CCCC[N+]1(C)CCCC1.O=S(=O)(F)[N-]S(=O)(=O)F,pyrrolidinium,bistriflamides,1.319
zcgaE,CCCCCCOCn1cc[n+](COCCCCCC)c1.O=S(=O)([N-]S(=O)(=O)C(F)(F)F)C(F)(F)F,imidazolium,bistriflamides,1.2549000000000001
zcqns,CCCCCC[n+]1ccn(C)c1.[Br-],imidazolium,inorganics,1.2265
zcwkH,Cn1cc[n+](C)c1.COP(=O)([O-])OC,imidazolium,organic phosphates,1.2578
zduLb,Cn1cc[n+](C)c1.COS(=O)(=O)[O-],imidazolium,sulfates,1.3284
zeTkN,CCCCCC[n+]1ccn(C)c1.F[P-](F)(F)(F)(F)F,imidazolium,phosphates,1.3
zebhR,CCCCCC[n+]1ccn(C)c1.F[P-](F)(F)(F)(F)F,imidazolium,phosphates,1.31
zfNIY,CCCC[n+]1ccn(C)c1.COS(=O)(=O)[O-],imidazolium,sulfates,1.2058
zgCiS,CC[n+]1ccn(C)c1.COS(=O)(=O)[O-],imidazolium,sulfates,1.292
zgHEJ,CC[NH+]=C(N(C)C)N(C)C.O=S(=O)([N-]S(=O)(=O)C(F)(F)F)C(F)(F)F,guanidinium,bistriflamides,1.41
zgpwy,CCCCCCn1cc[n+](CCCCCC)c1.O=S(=O)([N-]S(=O)(=O)C(F)(F)F)C(F)(F)F,imidazolium,bistriflamides,1.255
zhCVG,Cc1n(CCCC#N)cc[n+]1C.N#C[N-]C#N,imidazolium,amides,1.168
zhPaL,CCCC[n+]1ccn(C)c1.CCCCCCCCOS(=O)(=O)[O-],imidazolium,sulfates,1.0675999999999999
zkPLl,CC[n+]1ccn(C)c1.CCOS(=O)(=O)[O-],imidazolium,sulfates,1.2383
zmGyh,CCn1cc[nH+]c1.O=S(=O)([N-]S(=O)(=O)C(F)(F)F)C(F)(F)F,imidazolium,bistriflamides,1.5714000000000001
znead,CCCCCn1cc[n+](C)c1.F[P-](F)(F)(F)(F)F,imidazolium,phosphates,1.3282
zoVYm,CCCC[n+]1ccc(C)cc1.O=S(=O)([N-]S(=O)(=O)C(F)(F)F)C(F)(F)F,pyridinium,bistriflamides,1.4122000000000001
zpBGW,CC[n+]1ccn(C)c1.CCOS(=O)(=O)[O-],imidazolium,sulfates,1.228
zqesJ,CCCC[n+]1ccn(C)c1.N#C[S-],imidazolium,inorganics,1.0710000000000002
zrlmZ,CCCCCCCC[P+](CC)(CC)CC.O=S(=O)([N-]S(=O)(=O)C(F)(F)F)C(F)(F)F,phosphonium,bistriflamides,1.2435
zsQTo,CC[n+]1ccn(C)c1.CC(=O)[O-],imidazolium,carboxylates,1.0993
zsVRK,CCCCCCCCn1cc[n+](C)c1.[Cl-],imidazolium,inorganics,1.0104
zvTGr,CCC[N+]1(C)CCCC1.O=S(=O)([N-]S(=O)(=O)C(F)(F)F)C(F)(F)F,pyrrolidinium,bistriflamides,1.4317
zvudE,CC[n+]1ccn(C)c1.O=S(=O)([N-]S(=O)(=O)C(F)(F)F)C(F)(F)F,imidazolium,bistriflamides,1.515
zvvqW,CCCC[n+]1ccn(C)c1.O=S(=O)([N-]S(=O)(=O)C(F)(F)F)C(F)(F)F,imidazolium,bistriflamides,1.4368299999999998
zvyFv,CCCC[n+]1ccn(C)c1.O=S(=O)([N-]S(=O)(=O)C(F)(F)F)C(F)(F)F,imidazolium,bistriflamides,1.4356
zwJrr,CCCC[n+]1ccccc1.O=[N+]([O-])[O-],pyridinium,inorganics,1.1885
zxcyV,CCC[N+]1(C)CCCC1.O=S(=O)([N-]S(=O)(=O)C(F)(F)F)C(F)(F)F,pyrrolidinium,bistriflamides,1.42807
